<?xml version="1.0"?>
<VTKFile type="UnstructuredGrid" version="0.1" byte_order="LittleEndian">
  <UnstructuredGrid>
    <Piece NumberOfPoints="5175" NumberOfCells="3296">
      <Points>
        <DataArray type="Float64" Name="Points" NumberOfComponents="3" format="ascii">
          0.00000000e+00 1.01814760e+02 3.52530000e+00 0.00000000e+00 1.03604960e+02 7.89800000e-01 2.42195620e+00 1.03562650e+02 8.12800000e-01 2.29330100e+00 1.01767150e+02 3.59470000e+00 0.00000000e+00 1.00015420e+02 2.22630000e+00 0.00000000e+00 1.01747990e+02 -1.74400000e-01 2.39847200e+00 1.01719480e+02 -1.34100000e-01 2.33020600e+00 1.00004630e+02 2.31390000e+00 4.84625500e+00 1.03442820e+02 9.04800000e-01 4.58559200e+00 1.01701470e+02 3.74640000e+00 4.78737200e+00 1.01599270e+02 -3.70000000e-03 4.63389700e+00 9.99148700e+01 2.54310000e+00 7.25794900e+00 1.03215980e+02 1.07250000e+00 6.87851300e+00 1.01541590e+02 4.00220000e+00 7.14392100e+00 1.01374720e+02 2.07100000e-01 6.90104200e+00 9.97660600e+01 2.88310000e+00 9.62043500e+00 1.02909810e+02 1.28150000e+00 9.17163000e+00 1.01318890e+02 4.28310000e+00 9.47238300e+00 1.01051910e+02 4.63600000e-01 9.17668300e+00 9.95369200e+01 3.27250000e+00 0.00000000e+00 9.81907400e+01 5.98400000e-01 0.00000000e+00 9.97164900e+01 -1.39530000e+00 2.40714480e+00 9.96693400e+01 -1.31640000e+00 2.42747940e+00 9.81530900e+01 7.32400000e-01 4.77281200e+00 9.95281300e+01 -1.10780000e+00 4.78592400e+00 9.80213100e+01 1.07270000e+00 7.08269700e+00 9.92798700e+01 -8.07900000e-01 7.05633200e+00 9.78255700e+01 1.56390000e+00 9.35684000e+00 9.89858800e+01 -4.26500000e-01 9.26753300e+00 9.76097000e+01 2.17610000e+00 0.00000000e+00 1.04905560e+02 -2.28000000e+00 2.50695052e+00 1.04853630e+02 -2.27070000e+00 0.00000000e+00 1.03006240e+02 -2.91400000e+00 2.44425550e+00 1.02956210e+02 -2.89360000e+00 5.00610723e+00 1.04696100e+02 -2.21640000e+00 4.87727700e+00 1.02793480e+02 -2.81590000e+00 7.47842960e+00 1.04424370e+02 -2.10680000e+00 7.27696700e+00 1.02516530e+02 -2.67310000e+00 9.89429300e+00 1.04060680e+02 -1.95470000e+00 9.63761900e+00 1.02136250e+02 -2.49060000e+00 0.00000000e+00 1.00802020e+02 -3.69880000e+00 2.38738800e+00 1.00747730e+02 -3.65410000e+00 4.75011600e+00 1.00587610e+02 -3.53070000e+00 7.07597000e+00 1.00313230e+02 -3.34030000e+00 9.38724900e+00 9.99795000e+01 -3.09900000e+00 0.00000000e+00 1.05635950e+02 -5.61340000e+00 2.54820130e+00 1.05574500e+02 -5.60580000e+00 0.00000000e+00 1.03694270e+02 -5.86620000e+00 2.46270620e+00 1.03635250e+02 -5.85550000e+00 5.08162630e+00 1.05392470e+02 -5.56030000e+00 4.91175720e+00 1.03451510e+02 -5.80330000e+00 7.58510190e+00 1.05088900e+02 -5.46540000e+00 7.33281000e+00 1.03147700e+02 -5.69990000e+00 1.00349120e+01 1.04695510e+02 -5.32340000e+00 9.71830500e+00 1.02737210e+02 -5.55920000e+00 0.00000000e+00 1.01422170e+02 -6.22520000e+00 2.37066200e+00 1.01364280e+02 -6.20020000e+00 4.72757800e+00 1.01193320e+02 -6.12590000e+00 7.06112100e+00 1.00907890e+02 -6.00270000e+00 9.39481900e+00 1.00551360e+02 -5.84890000e+00 0.00000000e+00 1.05755740e+02 -9.02327000e+00 2.55579920e+00 1.05694660e+02 -9.01357000e+00 0.00000000e+00 1.03810550e+02 -8.94497000e+00 2.46566410e+00 1.03749680e+02 -8.93577000e+00 5.09977970e+00 1.05514670e+02 -8.96387000e+00 4.92008100e+00 1.03566460e+02 -8.89307000e+00 7.61719400e+00 1.05217950e+02 -8.86147000e+00 7.35324800e+00 1.03269700e+02 -8.80647000e+00 1.00879724e+01 1.04836940e+02 -8.71037000e+00 9.75741300e+00 1.02871340e+02 -8.68177000e+00 0.00000000e+00 1.01575320e+02 -8.91007000e+00 2.36467700e+00 1.01517730e+02 -8.89647000e+00 4.72232900e+00 1.01350090e+02 -8.85327000e+00 7.06533300e+00 1.01073410e+02 -8.77637000e+00 9.41526800e+00 1.00717210e+02 -8.68187000e+00 0.00000000e+00 1.05397210e+02 -1.23588300e+01 2.54612400e+00 1.05344330e+02 -1.23431300e+01 0.00000000e+00 1.03456630e+02 -1.20470300e+01 2.46363210e+00 1.03403090e+02 -1.20360300e+01 5.08405970e+00 1.05188690e+02 -1.22885300e+01 4.92033530e+00 1.03243170e+02 -1.19984300e+01 7.60314400e+00 1.04932150e+02 -1.21832300e+01 7.36205400e+00 1.02984850e+02 -1.19238300e+01 1.00883720e+01 1.04596530e+02 -1.20305300e+01 9.78095800e+00 1.02634740e+02 -1.18106300e+01 0.00000000e+00 1.01329780e+02 -1.17464300e+01 2.37204500e+00 1.01276820e+02 -1.17394300e+01 4.74004900e+00 1.01123400e+02 -1.17154300e+01 7.09780200e+00 1.00871380e+02 -1.16669300e+01 9.46349600e+00 1.00541680e+02 -1.16018300e+01 0.00000000e+00 1.04770370e+02 -1.55644000e+01 2.53022320e+00 1.04728390e+02 -1.55484000e+01 0.00000000e+00 1.02829070e+02 -1.51360000e+01 2.46229700e+00 1.02787180e+02 -1.51259000e+01 5.05613900e+00 1.04604000e+02 -1.54975000e+01 4.92026360e+00 1.02660260e+02 -1.50927000e+01 7.57238480e+00 1.04397590e+02 -1.54014000e+01 7.36987800e+00 1.02451430e+02 -1.50287000e+01 1.00680397e+01 1.04119530e+02 -1.52608000e+01 9.80287300e+00 1.02162060e+02 -1.49283000e+01 0.00000000e+00 1.00787890e+02 -1.47085000e+01 2.38885100e+00 1.00744130e+02 -1.47044000e+01 4.77408400e+00 1.00616050e+02 -1.46887000e+01 7.14976600e+00 1.00402730e+02 -1.46536000e+01 9.53237500e+00 1.00122080e+02 -1.45993000e+01 0.00000000e+00 9.34393620e+01 3.63460000e+00 0.00000000e+00 9.48550500e+01 4.23230000e+00 2.04654500e+00 9.46766040e+01 4.59730000e+00 2.00903100e+00 9.32909210e+01 3.97430000e+00 0.00000000e+00 9.44450700e+01 1.61760000e+00 0.00000000e+00 9.54082150e+01 2.11950000e+00 2.38029500e+00 9.52696130e+01 2.42200000e+00 2.37828600e+00 9.43003490e+01 1.94570000e+00 4.10379600e+00 9.45090700e+01 5.07070000e+00 4.04327200e+00 9.30682120e+01 4.53900000e+00 4.62652200e+00 9.50653442e+01 3.03310000e+00 4.62580700e+00 9.40703643e+01 2.62770000e+00 6.09249000e+00 9.42636700e+01 5.99320000e+00 6.10709000e+00 9.28638800e+01 5.36020000e+00 6.75803200e+00 9.48270930e+01 3.94040000e+00 6.78843800e+00 9.38465920e+01 3.51200000e+00 8.25954000e+00 9.42218100e+01 6.77550000e+00 8.30527000e+00 9.27853000e+01 6.17480000e+00 8.86058000e+00 9.47256690e+01 4.83950000e+00 8.92217000e+00 9.37227360e+01 4.42920000e+00 0.00000000e+00 9.52874800e+01 1.73000000e-02 0.00000000e+00 9.58287800e+01 3.02200000e-01 2.60832200e+00 9.57187900e+01 5.83000000e-01 2.65386000e+00 9.51677200e+01 3.13000000e-01 5.07800840e+00 9.55204800e+01 1.20160000e+00 5.13024000e+00 9.49619870e+01 9.63600000e-01 7.31877800e+00 9.53016600e+01 2.03600000e+00 7.39401900e+00 9.47542210e+01 1.81250000e+00 9.45960200e+00 9.51628720e+01 2.91240000e+00 9.53519000e+00 9.46210900e+01 2.70390000e+00 0.00000000e+00 9.63133480e+01 4.83610000e+00 2.09608300e+00 9.61391220e+01 5.14740000e+00 0.00000000e+00 9.63780260e+01 2.58740000e+00 2.35975600e+00 9.62735590e+01 2.81110000e+00 4.19407100e+00 9.60386330e+01 5.46900000e+00 4.59870400e+00 9.61046400e+01 3.34170000e+00 6.20609000e+00 9.58271700e+01 6.25930000e+00 6.76470000e+00 9.58959180e+01 4.14780000e+00 8.30721000e+00 9.57756500e+01 7.04730000e+00 8.85174000e+00 9.57982580e+01 5.02430000e+00 0.00000000e+00 9.63724500e+01 5.17700000e-01 2.57203090e+00 9.62841600e+01 7.66300000e-01 5.03013890e+00 9.60957900e+01 1.36090000e+00 7.26509500e+00 9.58832400e+01 2.16240000e+00 9.39906200e+00 9.57326040e+01 3.01050000e+00 0.00000000e+00 9.78301930e+01 5.17040000e+00 2.14600400e+00 9.76753950e+01 5.45480000e+00 0.00000000e+00 9.73621030e+01 2.90320000e+00 2.33878000e+00 9.72988700e+01 3.07480000e+00 4.27249100e+00 9.76222450e+01 5.67140000e+00 4.57151800e+00 9.71651980e+01 3.51420000e+00 6.33361000e+00 9.74647610e+01 6.28090000e+00 6.75710500e+00 9.70034390e+01 4.17620000e+00 8.43694000e+00 9.73692930e+01 6.95050000e+00 8.88335000e+00 9.68879274e+01 4.96330000e+00 0.00000000e+00 9.68817300e+01 6.54900000e-01 2.53536800e+00 9.68222400e+01 8.80000000e-01 4.97538170e+00 9.66494600e+01 1.42350000e+00 7.21264100e+00 9.64622500e+01 2.17100000e+00 9.35286600e+00 9.63021560e+01 2.98650000e+00 0.00000000e+00 9.93496680e+01 5.19590000e+00 2.17984400e+00 9.92090428e+01 5.39460000e+00 0.00000000e+00 9.83418490e+01 2.98660000e+00 2.32597300e+00 9.83141580e+01 3.13250000e+00 4.31587000e+00 9.92008615e+01 5.64070000e+00 4.56726700e+00 9.82120160e+01 3.48310000e+00 6.44161000e+00 9.90606000e+01 6.04700000e+00 6.76016200e+00 9.80813560e+01 4.01270000e+00 8.63841000e+00 9.89028070e+01 6.44670000e+00 8.95031000e+00 9.79281850e+01 4.64540000e+00 0.00000000e+00 9.73625000e+01 7.32300000e-01 2.49467382e+00 9.73189100e+01 9.31000000e-01 4.90657000e+00 9.71673300e+01 1.40090000e+00 7.15551600e+00 9.69977500e+01 2.07050000e+00 9.31177200e+00 9.68349300e+01 2.83560000e+00 0.00000000e+00 1.00709275e+02 4.63080000e+00 2.22210600e+00 1.00601062e+02 4.73040000e+00 0.00000000e+00 9.92674000e+01 2.78250000e+00 2.31978500e+00 9.92581600e+01 2.90090000e+00 4.42982300e+00 1.00570381e+02 4.92250000e+00 4.58827800e+00 9.91666800e+01 3.18050000e+00 6.64355400e+00 1.00428299e+02 5.22850000e+00 6.81320000e+00 9.90333100e+01 3.59250000e+00 8.89852000e+00 1.00261599e+02 5.54960000e+00 9.05470100e+00 9.88370450e+01 4.06780000e+00 0.00000000e+00 9.78159200e+01 7.46700000e-01 2.45503430e+00 9.77809600e+01 9.10100000e-01 4.82904500e+00 9.76463700e+01 1.30130000e+00 7.09288400e+00 9.74750000e+01 1.87660000e+00 9.27953900e+00 9.72919100e+01 2.56420000e+00 0.00000000e+00 0.00000000e+00 -3.70100000e+00 0.00000000e+00 1.85353215e+01 -3.60340000e+00 2.34141700e+00 1.85339606e+01 -3.52760000e+00 2.34765800e+00 0.00000000e+00 -3.62730000e+00 0.00000000e+00 0.00000000e+00 -5.76410000e+00 0.00000000e+00 1.85574880e+01 -5.66960000e+00 2.47533810e+00 1.85565788e+01 -5.58640000e+00 2.47754530e+00 0.00000000e+00 -5.68350000e+00 4.68582300e+00 1.85300944e+01 -3.30540000e+00 4.69769200e+00 0.00000000e+00 -3.41080000e+00 4.94202490e+00 1.85539685e+01 -5.34390000e+00 4.94681800e+00 0.00000000e+00 -5.44820000e+00 7.03762900e+00 1.85238006e+01 -2.95050000e+00 7.05440000e+00 0.00000000e+00 -3.06480000e+00 7.39286700e+00 1.85497468e+01 -4.96190000e+00 7.40065690e+00 0.00000000e+00 -5.07650000e+00 9.42191100e+00 1.85169712e+01 -2.50540000e+00 9.44200400e+00 0.00000000e+00 -2.62940000e+00 9.83333000e+00 1.85446442e+01 -4.47240000e+00 9.84456000e+00 0.00000000e+00 -4.59810000e+00 0.00000000e+00 0.00000000e+00 -7.72640000e+00 0.00000000e+00 1.85777798e+01 -7.63140000e+00 2.60521300e+00 1.85774165e+01 -7.54530000e+00 2.60344500e+00 0.00000000e+00 -7.64310000e+00 5.19070000e+00 1.85763348e+01 -7.29540000e+00 5.18832800e+00 0.00000000e+00 -7.40100000e+00 7.74417000e+00 1.85744356e+01 -6.90310000e+00 7.74344700e+00 0.00000000e+00 -7.01920000e+00 1.02431830e+01 1.85719280e+01 -6.42010000e+00 1.02456180e+01 0.00000000e+00 -6.54780000e+00 0.00000000e+00 3.40369440e+01 -3.34320000e+00 2.32533800e+00 3.40342248e+01 -3.26190000e+00 0.00000000e+00 3.40852950e+01 -5.41710000e+00 2.46986380e+00 3.40834660e+01 -5.32720000e+00 4.65511300e+00 3.40262099e+01 -3.02490000e+00 4.92974390e+00 3.40779760e+01 -5.06600000e+00 6.99427100e+00 3.40134677e+01 -2.64770000e+00 7.37225900e+00 3.40693640e+01 -4.65800000e+00 9.36958500e+00 3.39991896e+01 -2.17830000e+00 9.80331100e+00 3.40584950e+01 -4.14080000e+00 0.00000000e+00 3.41303400e+01 -7.37550000e+00 2.60980100e+00 3.41295800e+01 -7.28230000e+00 5.19637100e+00 3.41270840e+01 -7.01280000e+00 7.74482200e+00 3.41229860e+01 -6.59440000e+00 1.02347300e+01 3.41170980e+01 -6.08270000e+00 0.00000000e+00 4.70010050e+01 -2.92340000e+00 2.30153700e+00 4.69964810e+01 -2.83520000e+00 0.00000000e+00 4.70883220e+01 -5.00800000e+00 2.46009080e+00 4.70848820e+01 -4.90940000e+00 4.60948500e+00 4.69837800e+01 -2.57940000e+00 4.90832220e+00 4.70751350e+01 -4.62430000e+00 6.92973900e+00 4.69631627e+01 -2.17420000e+00 7.33729900e+00 4.70597320e+01 -4.18290000e+00 9.29145100e+00 4.69398648e+01 -1.67390000e+00 9.75539500e+00 4.70401470e+01 -3.62890000e+00 0.00000000e+00 4.71686220e+01 -6.96170000e+00 2.61312000e+00 4.71666160e+01 -6.85920000e+00 5.19817900e+00 4.71608890e+01 -6.56470000e+00 7.73809000e+00 4.71517880e+01 -6.11160000e+00 1.02151850e+01 4.71390560e+01 -5.56160000e+00 0.00000000e+00 5.78435820e+01 -2.34150000e+00 2.27116400e+00 5.78366010e+01 -2.24610000e+00 0.00000000e+00 5.79817800e+01 -4.43900000e+00 2.44536140e+00 5.79760460e+01 -4.33130000e+00 4.55147600e+00 5.78160970e+01 -1.97150000e+00 4.87708000e+00 5.79588370e+01 -4.02040000e+00 6.84812800e+00 5.77837840e+01 -1.53700000e+00 7.28880000e+00 5.79323310e+01 -3.54330000e+00 9.19266600e+00 5.77470475e+01 -1.00330000e+00 9.69133900e+00 5.78993130e+01 -2.94760000e+00 0.00000000e+00 5.81084620e+01 -6.38840000e+00 2.61294600e+00 5.81044530e+01 -6.27570000e+00 5.19277000e+00 5.80923010e+01 -5.95370000e+00 7.72159400e+00 5.80735380e+01 -5.46070000e+00 1.01830290e+01 5.80493810e+01 -4.86780000e+00 0.00000000e+00 6.69059420e+01 -1.61410000e+00 2.23565900e+00 6.68942660e+01 -1.51010000e+00 0.00000000e+00 6.71086820e+01 -3.72500000e+00 2.42846050e+00 6.70986660e+01 -3.60670000e+00 4.48393400e+00 6.68621960e+01 -1.21480000e+00 4.84103800e+00 6.70702670e+01 -3.26620000e+00 6.75327600e+00 6.68113983e+01 -7.47600000e-01 7.23238100e+00 6.70265150e+01 -2.74860000e+00 9.07909800e+00 6.67556869e+01 -1.76500000e-01 9.61616700e+00 6.69743600e+01 -2.10610000e+00 0.00000000e+00 6.72914290e+01 -5.66650000e+00 2.61297200e+00 6.72838290e+01 -5.54200000e+00 5.18641700e+00 6.72624820e+01 -5.18800000e+00 7.70100400e+00 6.72292580e+01 -4.64970000e+00 1.01429810e+01 6.71890400e+01 -4.00990000e+00 0.00000000e+00 7.44678140e+01 -7.58700000e-01 2.19466700e+00 7.44494590e+01 -6.43000000e-01 0.00000000e+00 7.47493860e+01 -2.88190000e+00 2.41115730e+00 7.47337570e+01 -2.74960000e+00 4.40710900e+00 7.43986990e+01 -3.23600000e-01 4.80309700e+00 7.46875250e+01 -2.37230000e+00 6.64771500e+00 7.43223060e+01 1.83100000e-01 7.17244300e+00 7.46201960e+01 -1.80560000e+00 8.95412000e+00 7.42379983e+01 7.99200000e-01 9.53363300e+00 7.45411020e+01 -1.11080000e+00 0.00000000e+00 7.50024110e+01 -4.80760000e+00 2.61717900e+00 7.49903490e+01 -4.66850000e+00 5.18437000e+00 7.49542200e+01 -4.27460000e+00 7.68155000e+00 7.49007010e+01 -3.68360000e+00 1.00989955e+01 7.48375870e+01 -2.99320000e+00 0.00000000e+00 8.07533840e+01 2.02200000e-01 2.14801400e+00 8.07216150e+01 3.38300000e-01 0.00000000e+00 8.11378110e+01 -1.92980000e+00 2.39768500e+00 8.11124250e+01 -1.77510000e+00 4.32131600e+00 8.06437170e+01 6.91400000e-01 4.76773500e+00 8.10415040e+01 -1.34540000e+00 6.53256300e+00 8.05320605e+01 1.24830000e+00 7.11162900e+00 8.09402500e+01 -7.17600000e-01 8.81870000e+00 8.04129820e+01 1.91980000e+00 9.44405300e+00 8.08265070e+01 3.45000000e-02 0.00000000e+00 8.14698670e+01 -3.82670000e+00 2.63303000e+00 8.14523240e+01 -3.66660000e+00 5.19441900e+00 8.13997370e+01 -3.21650000e+00 7.66549800e+00 8.13177060e+01 -2.56270000e+00 1.00493383e+01 8.12288130e+01 -1.81960000e+00 0.00000000e+00 8.59432653e+01 1.24420000e+00 2.09472000e+00 8.58879039e+01 1.42460000e+00 0.00000000e+00 8.64546780e+01 -8.90700000e-01 2.39116700e+00 8.64150110e+01 -6.90700000e-01 4.22420400e+00 8.57655770e+01 1.83330000e+00 4.73365400e+00 8.63052110e+01 -1.80600000e-01 6.40345000e+00 8.56089710e+01 2.45790000e+00 7.04343400e+00 8.61637430e+01 5.26200000e-01 8.66824000e+00 8.54549860e+01 3.18970000e+00 9.33247300e+00 8.60188910e+01 1.33860000e+00 0.00000000e+00 8.68913200e+01 -2.73370000e+00 2.66467200e+00 8.68683600e+01 -2.53430000e+00 5.21717100e+00 8.67903860e+01 -2.00260000e+00 7.64637100e+00 8.66762370e+01 -1.27250000e+00 9.97398090e+00 8.65658860e+01 -4.75000000e-01 0.00000000e+00 9.01219030e+01 2.37240000e+00 2.03897200e+00 9.00213150e+01 2.62610000e+00 0.00000000e+00 9.08749590e+01 2.53500000e-01 2.38661800e+00 9.07902240e+01 5.21200000e-01 4.12085900e+00 8.98464520e+01 3.12170000e+00 4.68920400e+00 9.06188200e+01 1.14180000e+00 6.25876000e+00 8.96613700e+01 3.83030000e+00 6.94375300e+00 9.04302700e+01 1.93670000e+00 8.50118000e+00 8.95222140e+01 4.61250000e+00 9.16783200e+00 9.02740961e+01 2.81100000e+00 0.00000000e+00 9.14507200e+01 -1.49680000e+00 2.68635100e+00 9.13904500e+01 -1.24550000e+00 5.22179300e+00 9.12584390e+01 -6.19200000e-01 7.58639730e+00 9.11087680e+01 1.82000000e-01 9.83179500e+00 9.09922440e+01 1.04480000e+00 0.00000000e+00 9.65445280e+01 -3.32783000e+01 0.00000000e+00 9.71957000e+01 -3.01607000e+01 2.48527740e+00 9.71857900e+01 -3.01555000e+01 2.50486899e+00 9.65390790e+01 -3.32738000e+01 0.00000000e+00 9.84986050e+01 -3.36716000e+01 0.00000000e+00 9.91512300e+01 -3.05779000e+01 2.50178645e+00 9.91417100e+01 -3.05700000e+01 2.51584770e+00 9.84933170e+01 -3.36642000e+01 4.97120350e+00 9.71566600e+01 -3.01399000e+01 5.01220730e+00 9.65235710e+01 -3.32599000e+01 5.00347851e+00 9.91138400e+01 -3.05461000e+01 5.03258030e+00 9.84782260e+01 -3.36417000e+01 7.45820640e+00 9.71101700e+01 -3.01130000e+01 7.52392660e+00 9.65001170e+01 -3.32359000e+01 7.50508804e+00 9.90697200e+01 -3.05052000e+01 7.55148920e+00 9.84557450e+01 -3.36029000e+01 9.94719340e+00 9.70492200e+01 -3.00714000e+01 1.00370256e+01 9.64668530e+01 -3.31969000e+01 1.00057812e+01 9.90123300e+01 -3.04449000e+01 1.00686668e+01 9.84301170e+01 -3.35471000e+01 0.00000000e+00 1.00455855e+02 -3.40705000e+01 0.00000000e+00 1.01105060e+02 -3.10002000e+01 2.51873440e+00 1.01096180e+02 -3.09892000e+01 2.52686370e+00 1.00451206e+02 -3.40607000e+01 5.03617590e+00 1.01070380e+02 -3.09566000e+01 5.05335340e+00 1.00437919e+02 -3.40303000e+01 7.55136330e+00 1.01029580e+02 -3.09012000e+01 7.57805970e+00 1.00418972e+02 -3.39785000e+01 1.00635039e+01 1.00978542e+02 -3.08205000e+01 1.00998349e+01 1.00399191e+02 -3.39037000e+01 0.00000000e+00 9.78840500e+01 -2.70443000e+01 2.46202770e+00 9.78695000e+01 -2.70387000e+01 0.00000000e+00 9.98424400e+01 -2.74812000e+01 2.48570000e+00 9.98281800e+01 -2.74731000e+01 4.92518450e+00 9.78259200e+01 -2.70222000e+01 4.97287640e+00 9.97861300e+01 -2.74478000e+01 7.38997700e+00 9.77543400e+01 -2.69939000e+01 7.46100610e+00 9.97180100e+01 -2.74048000e+01 9.86091500e+00 9.76599000e+01 -2.69521000e+01 9.95025970e+00 9.96256100e+01 -2.73415000e+01 0.00000000e+00 1.01793270e+02 -2.79249000e+01 2.51044000e+00 1.01779430e+02 -2.79144000e+01 5.02159440e+00 1.01739230e+02 -2.78804000e+01 7.53227340e+00 1.01674390e+02 -2.78210000e+01 1.00410715e+01 1.01588960e+02 -2.77349000e+01 0.00000000e+00 9.86040800e+01 -2.39289000e+01 2.43970530e+00 9.85843900e+01 -2.39242000e+01 0.00000000e+00 1.00571660e+02 -2.43845000e+01 2.47257930e+00 1.00551560e+02 -2.43773000e+01 4.88229800e+00 9.85255200e+01 -2.39084000e+01 4.94839090e+00 1.00492960e+02 -2.43525000e+01 7.32580500e+00 9.84253900e+01 -2.38806000e+01 7.42646220e+00 1.00397450e+02 -2.43074000e+01 9.77500300e+00 9.82923100e+01 -2.38380000e+01 9.90177660e+00 1.00265420e+02 -2.42392000e+01 0.00000000e+00 1.02520920e+02 -2.48475000e+01 2.50724227e+00 1.02500860e+02 -2.48380000e+01 5.01545340e+00 1.02443030e+02 -2.48045000e+01 7.52479410e+00 1.02350660e+02 -2.47395000e+01 1.00305904e+01 1.02225400e+02 -2.46450000e+01 0.00000000e+00 9.93473800e+01 -2.08265300e+01 2.42248660e+00 9.93213100e+01 -2.08224300e+01 0.00000000e+00 1.01326880e+02 -2.12957300e+01 2.46572060e+00 1.01301050e+02 -2.12884300e+01 4.84561400e+00 9.92439200e+01 -2.08081300e+01 4.93272880e+00 1.01224490e+02 -2.12634300e+01 7.26541300e+00 9.91112800e+01 -2.07795300e+01 7.39993300e+00 1.01098050e+02 -2.12140300e+01 9.69133500e+00 9.89345600e+01 -2.07346300e+01 9.86140700e+00 1.00920340e+02 -2.11378300e+01 0.00000000e+00 1.03275430e+02 -2.17703300e+01 2.50976093e+00 1.03249220e+02 -2.17602300e+01 5.01934210e+00 1.03172400e+02 -2.17244300e+01 7.52860600e+00 1.03048150e+02 -2.16519300e+01 1.00325932e+01 1.02877590e+02 -2.15446300e+01 0.00000000e+00 1.00091590e+02 -1.77477700e+01 2.40651510e+00 1.00057560e+02 -1.77439700e+01 0.00000000e+00 1.02090630e+02 -1.82146700e+01 2.46244540e+00 1.02058460e+02 -1.82064700e+01 4.81053200e+00 9.99572800e+01 -1.77298700e+01 4.92359770e+00 1.01960600e+02 -1.81783700e+01 7.20697100e+00 9.97865700e+01 -1.76995700e+01 7.38146100e+00 1.01797060e+02 -1.81229700e+01 9.60983900e+00 9.95604200e+01 -1.76507700e+01 9.82870100e+00 1.01566580e+02 -1.80354700e+01 0.00000000e+00 1.04036680e+02 -1.86859700e+01 2.51626930e+00 1.04003810e+02 -1.86730700e+01 5.03233580e+00 1.03905930e+02 -1.86299700e+01 7.54485220e+00 1.03744340e+02 -1.85464700e+01 1.00462180e+01 1.03522560e+02 -1.84228700e+01 0.00000000e+00 9.41459700e+01 -3.49396000e+01 0.00000000e+00 9.46823690e+01 -3.49507000e+01 2.51949840e+00 9.46805910e+01 -3.49466000e+01 2.52063690e+00 9.41446390e+01 -3.49359000e+01 0.00000000e+00 9.38438150e+01 -3.68914000e+01 0.00000000e+00 9.48813340e+01 -3.69166000e+01 2.52681720e+00 9.48813990e+01 -3.69125000e+01 2.52638450e+00 9.38439350e+01 -3.68880000e+01 5.04028710e+00 9.46754820e+01 -3.49341000e+01 5.04200310e+00 9.41407500e+01 -3.49247000e+01 5.05461060e+00 9.48816000e+01 -3.69003000e+01 5.05327490e+00 9.38442030e+01 -3.68780000e+01 7.56262250e+00 9.46678890e+01 -3.49137000e+01 7.56378010e+00 9.41347440e+01 -3.49059000e+01 7.58319650e+00 9.48817860e+01 -3.68807000e+01 7.58046180e+00 9.38443160e+01 -3.68616000e+01 1.00815635e+01 9.46565150e+01 -3.48810000e+01 1.00829563e+01 9.41260810e+01 -3.48771000e+01 1.01114930e+01 9.48819610e+01 -3.68537000e+01 1.01075670e+01 9.38443840e+01 -3.68382000e+01 0.00000000e+00 9.35490080e+01 -3.88695000e+01 0.00000000e+00 9.50864640e+01 -3.89078000e+01 2.53446090e+00 9.50882470e+01 -3.89031000e+01 2.53228300e+00 9.35505040e+01 -3.88660000e+01 5.06917220e+00 9.50932570e+01 -3.88895000e+01 5.06459650e+00 9.35545990e+01 -3.88559000e+01 7.60389800e+00 9.51007620e+01 -3.88679000e+01 7.59711830e+00 9.35605640e+01 -3.88395000e+01 1.01390500e+01 9.51104800e+01 -3.88384000e+01 1.01298960e+01 9.35685120e+01 -3.88162000e+01 0.00000000e+00 9.52061930e+01 -3.48288000e+01 2.51766360e+00 9.52036930e+01 -3.48244000e+01 0.00000000e+00 9.58910830e+01 -3.66839000e+01 2.52634730e+00 9.58907380e+01 -3.66789000e+01 5.03727250e+00 9.51966850e+01 -3.48111000e+01 5.05421690e+00 9.58900070e+01 -3.66641000e+01 7.55943750e+00 9.51865360e+01 -3.47892000e+01 7.58354250e+00 9.58891640e+01 -3.66400000e+01 1.00781388e+01 9.51711350e+01 -3.47540000e+01 1.01121260e+01 9.58883110e+01 -3.66077000e+01 0.00000000e+00 9.65850050e+01 -3.85615000e+01 2.53527670e+00 9.65865690e+01 -3.85554000e+01 5.07121130e+00 9.65913120e+01 -3.85375000e+01 7.60728700e+00 9.65988350e+01 -3.85091000e+01 1.01432110e+01 9.66088050e+01 -3.84715000e+01 0.00000000e+00 9.56826990e+01 -3.45810000e+01 2.51516400e+00 9.56793630e+01 -3.45764000e+01 0.00000000e+00 9.68114310e+01 -3.62080000e+01 2.52497130e+00 9.68102567e+01 -3.62021000e+01 5.03282430e+00 9.56700840e+01 -3.45626000e+01 5.05187130e+00 9.68073359e+01 -3.61844000e+01 7.55398010e+00 9.56568590e+01 -3.45396000e+01 7.58095790e+00 9.68037488e+01 -3.61554000e+01 1.00720309e+01 9.56369730e+01 -3.45028000e+01 1.01086750e+01 9.68001829e+01 -3.61166000e+01 0.00000000e+00 9.79513680e+01 -3.78524000e+01 2.53483290e+00 9.79520410e+01 -3.78450000e+01 5.07077660e+00 9.79545520e+01 -3.78226000e+01 7.60699800e+00 9.79594900e+01 -3.77864000e+01 1.01420500e+01 9.79673070e+01 -3.77388000e+01 0.00000000e+00 9.60805310e+01 -3.42231000e+01 2.51210150e+00 9.60763740e+01 -3.42185000e+01 0.00000000e+00 9.75846010e+01 -3.55175000e+01 2.52282670e+00 9.75822680e+01 -3.55109000e+01 5.02693270e+00 9.60647460e+01 -3.42046000e+01 5.04748990e+00 9.75759400e+01 -3.54907000e+01 7.54614310e+00 9.60482260e+01 -3.41809000e+01 7.57497150e+00 9.75675690e+01 -3.54570000e+01 1.00630845e+01 9.60237720e+01 -3.41430000e+01 1.01006340e+01 9.75590933e+01 -3.54113000e+01 0.00000000e+00 9.90993836e+01 -3.68230000e+01 2.53331020e+00 9.90986192e+01 -3.68144000e+01 5.06769560e+00 9.90969663e+01 -3.67882000e+01 7.60234900e+00 9.90962409e+01 -3.67446000e+01 1.01347580e+01 9.90987009e+01 -3.66862000e+01 0.00000000e+00 9.63741880e+01 -3.37791000e+01 2.50859866e+00 9.63693010e+01 -3.37745000e+01 0.00000000e+00 9.81600180e+01 -3.46541000e+01 2.51989130e+00 9.81562920e+01 -3.46470000e+01 5.01983860e+00 9.63554850e+01 -3.37606000e+01 5.04111780e+00 9.81457980e+01 -3.46252000e+01 7.53601410e+00 9.63355340e+01 -3.37366000e+01 7.56521540e+00 9.81308730e+01 -3.45880000e+01 1.00513510e+01 9.63064790e+01 -3.36980000e+01 1.00875358e+01 9.81150390e+01 -3.45362000e+01 0.00000000e+00 9.99538570e+01 -3.55356000e+01 2.53069300e+00 9.99512530e+01 -3.55261000e+01 5.06190200e+00 9.99441170e+01 -3.54972000e+01 7.59261720e+00 9.99349500e+01 -3.54480000e+01 1.01204470e+01 9.99281050e+01 -3.53796000e+01 0.00000000e+00 0.00000000e+00 -3.06490700e+01 0.00000000e+00 1.85220518e+01 -3.07800800e+01 2.49992670e+00 1.85220233e+01 -3.07786700e+01 2.49962565e+00 0.00000000e+00 -3.06476500e+01 0.00000000e+00 0.00000000e+00 -3.26476900e+01 0.00000000e+00 1.84937741e+01 -3.27784000e+01 2.50217978e+00 1.84937431e+01 -3.27769900e+01 2.50189265e+00 0.00000000e+00 -3.26462700e+01 4.99985337e+00 1.85219365e+01 -3.07744400e+01 4.99925316e+00 0.00000000e+00 -3.06433900e+01 5.00435996e+00 1.84936500e+01 -3.27727600e+01 5.00378576e+00 0.00000000e+00 -3.26420100e+01 7.49977970e+00 1.85217890e+01 -3.07673800e+01 7.49888319e+00 0.00000000e+00 -3.06363100e+01 7.50654132e+00 1.84934955e+01 -3.27657000e+01 7.50568021e+00 0.00000000e+00 -3.26349200e+01 9.99970885e+00 1.85215798e+01 -3.07575100e+01 9.99852079e+00 0.00000000e+00 -3.06263900e+01 1.00087219e+01 1.84932812e+01 -3.27558200e+01 1.00075738e+01 0.00000000e+00 -3.26250000e+01 0.00000000e+00 0.00000000e+00 -3.46468300e+01 0.00000000e+00 1.84655138e+01 -3.47772800e+01 2.50443209e+00 1.84654804e+01 -3.47758700e+01 2.50415902e+00 0.00000000e+00 -3.46454100e+01 5.00886512e+00 1.84653808e+01 -3.47716400e+01 5.00831724e+00 0.00000000e+00 -3.46411600e+01 7.51329910e+00 1.84652176e+01 -3.47645800e+01 7.51247420e+00 0.00000000e+00 -3.46340600e+01 1.00177355e+01 1.84649949e+01 -3.47547000e+01 1.00166293e+01 0.00000000e+00 -3.46241400e+01 0.00000000e+00 3.40087009e+01 -3.10945000e+01 2.50069414e+00 3.40086399e+01 -3.10931000e+01 0.00000000e+00 3.39558415e+01 -3.30921000e+01 2.50290906e+00 3.39557779e+01 -3.30907000e+01 5.00138497e+00 3.40084603e+01 -3.10890000e+01 5.00581960e+00 3.39555886e+01 -3.30865000e+01 7.50206661e+00 3.40081687e+01 -3.10820000e+01 7.50873378e+00 3.39552759e+01 -3.30796000e+01 1.00027351e+01 3.40077678e+01 -3.10723000e+01 1.00116488e+01 3.39548427e+01 -3.30698000e+01 0.00000000e+00 3.39029759e+01 -3.50903000e+01 2.50512252e+00 3.39029092e+01 -3.50889000e+01 5.01025230e+00 3.39027099e+01 -3.50847000e+01 7.51539660e+00 3.39023787e+01 -3.50778000e+01 1.00205608e+01 3.39019206e+01 -3.50681000e+01 0.00000000e+00 4.69560541e+01 -3.15083000e+01 2.50184467e+00 4.69559595e+01 -3.15070000e+01 0.00000000e+00 4.68811995e+01 -3.35049000e+01 2.50397435e+00 4.68810907e+01 -3.35035000e+01 5.00367898e+00 4.69556729e+01 -3.15030000e+01 5.00795423e+00 4.68807678e+01 -3.34995000e+01 7.50549786e+00 4.69551895e+01 -3.14962000e+01 7.51194550e+00 4.68802437e+01 -3.34928000e+01 1.00072864e+01 4.69544870e+01 -3.14867000e+01 1.00159547e+01 4.68795386e+01 -3.34833000e+01 0.00000000e+00 4.68064078e+01 -3.55022000e+01 2.50610142e+00 4.68062859e+01 -3.55008000e+01 5.01222320e+00 4.68059274e+01 -3.54968000e+01 7.51837720e+00 4.68053594e+01 -3.54901000e+01 1.00245914e+01 4.68046362e+01 -3.54806000e+01 0.00000000e+00 5.77789650e+01 -3.19687000e+01 2.50377173e+00 5.77788430e+01 -3.19675000e+01 0.00000000e+00 5.76840295e+01 -3.39638000e+01 2.50564434e+00 5.76838612e+01 -3.39626000e+01 5.00748697e+00 5.77784780e+01 -3.19639000e+01 5.01125820e+00 5.76833584e+01 -3.39591000e+01 7.51107140e+00 5.77778820e+01 -3.19579000e+01 7.51686840e+00 5.76825319e+01 -3.39531000e+01 1.00144988e+01 5.77770950e+01 -3.19492000e+01 1.00224178e+01 5.76814042e+01 -3.39445000e+01 0.00000000e+00 5.75891609e+01 -3.59598000e+01 2.50748935e+00 5.75889452e+01 -3.59586000e+01 5.01501740e+00 5.75883026e+01 -3.59551000e+01 7.52258000e+00 5.75872450e+01 -3.59491000e+01 1.00302838e+01 5.75858023e+01 -3.59405000e+01 0.00000000e+00 6.68282230e+01 -3.24498000e+01 2.50675406e+00 6.68280490e+01 -3.24488000e+01 0.00000000e+00 6.67117218e+01 -3.44411000e+01 2.50828500e+00 6.67114961e+01 -3.44401000e+01 5.01345440e+00 6.68275220e+01 -3.24459000e+01 5.01650890e+00 6.67108202e+01 -3.44372000e+01 7.51982860e+00 6.68266210e+01 -3.24407000e+01 7.52472030e+00 6.67096899e+01 -3.44324000e+01 1.00255900e+01 6.68253140e+01 -3.24329000e+01 1.00324667e+01 6.67081225e+01 -3.44252000e+01 0.00000000e+00 6.65955340e+01 -3.64350000e+01 2.50976568e+00 6.65952540e+01 -3.64340000e+01 5.01955060e+00 6.65944200e+01 -3.64311000e+01 7.52927150e+00 6.65930180e+01 -3.64263000e+01 1.00390049e+01 6.65911010e+01 -3.64195000e+01 0.00000000e+00 7.43946460e+01 -3.29398000e+01 2.51028430e+00 7.43944350e+01 -3.29389000e+01 0.00000000e+00 7.42538496e+01 -3.49266000e+01 2.51159740e+00 7.42536070e+01 -3.49258000e+01 5.02045570e+00 7.43937810e+01 -3.29364000e+01 5.02305700e+00 7.42528625e+01 -3.49234000e+01 7.53013180e+00 7.43926570e+01 -3.29319000e+01 7.53437400e+00 7.42516093e+01 -3.49192000e+01 1.00387845e+01 7.43909910e+01 -3.29247000e+01 1.00450641e+01 7.42497973e+01 -3.49130000e+01 0.00000000e+00 7.41133540e+01 -3.69179000e+01 2.51282570e+00 7.41130740e+01 -3.69171000e+01 5.02562360e+00 7.41122340e+01 -3.69147000e+01 7.53825220e+00 7.41108310e+01 -3.69107000e+01 1.00506686e+01 7.41088410e+01 -3.69049000e+01 0.00000000e+00 8.07205110e+01 -3.34334000e+01 2.51402000e+00 8.07202610e+01 -3.34326000e+01 0.00000000e+00 8.05520379e+01 -3.54149000e+01 2.51534040e+00 8.05518133e+01 -3.54141000e+01 5.02784270e+00 8.07195150e+01 -3.34300000e+01 5.03048240e+00 8.05511445e+01 -3.54117000e+01 7.54107440e+00 8.07182450e+01 -3.34254000e+01 7.54535000e+00 8.05500107e+01 -3.54076000e+01 1.00528376e+01 8.07163440e+01 -3.34178000e+01 1.00595172e+01 8.05482697e+01 -3.54013000e+01 0.00000000e+00 8.03832240e+01 -3.74033000e+01 2.51654920e+00 8.03830290e+01 -3.74025000e+01 5.03304570e+00 8.03824650e+01 -3.74002000e+01 7.54932230e+00 8.03815180e+01 -3.73962000e+01 1.00652155e+01 8.03800940e+01 -3.73904000e+01 0.00000000e+00 8.60107220e+01 -3.39289000e+01 2.51754290e+00 8.60103960e+01 -3.39278000e+01 0.00000000e+00 8.58083832e+01 -3.59034000e+01 2.51931510e+00 8.58082376e+01 -3.59024000e+01 5.03478230e+00 8.60093840e+01 -3.39243000e+01 5.03835030e+00 8.58077715e+01 -3.58993000e+01 7.55142330e+00 8.60076330e+01 -3.39183000e+01 7.55702030e+00 8.58069736e+01 -3.58939000e+01 1.00662474e+01 8.60051240e+01 -3.39085000e+01 1.00751923e+01 8.58057626e+01 -3.58857000e+01 0.00000000e+00 8.56067350e+01 -3.78886000e+01 2.52096250e+00 8.56067500e+01 -3.78876000e+01 5.04183380e+00 8.56068170e+01 -3.78846000e+01 7.56256240e+00 8.56069610e+01 -3.78793000e+01 1.00828518e+01 8.56068030e+01 -3.78715000e+01 0.00000000e+00 9.04362180e+01 -3.44300000e+01 2.52014200e+00 9.04356790e+01 -3.44280000e+01 0.00000000e+00 9.01938410e+01 -3.63942000e+01 2.52321010e+00 9.01938210e+01 -3.63925000e+01 5.04004160e+00 9.04339800e+01 -3.44219000e+01 5.04618850e+00 9.01936380e+01 -3.63872000e+01 7.55950940e+00 9.04308500e+01 -3.44117000e+01 7.56883940e+00 9.01930970e+01 -3.63782000e+01 1.00769302e+01 9.04269600e+01 -3.43957000e+01 1.00914043e+01 9.01921240e+01 -3.63649000e+01 0.00000000e+00 8.99471590e+01 -3.83759000e+01 2.52629810e+00 8.99477610e+01 -3.83742000e+01 5.05244030e+00 8.99493800e+01 -3.83689000e+01 7.57857340e+00 8.99518040e+01 -3.83599000e+01 1.01045420e+01 8.99548450e+01 -3.83467000e+01 2.03967000e+01 1.01586360e+02 2.12800000e+00 1.99809200e+01 1.00635863e+02 5.34550000e+00 2.02157100e+01 9.96375800e+01 1.61790000e+00 1.99233500e+01 9.87127760e+01 4.71690000e+00 3.13791600e+01 1.00642373e+02 2.67970000e+00 3.11022600e+01 1.00201404e+02 5.89350000e+00 3.12812200e+01 9.86583370e+01 2.43460000e+00 3.10672900e+01 9.82290000e+01 5.58900000e+00 4.26860300e+01 1.00231346e+02 3.23630000e+00 4.24728300e+01 1.00039673e+02 6.43000000e+00 4.26590200e+01 9.82372710e+01 3.13130000e+00 4.24703200e+01 9.80492110e+01 6.29410000e+00 5.41184000e+01 1.00090049e+02 3.87750000e+00 5.39193200e+01 9.99915268e+01 7.05220000e+00 5.41075600e+01 9.80920630e+01 3.82220000e+00 5.39187800e+01 9.79947854e+01 6.98400000e+00 6.55809300e+01 1.00033590e+02 4.54120000e+00 6.53890100e+01 9.99797143e+01 7.70710000e+00 6.55778400e+01 9.80341513e+01 4.50940000e+00 6.53914800e+01 9.79806209e+01 7.67100000e+00 7.70556700e+01 1.00007000e+02 5.21140000e+00 7.68674200e+01 9.99783128e+01 8.37350000e+00 7.70532000e+01 9.80071563e+01 5.19350000e+00 7.68683700e+01 9.79784534e+01 8.35540000e+00 8.85326300e+01 9.99896905e+01 5.88330000e+00 8.83467300e+01 9.99777487e+01 9.04302000e+00 8.85310400e+01 9.79895050e+01 5.87495000e+00 8.83475400e+01 9.79773918e+01 9.03666000e+00 1.00010780e+02 9.99787746e+01 6.55695000e+00 9.98262900e+01 9.99780096e+01 9.71534000e+00 1.00009510e+02 9.79783781e+01 6.55499000e+00 9.98266000e+01 9.79773742e+01 9.71659000e+00 1.11488900e+02 9.99736265e+01 7.23264000e+00 1.11305210e+02 9.99796849e+01 1.03904400e+01 1.11488450e+02 9.79731426e+01 7.23474000e+00 1.11305670e+02 9.79789459e+01 1.03962500e+01 1.22967340e+02 9.99729481e+01 7.91046000e+00 1.22783970e+02 9.99825798e+01 1.10681400e+01 1.22967230e+02 9.79724309e+01 7.91477000e+00 1.22784340e+02 9.79818168e+01 1.10762100e+01 1.34445640e+02 9.99754865e+01 8.59032000e+00 1.34262300e+02 9.99863712e+01 1.17482000e+01 1.34446020e+02 9.79749866e+01 8.59554000e+00 1.34262840e+02 9.79856418e+01 1.17569300e+01 1.45924010e+02 9.99802777e+01 9.27212000e+00 1.45740480e+02 9.99908203e+01 1.24303600e+01 1.45924610e+02 9.79798148e+01 9.27731000e+00 1.45741070e+02 9.79901528e+01 1.24386700e+01 1.57402280e+02 9.99864824e+01 9.95576000e+00 1.57218460e+02 9.99956292e+01 1.31144600e+01 1.57403150e+02 9.79860757e+01 9.96031000e+00 1.57219180e+02 9.79950426e+01 1.31216500e+01 1.68880560e+02 9.99935287e+01 1.06411400e+01 1.68696370e+02 1.00000608e+02 1.38003200e+01 1.68881560e+02 9.79931829e+01 1.06446300e+01 1.68697180e+02 9.80001089e+01 1.38059500e+01 1.80358790e+02 1.00001108e+02 1.13281600e+01 1.80174230e+02 1.00005682e+02 1.44878100e+01 1.80359990e+02 9.80008276e+01 1.13303200e+01 1.80175180e+02 9.80052718e+01 1.44916300e+01 1.91837070e+02 1.00009206e+02 1.20167300e+01 1.91652160e+02 1.00010927e+02 1.51768000e+01 1.91838450e+02 9.80089907e+01 1.20173200e+01 1.91653270e+02 9.80106039e+01 1.51786000e+01 2.03315440e+02 1.00018082e+02 1.27066900e+01 2.03130270e+02 1.00016558e+02 1.58671000e+01 2.03317110e+02 9.80179317e+01 1.27054500e+01 2.03131610e+02 9.80163186e+01 1.58666900e+01 2.14794110e+02 1.00028083e+02 1.33977700e+01 2.14608800e+02 1.00022815e+02 1.65584100e+01 2.14796130e+02 9.80279983e+01 1.33943500e+01 2.14610410e+02 9.80226536e+01 1.65555200e+01 2.26273470e+02 1.00039048e+02 1.40891800e+01 2.26088100e+02 1.00029647e+02 1.72498900e+01 2.26275770e+02 9.80390348e+01 1.40832800e+01 2.26089940e+02 9.80295638e+01 1.72443400e+01 2.37753990e+02 1.00049734e+02 1.47792100e+01 2.37568540e+02 1.00036442e+02 1.79399000e+01 2.37756200e+02 9.80497694e+01 1.47709400e+01 2.37570380e+02 9.80364146e+01 1.79318700e+01 2.00325500e+01 9.75974300e+01 1.09470000e+00 1.98794000e+01 9.67196480e+01 4.05940000e+00 3.11886000e+01 9.66493210e+01 2.19340000e+00 3.10417100e+01 9.62295740e+01 5.27050000e+00 4.26297600e+01 9.62287750e+01 3.02680000e+00 4.24677600e+01 9.60399004e+01 6.14810000e+00 5.40973800e+01 9.60900337e+01 3.76780000e+00 5.39199100e+01 9.59923326e+01 6.91300000e+00 6.55739000e+01 9.60336214e+01 4.47780000e+00 6.53933500e+01 9.59801881e+01 7.63430000e+00 7.70512700e+01 9.60071547e+01 5.17570000e+00 7.68701900e+01 9.59785666e+01 8.33740000e+00 8.85290000e+01 9.59898313e+01 5.86645000e+00 8.83483500e+01 9.59776623e+01 9.03070000e+00 1.00008460e+02 9.59788812e+01 6.55283000e+00 9.98273400e+01 9.59777320e+01 9.71843000e+00 1.11487790e+02 9.59737113e+01 7.23658000e+00 1.11306200e+02 9.59793390e+01 1.04026700e+01 1.22967210e+02 9.59729865e+01 7.91883000e+00 1.22784930e+02 9.59821873e+01 1.10848700e+01 1.34446300e+02 9.59754964e+01 8.60051000e+00 1.34263430e+02 9.59859727e+01 1.17662100e+01 1.45925260e+02 9.59802479e+01 9.28229000e+00 1.45741780e+02 9.59904213e+01 1.24474700e+01 1.57403970e+02 9.59864274e+01 9.96467000e+00 1.57219960e+02 9.59952485e+01 1.31292400e+01 1.68882590e+02 9.59934514e+01 1.06479700e+01 1.68698080e+02 9.60002541e+01 1.38119200e+01 1.80361150e+02 9.60010233e+01 1.13323600e+01 1.80176190e+02 9.60053669e+01 1.44957000e+01 1.91839830e+02 9.60091256e+01 1.20178100e+01 1.91654460e+02 9.60106617e+01 1.51806000e+01 2.03318770e+02 9.60180241e+01 1.27041400e+01 2.03133020e+02 9.60163567e+01 1.58664200e+01 2.14798160e+02 9.60280674e+01 1.33908700e+01 2.14612090e+02 9.60226920e+01 1.65527400e+01 2.26278060e+02 9.60390972e+01 1.40773500e+01 2.26091830e+02 9.60296210e+01 1.72389000e+01 2.37758420e+02 9.60498227e+01 1.47626300e+01 2.37572270e+02 9.60364858e+01 1.79239500e+01 2.07256800e+01 1.02283100e+02 -1.18830000e+00 2.04451700e+01 1.00315870e+02 -1.52930000e+00 3.16408800e+01 1.00962341e+02 -5.61300000e-01 3.14912800e+01 9.89678150e+01 -7.32700000e-01 4.28915500e+01 1.00368879e+02 4.31000000e-02 4.28475200e+01 9.83716110e+01 -3.16000000e-02 5.43133000e+01 1.00166041e+02 7.03300000e-01 5.42951900e+01 9.81669650e+01 6.60700000e-01 6.57711500e+01 1.00079541e+02 1.37470000e+00 6.57637000e+01 9.80799237e+01 1.34770000e+00 7.72427200e+01 1.00034264e+02 2.04820000e+00 7.72375100e+01 9.80344471e+01 2.03160000e+00 8.87178300e+01 1.00004129e+02 2.72256000e+00 8.87144300e+01 9.80040566e+01 2.71301000e+00 1.00194740e+02 9.99843169e+01 3.39768000e+00 1.00192350e+02 9.79840603e+01 3.39313000e+00 1.11672250e+02 9.99733620e+01 4.07412000e+00 1.11671220e+02 9.79730183e+01 4.07296000e+00 1.23150440e+02 9.99693171e+01 4.75220000e+00 1.23150120e+02 9.79689304e+01 4.75308000e+00 1.34628760e+02 9.99703093e+01 5.43200000e+00 1.34629210e+02 9.79699295e+01 5.43394000e+00 1.46107320e+02 9.99748435e+01 6.11354000e+00 1.46108160e+02 9.79744883e+01 6.11578000e+00 1.57585890e+02 9.99816853e+01 6.79680000e+00 1.57587100e+02 9.79813753e+01 6.79885000e+00 1.69064530e+02 9.99899811e+01 7.48176000e+00 1.69065930e+02 9.79897209e+01 7.48323000e+00 1.80543130e+02 9.99992580e+01 8.16836000e+00 1.80544750e+02 9.79990538e+01 8.16898000e+00 1.92021730e+02 1.00009454e+02 8.85652000e+00 1.92023570e+02 9.80093057e+01 8.85604000e+00 2.03500310e+02 1.00020905e+02 9.54612000e+00 2.03502530e+02 9.80208145e+01 9.54424000e+00 2.14979080e+02 1.00034119e+02 1.02369300e+01 2.14981740e+02 9.80340901e+01 1.02332300e+01 2.26458470e+02 1.00048872e+02 1.09282200e+01 2.26461470e+02 9.80489119e+01 1.09222900e+01 2.37939130e+02 1.00063246e+02 1.16183000e+01 2.37941930e+02 9.80633283e+01 1.16101200e+01 2.01644700e+01 9.82510700e+01 -1.88840000e+00 3.13478200e+01 9.69573740e+01 -9.01700000e-01 4.28015400e+01 9.63668450e+01 -1.06800000e-01 5.42777900e+01 9.61656160e+01 6.18200000e-01 6.57555900e+01 9.60793984e+01 1.32070000e+00 7.72328600e+01 9.60342870e+01 2.01490000e+00 8.87106500e+01 9.60042241e+01 2.70349000e+00 1.00190250e+02 9.59843995e+01 3.38865000e+00 1.11670000e+02 9.59734373e+01 4.07185000e+00 1.23149930e+02 9.59693524e+01 4.75404000e+00 1.34629560e+02 9.59703254e+01 5.43592000e+00 1.46109050e+02 9.59748277e+01 6.11808000e+00 1.57588260e+02 9.59816527e+01 6.80092000e+00 1.69067360e+02 9.59899311e+01 7.48473000e+00 1.80546350e+02 9.59992036e+01 8.16963000e+00 1.92025440e+02 9.60094018e+01 8.85558000e+00 2.03504730e+02 9.60208686e+01 9.54238000e+00 2.14984420e+02 9.60341107e+01 1.02295400e+01 2.26464450e+02 9.60489031e+01 1.09163800e+01 2.37944730e+02 9.60632855e+01 1.16019700e+01 2.09570570e+01 1.02688370e+02 -4.53760000e+00 2.06195140e+01 1.00711990e+02 -4.70730000e+00 3.18740400e+01 1.01162920e+02 -3.80990000e+00 3.16926300e+01 9.91611700e+01 -3.91220000e+00 4.30913100e+01 1.00463031e+02 -3.14620000e+00 4.30370100e+01 9.84639860e+01 -3.19770000e+00 5.45045300e+01 1.00223040e+02 -2.46950000e+00 5.44816500e+01 9.82235510e+01 -2.50170000e+00 6.59593700e+01 1.00117480e+02 -1.79250000e+00 6.59488900e+01 9.81177940e+01 -1.81450000e+00 7.74287600e+01 1.00058815e+02 -1.11590000e+00 7.74214500e+01 9.80590011e+01 -1.13060000e+00 8.89024000e+01 1.00019324e+02 -4.39440000e-01 8.88976600e+01 9.80193284e+01 -4.49050000e-01 1.00378500e+02 9.99928034e+01 2.37150000e-01 1.00375200e+02 9.79926459e+01 2.31230000e-01 1.11855540e+02 9.99771619e+01 9.14420000e-01 1.11854000e+02 9.79769224e+01 9.11190000e-01 1.23333610e+02 9.99701379e+01 1.59289000e+00 1.23333040e+02 9.79698516e+01 1.59142000e+00 1.34812000e+02 9.99694892e+01 2.27276000e+00 1.34812420e+02 9.79692028e+01 2.27236000e+00 1.46290800e+02 9.99733688e+01 2.95416000e+00 1.46291720e+02 9.79730994e+01 2.95428000e+00 1.57769670e+02 9.99802725e+01 3.63717000e+00 1.57771060e+02 9.79800406e+01 3.63739000e+00 1.69248660e+02 9.99891571e+01 4.32180000e+00 1.69250290e+02 9.79889674e+01 4.32183000e+00 1.80727600e+02 9.99994466e+01 5.00805000e+00 1.80729510e+02 9.79993059e+01 5.00763000e+00 1.92206500e+02 1.00011066e+02 5.69585000e+00 1.92208670e+02 9.80109746e+01 5.69473000e+00 2.03685280e+02 1.00024447e+02 6.38510000e+00 2.03687900e+02 9.80244087e+01 6.38298000e+00 2.15164100e+02 1.00040309e+02 7.07561000e+00 2.15167290e+02 9.80403270e+01 7.07205000e+00 2.26643480e+02 1.00058449e+02 7.76678000e+00 2.26647090e+02 9.80585342e+01 7.76126000e+00 2.38124280e+02 1.00076277e+02 8.45693000e+00 2.38127590e+02 9.80763992e+01 8.44931000e+00 2.02765800e+01 9.86499800e+01 -4.88830000e+00 3.15174300e+01 9.71537400e+01 -4.01120000e+00 4.29803000e+01 9.64610630e+01 -3.24890000e+00 5.44597500e+01 9.62225180e+01 -2.53370000e+00 6.59376400e+01 9.61171670e+01 -1.83650000e+00 7.74147500e+01 9.60587304e+01 -1.14530000e+00 8.88925100e+01 9.60193704e+01 -4.58680000e-01 1.00372210e+02 9.59928600e+01 2.25320000e-01 1.11852250e+02 9.59772293e+01 9.07930000e-01 1.23332630e+02 9.59701749e+01 1.58995000e+00 1.34812730e+02 9.59695153e+01 2.27193000e+00 1.46292720e+02 9.59733705e+01 2.95437000e+00 1.57772400e+02 9.59802639e+01 3.63759000e+00 1.69251960e+02 9.59891352e+01 4.32184000e+00 1.80731390e+02 9.59994218e+01 5.00719000e+00 1.92210860e+02 9.60110411e+01 5.69360000e+00 2.03690510e+02 9.60244317e+01 6.38085000e+00 2.15170480e+02 9.60403063e+01 7.06848000e+00 2.26650680e+02 9.60584626e+01 7.75574000e+00 2.38130900e+02 9.60762692e+01 8.44171000e+00 2.11118840e+01 1.02823600e+02 -7.86907000e+00 2.07563840e+01 1.00843220e+02 -7.89157000e+00 3.20765870e+01 1.01257230e+02 -7.05367000e+00 3.18832100e+01 9.92513800e+01 -7.09577000e+00 4.32864900e+01 1.00522319e+02 -6.33457000e+00 4.32264900e+01 9.85219620e+01 -6.36627000e+00 5.46924800e+01 1.00263768e+02 -5.64197000e+00 5.46667300e+01 9.82640860e+01 -5.66467000e+00 6.61458000e+01 1.00147118e+02 -4.96017000e+00 6.61332700e+01 9.81473650e+01 -4.97697000e+00 7.76137500e+01 1.00079566e+02 -4.28077000e+00 7.76049200e+01 9.80797594e+01 -4.29287000e+00 8.90863900e+01 1.00033805e+02 -3.60232000e+00 8.90807000e+01 9.80338950e+01 -3.61114000e+00 1.00561960e+02 1.00002642e+02 -2.92430000e+00 1.00557970e+02 9.80025988e+01 -2.93068000e+00 1.12038730e+02 9.99835041e+01 -2.24611000e+00 1.12036760e+02 9.79833896e+01 -2.25056000e+00 1.23516780e+02 9.99740310e+01 -1.56717000e+00 1.23515970e+02 9.79738671e+01 -1.57020000e+00 1.34995320e+02 9.99718129e+01 -8.87120000e-01 1.34995640e+02 9.79716420e+01 -8.89170000e-01 1.46474380e+02 9.99748101e+01 -2.05740000e-01 1.46475300e+02 9.79746462e+01 -2.07180000e-01 1.57953580e+02 9.99813575e+01 4.77090000e-01 1.57955040e+02 9.79812206e+01 4.75990000e-01 1.69432920e+02 9.99903047e+01 1.16148000e+00 1.69434660e+02 9.79901992e+01 1.16048000e+00 1.80912200e+02 1.00001026e+02 1.84742000e+00 1.80914260e+02 9.80009594e+01 1.84632000e+00 1.92391390e+02 1.00013461e+02 2.53489000e+00 1.92393760e+02 9.80134347e+01 2.53346000e+00 2.03870360e+02 1.00028142e+02 3.22379000e+00 2.03873250e+02 9.80281613e+01 3.22176000e+00 2.15349210e+02 1.00046036e+02 3.91397000e+00 2.15352800e+02 9.80461060e+01 3.91091000e+00 2.26828530e+02 1.00067100e+02 4.60497000e+00 2.26832660e+02 9.80672365e+01 4.60028000e+00 2.38309440e+02 1.00088132e+02 5.29524000e+00 2.38313210e+02 9.80882993e+01 5.28862000e+00 2.03943000e+01 9.88033400e+01 -7.91777000e+00 3.16961900e+01 9.72488100e+01 -7.13557000e+00 4.31639700e+01 9.65199030e+01 -6.39757000e+00 5.46423700e+01 9.62631770e+01 -5.68707000e+00 6.61197500e+01 9.61466190e+01 -4.99367000e+00 7.75968200e+01 9.60793836e+01 -4.30497000e+00 8.90745500e+01 9.60338230e+01 -3.61998000e+00 1.00554310e+02 9.60026995e+01 -2.93705000e+00 1.12034570e+02 9.59835974e+01 -2.25503000e+00 1.23515320e+02 9.59741039e+01 -1.57324000e+00 1.34995850e+02 9.59718822e+01 -8.91240000e-01 1.46476300e+02 9.59748583e+01 -2.08630000e-01 1.57956440e+02 9.59813967e+01 4.74880000e-01 1.69436440e+02 9.59903295e+01 1.15947000e+00 1.80916290e+02 9.60010445e+01 1.84521000e+00 1.92396150e+02 9.60134731e+01 2.53203000e+00 2.03876130e+02 9.60281539e+01 3.21973000e+00 2.15356390e+02 9.60460446e+01 3.90784000e+00 2.26836780e+02 9.60671022e+01 4.59560000e+00 2.38316980e+02 9.60880798e+01 5.28201000e+00 2.12189190e+01 1.02748160e+02 -1.11562300e+01 2.08763570e+01 1.00765790e+02 -1.10704300e+01 3.22527360e+01 1.01266370e+02 -1.02848300e+01 3.20643470e+01 9.92588400e+01 -1.02791300e+01 4.34759300e+01 1.00551729e+02 -9.52303000e+00 4.34137700e+01 9.85505750e+01 -9.53683000e+00 5.48777100e+01 1.00289455e+02 -8.81453000e+00 5.48507100e+01 9.82897530e+01 -8.82803000e+00 6.63304700e+01 1.00167987e+02 -8.12833000e+00 6.63166000e+01 9.81682180e+01 -8.13953000e+00 7.77977000e+01 1.00095605e+02 -7.44633000e+00 7.77879400e+01 9.80958090e+01 -7.45523000e+00 8.92697600e+01 1.00046331e+02 -6.76601000e+00 8.92634500e+01 9.80464939e+01 -6.77326000e+00 1.00745060e+02 1.00012457e+02 -6.08661000e+00 1.00740610e+02 9.80125143e+01 -6.09259000e+00 1.12221770e+02 9.99910454e+01 -5.40747000e+00 1.12219470e+02 9.79910419e+01 -5.41228000e+00 1.23699910e+02 9.99797569e+01 -4.72796000e+00 1.23698890e+02 9.79797036e+01 -4.73179000e+00 1.35178680e+02 9.99761783e+01 -4.04765000e+00 1.35178860e+02 9.79761128e+01 -4.05065000e+00 1.46658040e+02 9.99782067e+01 -3.36622000e+00 1.46658890e+02 9.79781404e+01 -3.36859000e+00 1.58137590e+02 9.99841138e+01 -2.68346000e+00 1.58139010e+02 9.79840653e+01 -2.68535000e+00 1.69617300e+02 9.99927140e+01 -1.99926000e+00 1.69619040e+02 9.79926876e+01 -2.00082000e+00 1.81096920e+02 1.00003377e+02 -1.31356000e+00 1.81099010e+02 9.80033804e+01 -1.31494000e+00 1.92576400e+02 1.00016078e+02 -6.26380000e-01 1.92578850e+02 9.80161137e+01 -6.27770000e-01 2.04055580e+02 1.00031439e+02 6.21600000e-02 2.04058600e+02 9.80315128e+01 6.05700000e-02 2.15534460e+02 1.00050691e+02 7.51960000e-01 2.15538290e+02 9.80508104e+01 7.49780000e-01 2.27013650e+02 1.00074138e+02 1.44276000e+00 2.27018210e+02 9.80743246e+01 1.43934000e+00 2.38494630e+02 1.00098112e+02 2.13322000e+00 2.38498810e+02 9.80983219e+01 2.12804000e+00 2.05291040e+01 9.87519700e+01 -1.09847300e+01 3.18810000e+01 9.72596700e+01 -1.02724300e+01 4.33497200e+01 9.65486360e+01 -9.55063000e+00 5.48251000e+01 9.62887800e+01 -8.84143000e+00 6.63017200e+01 9.61674010e+01 -8.15073000e+00 7.77789200e+01 9.60953349e+01 -7.46413000e+00 8.92566900e+01 9.60463107e+01 -6.78053000e+00 1.00736490e+02 9.60125048e+01 -6.09855000e+00 1.12216950e+02 9.59911491e+01 -5.41711000e+00 1.23698010e+02 9.59798528e+01 -4.73560000e+00 1.35178930e+02 9.59762788e+01 -4.05367000e+00 1.46659810e+02 9.59782912e+01 -3.37096000e+00 1.58140390e+02 9.59841919e+01 -2.68726000e+00 1.69620820e+02 9.59927781e+01 -2.00240000e+00 1.81101080e+02 9.60034325e+01 -1.31634000e+00 1.92581320e+02 9.60161220e+01 -6.29160000e-01 2.04061610e+02 9.60314736e+01 5.89700000e-02 2.15542140e+02 9.60507086e+01 7.47600000e-01 2.27022750e+02 9.60741278e+01 1.43592000e+00 2.38502980e+02 9.60980106e+01 2.12287000e+00 2.12979280e+01 1.02530800e+02 -1.43979000e+01 2.09893740e+01 1.00546740e+02 -1.42409000e+01 3.24086880e+01 1.01211120e+02 -1.35029000e+01 3.22362330e+01 9.92035400e+01 -1.34600000e+01 4.36584270e+01 1.00553959e+02 -1.27112000e+01 4.35972060e+01 9.85525850e+01 -1.27083000e+01 5.50603620e+01 1.00300510e+02 -1.19879000e+01 5.50334100e+01 9.83008660e+01 -1.19921000e+01 6.65134560e+01 1.00179737e+02 -1.12967000e+01 6.64988800e+01 9.81800290e+01 -1.13021000e+01 7.79806500e+01 1.00106110e+02 -1.06124000e+01 7.79704800e+01 9.81063350e+01 -1.06176000e+01 8.94525000e+01 1.00055759e+02 -9.93042000e+00 8.94458600e+01 9.80559938e+01 -9.93540000e+00 1.00927770e+02 1.00020959e+02 -9.24971000e+00 1.00923100e+02 9.80211162e+01 -9.25449000e+00 1.12404630e+02 9.99984942e+01 -8.56961000e+00 1.12402090e+02 9.79985986e+01 -8.57399000e+00 1.23882970e+02 9.99861020e+01 -7.88948000e+00 1.23881770e+02 9.79861589e+01 -7.89334000e+00 1.35362040e+02 9.99814907e+01 -7.20883000e+00 1.35362060e+02 9.79815301e+01 -7.21210000e+00 1.46841750e+02 9.99825931e+01 -6.52725000e+00 1.46842470e+02 9.79826249e+01 -6.52996000e+00 1.58321680e+02 9.99877036e+01 -5.84451000e+00 1.58323000e+02 9.79877439e+01 -5.84667000e+00 1.69801770e+02 9.99956616e+01 -5.16041000e+00 1.69803430e+02 9.79957149e+01 -5.16210000e+00 1.81281750e+02 1.00005868e+02 -4.47491000e+00 1.81283780e+02 9.80059422e+01 -4.47619000e+00 1.92761540e+02 1.00018347e+02 -3.78800000e+00 1.92763950e+02 9.80184446e+01 -3.78898000e+00 2.04240940e+02 1.00033786e+02 -3.09980000e+00 2.04243960e+02 9.80339142e+01 -3.10062000e+00 2.15719870e+02 1.00053661e+02 -2.41043000e+00 2.15723810e+02 9.80538284e+01 -2.41135000e+00 2.27198900e+02 1.00078843e+02 -1.71989000e+00 2.27203770e+02 9.80790806e+01 -1.72159000e+00 2.38679870e+02 1.00105478e+02 -1.02919000e+00 2.38684410e+02 9.81057350e+01 -1.03245000e+00 2.06777230e+01 9.85501100e+01 -1.40838000e+01 3.20671550e+01 9.72055200e+01 -1.34177000e+01 4.35352340e+01 9.65503650e+01 -1.27056000e+01 5.50075000e+01 9.62998320e+01 -1.19962000e+01 6.64835400e+01 9.61791520e+01 -1.13075000e+01 7.79609000e+01 9.61057750e+01 -1.06227000e+01 8.94388500e+01 9.60557037e+01 -9.94039000e+00 1.00918720e+02 9.60210037e+01 -9.25926000e+00 1.12399370e+02 9.59986082e+01 -8.57839000e+00 1.23880710e+02 9.59862239e+01 -7.89720000e+00 1.35362000e+02 9.59816239e+01 -7.21540000e+00 1.46843270e+02 9.59827164e+01 -6.53268000e+00 1.58324270e+02 9.59878222e+01 -5.84885000e+00 1.69805120e+02 9.59957664e+01 -5.16380000e+00 1.81285780e+02 9.60059617e+01 -4.47748000e+00 1.92766380e+02 9.60184233e+01 -3.78998000e+00 2.04246970e+02 9.60338439e+01 -3.10145000e+00 2.15727760e+02 9.60536890e+01 -2.41227000e+00 2.27208620e+02 9.60788244e+01 -1.72328000e+00 2.38688940e+02 9.61053310e+01 -1.03571000e+00 1.92418900e+01 9.43682800e+01 9.36500000e+00 1.92720800e+01 9.28290800e+01 9.04000000e+00 1.95474100e+01 9.45368210e+01 7.38840000e+00 1.95930900e+01 9.35022750e+01 7.16760000e+00 3.06340700e+01 9.47485770e+01 1.08469000e+01 3.06379300e+01 9.31745130e+01 1.07412000e+01 3.08361000e+01 9.46158820e+01 8.86500000e+00 3.08504100e+01 9.35698500e+01 8.79530000e+00 4.20927500e+01 9.50753780e+01 1.18433000e+01 4.20919200e+01 9.34952920e+01 1.18846000e+01 4.22481200e+01 9.47594860e+01 9.88290000e+00 4.22564800e+01 9.37118620e+01 9.91040000e+00 5.35658100e+01 9.52927940e+01 1.26597000e+01 5.35611000e+01 9.37236250e+01 1.27848000e+01 5.37023900e+01 9.48721730e+01 1.07133000e+01 5.37036600e+01 9.38300830e+01 1.07976000e+01 6.50469200e+01 9.54116360e+01 1.34052000e+01 6.50402400e+01 9.38520410e+01 1.35736000e+01 6.51725400e+01 9.49383897e+01 1.14671000e+01 6.51707000e+01 9.39000494e+01 1.15796000e+01 7.65279500e+01 9.54792455e+01 1.41196000e+01 7.65197000e+01 9.39246007e+01 1.43102000e+01 7.66493600e+01 9.49790681e+01 1.21870000e+01 7.66455500e+01 9.39426152e+01 1.23143000e+01 8.80095300e+01 9.55217419e+01 1.48184600e+01 8.80001500e+01 9.39698818e+01 1.50221700e+01 8.81274000e+01 9.50050871e+01 1.28894800e+01 8.81223500e+01 9.39698378e+01 1.30255400e+01 9.94896100e+01 9.55484734e+01 1.55092900e+01 9.94796300e+01 9.39981724e+01 1.57207800e+01 9.96061500e+01 9.50221288e+01 1.35825700e+01 9.96002900e+01 9.39876378e+01 1.37238200e+01 1.10969430e+02 9.55649204e+01 1.61949600e+01 1.10959070e+02 9.40154095e+01 1.64105700e+01 1.11084480e+02 9.50333550e+01 1.42694400e+01 1.11078110e+02 9.39992667e+01 1.44134100e+01 1.22448260e+02 9.55742772e+01 1.68775800e+01 1.22437700e+02 9.40250029e+01 1.70948700e+01 1.22562840e+02 9.50405550e+01 1.49525900e+01 1.22556180e+02 9.40066180e+01 1.50976600e+01 1.33926700e+02 9.55788882e+01 1.75587000e+01 1.33916040e+02 9.40294857e+01 1.77760100e+01 1.34040810e+02 9.50450977e+01 1.56337200e+01 1.34033960e+02 9.40111415e+01 1.57787700e+01 1.45404570e+02 9.55803938e+01 1.82393000e+01 1.45393880e+02 9.40306411e+01 1.84555300e+01 1.45518650e+02 9.50478987e+01 1.63140300e+01 1.45511710e+02 9.40138146e+01 1.64583300e+01 1.56882190e+02 9.55799740e+01 1.89202000e+01 1.56871500e+02 9.40297521e+01 1.91346900e+01 1.56996280e+02 9.50495910e+01 1.69944300e+01 1.56989290e+02 9.40153182e+01 1.71375500e+01 1.68359600e+02 9.55784406e+01 1.96018700e+01 1.68348950e+02 9.40277032e+01 1.98142900e+01 1.68473880e+02 9.50506075e+01 1.76755100e+01 1.68466900e+02 9.40161177e+01 1.78172300e+01 1.79837030e+02 9.55763592e+01 2.02846100e+01 1.79826430e+02 9.40251076e+01 2.04948000e+01 1.79951520e+02 9.50512736e+01 1.83576200e+01 1.79944560e+02 9.40165595e+01 1.84978300e+01 1.91314630e+02 9.55741210e+01 2.09684600e+01 1.91304120e+02 9.40223873e+01 2.11763700e+01 1.91429350e+02 9.50518540e+01 1.90408200e+01 1.91422440e+02 9.40169199e+01 1.91795000e+01 2.02792650e+02 9.55720067e+01 2.16532500e+01 2.02782240e+02 9.40198425e+01 2.18588700e+01 2.02907560e+02 9.50525852e+01 1.97249500e+01 2.02900710e+02 9.40174400e+01 1.98620900e+01 2.14271330e+02 9.55702339e+01 2.23385900e+01 2.14261030e+02 9.40177057e+01 2.25419100e+01 2.14386350e+02 9.50536654e+01 2.04096100e+01 2.14379560e+02 9.40183195e+01 2.05452100e+01 2.25750930e+02 9.55689967e+01 2.30238200e+01 2.25740680e+02 9.40161756e+01 2.32249300e+01 2.25865940e+02 9.50552025e+01 2.10941700e+01 2.25859180e+02 9.40196690e+01 2.12282900e+01 2.37231580e+02 9.55684830e+01 2.37080800e+01 2.37221290e+02 9.40154213e+01 2.39072000e+01 2.37346420e+02 9.50571552e+01 2.17778200e+01 2.37339620e+02 9.40214548e+01 2.19106100e+01 1.98671600e+01 9.46998580e+01 5.38780000e+00 1.99213100e+01 9.41792400e+01 5.28170000e+00 3.10343100e+01 9.44768065e+01 6.86330000e+00 3.10579700e+01 9.39619228e+01 6.82980000e+00 4.24108300e+01 9.44377561e+01 7.90330000e+00 4.24260000e+01 9.39241267e+01 7.91630000e+00 5.38372000e+01 9.44484734e+01 8.75820000e+00 5.38441200e+01 9.39333728e+01 8.79910000e+00 6.52998800e+01 9.44644724e+01 9.52670000e+00 6.53022800e+01 9.39472172e+01 9.58220000e+00 7.67697700e+01 9.44787609e+01 1.02541000e+01 7.67702200e+01 9.39606734e+01 1.03178000e+01 8.82459200e+01 9.44885595e+01 1.09609800e+01 8.82449700e+01 9.39702359e+01 1.10294200e+01 9.97222000e+01 9.44959332e+01 1.16565600e+01 9.97203000e+01 9.39776637e+01 1.17277100e+01 1.11199600e+02 9.45019494e+01 1.23447400e+01 1.11197090e+02 9.39837808e+01 1.24173300e+01 1.22677080e+02 9.45069835e+01 1.30284300e+01 1.22674280e+02 9.39888795e+01 1.31015600e+01 1.34154830e+02 9.45114347e+01 1.37095500e+01 1.34151770e+02 9.39933987e+01 1.37826300e+01 1.45632480e+02 9.45155018e+01 1.43894900e+01 1.45629310e+02 9.39975206e+01 1.44621200e+01 1.57110240e+02 9.45192734e+01 1.50693200e+01 1.57106980e+02 9.40013383e+01 1.51412800e+01 1.68587980e+02 9.45228081e+01 1.57497200e+01 1.68584700e+02 9.40049072e+01 1.58209100e+01 1.80065860e+02 9.45261918e+01 1.64311000e+01 1.80062580e+02 9.40083128e+01 1.65014700e+01 1.91543930e+02 9.45295644e+01 1.71135800e+01 1.91540660e+02 9.40116908e+01 1.71831100e+01 2.03022340e+02 9.45331197e+01 1.77969900e+01 2.03019090e+02 9.40152282e+01 1.78657000e+01 2.14501250e+02 9.45370396e+01 1.84809300e+01 2.14498020e+02 9.40190977e+01 1.85488500e+01 2.25980850e+02 9.45413472e+01 1.91648200e+01 2.25977610e+02 9.40233230e+01 1.92319800e+01 2.37461160e+02 9.45457663e+01 1.98478400e+01 2.37457880e+02 9.40276537e+01 1.99143400e+01 1.92757700e+01 9.59454000e+01 9.29650000e+00 1.95505800e+01 9.55953660e+01 7.34000000e+00 3.06746500e+01 9.62983440e+01 1.05373000e+01 3.08490800e+01 9.56449620e+01 8.65820000e+00 4.21243200e+01 9.65889780e+01 1.13876000e+01 4.22620000e+01 9.57635280e+01 9.58020000e+00 5.35978000e+01 9.67732220e+01 1.21291000e+01 5.37199600e+01 9.58561270e+01 1.03600000e+01 6.50791200e+01 9.68736370e+01 1.28382000e+01 6.51915800e+01 9.59120603e+01 1.10893000e+01 7.65608800e+01 9.69315520e+01 1.35339000e+01 7.66698300e+01 9.59472603e+01 1.17964000e+01 8.80429600e+01 9.69682849e+01 1.42214800e+01 8.81485400e+01 9.59699133e+01 1.24911200e+01 9.95234200e+01 9.69916533e+01 1.49054800e+01 9.96278700e+01 9.59849021e+01 1.31795800e+01 1.11003390e+02 9.70063594e+01 1.55874700e+01 1.11106530e+02 9.59950268e+01 1.38639800e+01 1.22482330e+02 9.70150609e+01 1.62685000e+01 1.22585080e+02 9.60017871e+01 1.45460900e+01 1.33960820e+02 9.70197586e+01 1.69495000e+01 1.34063190e+02 9.60063343e+01 1.52271900e+01 1.45438710e+02 9.70218242e+01 1.76309300e+01 1.45541100e+02 9.60094311e+01 1.59081000e+01 1.56916350e+02 9.70222367e+01 1.83132400e+01 1.57018790e+02 9.60115889e+01 1.65895000e+01 1.68393770e+02 9.70216684e+01 1.89966500e+01 1.68496420e+02 9.60131588e+01 1.72717900e+01 1.79871190e+02 9.70205947e+01 1.96812800e+01 1.79974060e+02 9.60144131e+01 1.79552100e+01 1.91348750e+02 9.70193570e+01 2.03671000e+01 1.91451880e+02 9.60155889e+01 1.86397600e+01 2.02826700e+02 9.70182110e+01 2.10539100e+01 2.02930050e+02 9.60169122e+01 1.93252700e+01 2.14305280e+02 9.70173591e+01 2.17413200e+01 2.14408790e+02 9.60185778e+01 2.00113300e+01 2.25784790e+02 9.70169699e+01 2.24286200e+01 2.25888360e+02 9.60206787e+01 2.06972800e+01 2.37265440e+02 9.70171970e+01 2.31147300e+01 2.37368840e+02 9.60231342e+01 2.13821700e+01 1.98377700e+01 9.52275090e+01 5.35750000e+00 3.10216400e+01 9.49810737e+01 6.76030000e+00 4.24062100e+01 9.49284266e+01 7.75460000e+00 5.38402500e+01 9.49348109e+01 8.58350000e+00 6.53058700e+01 9.49495727e+01 9.33840000e+00 7.67777000e+01 9.49628534e+01 1.00585000e+01 8.82547300e+01 9.49718234e+01 1.07611600e+01 9.97318900e+01 9.49785387e+01 1.14542900e+01 1.11209820e+02 9.49841034e+01 1.21412100e+01 1.22687590e+02 9.49889215e+01 1.28244000e+01 1.34165540e+02 9.49932897e+01 1.35055600e+01 1.45643330e+02 9.49973757e+01 1.41858800e+01 1.57121160e+02 9.50012280e+01 1.48662900e+01 1.68598950e+02 9.50048857e+01 1.55473800e+01 1.80076860e+02 9.50084187e+01 1.62295000e+01 1.91554920e+02 9.50119641e+01 1.69127200e+01 2.03033330e+02 9.50157201e+01 1.75968700e+01 2.14512240e+02 9.50198781e+01 1.82815500e+01 2.25991860e+02 9.50244547e+01 1.89661400e+01 2.37472210e+02 9.50291299e+01 1.96497900e+01 1.93829200e+01 9.74591640e+01 8.83020000e+00 1.96019300e+01 9.66083210e+01 7.02380000e+00 3.07486600e+01 9.77136620e+01 9.82790000e+00 3.08833600e+01 9.65839180e+01 8.18710000e+00 4.21851800e+01 9.79284040e+01 1.05483000e+01 4.22959400e+01 9.66516930e+01 9.02280000e+00 5.36545400e+01 9.80626210e+01 1.12303000e+01 5.37538600e+01 9.67132040e+01 9.76200000e+00 6.51341900e+01 9.81378940e+01 1.19117000e+01 6.52262100e+01 9.67540834e+01 1.04720000e+01 7.66159800e+01 9.81825369e+01 1.25930000e+01 7.67050700e+01 9.67812685e+01 1.11689000e+01 8.80978900e+01 9.82112359e+01 1.32717300e+01 8.81840900e+01 9.67989786e+01 1.18575300e+01 9.95785400e+01 9.82297927e+01 1.39502800e+01 9.96637900e+01 9.68109210e+01 1.25422500e+01 1.11058380e+02 9.82419282e+01 1.46291900e+01 1.11142600e+02 9.68193827e+01 1.32245900e+01 1.22537400e+02 9.82495818e+01 1.53088600e+01 1.22621310e+02 9.68254419e+01 1.39058200e+01 1.34015830e+02 9.82542746e+01 1.59896300e+01 1.34099480e+02 9.68299402e+01 1.45868100e+01 1.45493810e+02 9.82570121e+01 1.66716100e+01 1.45577510e+02 9.68334185e+01 1.52681600e+01 1.56971460e+02 9.82585002e+01 1.73549400e+01 1.57055240e+02 9.68362162e+01 1.59503100e+01 1.68448950e+02 9.82592176e+01 1.80396600e+01 1.68532940e+02 9.68385658e+01 1.66335400e+01 1.79926400e+02 9.82595205e+01 1.87257400e+01 1.80010610e+02 9.68406650e+01 1.73179900e+01 1.91403990e+02 9.82596844e+01 1.94131000e+01 1.91488460e+02 9.68427123e+01 1.80036200e+01 2.02881890e+02 9.82599428e+01 2.01015500e+01 2.02966610e+02 9.68449242e+01 1.86902600e+01 2.14360400e+02 9.82604867e+01 2.07906700e+01 2.14445330e+02 9.68474945e+01 1.93774900e+01 2.25839830e+02 9.82614436e+01 2.14797300e+01 2.25924860e+02 9.68504912e+01 2.00646300e+01 2.37320430e+02 9.82628688e+01 2.21674500e+01 2.37405350e+02 9.68537531e+01 2.07505900e+01 1.98293500e+01 9.57265300e+01 5.19380000e+00 3.10187200e+01 9.54383709e+01 6.52860000e+00 4.24114700e+01 9.53612819e+01 7.48180000e+00 5.38518700e+01 9.53584420e+01 8.28800000e+00 6.53196100e+01 9.53691008e+01 9.03090000e+00 7.67933300e+01 9.53798645e+01 9.74470000e+00 8.82707500e+01 9.53870947e+01 1.04436900e+01 9.97486700e+01 9.53926049e+01 1.11347200e+01 1.11226980e+02 9.53974224e+01 1.18205800e+01 1.22705070e+02 9.54018840e+01 1.25033500e+01 1.34183150e+02 9.54061500e+01 1.31845400e+01 1.45661110e+02 9.54103089e+01 1.38651900e+01 1.57139000e+02 9.54143446e+01 1.45460900e+01 1.68616870e+02 9.54182538e+01 1.52277700e+01 1.80094790e+02 9.54220795e+01 1.59105100e+01 1.91572900e+02 9.54259482e+01 1.65943600e+01 2.03051310e+02 9.54300619e+01 1.72791500e+01 2.14530250e+02 9.54346218e+01 1.79644600e+01 2.26009880e+02 9.54396338e+01 1.86496700e+01 2.37490260e+02 9.54447154e+01 1.93338700e+01 1.95535300e+01 9.88113200e+01 7.98500000e+00 1.96943600e+01 9.75081906e+01 6.45610000e+00 3.08490600e+01 9.88914540e+01 8.76510000e+00 3.09334400e+01 9.73640940e+01 7.48290000e+00 4.22694700e+01 9.89975390e+01 9.38450000e+00 4.23464000e+01 9.73599190e+01 8.25040000e+00 5.37308300e+01 9.90716430e+01 1.00262000e+01 5.38005300e+01 9.73837156e+01 8.96100000e+00 6.52081700e+01 9.91178146e+01 1.06895000e+01 6.52739400e+01 9.74066990e+01 9.65760000e+00 7.66889600e+01 9.91472409e+01 1.13611000e+01 7.67521300e+01 9.74243730e+01 1.03474000e+01 8.81705200e+01 9.91664768e+01 1.20338900e+01 8.82316500e+01 9.74361139e+01 1.10317800e+01 9.96508700e+01 9.91792687e+01 1.27086000e+01 9.97111400e+01 9.74443366e+01 1.17137900e+01 1.11130600e+02 9.91882005e+01 1.33852700e+01 1.11190210e+02 9.74507061e+01 1.23946200e+01 1.22609500e+02 9.91944792e+01 1.40638700e+01 1.22668870e+02 9.74558406e+01 1.30751500e+01 1.34087950e+02 9.91990248e+01 1.47443600e+01 1.34147200e+02 9.74602072e+01 1.37560300e+01 1.45565930e+02 9.92024376e+01 1.54266200e+01 1.45625250e+02 9.74640830e+01 1.44376300e+01 1.57043690e+02 9.92050955e+01 1.61105600e+01 1.57103120e+02 9.74676013e+01 1.51202800e+01 1.68521260e+02 9.92072594e+01 1.67961000e+01 1.68580870e+02 9.74708543e+01 1.58041400e+01 1.79998830e+02 9.92091438e+01 1.74831500e+01 1.80058640e+02 9.74739510e+01 1.64893000e+01 1.91476470e+02 9.92109554e+01 1.81715600e+01 1.91536520e+02 9.74770467e+01 1.71757000e+01 2.02954400e+02 9.92129105e+01 1.88611400e+01 2.03014720e+02 9.74803515e+01 1.78631500e+01 2.14432860e+02 9.92152013e+01 1.95515300e+01 2.14493420e+02 9.74840651e+01 1.85512600e+01 2.25912220e+02 9.92179007e+01 2.02419200e+01 2.25972940e+02 9.74882221e+01 1.92393000e+01 2.37392760e+02 9.92208994e+01 2.09308800e+01 2.37453410e+02 9.74925386e+01 1.99261000e+01 1.98397100e+01 9.61623940e+01 4.90870000e+00 3.10212700e+01 9.58154083e+01 6.18520000e+00 4.24257800e+01 9.57059188e+01 7.10450000e+00 5.38698500e+01 9.56900052e+01 7.89190000e+00 6.53403600e+01 9.56942759e+01 8.62500000e+00 7.68149500e+01 9.57014009e+01 9.33380000e+00 8.82928300e+01 9.57062237e+01 1.00299500e+01 9.97713000e+01 9.57100856e+01 1.07193500e+01 1.11249940e+02 9.57139480e+01 1.14043800e+01 1.22728210e+02 9.57179426e+01 1.20868400e+01 1.34206490e+02 9.57220803e+01 1.27680600e+01 1.45684550e+02 9.57263414e+01 1.34489700e+01 1.57162560e+02 9.57306284e+01 1.41302700e+01 1.68640480e+02 9.57348775e+01 1.48124100e+01 1.80118470e+02 9.57390977e+01 1.54956500e+01 1.91596600e+02 9.57433991e+01 1.61800000e+01 2.03075050e+02 9.57479884e+01 1.68652900e+01 2.14554010e+02 9.57530776e+01 1.75511000e+01 2.26033680e+02 9.57586578e+01 1.82367900e+01 2.37514090e+02 9.57642672e+01 1.89214200e+01 1.97602700e+01 9.99011710e+01 6.80100000e+00 1.98083000e+01 9.82277760e+01 5.66750000e+00 3.09700700e+01 9.97427406e+01 7.42220000e+00 3.09970400e+01 9.79268149e+01 6.59530000e+00 4.23679600e+01 9.97187180e+01 7.97820000e+00 4.24065700e+01 9.78371337e+01 7.31830000e+00 5.38213400e+01 9.97298548e+01 8.60060000e+00 5.38570400e+01 9.78209628e+01 8.01290000e+00 6.52951400e+01 9.97460865e+01 9.25520000e+00 6.53304500e+01 9.78250750e+01 8.70210000e+00 7.67748800e+01 9.97597470e+01 9.92190000e+00 7.68079500e+01 9.78326972e+01 9.38780000e+00 8.82554400e+01 9.97689556e+01 1.05916800e+01 8.82874500e+01 9.78380301e+01 1.00697900e+01 9.97355000e+01 9.97754860e+01 1.12642900e+01 9.97667500e+01 9.78421764e+01 1.07502100e+01 1.11214830e+02 9.97808325e+01 1.19396700e+01 1.11245840e+02 9.78461931e+01 1.14301400e+01 1.22693690e+02 9.97854874e+01 1.26175900e+01 1.22724520e+02 9.78502436e+01 1.21102400e+01 1.34172070e+02 9.97897278e+01 1.32978200e+01 1.34202920e+02 9.78543805e+01 1.27910000e+01 1.45650150e+02 9.97937320e+01 1.39801200e+01 1.45681070e+02 9.78586101e+01 1.34727200e+01 1.57127990e+02 9.97975311e+01 1.46643000e+01 1.57159040e+02 9.78628423e+01 1.41556200e+01 1.68605730e+02 9.98011586e+01 1.53502200e+01 1.68636910e+02 9.78670230e+01 1.48398300e+01 1.80083410e+02 9.98046800e+01 1.60377200e+01 1.80114780e+02 9.78711651e+01 1.55253900e+01 1.91561180e+02 9.98082345e+01 1.67266700e+01 1.91592760e+02 9.78753822e+01 1.62122200e+01 2.03039170e+02 9.98120312e+01 1.74168700e+01 2.03071000e+02 9.78798825e+01 1.69001500e+01 2.14517650e+02 9.98162784e+01 1.81079900e+01 2.14549740e+02 9.78848813e+01 1.75887900e+01 2.25996950e+02 9.98209873e+01 1.87992100e+01 2.26029250e+02 9.78903739e+01 1.82774100e+01 2.37477430e+02 9.98258215e+01 1.94889500e+01 2.37509710e+02 9.78959158e+01 1.89647300e+01 1.98596800e+01 9.65058300e+01 4.52250000e+00 3.10291700e+01 9.60857740e+01 5.75550000e+00 4.24455000e+01 9.59378658e+01 6.64930000e+00 5.38932400e+01 9.59065577e+01 7.42270000e+00 6.53656300e+01 9.59028765e+01 8.14850000e+00 7.68411600e+01 9.59057108e+01 8.85370000e+00 8.83193400e+01 9.59076999e+01 9.54799000e+00 9.97982000e+01 9.59096681e+01 1.02362900e+01 1.11276960e+02 9.59124260e+01 1.09207800e+01 1.22755480e+02 9.59158692e+01 1.16030300e+01 1.34233860e+02 9.59198486e+01 1.22843100e+01 1.45712080e+02 9.59242188e+01 1.29654100e+01 1.57190160e+02 9.59287878e+01 1.36470000e+01 1.68668190e+02 9.59334237e+01 1.43294800e+01 1.80146230e+02 9.59380952e+01 1.50130600e+01 1.91624420e+02 9.59428942e+01 1.56977700e+01 2.03102920e+02 9.59480323e+01 1.63834000e+01 2.14581930e+02 9.59537341e+01 1.70695600e+01 2.26061630e+02 9.59599728e+01 1.77555700e+01 2.37542060e+02 9.59661934e+01 1.84404900e+01 2.05280790e+01 1.84846832e+01 5.15000000e-02 2.05575240e+01 0.00000000e+00 -1.14700000e-01 2.10155400e+01 1.85212671e+01 -1.88970000e+00 2.10390820e+01 0.00000000e+00 -2.05780000e+00 3.16582200e+01 1.84567442e+01 2.87080000e+00 3.16908500e+01 0.00000000e+00 2.68050000e+00 3.21529950e+01 1.84984028e+01 9.32800000e-01 3.21834800e+01 0.00000000e+00 7.41600000e-01 4.28123200e+01 1.84367516e+01 5.69130000e+00 4.28434100e+01 0.00000000e+00 5.49730000e+00 4.32973600e+01 1.84791982e+01 3.75050000e+00 4.33295600e+01 0.00000000e+00 3.55640000e+00 5.40066600e+01 1.84274592e+01 8.41760000e+00 5.40314100e+01 0.00000000e+00 8.23850000e+00 5.44678400e+01 1.84664307e+01 6.47100000e+00 5.44969700e+01 0.00000000e+00 6.29260000e+00 6.52579700e+01 1.84296969e+01 1.09683000e+01 6.52734100e+01 0.00000000e+00 1.08233000e+01 6.56802600e+01 1.84610135e+01 9.01330000e+00 6.57034300e+01 0.00000000e+00 8.86990000e+00 7.65897400e+01 1.84434418e+01 1.32308000e+01 7.65937700e+01 0.00000000e+00 1.31406000e+01 7.69496000e+01 1.84628086e+01 1.12645000e+01 7.69649200e+01 0.00000000e+00 1.11762000e+01 8.80137000e+01 1.84638937e+01 1.50643000e+01 8.80100100e+01 0.00000000e+00 1.50405500e+01 8.82864600e+01 1.84687975e+01 1.30845000e+01 8.82941500e+01 0.00000000e+00 1.30625900e+01 9.94883800e+01 1.84821559e+01 1.64259300e+01 9.94845600e+01 0.00000000e+00 1.64557000e+01 9.96867200e+01 1.84756320e+01 1.44365000e+01 9.96895000e+01 0.00000000e+00 1.44670900e+01 1.10972300e+02 1.84940623e+01 1.74466600e+01 1.10969170e+02 0.00000000e+00 1.75063400e+01 1.11128340e+02 1.84812468e+01 1.54533200e+01 1.11128750e+02 0.00000000e+00 1.55132600e+01 1.22460060e+02 1.85008997e+01 1.82645700e+01 1.22458390e+02 0.00000000e+00 1.83376200e+01 1.22588580e+02 1.84851974e+01 1.62692700e+01 1.22588030e+02 0.00000000e+00 1.63424000e+01 1.33947150e+02 1.85038928e+01 1.89558500e+01 1.33946600e+02 0.00000000e+00 1.90320600e+01 1.34059140e+02 1.84875078e+01 1.69594600e+01 1.34058580e+02 0.00000000e+00 1.70356500e+01 1.45433570e+02 1.85045092e+01 1.95672600e+01 1.45433930e+02 0.00000000e+00 1.96412200e+01 1.45534480e+02 1.84886060e+01 1.75701600e+01 1.45534080e+02 0.00000000e+00 1.76440500e+01 1.56918400e+02 1.85036755e+01 2.01290000e+01 1.56919470e+02 0.00000000e+00 2.01972100e+01 1.57013120e+02 1.84890054e+01 1.81314800e+01 1.57012960e+02 0.00000000e+00 1.81996100e+01 1.68401770e+02 1.85020237e+01 2.06647800e+01 1.68403370e+02 0.00000000e+00 2.07251400e+01 1.68493690e+02 1.84890416e+01 1.86670200e+01 1.68493800e+02 0.00000000e+00 1.87273000e+01 1.79883790e+02 1.85000168e+01 2.11920300e+01 1.79885770e+02 0.00000000e+00 2.12435400e+01 1.79975520e+02 1.84889400e+01 1.91941800e+01 1.79975920e+02 0.00000000e+00 1.92456200e+01 1.91364880e+02 1.84979668e+01 2.17226200e+01 1.91367110e+02 0.00000000e+00 2.17651200e+01 1.91457950e+02 1.84888339e+01 1.97247900e+01 1.91458640e+02 0.00000000e+00 1.97672200e+01 2.02845270e+02 1.84960698e+01 2.22638500e+01 2.02847680e+02 0.00000000e+00 2.22977200e+01 2.02940660e+02 1.84887968e+01 2.02661100e+01 2.02941630e+02 0.00000000e+00 2.02999100e+01 2.14325290e+02 1.84944388e+01 2.28194500e+01 2.14327830e+02 0.00000000e+00 2.28454300e+01 2.14423340e+02 1.84888673e+01 2.08218400e+01 2.14424580e+02 0.00000000e+00 2.08477600e+01 2.25805160e+02 1.84931291e+01 2.33905300e+01 2.25807790e+02 0.00000000e+00 2.34095100e+01 2.25905900e+02 1.84890714e+01 2.13930800e+01 2.25907390e+02 0.00000000e+00 2.14120100e+01 2.37285090e+02 1.84921880e+01 2.39763400e+01 2.37287820e+02 0.00000000e+00 2.39891900e+01 2.37388230e+02 1.84894414e+01 2.19790400e+01 2.37389960e+02 0.00000000e+00 2.19918500e+01 2.14995279e+01 1.85577368e+01 -3.82600000e+00 2.15172693e+01 0.00000000e+00 -3.99600000e+00 3.26483010e+01 1.85399755e+01 -1.00340000e+00 3.26766750e+01 0.00000000e+00 -1.19560000e+00 4.37813330e+01 1.85216198e+01 1.81030000e+00 4.38147410e+01 0.00000000e+00 1.61610000e+00 5.49294700e+01 1.85053951e+01 4.52410000e+00 5.49627800e+01 0.00000000e+00 4.34660000e+00 6.61031400e+01 1.84923432e+01 7.05560000e+00 6.61340800e+01 0.00000000e+00 6.91390000e+00 7.73107700e+01 1.84821607e+01 9.29090000e+00 7.73372500e+01 0.00000000e+00 9.20580000e+00 8.85609200e+01 1.84737672e+01 1.10921300e+01 8.85799700e+01 0.00000000e+00 1.10717000e+01 9.98860300e+01 1.84690782e+01 1.24415400e+01 9.98956500e+01 0.00000000e+00 1.24725900e+01 1.11284210e+02 1.84683836e+01 1.34561400e+01 1.11288100e+02 0.00000000e+00 1.35160500e+01 1.22717530e+02 1.84694631e+01 1.42717500e+01 1.22718120e+02 0.00000000e+00 1.43447500e+01 1.34171080e+02 1.84711064e+01 1.49613400e+01 1.34170490e+02 0.00000000e+00 1.50374100e+01 1.45635580e+02 1.84726883e+01 1.55717300e+01 1.45634440e+02 0.00000000e+00 1.56454600e+01 1.57107810e+02 1.84743256e+01 1.61329900e+01 1.57106430e+02 0.00000000e+00 1.62009600e+01 1.68585700e+02 1.84760535e+01 1.66686000e+01 1.68584330e+02 0.00000000e+00 1.67287400e+01 1.80067230e+02 1.84778598e+01 1.71959200e+01 1.80066060e+02 0.00000000e+00 1.72472200e+01 1.91551070e+02 1.84796993e+01 1.77267200e+01 1.91550210e+02 0.00000000e+00 1.77690300e+01 2.03036040e+02 1.84815231e+01 1.82682600e+01 2.03035570e+02 0.00000000e+00 1.83019600e+01 2.14521410e+02 1.84832953e+01 1.88242100e+01 2.14521360e+02 0.00000000e+00 1.88500400e+01 2.26006630e+02 1.84850133e+01 1.93956500e+01 2.26006990e+02 0.00000000e+00 1.94145100e+01 2.37491380e+02 1.84866942e+01 1.99818000e+01 2.37492130e+02 0.00000000e+00 1.99945500e+01 2.04525200e+01 3.39309058e+01 4.81200000e-01 2.09538390e+01 3.40073085e+01 -1.45510000e+00 3.15766500e+01 3.38754315e+01 3.35490000e+00 3.20755130e+01 3.39604940e+01 1.41920000e+00 4.27365800e+01 3.38397320e+01 6.17650000e+00 4.32173000e+01 3.39240558e+01 4.23560000e+00 5.39475900e+01 3.38284910e+01 8.85540000e+00 5.43958600e+01 3.39033773e+01 6.90660000e+00 6.52231100e+01 3.38410396e+01 1.13104000e+01 6.56244900e+01 3.38981514e+01 9.35160000e+00 7.65820500e+01 3.38724547e+01 1.34309000e+01 7.69134100e+01 3.39043291e+01 1.14596000e+01 8.80215000e+01 3.39115090e+01 1.51043500e+01 8.82681800e+01 3.39164431e+01 1.31205600e+01 9.94957100e+01 3.39412361e+01 1.63477600e+01 9.96800600e+01 3.39275684e+01 1.43567200e+01 1.10977980e+02 3.39603173e+01 1.73061200e+01 1.11126790e+02 3.39370401e+01 1.53122400e+01 1.22462840e+02 3.39709139e+01 1.80970100e+01 1.22589220e+02 3.39435612e+01 1.61015700e+01 1.33947690e+02 3.39754311e+01 1.87825700e+01 1.34059890e+02 3.39472528e+01 1.67862000e+01 1.45432190e+02 3.39762060e+01 1.93999100e+01 1.45534950e+02 3.39490707e+01 1.74029200e+01 1.56915500e+02 3.39746150e+01 1.99753500e+01 1.57013110e+02 3.39497686e+01 1.79779800e+01 1.68397740e+02 3.39717051e+01 2.05294700e+01 1.68493110e+02 3.39498906e+01 1.85318800e+01 1.79878970e+02 3.39682495e+01 2.10771700e+01 1.79974310e+02 3.39497956e+01 1.90794900e+01 1.91359500e+02 3.39647654e+01 2.16284400e+01 1.91456100e+02 3.39496974e+01 1.96307700e+01 2.02839520e+02 3.39615751e+01 2.21893300e+01 2.02938180e+02 3.39497156e+01 2.01917300e+01 2.14319280e+02 3.39588587e+01 2.27628200e+01 2.14420260e+02 3.39499134e+01 2.07653400e+01 2.25798950e+02 3.39567010e+01 2.33497300e+01 2.25902240e+02 3.39503330e+01 2.13523900e+01 2.37278680e+02 3.39551598e+01 2.39493400e+01 2.37384050e+02 3.39510252e+01 2.19521400e+01 2.14516371e+01 3.40834780e+01 -3.38650000e+00 3.25747890e+01 3.40453690e+01 -5.14700000e-01 4.36967830e+01 3.40082214e+01 2.29520000e+00 5.48449100e+01 3.39782125e+01 4.95710000e+00 6.60264500e+01 3.39553030e+01 7.38920000e+00 7.72462900e+01 3.39362125e+01 9.47850000e+00 8.85165500e+01 3.39215235e+01 1.11257700e+01 9.98648900e+01 3.39138327e+01 1.23610500e+01 1.11275580e+02 3.39137240e+01 1.33153000e+01 1.22715910e+02 3.39161916e+01 1.41043300e+01 1.34172040e+02 3.39190604e+01 1.47883700e+01 1.45637880e+02 3.39219264e+01 1.54048600e+01 1.57110710e+02 3.39249178e+01 1.59798600e+01 1.68588560e+02 3.39280749e+01 1.65338000e+01 1.80069650e+02 3.39313423e+01 1.70815300e+01 1.91552750e+02 3.39346308e+01 1.76329700e+01 2.03036830e+02 3.39378577e+01 1.81941100e+01 2.14521250e+02 3.39409696e+01 1.87679000e+01 2.26005540e+02 3.39439659e+01 1.93551300e+01 2.37489420e+02 3.39468907e+01 1.99550300e+01 2.03431800e+01 4.68271969e+01 1.12030000e+00 2.08615130e+01 4.69513770e+01 -8.08700000e-01 3.14608200e+01 4.67422800e+01 4.05540000e+00 3.19628100e+01 4.68763364e+01 2.12250000e+00 4.26344200e+01 4.66984270e+01 6.85850000e+00 4.31043400e+01 4.68269755e+01 4.91660000e+00 5.38719500e+01 4.66982140e+01 9.44490000e+00 5.42975800e+01 4.68065593e+01 7.49240000e+00 6.51822200e+01 4.67311710e+01 1.17416000e+01 6.55506300e+01 4.68072533e+01 9.77710000e+00 7.65742500e+01 4.67842347e+01 1.36539000e+01 7.68665600e+01 4.68207934e+01 1.16763000e+01 8.80279900e+01 4.68362215e+01 1.51255700e+01 8.82449900e+01 4.68374362e+01 1.31377400e+01 9.95019400e+01 4.68713178e+01 1.62380800e+01 9.96712900e+01 4.68514410e+01 1.42455400e+01 1.10982300e+02 4.68932703e+01 1.71315200e+01 1.11123870e+02 4.68629416e+01 1.51370700e+01 1.22464340e+02 4.69052765e+01 1.78955000e+01 1.22588630e+02 4.68707291e+01 1.58998700e+01 1.33946940e+02 4.69103149e+01 1.85763200e+01 1.34059640e+02 4.68750797e+01 1.65799400e+01 1.45429380e+02 4.69108989e+01 1.92023000e+01 1.45534620e+02 4.68772786e+01 1.72054000e+01 1.56911090e+02 4.69086796e+01 1.97953900e+01 1.57012330e+02 4.68781914e+01 1.77981600e+01 1.68392090e+02 4.69049354e+01 2.03723400e+01 1.68491730e+02 4.68784416e+01 1.83749200e+01 1.79872450e+02 4.69005977e+01 2.09450300e+01 1.79972200e+02 4.68784415e+01 1.89475300e+01 1.91352390e+02 4.68962887e+01 2.15212700e+01 1.91453240e+02 4.68784416e+01 1.95237800e+01 2.02832020e+02 4.68923959e+01 2.21056600e+01 2.02934580e+02 4.68785874e+01 2.01082300e+01 2.14311530e+02 4.68891303e+01 2.27003900e+01 2.14415970e+02 4.68789577e+01 2.07030600e+01 2.25791000e+02 4.68865837e+01 2.33059800e+01 2.25897310e+02 4.68796015e+01 2.13087700e+01 2.37270550e+02 4.68848023e+01 2.39217800e+01 2.37378520e+02 4.68805729e+01 2.19246900e+01 2.13767270e+01 4.70748390e+01 -2.73300000e+00 3.24644190e+01 4.70100880e+01 1.91400000e-01 4.35735510e+01 4.69553396e+01 2.97520000e+00 5.47240600e+01 4.69148634e+01 5.53820000e+00 6.59199000e+01 4.68834445e+01 7.80640000e+00 7.71604800e+01 4.68575332e+01 9.68730000e+00 8.84633300e+01 4.68389019e+01 1.11417300e+01 9.98407500e+01 4.68314572e+01 1.22495100e+01 1.11265550e+02 4.68325691e+01 1.31404900e+01 1.22713090e+02 4.68361661e+01 1.39028800e+01 1.34172360e+02 4.68398244e+01 1.45824800e+01 1.45639960e+02 4.68436459e+01 1.52077700e+01 1.57113580e+02 4.68476956e+01 1.58004600e+01 1.68591400e+02 4.68519440e+01 1.63772400e+01 1.80071930e+02 4.68562839e+01 1.69499300e+01 1.91554120e+02 4.68605942e+01 1.75262900e+01 2.03037120e+02 4.68647790e+01 1.81108700e+01 2.14520410e+02 4.68687851e+01 1.87058400e+01 2.26003610e+02 4.68726186e+01 1.93117000e+01 2.37486490e+02 4.68763422e+01 1.99277400e+01 2.02096200e+01 5.75799882e+01 1.93900000e+00 2.07449160e+01 5.77619860e+01 1.86000000e-02 3.13229100e+01 5.74655940e+01 4.92430000e+00 3.18237000e+01 5.76563032e+01 2.99430000e+00 4.25180300e+01 5.74291110e+01 7.66930000e+00 4.29671500e+01 5.76031394e+01 5.72530000e+00 5.37919500e+01 5.74554740e+01 1.01037000e+01 5.41837900e+01 5.75917905e+01 8.14590000e+00 6.51439400e+01 5.75169270e+01 1.21817000e+01 6.54695700e+01 5.76034258e+01 1.02102000e+01 7.65676600e+01 5.75898167e+01 1.38488000e+01 7.68181600e+01 5.76249595e+01 1.18652000e+01 8.80308600e+01 5.76474302e+01 1.51207100e+01 8.82215000e+01 5.76444746e+01 1.31299000e+01 9.95053600e+01 5.76842690e+01 1.61182800e+01 9.96616200e+01 5.76604907e+01 1.41246500e+01 1.10983800e+02 5.77066917e+01 1.69566000e+01 1.11119400e+02 5.76728377e+01 1.49616000e+01 1.22463680e+02 5.77188165e+01 1.76982400e+01 1.22586210e+02 5.76809383e+01 1.57024000e+01 1.33944480e+02 5.77238188e+01 1.83762400e+01 1.34057980e+02 5.76855367e+01 1.63798100e+01 1.45425190e+02 5.77240880e+01 1.90124100e+01 1.45533140e+02 5.76879229e+01 1.70155700e+01 1.56905530e+02 5.77214454e+01 1.96241600e+01 1.57010540e+02 5.76889991e+01 1.76270500e+01 1.68385470e+02 5.77172626e+01 2.02244100e+01 1.68489400e+02 5.76893939e+01 1.82271300e+01 1.79865080e+02 5.77125167e+01 2.08221100e+01 1.79969190e+02 5.76895243e+01 1.88247800e+01 1.91344490e+02 5.77078653e+01 2.14230200e+01 1.91449520e+02 5.76896549e+01 1.94256900e+01 2.02823800e+02 5.77037214e+01 2.20303900e+01 2.02930150e+02 5.76899489e+01 2.00331100e+01 2.14303120e+02 5.77003096e+01 2.26457100e+01 2.14410900e+02 5.76904988e+01 2.06485300e+01 2.25782470e+02 5.76977159e+01 2.32692900e+01 2.25891670e+02 5.76913555e+01 2.12722100e+01 2.37261920e+02 5.76959584e+01 2.39006100e+01 2.37372380e+02 5.76925641e+01 2.19036300e+01 2.12780400e+01 5.79429510e+01 -1.89650000e+00 3.23230000e+01 5.78463440e+01 1.06590000e+00 4.34166400e+01 5.77767360e+01 3.78070000e+00 5.45764900e+01 5.77281185e+01 6.18430000e+00 6.57964500e+01 5.76902126e+01 8.22990000e+00 7.70701200e+01 5.76604808e+01 9.87090000e+00 8.84129200e+01 5.76417043e+01 1.11339200e+01 9.98178200e+01 5.76366672e+01 1.21284900e+01 1.11255210e+02 5.76389807e+01 1.29652300e+01 1.22708770e+02 5.76430646e+01 1.37056100e+01 1.34171560e+02 5.76472609e+01 1.43827200e+01 1.45641120e+02 5.76517667e+01 1.50183300e+01 1.57115560e+02 5.76565627e+01 1.56297400e+01 1.68593340e+02 5.76615348e+01 1.62298300e+01 1.80073300e+02 5.76665405e+01 1.68275100e+01 1.91554550e+02 5.76714517e+01 1.74284900e+01 2.03036490e+02 5.76761821e+01 1.80360100e+01 2.14518690e+02 5.76806925e+01 1.86515300e+01 2.26000860e+02 5.76849985e+01 1.92753200e+01 2.37482830e+02 5.76891722e+01 1.99068400e+01 2.00581300e+01 6.65216040e+01 2.91790000e+00 2.06085510e+01 6.67759337e+01 1.00670000e+00 3.11732900e+01 6.63926270e+01 5.92160000e+00 3.16631700e+01 6.66473806e+01 3.99380000e+00 4.24019600e+01 6.63863400e+01 8.54540000e+00 4.28168700e+01 6.66022270e+01 6.59730000e+00 5.37201000e+01 6.64524840e+01 1.07605000e+01 5.40679400e+01 6.66073160e+01 8.79610000e+00 6.51139500e+01 6.65445370e+01 1.25775000e+01 6.53925100e+01 6.66330064e+01 1.05992000e+01 7.65617400e+01 6.66309040e+01 1.39983000e+01 7.67745900e+01 6.66616971e+01 1.20101000e+01 8.80304800e+01 6.66888695e+01 1.50998000e+01 8.82001900e+01 6.66831657e+01 1.31069300e+01 9.95051700e+01 6.67255379e+01 1.60062400e+01 9.96509400e+01 6.67005182e+01 1.40116900e+01 1.10982460e+02 6.67474285e+01 1.68007800e+01 1.11113350e+02 6.67130210e+01 1.48053000e+01 1.22461100e+02 6.67590980e+01 1.75249600e+01 1.22582290e+02 6.67209524e+01 1.55288900e+01 1.33940560e+02 6.67638036e+01 1.82020100e+01 1.34055080e+02 6.67255929e+01 1.62054900e+01 1.45420020e+02 6.67638240e+01 1.88486800e+01 1.45530580e+02 6.67280782e+01 1.68518400e+01 1.56899330e+02 6.67610104e+01 1.94780500e+01 1.57007830e+02 6.67292828e+01 1.74810100e+01 1.68378440e+02 6.67567296e+01 2.00996300e+01 1.68486260e+02 6.67298084e+01 1.81024700e+01 1.79857440e+02 6.67519379e+01 2.07198500e+01 1.79965460e+02 6.67300583e+01 1.87226500e+01 1.91336430e+02 6.67472849e+01 2.13427200e+01 1.91445160e+02 6.67303032e+01 1.93455300e+01 2.02815510e+02 6.67431884e+01 2.19704000e+01 2.02925190e+02 6.67307233e+01 1.99732600e+01 2.14294710e+02 6.67398817e+01 2.26038000e+01 2.14405420e+02 6.67314276e+01 2.06067400e+01 2.25774040e+02 6.67374483e+01 2.32430600e+01 2.25885750e+02 6.67324684e+01 2.12461000e+01 2.37253490e+02 6.67358781e+01 2.38878500e+01 2.37366100e+02 6.67338726e+01 2.18909700e+01 2.11569500e+01 6.70281140e+01 -8.97200000e-01 3.21511690e+01 6.69007450e+01 2.06630000e+00 4.32333400e+01 6.68179040e+01 4.64660000e+00 5.44168000e+01 6.67624768e+01 6.82540000e+00 6.56724700e+01 6.67219759e+01 8.61060000e+00 7.69885600e+01 6.66930468e+01 1.00137000e+01 8.83702200e+01 6.66774781e+01 1.11110600e+01 9.97966300e+01 6.66754514e+01 1.20155400e+01 1.11244440e+02 6.66786187e+01 1.28090700e+01 1.22703450e+02 6.66827990e+01 1.35323000e+01 1.34169670e+02 6.66873778e+01 1.42087200e+01 1.45641130e+02 6.66923290e+01 1.48549500e+01 1.57116340e+02 6.66975533e+01 1.54840400e+01 1.68594080e+02 6.67028858e+01 1.61054700e+01 1.80073480e+02 6.67081776e+01 1.67256700e+01 1.91553880e+02 6.67133204e+01 1.73485900e+01 2.03034870e+02 6.67182569e+01 1.79763800e+01 2.14516120e+02 6.67229720e+01 1.86099300e+01 2.25997450e+02 6.67274865e+01 1.92493700e+01 2.37478710e+02 6.67318646e+01 1.98943200e+01 1.98940700e+01 7.39339910e+01 4.03820000e+00 2.04523700e+01 7.42761395e+01 2.13790000e+00 3.10242700e+01 7.38239810e+01 6.99720000e+00 3.14855200e+01 7.41426410e+01 5.07010000e+00 4.22987900e+01 7.38704550e+01 9.41580000e+00 4.26666800e+01 7.41167630e+01 7.46240000e+00 5.36639200e+01 7.39833680e+01 1.13592000e+01 5.39623200e+01 7.41451980e+01 9.38810000e+00 6.50925800e+01 7.41013140e+01 1.29040000e+01 6.53260600e+01 7.41853909e+01 1.09200000e+01 7.65549500e+01 7.41933091e+01 1.41058000e+01 7.67377100e+01 7.42194471e+01 1.21144000e+01 8.80267900e+01 7.42493411e+01 1.50744900e+01 8.81808000e+01 7.42426474e+01 1.30802800e+01 9.95020900e+01 7.42847805e+01 1.59116100e+01 9.96396400e+01 7.42605693e+01 1.39163600e+01 1.10979040e+02 7.43057567e+01 1.66722100e+01 1.11106320e+02 7.42729350e+01 1.46763400e+01 1.22457130e+02 7.43168255e+01 1.73831300e+01 1.22577370e+02 7.42806275e+01 1.53868300e+01 1.33935720e+02 7.43211945e+01 1.80605800e+01 1.34051310e+02 7.42852209e+01 1.60639500e+01 1.45414360e+02 7.43211187e+01 1.87170000e+01 1.45527240e+02 7.42877664e+01 1.67201500e+01 1.56892950e+02 7.43183776e+01 1.93617500e+01 1.57004450e+02 7.42890724e+01 1.73647400e+01 1.68371460e+02 7.43142664e+01 2.00014700e+01 1.68482560e+02 7.42897019e+01 1.80044000e+01 1.79849990e+02 7.43096844e+01 2.06406200e+01 1.79961280e+02 7.42900412e+01 1.86435200e+01 1.91328650e+02 7.43052490e+01 2.12818200e+01 1.91440450e+02 7.42903650e+01 1.92847400e+01 2.02807530e+02 7.43013709e+01 2.19263700e+01 2.02919980e+02 7.42908712e+01 1.99293500e+01 2.14286670e+02 7.42982945e+01 2.25747600e+01 2.14399800e+02 7.42916892e+01 2.05778100e+01 2.25766050e+02 7.42961119e+01 2.32269900e+01 2.25879840e+02 7.42928755e+01 2.12301300e+01 2.37245610e+02 7.42947990e+01 2.38828600e+01 2.37359990e+02 7.42944352e+01 2.18860700e+01 2.10086830e+01 7.46149410e+01 2.46200000e-01 3.19464300e+01 7.44599700e+01 3.13990000e+00 4.30368100e+01 7.43633939e+01 5.50360000e+00 5.42619700e+01 7.43076007e+01 7.40810000e+00 6.55607100e+01 7.42701035e+01 8.92590000e+00 7.69212800e+01 7.42461094e+01 1.01179000e+01 8.83348200e+01 7.42359191e+01 1.10841300e+01 9.97772400e+01 7.42364016e+01 1.19203100e+01 1.11233680e+02 7.42401712e+01 1.26801500e+01 1.22697580e+02 7.42444729e+01 1.33904300e+01 1.34166920e+02 7.42492903e+01 1.40674400e+01 1.45640080e+02 7.42544519e+01 1.47235300e+01 1.57115950e+02 7.42597990e+01 1.53680500e+01 1.68593640e+02 7.42651632e+01 1.60076600e+01 1.80072560e+02 7.42704180e+01 1.66467800e+01 1.91552240e+02 7.42754962e+01 1.72880100e+01 2.03032420e+02 7.42803832e+01 1.79326500e+01 2.14512920e+02 7.42850935e+01 1.85811600e+01 2.25993610e+02 7.42896476e+01 1.92335400e+01 2.37474360e+02 7.42940794e+01 1.98895400e+01 1.97216900e+01 8.00651630e+01 5.26960000e+00 2.02689200e+01 8.05059903e+01 3.38110000e+00 3.08889500e+01 8.00180630e+01 8.08160000e+00 3.13012100e+01 8.03886630e+01 6.15290000e+00 4.22166900e+01 8.01338170e+01 1.02160000e+01 4.25300500e+01 8.03938220e+01 8.25630000e+00 5.36237000e+01 8.02916640e+01 1.18657000e+01 5.38730500e+01 8.04492890e+01 9.88860000e+00 6.50771800e+01 8.04265750e+01 1.31569000e+01 6.52722400e+01 8.05021756e+01 1.11688000e+01 7.65471500e+01 8.05175022e+01 1.41819000e+01 7.67077000e+01 8.05399730e+01 1.21885000e+01 8.80211100e+01 8.05709446e+01 1.50519600e+01 8.81633900e+01 8.05646358e+01 1.30568600e+01 9.94971800e+01 8.06045757e+01 1.58373500e+01 9.96285100e+01 8.05827207e+01 1.38415400e+01 1.10974360e+02 8.06244732e+01 1.65720200e+01 1.11098820e+02 8.05948016e+01 1.45757900e+01 1.22452340e+02 8.06349897e+01 1.72730700e+01 1.22571960e+02 8.06023378e+01 1.52765400e+01 1.33930480e+02 8.06391300e+01 1.79516300e+01 1.34047030e+02 8.06068762e+01 1.59548800e+01 1.45408640e+02 8.06391430e+01 1.86164000e+01 1.45523430e+02 8.06094580e+01 1.66195000e+01 1.56886760e+02 8.06366866e+01 1.92737200e+01 1.57000690e+02 8.06108351e+01 1.72767300e+01 1.68364840e+02 8.06329474e+01 1.99280500e+01 1.68478570e+02 8.06115325e+01 1.79310300e+01 1.79843010e+02 8.06287525e+01 2.05823100e+01 1.79956900e+02 8.06119229e+01 1.85852900e+01 1.91321380e+02 8.06246724e+01 2.12381100e+01 1.91435640e+02 8.06122839e+01 1.92411300e+01 2.02800100e+02 8.06211021e+01 2.18961500e+01 2.02914770e+02 8.06128309e+01 1.98992300e+01 2.14279200e+02 8.06182969e+01 2.25565600e+01 2.14394280e+02 8.06137155e+01 2.05597100e+01 2.25758670e+02 8.06163713e+01 2.32192200e+01 2.25874120e+02 8.06150034e+01 2.12224400e+01 2.37238430e+02 8.06153110e+01 2.38839800e+01 2.37354220e+02 8.06166784e+01 2.18872700e+01 2.08170340e+01 8.09417020e+01 1.49990000e+00 3.17149400e+01 8.07592350e+01 4.21580000e+00 4.28458600e+01 8.06551059e+01 6.28860000e+00 5.41238000e+01 8.06080214e+01 7.90060000e+00 6.54681600e+01 8.05786568e+01 9.17230000e+00 7.68685800e+01 8.05627208e+01 1.01921000e+01 8.83055600e+01 8.05582798e+01 1.10606400e+01 9.97599300e+01 8.05608689e+01 1.18455400e+01 1.11223260e+02 8.05651103e+01 1.25796700e+01 1.22691580e+02 8.05696640e+01 1.32803200e+01 1.34163580e+02 8.05745980e+01 1.39585700e+01 1.45638180e+02 8.05797490e+01 1.46231000e+01 1.57114600e+02 8.05849612e+01 1.52802500e+01 1.68592260e+02 8.05900972e+01 1.59344900e+01 1.80070780e+02 8.05950752e+01 1.65887200e+01 1.91549880e+02 8.05998797e+01 1.72445500e+01 2.03029420e+02 8.06045461e+01 1.79026700e+01 2.14509340e+02 8.06091223e+01 1.85631800e+01 2.25989560e+02 8.06136250e+01 1.92259600e+01 2.37470000e+02 8.06180356e+01 1.98908300e+01 1.95536000e+01 8.51339300e+01 6.56400000e+00 2.00582900e+01 8.56725150e+01 4.68480000e+00 3.07767300e+01 8.51937620e+01 9.10030000e+00 3.11242600e+01 8.55952640e+01 7.16740000e+00 4.21570500e+01 8.53838650e+01 1.09026000e+01 4.24154300e+01 8.56414580e+01 8.93690000e+00 5.35964600e+01 8.55784900e+01 1.22680000e+01 5.38018700e+01 8.57235010e+01 1.02864000e+01 6.50645400e+01 8.57200600e+01 1.33439000e+01 6.52299800e+01 8.57856617e+01 1.13531000e+01 7.65385200e+01 8.58059069e+01 1.42369000e+01 7.66831400e+01 8.58258550e+01 1.22421000e+01 8.80142800e+01 8.58565339e+01 1.50354000e+01 8.81477500e+01 8.58516126e+01 1.30396400e+01 9.94913400e+01 8.58882497e+01 1.57825700e+01 9.96181100e+01 8.58696624e+01 1.37863500e+01 1.10969180e+02 8.59071053e+01 1.64977000e+01 1.11091440e+02 8.58814661e+01 1.45011800e+01 1.22447200e+02 8.59171762e+01 1.71914900e+01 1.22566460e+02 8.58889167e+01 1.51947700e+01 1.33925240e+02 8.59212619e+01 1.78712900e+01 1.34042570e+02 8.58934254e+01 1.58744300e+01 1.45403160e+02 8.59215314e+01 1.85426700e+01 1.45519440e+02 8.58960396e+01 1.65457300e+01 1.56880990e+02 8.59195080e+01 1.92097200e+01 1.56996790e+02 8.58974711e+01 1.72127400e+01 1.68358780e+02 8.59162675e+01 1.98752700e+01 1.68474510e+02 8.58982159e+01 1.78782900e+01 1.79836660e+02 8.59125603e+01 2.05411100e+01 1.79952550e+02 8.58986359e+01 1.85441500e+01 1.91314790e+02 8.59089052e+01 2.12081500e+01 1.91430940e+02 8.58990097e+01 1.92112500e+01 2.02793330e+02 8.59056732e+01 2.18766800e+01 2.02909730e+02 8.58995662e+01 1.98798400e+01 2.14272370e+02 8.59031254e+01 2.25465600e+01 2.14388990e+02 8.59004783e+01 2.05497900e+01 2.25751950e+02 8.59014073e+01 2.32175400e+01 2.25868730e+02 8.59018256e+01 2.12208400e+01 2.37231970e+02 8.59005407e+01 2.38893900e+01 2.37348880e+02 8.59035762e+01 2.18927400e+01 2.05679360e+01 8.62058770e+01 2.80850000e+00 3.14736400e+01 8.59982590e+01 5.22090000e+00 4.26766400e+01 8.59002963e+01 6.96000000e+00 5.40081600e+01 8.58693781e+01 8.29270000e+00 6.53961600e+01 8.58518408e+01 9.35600000e+00 7.68276700e+01 8.58459067e+01 1.02455000e+01 8.82812600e+01 8.58467786e+01 1.10435300e+01 9.97448100e+01 8.58512451e+01 1.17903700e+01 1.11213700e+02 8.58559807e+01 1.25051500e+01 1.22685650e+02 8.58608097e+01 1.31987000e+01 1.34159880e+02 8.58657268e+01 1.38782800e+01 1.45635660e+02 8.58706673e+01 1.45495000e+01 1.57112550e+02 8.58755343e+01 1.52164300e+01 1.68590200e+02 8.58802452e+01 1.58819100e+01 1.80068420e+02 8.58847750e+01 1.65477300e+01 1.91547060e+02 8.58891629e+01 1.72148000e+01 2.03026120e+02 8.58934974e+01 1.78834000e+01 2.14505600e+02 8.58978637e+01 1.85533700e+01 2.25985510e+02 8.59022753e+01 1.92244600e+01 2.37465780e+02 8.59066435e+01 1.98964000e+01 1.94036000e+01 8.93350960e+01 7.84940000e+00 1.98282400e+01 8.99545090e+01 5.97510000e+00 3.06920000e+01 8.95318520e+01 9.99550000e+00 3.09691900e+01 8.99380500e+01 8.05610000e+00 4.21182500e+01 8.97923730e+01 1.14586000e+01 4.23257000e+01 9.00316230e+01 9.48770000e+00 5.35774700e+01 9.00110890e+01 1.25701000e+01 5.37466900e+01 9.01361880e+01 1.05851000e+01 6.50524400e+01 9.01487870e+01 1.34783000e+01 6.51967400e+01 9.02042731e+01 1.14854000e+01 7.65293300e+01 9.02275856e+01 1.42779000e+01 7.66628000e+01 9.02461017e+01 1.22824000e+01 8.80069800e+01 9.02754150e+01 1.50256100e+01 8.81340000e+01 9.02728469e+01 1.30293900e+01 9.94852900e+01 9.03052547e+01 1.57447300e+01 9.96087000e+01 9.02908033e+01 1.37481700e+01 1.10963850e+02 9.03232044e+01 1.64452700e+01 1.11084440e+02 9.03025037e+01 1.44484800e+01 1.22442100e+02 9.03329509e+01 1.71336800e+01 1.22561130e+02 9.03098898e+01 1.51367800e+01 1.33920240e+02 9.03371727e+01 1.78144100e+01 1.34038140e+02 9.03143853e+01 1.58174300e+01 1.45398060e+02 9.03378524e+01 1.84906600e+01 1.45515470e+02 9.03170108e+01 1.64936600e+01 1.56875750e+02 9.03363831e+01 1.91648700e+01 1.56992930e+02 9.03184601e+01 1.71678700e+01 1.68353330e+02 9.03337382e+01 1.98386600e+01 1.68470570e+02 9.03192143e+01 1.78417000e+01 1.79831000e+02 9.03305925e+01 2.05130600e+01 1.79948390e+02 9.03196275e+01 1.85161500e+01 1.91308900e+02 9.03274134e+01 2.11885200e+01 1.91426500e+02 9.03199797e+01 1.91916800e+01 2.02787240e+02 9.03245379e+01 2.18650400e+01 2.02905010e+02 9.03205097e+01 1.98682700e+01 2.14266190e+02 9.03222200e+01 2.25423200e+01 2.14384060e+02 9.03214085e+01 2.05456200e+01 2.25745850e+02 9.03206367e+01 2.32199600e+01 2.25863730e+02 9.03227720e+01 2.12233200e+01 2.37226180e+02 9.03198733e+01 2.38975300e+01 2.37344010e+02 9.03245587e+01 2.19009300e+01 2.02633600e+01 9.05729490e+01 4.09620000e+00 3.12463600e+01 9.03487313e+01 6.09950000e+00 4.25379800e+01 9.02756453e+01 7.50140000e+00 5.39157000e+01 9.02639196e+01 8.58830000e+00 6.53422800e+01 9.02608086e+01 9.48800000e+00 7.67957200e+01 9.02646773e+01 1.02859000e+01 8.82614100e+01 9.02701925e+01 1.10333900e+01 9.97318700e+01 9.02761706e+01 1.17522600e+01 1.11205170e+02 9.02815702e+01 1.24526100e+01 1.22680030e+02 9.02865861e+01 1.31408900e+01 1.34156070e+02 9.02913652e+01 1.38214600e+01 1.45632800e+02 9.02959570e+01 1.44976000e+01 1.57110110e+02 9.03003521e+01 1.51717100e+01 1.68587770e+02 9.03045337e+01 1.58454700e+01 1.80065770e+02 9.03085335e+01 1.65198600e+01 1.91544080e+02 9.03124413e+01 1.71953400e+01 2.03022770e+02 9.03163962e+01 1.78719200e+01 2.14501920e+02 9.03205239e+01 1.85492800e+01 2.25981620e+02 9.03248401e+01 1.92270200e+01 2.37461830e+02 9.03291787e+01 1.99046700e+01 2.14297919e+01 9.67088430e+01 -2.97294000e+01 2.15718243e+01 9.63121110e+01 -3.28670000e+01 2.15043924e+01 9.86929000e+01 -2.99802000e+01 2.16126330e+01 9.82947910e+01 -3.31146000e+01 3.29284773e+01 9.63958450e+01 -2.91697000e+01 3.30903248e+01 9.61707740e+01 -3.23130000e+01 3.29805826e+01 9.83914730e+01 -2.93057000e+01 3.31212060e+01 9.81646800e+01 -3.24616000e+01 4.44265009e+01 9.62163360e+01 -2.84735000e+01 4.45976885e+01 9.60890704e+01 -3.16200000e+01 4.44500420e+01 9.82165900e+01 -2.85472000e+01 4.46128110e+01 9.80882175e+01 -3.17087000e+01 5.59093125e+01 9.61317410e+01 -2.77674000e+01 5.60850851e+01 9.60498291e+01 -3.09173000e+01 5.59222557e+01 9.81330600e+01 -2.78129000e+01 5.60945060e+01 9.80506188e+01 -3.09757000e+01 6.73881780e+01 9.60818234e+01 -2.70832000e+01 6.75667238e+01 9.60244911e+01 -3.02348000e+01 6.73969370e+01 9.80829034e+01 -2.71142000e+01 6.75734375e+01 9.80252935e+01 -3.02765000e+01 7.88674850e+01 9.60463462e+01 -2.64059000e+01 7.90476512e+01 9.60048003e+01 -2.95595000e+01 7.88739320e+01 9.80471853e+01 -2.64281000e+01 7.90527311e+01 9.80053212e+01 -2.95903000e+01 9.03480530e+01 9.60211197e+01 -2.57288200e+01 9.05289699e+01 9.59910022e+01 -2.88837800e+01 9.03524300e+01 9.80218316e+01 -2.57448300e+01 9.05327663e+01 9.79913634e+01 -2.89066900e+01 1.01829630e+02 9.60045730e+01 -2.50515100e+01 1.02011078e+02 9.59825514e+01 -2.82075000e+01 1.01832436e+02 9.80051368e+01 -2.50630200e+01 1.02013697e+02 9.79828200e+01 -2.82246900e+01 1.13311758e+02 9.59944696e+01 -2.43734200e+01 1.13493701e+02 9.59783267e+01 -2.75301600e+01 1.13313459e+02 9.79949119e+01 -2.43816200e+01 1.13495403e+02 9.79785274e+01 -2.75432000e+01 1.24794420e+02 9.59891001e+01 -2.36943500e+01 1.24976685e+02 9.59770826e+01 -2.68516600e+01 1.24795270e+02 9.79894422e+01 -2.37002800e+01 1.24977760e+02 9.79772217e+01 -2.68617400e+01 1.36277362e+02 9.59873316e+01 -2.30140200e+01 1.36460006e+02 9.59779198e+01 -2.61717800e+01 1.36277617e+02 9.79875969e+01 -2.30185600e+01 1.36460641e+02 9.79780076e+01 -2.61799200e+01 1.47760403e+02 9.59881359e+01 -2.23322200e+01 1.47943426e+02 9.59801271e+01 -2.54903600e+01 1.47760250e+02 9.79883427e+01 -2.23360700e+01 1.47943796e+02 9.79801766e+01 -2.54973600e+01 1.59243379e+02 9.59907397e+01 -2.16488400e+01 1.59426818e+02 9.59831998e+01 -2.48072900e+01 1.59242973e+02 9.79909064e+01 -2.16525500e+01 1.59427030e+02 9.79832230e+01 -2.48137700e+01 1.70726190e+02 9.59946685e+01 -2.09638200e+01 1.70910024e+02 9.59868400e+01 -2.41224900e+01 1.70725598e+02 9.79948125e+01 -2.09678100e+01 1.70910155e+02 9.79868511e+01 -2.41290000e+01 1.82208726e+02 9.59997116e+01 -2.02771500e+01 1.82392928e+02 9.59909062e+01 -2.34359400e+01 1.82208004e+02 9.79998521e+01 -2.02818000e+01 1.82393024e+02 9.79909183e+01 -2.34429600e+01 1.93690921e+02 9.60059829e+01 -1.95888100e+01 1.93875430e+02 9.59954683e+01 -2.27476200e+01 1.93690021e+02 9.80061386e+01 -1.95945400e+01 1.93875494e+02 9.79954953e+01 -2.27557100e+01 2.05172713e+02 9.60139618e+01 -1.88988100e+01 2.05357355e+02 9.60007718e+01 -2.20574700e+01 2.05171583e+02 9.80141585e+01 -1.89061400e+01 2.05357386e+02 9.80008420e+01 -2.20673000e+01 2.16654137e+02 9.60246703e+01 -1.82070400e+01 2.16838850e+02 9.60075157e+01 -2.13653300e+01 2.16652552e+02 9.80249388e+01 -1.82167700e+01 2.16838759e+02 9.80075932e+01 -2.13779500e+01 2.28135520e+02 9.60415345e+01 -1.75130600e+01 2.28319800e+02 9.60178018e+01 -2.06704300e+01 2.28132663e+02 9.80418912e+01 -1.75262300e+01 2.28318987e+02 9.80181030e+01 -2.06875500e+01 2.39618576e+02 9.60710082e+01 -1.68163330e+01 2.39801143e+02 9.60379090e+01 -1.99656340e+01 2.39613047e+02 9.80726508e+01 -1.68325860e+01 2.39798489e+02 9.80402526e+01 -1.99918630e+01 2.15792740e+01 1.00678930e+02 -3.02320000e+01 2.16555600e+01 1.00278873e+02 -3.33645000e+01 3.30326198e+01 1.00386354e+02 -2.94442000e+01 3.31522710e+01 1.00155656e+02 -3.26108000e+01 4.44739658e+01 1.00212562e+02 -2.86219000e+01 4.46283500e+01 1.00081847e+02 -3.17961000e+01 5.59351473e+01 1.00130090e+02 -2.78592000e+01 5.61035510e+01 1.00046440e+02 -3.10329000e+01 6.74058215e+01 1.00081092e+02 -2.71457000e+01 6.75801738e+01 1.00022647e+02 -3.03170000e+01 7.88804460e+01 1.00045939e+02 -2.64508000e+01 7.90577576e+01 1.00003545e+02 -2.96201000e+01 9.03568730e+01 1.00020951e+02 -2.57610800e+01 9.05363481e+01 9.99900659e+01 -2.89288100e+01 1.01835293e+02 1.00004435e+02 -2.50748300e+01 1.02016191e+02 9.99817973e+01 -2.82412000e+01 1.13315192e+02 9.99942594e+01 -2.43900600e+01 1.13496962e+02 9.99776035e+01 -2.75556400e+01 1.24796168e+02 9.99888487e+01 -2.37064300e+01 1.24978691e+02 9.99763836e+01 -2.68713100e+01 1.36277901e+02 9.99870468e+01 -2.30233000e+01 1.36461128e+02 9.99772379e+01 -2.61876200e+01 1.47760142e+02 9.99878315e+01 -2.23401100e+01 1.47944014e+02 9.99794685e+01 -2.55039700e+01 1.59242592e+02 9.99904301e+01 -2.16564100e+01 1.59427085e+02 9.99825703e+01 -2.48199200e+01 1.70725051e+02 9.99943660e+01 -2.09719400e+01 1.70910125e+02 9.99862458e+01 -2.41352100e+01 1.82207304e+02 9.99994295e+01 -2.02865800e+01 1.82392950e+02 9.99903504e+01 -2.34497100e+01 1.93689175e+02 1.00005733e+02 -1.96004000e+01 1.93875371e+02 9.99949540e+01 -2.27635200e+01 2.05170463e+02 1.00013750e+02 -1.89136000e+01 2.05357230e+02 1.00000303e+02 -2.20768500e+01 2.16651057e+02 1.00024525e+02 -1.82266300e+01 2.16838396e+02 1.00007036e+02 -2.13902200e+01 2.28129761e+02 1.00041386e+02 -1.75396700e+01 2.28318024e+02 1.00017451e+02 -2.07043600e+01 2.39607653e+02 1.00072011e+02 -1.68494400e+01 2.39795392e+02 1.00039293e+02 -2.00167900e+01 2.12849430e+01 9.71104200e+01 -2.65929000e+01 2.14028788e+01 9.90953700e+01 -2.68431000e+01 3.27639380e+01 9.66047770e+01 -2.60214000e+01 3.28400520e+01 9.86013070e+01 -2.61456000e+01 4.42522920e+01 9.63241960e+01 -2.53234000e+01 4.42860500e+01 9.83249300e+01 -2.53841000e+01 5.57309430e+01 9.61964570e+01 -2.46150000e+01 5.57480710e+01 9.81977160e+01 -2.46499000e+01 6.72080760e+01 9.61250260e+01 -2.39296000e+01 6.72193360e+01 9.81260060e+01 -2.39522000e+01 7.86866210e+01 9.60764540e+01 -2.32509000e+01 7.86945460e+01 9.80772632e+01 -2.32664000e+01 9.01664860e+01 9.60421957e+01 -2.25727700e+01 9.01719290e+01 9.80428149e+01 -2.25833300e+01 1.01647495e+02 9.60192343e+01 -2.18946000e+01 1.01651006e+02 9.80197021e+01 -2.19016800e+01 1.13129233e+02 9.60043823e+01 -2.12158900e+01 1.13131456e+02 9.80047258e+01 -2.12203800e+01 1.24611623e+02 9.59958106e+01 -2.05363300e+01 1.24612739e+02 9.79960600e+01 -2.05391400e+01 1.36094241e+02 9.59921780e+01 -1.98556000e+01 1.36094604e+02 9.79923601e+01 -1.98575000e+01 1.47576932e+02 9.59921579e+01 -1.91735000e+01 1.47576738e+02 9.79922941e+01 -1.91750600e+01 1.59059521e+02 9.59947293e+01 -1.84899100e+01 1.59058980e+02 9.79948376e+01 -1.84915700e+01 1.70541952e+02 9.59992367e+01 -1.78047500e+01 1.70541131e+02 9.79993335e+01 -1.78068600e+01 1.82024121e+02 9.60053912e+01 -1.71180200e+01 1.82023093e+02 9.80054939e+01 -1.71208500e+01 1.93506027e+02 9.60133278e+01 -1.64297400e+01 1.93504703e+02 9.80134518e+01 -1.64336000e+01 2.04987624e+02 9.60236747e+01 -1.57399400e+01 2.04985934e+02 9.80238467e+01 -1.57452000e+01 2.16468968e+02 9.60377703e+01 -1.50486100e+01 2.16466558e+02 9.80380154e+01 -1.50558300e+01 2.27950646e+02 9.60593750e+01 -1.43556000e+01 2.27946676e+02 9.80597410e+01 -1.43653300e+01 2.39433140e+02 9.60917550e+01 -1.36631400e+01 2.39427288e+02 9.80926252e+01 -1.36733100e+01 2.15191464e+01 1.01083080e+02 -2.70941000e+01 3.29173735e+01 1.00599826e+02 -2.62715000e+01 4.43199420e+01 1.00322741e+02 -2.54453000e+01 5.57654170e+01 1.00195654e+02 -2.46848000e+01 6.72304400e+01 1.00124755e+02 -2.39747000e+01 7.87026690e+01 1.00076396e+02 -2.32817000e+01 9.01773170e+01 1.00042198e+02 -2.25937800e+01 1.01654562e+02 1.00019137e+02 -2.19087000e+01 1.13133640e+02 1.00004205e+02 -2.12248100e+01 1.24613879e+02 9.99955905e+01 -2.05419100e+01 1.36094939e+02 9.99919250e+01 -1.98593500e+01 1.47576557e+02 9.99918896e+01 -1.91765900e+01 1.59058415e+02 9.99944577e+01 -1.84932100e+01 1.70540320e+02 9.99989737e+01 -1.78089400e+01 1.82022033e+02 1.00005149e+02 -1.71236700e+01 1.93503398e+02 1.00013114e+02 -1.64374400e+01 2.04984186e+02 1.00023502e+02 -1.57504400e+01 2.16464204e+02 1.00037661e+02 -1.50630300e+01 2.27942577e+02 1.00059304e+02 -1.43750000e+01 2.39421573e+02 1.00092167e+02 -1.36835100e+01 2.11361190e+01 9.75101400e+01 -2.34585000e+01 2.13016710e+01 9.94953300e+01 -2.37020000e+01 3.25978430e+01 9.67952380e+01 -2.28706000e+01 3.26981610e+01 9.87926050e+01 -2.29805000e+01 4.40767510e+01 9.64125320e+01 -2.21707000e+01 4.41197290e+01 9.84140350e+01 -2.22181000e+01 5.55515630e+01 9.62449230e+01 -2.14612000e+01 5.55720340e+01 9.82461750e+01 -2.14857000e+01 6.70276280e+01 9.61552830e+01 -2.07752000e+01 6.70406370e+01 9.81562620e+01 -2.07898000e+01 7.85055360e+01 9.60962778e+01 -2.00950000e+01 7.85144040e+01 9.80970500e+01 -2.01042000e+01 8.99848100e+01 9.60551518e+01 -1.94157900e+01 8.99910110e+01 9.80556946e+01 -1.94214700e+01 1.01465372e+02 9.60271764e+01 -1.87368900e+01 1.01469364e+02 9.80275662e+01 -1.87399600e+01 1.12946749e+02 9.60087267e+01 -1.80576200e+01 1.12949301e+02 9.80089861e+01 -1.80588500e+01 1.24428877e+02 9.59978886e+01 -1.73775800e+01 1.24430108e+02 9.79980618e+01 -1.73777400e+01 1.35911168e+02 9.59931042e+01 -1.66965100e+01 1.35911525e+02 9.79932183e+01 -1.66961900e+01 1.47393515e+02 9.59927871e+01 -1.60141600e+01 1.47393192e+02 9.79928668e+01 -1.60138200e+01 1.58875716e+02 9.59956899e+01 -1.53304100e+01 1.58874978e+02 9.79957519e+01 -1.53303800e+01 1.70357762e+02 9.60009868e+01 -1.46451700e+01 1.70356675e+02 9.80010471e+01 -1.46457000e+01 1.81839565e+02 9.60083041e+01 -1.39584600e+01 1.81838211e+02 9.80083772e+01 -1.39597100e+01 1.93321168e+02 9.60177744e+01 -1.32702900e+01 1.93319443e+02 9.80178744e+01 -1.32724600e+01 2.04802538e+02 9.60301063e+01 -1.25807500e+01 2.04800334e+02 9.80302577e+01 -1.25840700e+01 2.16283803e+02 9.60468722e+01 -1.18898900e+01 2.16280715e+02 9.80470929e+01 -1.18946900e+01 2.27765495e+02 9.60714542e+01 -1.11981000e+01 2.27760790e+02 9.80718328e+01 -1.12043300e+01 2.39246913e+02 9.61035920e+01 -1.05075200e+01 2.39241448e+02 9.81042380e+01 -1.05132800e+01 2.14640058e+01 1.01483300e+02 -2.39465000e+01 3.28004460e+01 1.00794271e+02 -2.30922000e+01 4.41626630e+01 1.00413256e+02 -2.22661000e+01 5.55929500e+01 1.00244784e+02 -2.15105000e+01 6.70533660e+01 1.00155368e+02 -2.08044000e+01 7.85235730e+01 1.00096454e+02 -2.01134000e+01 8.99970610e+01 1.00055216e+02 -1.94271900e+01 1.01473483e+02 1.00027094e+02 -1.87430500e+01 1.12951779e+02 1.00008561e+02 -1.80601000e+01 1.24431400e+02 9.99976844e+01 -1.73779100e+01 1.35911845e+02 9.99928719e+01 -1.66958900e+01 1.47392904e+02 9.99925461e+01 -1.60135100e+01 1.58874216e+02 9.99954486e+01 -1.53303800e+01 1.70355611e+02 1.00000757e+02 -1.46462400e+01 1.81836835e+02 1.00008093e+02 -1.39609900e+01 1.93317741e+02 1.00017590e+02 -1.32746500e+01 2.04798099e+02 1.00029961e+02 -1.25874000e+01 2.16277659e+02 1.00046782e+02 -1.18995100e+01 2.27756045e+02 1.00071429e+02 -1.12105800e+01 2.39235968e+02 1.00103817e+02 -1.05190000e+01 2.09845050e+01 9.78959900e+01 -2.03274300e+01 2.12002690e+01 9.98822300e+01 -2.05558300e+01 3.24269270e+01 9.69633350e+01 -1.97187300e+01 3.25517510e+01 9.89609860e+01 -1.98111300e+01 4.38989810e+01 9.64806390e+01 -1.90164300e+01 4.39500560e+01 9.84827800e+01 -1.90498300e+01 5.53708830e+01 9.62780790e+01 -1.83064300e+01 5.53941690e+01 9.82792080e+01 -1.83211300e+01 6.68466360e+01 9.61737850e+01 -1.76198300e+01 6.68609920e+01 9.81747270e+01 -1.76273300e+01 7.83242020e+01 9.61070770e+01 -1.69382300e+01 7.83336750e+01 9.81078020e+01 -1.69421300e+01 8.98029560e+01 9.60610859e+01 -1.62580300e+01 8.98096550e+01 9.80615576e+01 -1.62595500e+01 1.01283186e+02 9.60294185e+01 -1.55784100e+01 1.01287506e+02 9.80297259e+01 -1.55781900e+01 1.12764280e+02 9.60085047e+01 -1.48986100e+01 1.12767020e+02 9.80086817e+01 -1.48972800e+01 1.24246138e+02 9.59963046e+01 -1.42181600e+01 1.24247396e+02 9.79964035e+01 -1.42163200e+01 1.35728108e+02 9.59910200e+01 -1.35367900e+01 1.35728407e+02 9.79910686e+01 -1.35348700e+01 1.47210105e+02 9.59908497e+01 -1.28542600e+01 1.47209631e+02 9.79908755e+01 -1.28525800e+01 1.58691916e+02 9.59943516e+01 -1.21704100e+01 1.58690981e+02 9.79943695e+01 -1.21691900e+01 1.70173572e+02 9.60005504e+01 -1.14851700e+01 1.70172242e+02 9.80005762e+01 -1.14845300e+01 1.81655004e+02 9.60089888e+01 -1.07985300e+01 1.81653370e+02 9.80090335e+01 -1.07985700e+01 1.93136286e+02 9.60197746e+01 -1.01105300e+01 1.93134239e+02 9.80198521e+01 -1.01113300e+01 2.04617406e+02 9.60336454e+01 -9.42129000e+00 2.04614812e+02 9.80337742e+01 -9.42294000e+00 2.16098578e+02 9.60522811e+01 -8.73097000e+00 2.16095001e+02 9.80524820e+01 -8.73358000e+00 2.27580029e+02 9.60782460e+01 -8.04027000e+00 2.27575027e+02 9.80786003e+01 -8.04341000e+00 2.39060869e+02 9.61089910e+01 -7.35097000e+00 2.39055698e+02 9.81095810e+01 -7.35310000e+00 2.14125902e+01 1.01869510e+02 -2.07850300e+01 3.26789200e+01 1.00965411e+02 -1.99050300e+01 4.40010850e+01 1.00483118e+02 -1.90836300e+01 5.54179920e+01 1.00278352e+02 -1.83360300e+01 6.68749430e+01 1.00174117e+02 -1.76346300e+01 7.83434860e+01 1.00107408e+02 -1.69458300e+01 8.98161360e+01 1.00061178e+02 -1.62611000e+01 1.01292000e+02 1.00029369e+02 -1.55779600e+01 1.12769646e+02 1.00008370e+02 -1.48959700e+01 1.24248740e+02 9.99961363e+01 -1.42144800e+01 1.35728648e+02 9.99908278e+01 -1.35329600e+01 1.47209201e+02 9.99906537e+01 -1.28509100e+01 1.58690013e+02 9.99941564e+01 -1.21679700e+01 1.70170937e+02 1.00000367e+02 -1.14839100e+01 1.81651715e+02 1.00008822e+02 -1.07986300e+01 1.93132209e+02 1.00019632e+02 -1.01121400e+01 2.04612197e+02 1.00033536e+02 -9.42460000e+00 2.16091435e+02 1.00052222e+02 -8.73620000e+00 2.27570003e+02 1.00078259e+02 -8.04655000e+00 2.39050519e+02 1.00109222e+02 -7.35523000e+00 2.08312290e+01 9.82512900e+01 -1.72013700e+01 2.10970180e+01 1.00240370e+02 -1.74026700e+01 3.22499360e+01 9.71028400e+01 -1.65671700e+01 3.23983980e+01 9.91006400e+01 -1.66375700e+01 4.37185740e+01 9.65271250e+01 -1.58611700e+01 4.37760550e+01 9.85295190e+01 -1.58796700e+01 5.51894080e+01 9.62963120e+01 -1.51512700e+01 5.52145560e+01 9.82973810e+01 -1.51565700e+01 6.66652180e+01 9.61814740e+01 -1.44639700e+01 6.66803390e+01 9.81823990e+01 -1.44647700e+01 7.81426710e+01 9.61099530e+01 -1.37807700e+01 7.81524080e+01 9.81105960e+01 -1.37798700e+01 8.96209550e+01 9.60609580e+01 -1.30995600e+01 8.96279300e+01 9.80613448e+01 -1.30975200e+01 1.01100956e+02 9.60270115e+01 -1.24192100e+01 1.01105412e+02 9.80272231e+01 -1.24163700e+01 1.12581823e+02 9.60047725e+01 -1.17388800e+01 1.12584616e+02 9.80048576e+01 -1.17356600e+01 1.24063415e+02 9.59920715e+01 -1.10580500e+01 1.24064613e+02 9.79920890e+01 -1.10548600e+01 1.35545055e+02 9.59868726e+01 -1.03764300e+01 1.35545251e+02 9.79868501e+01 -1.03735100e+01 1.47026694e+02 9.59872033e+01 -9.69378000e+00 1.47026056e+02 9.79871704e+01 -9.69130000e+00 1.58508107e+02 9.59914733e+01 -9.00991000e+00 1.58506988e+02 9.79914431e+01 -9.00795000e+00 1.69989370e+02 9.59985875e+01 -8.32472000e+00 1.69987830e+02 9.79985747e+01 -8.32334000e+00 1.81470420e+02 9.60080147e+01 -7.63821000e+00 1.81468560e+02 9.80080274e+01 -7.63740000e+00 1.92951360e+02 9.60198207e+01 -6.95044000e+00 1.92949080e+02 9.80198706e+01 -6.95018000e+00 2.04432230e+02 9.60347355e+01 -6.26153000e+00 2.04429360e+02 9.80348357e+01 -6.26180000e+00 2.15913230e+02 9.60543957e+01 -5.57179000e+00 2.15909370e+02 9.80545684e+01 -5.57247000e+00 2.27394390e+02 9.60804512e+01 -4.88202000e+00 2.27389360e+02 9.80807610e+01 -4.88250000e+00 2.38874890e+02 9.61092680e+01 -4.19368000e+00 2.38870030e+02 9.81097640e+01 -4.19284000e+00 2.13597820e+01 1.02226180e+02 -1.76044700e+01 3.25494080e+01 1.01107110e+02 -1.67090700e+01 4.38334020e+01 1.00530592e+02 -1.58983700e+01 5.52404240e+01 1.00296850e+02 -1.51617700e+01 6.66949330e+01 1.00181971e+02 -1.44654700e+01 7.81625920e+01 1.00110311e+02 -1.37788700e+01 8.96346190e+01 1.00061037e+02 -1.30954900e+01 1.01110091e+02 1.00026965e+02 -1.24135100e+01 1.12587260e+02 1.00004648e+02 -1.17324600e+01 1.24065921e+02 9.99919248e+01 -1.10516700e+01 1.35545371e+02 9.99867082e+01 -1.03706100e+01 1.47025474e+02 9.99870422e+01 -9.68883000e+00 1.58505829e+02 9.99913152e+01 -9.00602000e+00 1.69986320e+02 9.99984427e+01 -8.32197000e+00 1.81466680e+02 1.00007884e+02 -7.63660000e+00 1.92946810e+02 1.00019711e+02 -6.94992000e+00 2.04426480e+02 1.00034652e+02 -6.26207000e+00 2.15905520e+02 1.00054354e+02 -5.57316000e+00 2.27384320e+02 1.00080471e+02 -4.88299000e+00 2.38865160e+02 1.00109462e+02 -4.19199000e+00 2.16434560e+01 9.46007348e+01 -3.46065000e+01 2.16435540e+01 9.40766285e+01 -3.46145000e+01 2.17114350e+01 9.48904500e+01 -3.65790000e+01 2.17049100e+01 9.38502780e+01 -3.65950000e+01 3.31627520e+01 9.45516514e+01 -3.41078000e+01 3.31607350e+01 9.40320196e+01 -3.41320000e+01 3.32676440e+01 9.49087530e+01 -3.60702000e+01 3.32618770e+01 9.38671300e+01 -3.61204000e+01 4.46729830e+01 9.45260311e+01 -3.34593000e+01 4.46707040e+01 9.40081342e+01 -3.34974000e+01 4.47884530e+01 9.49356533e+01 -3.54121000e+01 4.47855660e+01 9.38945040e+01 -3.54899000e+01 5.61732160e+01 9.45137826e+01 -3.27820000e+01 5.61724700e+01 9.39964053e+01 -3.28286000e+01 5.62871670e+01 9.49554145e+01 -3.47290000e+01 5.62872890e+01 9.39151465e+01 -3.48238000e+01 6.76636230e+01 9.45036916e+01 -3.21152000e+01 6.76643060e+01 9.39864406e+01 -3.21671000e+01 6.77758900e+01 9.49649120e+01 -3.40580000e+01 6.77781700e+01 9.39255469e+01 -3.41632000e+01 7.91491720e+01 9.44942305e+01 -3.14515000e+01 7.91508490e+01 9.39770197e+01 -3.15070000e+01 7.92616460e+01 9.49691554e+01 -3.33909000e+01 7.92653960e+01 9.39307419e+01 -3.35036000e+01 9.06334120e+01 9.44879299e+01 -3.07845300e+01 9.06355400e+01 9.39707456e+01 -3.08428000e+01 9.07459640e+01 9.49728079e+01 -3.27213500e+01 9.07506800e+01 9.39350995e+01 -3.28396100e+01 1.02116918e+02 9.44850044e+01 -3.01141400e+01 1.02119366e+02 9.39678763e+01 -3.01744300e+01 1.02229851e+02 9.49769757e+01 -3.20492000e+01 1.02235282e+02 9.39397869e+01 -3.21712500e+01 1.13600544e+02 9.44846920e+01 -2.94411600e+01 1.13603199e+02 9.39675826e+01 -2.95029500e+01 1.13713646e+02 9.49818702e+01 -3.13748700e+01 1.13719542e+02 9.39450565e+01 -3.14997500e+01 1.25084270e+02 9.44862061e+01 -2.87658400e+01 1.25087079e+02 9.39690954e+01 -2.88287400e+01 1.25197732e+02 9.49872417e+01 -3.06985100e+01 1.25204012e+02 9.39507181e+01 -3.08254800e+01 1.36568192e+02 9.44888252e+01 -2.80882400e+01 1.36571089e+02 9.39716885e+01 -2.81519600e+01 1.36681925e+02 9.49925974e+01 -3.00201700e+01 1.36688435e+02 9.39562824e+01 -3.01486300e+01 1.48052049e+02 9.44920274e+01 -2.74084000e+01 1.48055012e+02 9.39748475e+01 -2.74726800e+01 1.48166179e+02 9.49976396e+01 -2.93398200e+01 1.48172867e+02 9.39614693e+01 -2.94692900e+01 1.59535835e+02 9.44954853e+01 -2.67263000e+01 1.59538815e+02 9.39782518e+01 -2.67909300e+01 1.59650293e+02 9.50021938e+01 -2.86574100e+01 1.59657066e+02 9.39661121e+01 -2.87874900e+01 1.71019291e+02 9.44990031e+01 -2.60419500e+01 1.71022285e+02 9.39817100e+01 -2.61067400e+01 1.71134196e+02 9.50061543e+01 -2.79729200e+01 1.71141049e+02 9.39701087e+01 -2.81032500e+01 1.82502442e+02 9.45024808e+01 -2.53553100e+01 1.82505396e+02 9.39851263e+01 -2.54201000e+01 1.82617687e+02 9.50094435e+01 -2.72863300e+01 1.82624517e+02 9.39733858e+01 -2.74165700e+01 1.93984959e+02 9.45059474e+01 -2.46663400e+01 1.93987887e+02 9.39885236e+01 -2.47309000e+01 1.94100737e+02 9.50120292e+01 -2.65975800e+01 1.94107617e+02 9.39759007e+01 -2.67273500e+01 2.05466956e+02 9.45094876e+01 -2.39748000e+01 2.05469758e+02 9.39919974e+01 -2.40389100e+01 2.05583109e+02 9.50138232e+01 -2.59065000e+01 2.05589826e+02 9.39775603e+01 -2.60353400e+01 2.16947847e+02 9.45135515e+01 -2.32801100e+01 2.16950537e+02 9.39959532e+01 -2.33433400e+01 2.17064827e+02 9.50148204e+01 -2.52125800e+01 2.17071645e+02 9.39783305e+01 -2.53397300e+01 2.28427301e+02 9.45194900e+01 -2.25804800e+01 2.28429620e+02 9.40018734e+01 -2.26422700e+01 2.28545489e+02 9.50151362e+01 -2.45145600e+01 2.28551683e+02 9.39781338e+01 -2.46386100e+01 2.39898077e+02 9.45302030e+01 -2.18578960e+01 2.39897725e+02 9.40118689e+01 -2.19157190e+01 2.40023872e+02 9.50132659e+01 -2.37954480e+01 2.40029571e+02 9.39753111e+01 -2.39115690e+01 2.17813980e+01 9.51801410e+01 -3.85519000e+01 2.17671530e+01 9.36259760e+01 -3.85766000e+01 3.33715210e+01 9.52651150e+01 -3.80285000e+01 3.33612280e+01 9.37030630e+01 -3.81048000e+01 4.49044050e+01 9.53441630e+01 -3.73617000e+01 4.49000980e+01 9.37801440e+01 -3.74787000e+01 5.64007660e+01 9.53960340e+01 -3.66733000e+01 5.64014370e+01 9.38329490e+01 -3.68157000e+01 6.78882840e+01 9.54252870e+01 -3.59987000e+01 6.78918620e+01 9.38637970e+01 -3.61566000e+01 7.93741060e+01 9.54435780e+01 -3.53289000e+01 7.93796560e+01 9.38836520e+01 -3.54980000e+01 9.08588340e+01 9.54573343e+01 -3.46572200e+01 9.08661100e+01 9.38987710e+01 -3.48345600e+01 1.02342799e+02 9.54685699e+01 -3.39834500e+01 1.02351101e+02 9.39109966e+01 -3.41666000e+01 1.13826961e+02 9.54787164e+01 -3.33078300e+01 1.13835979e+02 9.39218760e+01 -3.34952300e+01 1.25311257e+02 9.54879758e+01 -3.26305300e+01 1.25320928e+02 9.39317740e+01 -3.28210500e+01 1.36795816e+02 9.54960946e+01 -3.19515300e+01 1.36805879e+02 9.39403764e+01 -3.21442700e+01 1.48280376e+02 9.55029990e+01 -3.12707500e+01 1.48290737e+02 9.39476525e+01 -3.14649900e+01 1.59764897e+02 9.55086683e+01 -3.05880900e+01 1.59775448e+02 9.39535853e+01 -3.07832300e+01 1.71249148e+02 9.55130847e+01 -2.99035200e+01 1.71259820e+02 9.39581609e+01 -3.00990300e+01 1.82733092e+02 9.55161952e+01 -2.92170000e+01 1.82743841e+02 9.39613290e+01 -2.94123600e+01 1.94216514e+02 9.55179029e+01 -2.85285000e+01 1.94227294e+02 9.39629770e+01 -2.87231500e+01 2.05699465e+02 9.55179422e+01 -2.78378700e+01 2.05710253e+02 9.39628310e+01 -2.80311200e+01 2.17181724e+02 9.55158704e+01 -2.71447100e+01 2.17192551e+02 9.39603755e+01 -2.73354000e+01 2.28663618e+02 9.55103970e+01 -2.64479800e+01 2.28674364e+02 9.39541043e+01 -2.66342900e+01 2.40148849e+02 9.54946896e+01 -2.57316080e+01 2.40159697e+02 9.39378553e+01 -2.59056860e+01 2.16386220e+01 9.51051040e+01 -3.44648000e+01 2.17089910e+01 9.58915180e+01 -3.62973000e+01 3.31587070e+01 9.50467166e+01 -3.39493000e+01 3.32603230e+01 9.59019728e+01 -3.57516000e+01 4.46684310e+01 9.50156483e+01 -3.32872000e+01 4.47763950e+01 9.59210521e+01 -3.50662000e+01 5.61667300e+01 9.50008248e+01 -3.26019000e+01 5.62717140e+01 9.59354651e+01 -3.43671000e+01 6.76554500e+01 9.49893515e+01 -3.19303000e+01 6.77582060e+01 9.59413038e+01 -3.36864000e+01 7.91399840e+01 9.49789681e+01 -3.12630000e+01 7.92424720e+01 9.59427350e+01 -3.30125000e+01 9.06236900e+01 9.49720062e+01 -3.05935100e+01 9.07257830e+01 9.59443376e+01 -3.23380700e+01 1.02106846e+02 9.49685641e+01 -2.99213300e+01 1.02208936e+02 9.59470254e+01 -3.16624500e+01 1.13590245e+02 9.49678890e+01 -2.92470000e+01 1.13692229e+02 9.59508363e+01 -3.09855800e+01 1.25073794e+02 9.49691558e+01 -2.85706800e+01 1.25175912e+02 9.59553931e+01 -3.03073700e+01 1.36557599e+02 9.49716252e+01 -2.78923700e+01 1.36659828e+02 9.59601688e+01 -2.96277400e+01 1.48041373e+02 9.49747552e+01 -2.72120400e+01 1.48143868e+02 9.59648186e+01 -2.89465300e+01 1.59525111e+02 9.49782008e+01 -2.65296400e+01 1.59627851e+02 9.59691389e+01 -2.82636200e+01 1.71008534e+02 9.49817539e+01 -2.58451600e+01 1.71111627e+02 9.59730047e+01 -2.75789500e+01 1.82491684e+02 9.49853118e+01 -2.51585600e+01 1.82595085e+02 9.59763370e+01 -2.68924700e+01 1.93974225e+02 9.49889056e+01 -2.44698100e+01 1.94078031e+02 9.59791119e+01 -2.62041800e+01 2.05456256e+02 9.49926394e+01 -2.37786900e+01 2.05560490e+02 9.59812872e+01 -2.55139800e+01 2.16937346e+02 9.49969791e+01 -2.30848300e+01 2.17042019e+02 9.59829282e+01 -2.48216100e+01 2.28417225e+02 9.50033094e+01 -2.23865700e+01 2.28523151e+02 9.59844864e+01 -2.41263100e+01 2.39890057e+02 9.50152236e+01 -2.16681490e+01 2.40001433e+02 9.59855586e+01 -2.34147600e+01 2.17811900e+01 9.66772980e+01 -3.81303000e+01 3.33605940e+01 9.67550150e+01 -3.75504000e+01 4.48845470e+01 9.68243140e+01 -3.68419000e+01 5.63760030e+01 9.68683100e+01 -3.61293000e+01 6.78608780e+01 9.68918410e+01 -3.54403000e+01 7.93447030e+01 9.69056654e+01 -3.47605000e+01 9.08280280e+01 9.69161162e+01 -3.40815900e+01 1.02310984e+02 9.69250061e+01 -3.34027000e+01 1.13794326e+02 9.69333768e+01 -3.27233600e+01 1.25278022e+02 9.69412731e+01 -3.20433700e+01 1.36762131e+02 9.69483975e+01 -3.13624800e+01 1.48246370e+02 9.69546037e+01 -3.06804600e+01 1.59730655e+02 9.69598296e+01 -2.99971000e+01 1.71214722e+02 9.69640309e+01 -2.93122900e+01 1.82698548e+02 9.69671542e+01 -2.86259700e+01 1.94181834e+02 9.69691160e+01 -2.79381700e+01 2.05664749e+02 9.69697202e+01 -2.72488700e+01 2.17146770e+02 9.69686561e+01 -2.65580000e+01 2.28628693e+02 9.69651523e+01 -2.58653200e+01 2.40112375e+02 9.69536554e+01 -2.51604470e+01 2.16289060e+01 9.55557620e+01 -3.41988000e+01 2.16971660e+01 9.67870717e+01 -3.57683000e+01 3.31486900e+01 9.54830216e+01 -3.36678000e+01 3.32401760e+01 9.67784243e+01 -3.51860000e+01 4.46577130e+01 9.54429795e+01 -3.29936000e+01 4.47503620e+01 9.67822438e+01 -3.44754000e+01 5.61535560e+01 9.54237714e+01 -3.23014000e+01 5.62421080e+01 9.67872913e+01 -3.37624000e+01 6.76404750e+01 9.54098321e+01 -3.16256000e+01 6.77264610e+01 9.67871668e+01 -3.30736000e+01 7.91240200e+01 9.53977735e+01 -3.09553000e+01 7.92092590e+01 9.67842693e+01 -3.23942000e+01 9.06070630e+01 9.53896378e+01 -3.02835600e+01 9.06915390e+01 9.67827279e+01 -3.17157700e+01 1.02089860e+02 9.53852868e+01 -2.96098100e+01 1.02174007e+02 9.67831710e+01 -3.10373100e+01 1.13573025e+02 9.53839529e+01 -2.89343100e+01 1.13656798e+02 9.67853440e+01 -3.03583800e+01 1.25056404e+02 9.53847607e+01 -2.82571400e+01 1.25140092e+02 9.67886928e+01 -2.96787000e+01 1.36540061e+02 9.53869326e+01 -2.75782400e+01 1.36623705e+02 9.67926217e+01 -2.89980500e+01 1.48023761e+02 9.53898960e+01 -2.68975000e+01 1.48107534e+02 9.67967162e+01 -2.83161800e+01 1.59507395e+02 9.53932770e+01 -2.62148500e+01 1.59591320e+02 9.68007207e+01 -2.76329200e+01 1.70990814e+02 9.53968497e+01 -2.55302600e+01 1.71074986e+02 9.68044800e+01 -2.69481400e+01 1.82473870e+02 9.54005065e+01 -2.48436900e+01 1.82558294e+02 9.68079080e+01 -2.62618100e+01 1.93956498e+02 9.54042842e+01 -2.41551300e+01 1.94041207e+02 9.68109959e+01 -2.55739400e+01 2.05438423e+02 9.54083140e+01 -2.34643900e+01 2.05523513e+02 9.68137716e+01 -2.48844900e+01 2.16919796e+02 9.54131125e+01 -2.27712200e+01 2.17005099e+02 9.68163976e+01 -2.41934100e+01 2.28399916e+02 9.54201086e+01 -2.20741800e+01 2.28486065e+02 9.68198132e+01 -2.35003300e+01 2.39874744e+02 9.54337232e+01 -2.13596610e+01 2.39964651e+02 9.68255387e+01 -2.27953970e+01 2.17671650e+01 9.80174120e+01 -3.73388000e+01 3.33302630e+01 9.80704770e+01 -3.67018000e+01 4.48432760e+01 9.81181590e+01 -3.59542000e+01 5.63300070e+01 9.81480690e+01 -3.52207000e+01 6.78124140e+01 9.81624305e+01 -3.45197000e+01 7.92943480e+01 9.81695274e+01 -3.38319000e+01 9.07761280e+01 9.81750178e+01 -3.31471600e+01 1.02258063e+02 9.81803870e+01 -3.24641600e+01 1.13740619e+02 9.81861531e+01 -3.17818500e+01 1.25223733e+02 9.81921124e+01 -3.10997300e+01 1.36707370e+02 9.81978573e+01 -3.04173900e+01 1.48191278e+02 9.82031344e+01 -2.97344500e+01 1.59675258e+02 9.82078058e+01 -2.90506100e+01 1.71159133e+02 9.82117842e+01 -2.83657000e+01 1.82642721e+02 9.82150063e+01 -2.76796300e+01 1.94125898e+02 9.82174141e+01 -2.69924600e+01 2.05608554e+02 9.82189157e+01 -2.63042900e+01 2.17090473e+02 9.82193808e+01 -2.56153100e+01 2.28571897e+02 9.82187808e+01 -2.49259300e+01 2.40053777e+02 9.82145501e+01 -2.42302650e+01 2.16142800e+01 9.59224060e+01 -3.38262000e+01 2.16762510e+01 9.75169337e+01 -3.50268000e+01 3.31333200e+01 9.58305602e+01 -3.32827000e+01 3.32086770e+01 9.74775119e+01 -3.44118000e+01 4.46416750e+01 9.57785194e+01 -3.25988000e+01 4.47124350e+01 9.74593067e+01 -3.36804000e+01 5.61346420e+01 9.57534878e+01 -3.19013000e+01 5.62005500e+01 9.74518012e+01 -3.29567000e+01 6.76197080e+01 9.57362225e+01 -3.12221000e+01 6.76829120e+01 9.74440172e+01 -3.22620000e+01 7.91022920e+01 9.57219157e+01 -3.05494000e+01 7.91643410e+01 9.74357689e+01 -3.15787000e+01 9.05846695e+01 9.57121494e+01 -2.98758100e+01 9.06457010e+01 9.74303630e+01 -3.08973100e+01 1.02067135e+02 9.57065705e+01 -2.92008100e+01 1.02127539e+02 9.74280253e+01 -3.02168100e+01 1.13550096e+02 9.57043644e+01 -2.85244100e+01 1.13609891e+02 9.74281758e+01 -2.95364100e+01 1.25033298e+02 9.57045562e+01 -2.78465800e+01 1.25092807e+02 9.74300562e+01 -2.88556900e+01 1.36516831e+02 9.57063236e+01 -2.71672000e+01 1.36576147e+02 9.74329733e+01 -2.81743400e+01 1.48000426e+02 9.57090551e+01 -2.64861400e+01 1.48059732e+02 9.74364259e+01 -2.74920400e+01 1.59483978e+02 9.57123378e+01 -2.58033000e+01 1.59543337e+02 9.74400851e+01 -2.68085600e+01 1.70967336e+02 9.57159254e+01 -2.51186300e+01 1.71026829e+02 9.74437582e+01 -2.61237500e+01 1.82450335e+02 9.57197003e+01 -2.44320900e+01 1.82510002e+02 9.74473421e+01 -2.54375600e+01 1.93932962e+02 9.57237105e+01 -2.37436600e+01 1.93992794e+02 9.74508557e+01 -2.47500200e+01 2.05414844e+02 9.57281185e+01 -2.30532300e+01 2.05474958e+02 9.74543996e+01 -2.40611400e+01 2.16896366e+02 9.57335150e+01 -2.23605900e+01 2.16956523e+02 9.74582741e+01 -2.33710100e+01 2.28376729e+02 9.57414210e+01 -2.16645500e+01 2.28437217e+02 9.74639445e+01 -2.26795100e+01 2.39853729e+02 9.57571036e+01 -2.09537360e+01 2.39916050e+02 9.74753413e+01 -2.19795080e+01 2.17399050e+01 9.91106595e+01 -3.62289000e+01 3.32827670e+01 9.91206928e+01 -3.55401000e+01 4.47836250e+01 9.91358068e+01 -3.47598000e+01 5.62659250e+01 9.91466332e+01 -3.40102000e+01 6.77461490e+01 9.91493197e+01 -3.33006000e+01 7.92263760e+01 9.91481457e+01 -3.26071000e+01 9.07067870e+01 9.91475761e+01 -3.19182700e+01 1.02187808e+02 9.91486394e+01 -3.12323900e+01 1.13669664e+02 9.91512554e+01 -3.05480200e+01 1.25152229e+02 9.91549131e+01 -2.98644500e+01 1.36635428e+02 9.91590537e+01 -2.91811600e+01 1.48118972e+02 9.91632914e+01 -2.84976600e+01 1.59602658e+02 9.91673813e+01 -2.78135700e+01 1.71086261e+02 9.91711802e+01 -2.71286600e+01 1.82569626e+02 9.91746011e+01 -2.64428300e+01 1.94052567e+02 9.91776304e+01 -2.57561800e+01 2.05534999e+02 9.91802816e+01 -2.50688500e+01 2.17016655e+02 9.91826704e+01 -2.43812700e+01 2.28497552e+02 9.91855763e+01 -2.36941700e+01 2.39977333e+02 9.91905385e+01 -2.30045900e+01 2.15950610e+01 9.61804020e+01 -3.33720000e+01 2.16474070e+01 9.80313780e+01 -3.41220000e+01 3.31135180e+01 9.60654610e+01 -3.28204000e+01 3.31680870e+01 9.79505394e+01 -3.34822000e+01 4.46213000e+01 9.59992494e+01 -3.21301000e+01 4.46654380e+01 9.79048851e+01 -3.27362000e+01 5.61112610e+01 9.59673809e+01 -3.14290000e+01 5.61500740e+01 9.78827561e+01 -3.20058000e+01 6.75945083e+01 9.59461832e+01 -3.07476000e+01 6.76306230e+01 9.78663443e+01 -3.13076000e+01 7.90762194e+01 9.59292470e+01 -3.00732000e+01 7.91109070e+01 9.78522529e+01 -3.06220000e+01 9.05580276e+01 9.59175195e+01 -2.93982500e+01 9.05915086e+01 9.78425998e+01 -2.99389300e+01 1.02040264e+02 9.59105045e+01 -2.87224000e+01 1.02072831e+02 9.78371979e+01 -2.92572700e+01 1.13523032e+02 9.59072942e+01 -2.80453800e+01 1.13554805e+02 9.78351413e+01 -2.85760200e+01 1.25006102e+02 9.59067718e+01 -2.73671100e+01 1.25037408e+02 9.78354334e+01 -2.78947200e+01 1.36489516e+02 9.59080721e+01 -2.66874000e+01 1.36520492e+02 9.78372775e+01 -2.72129900e+01 1.47973017e+02 9.59105363e+01 -2.60061200e+01 1.48003851e+02 9.78400731e+01 -2.65304700e+01 1.59456484e+02 9.59137060e+01 -2.53231400e+01 1.59487265e+02 9.78434052e+01 -2.58469000e+01 1.70939768e+02 9.59173112e+01 -2.46383900e+01 1.70970572e+02 9.78470336e+01 -2.51621000e+01 1.82422718e+02 9.59212224e+01 -2.39518600e+01 1.82453596e+02 9.78508355e+01 -2.44760200e+01 1.93905292e+02 9.59254998e+01 -2.32635200e+01 1.93936230e+02 9.78548579e+01 -2.37886900e+01 2.05387186e+02 9.59303442e+01 -2.25732900e+01 2.05418255e+02 9.78592794e+01 -2.31001700e+01 2.16868723e+02 9.59364169e+01 -2.18809900e+01 2.16899737e+02 9.78645608e+01 -2.24106200e+01 2.28349369e+02 9.59454246e+01 -2.11856800e+01 2.28380168e+02 9.78726764e+01 -2.17200000e+01 2.39828594e+02 9.59632995e+01 -2.04781740e+01 2.39859256e+02 9.78898994e+01 -2.10229970e+01 2.17009510e+01 9.98822297e+01 -3.48738000e+01 3.32211820e+01 9.98323248e+01 -3.41445000e+01 4.47095170e+01 9.98059873e+01 -3.33411000e+01 5.61880640e+01 9.97944335e+01 -3.25815000e+01 6.76665350e+01 9.97840296e+01 -3.18668000e+01 7.91453630e+01 9.97738563e+01 -3.11703000e+01 9.06248580e+01 9.97667751e+01 -3.04792500e+01 1.02105219e+02 9.97631527e+01 -2.97918000e+01 1.13586448e+02 9.97623503e+01 -2.91063500e+01 1.25068565e+02 9.97635468e+01 -2.84220500e+01 1.36551349e+02 9.97660090e+01 -2.77383200e+01 1.48034555e+02 9.97691999e+01 -2.70545900e+01 1.59517930e+02 9.97727491e+01 -2.63704400e+01 1.71001251e+02 9.97764412e+01 -2.56856100e+01 1.82484359e+02 9.97801620e+01 -2.49999900e+01 1.93967036e+02 9.97839422e+01 -2.43136700e+01 2.05449207e+02 9.97879115e+01 -2.36268500e+01 2.16930588e+02 9.97924472e+01 -2.29400600e+01 2.28410866e+02 9.97991427e+01 -2.22541100e+01 2.39888986e+02 9.98132548e+01 -2.15670700e+01 2.14994813e+01 1.85199018e+01 -3.06759400e+01 2.14970427e+01 0.00000000e+00 -3.05447800e+01 2.15187990e+01 1.84915892e+01 -3.26742300e+01 2.15163426e+01 0.00000000e+00 -3.25433500e+01 3.29992656e+01 1.85171722e+01 -3.05352300e+01 3.29957473e+01 0.00000000e+00 -3.04047600e+01 3.30288206e+01 1.84890039e+01 -3.25334800e+01 3.30250933e+01 0.00000000e+00 -3.24032800e+01 4.44990437e+01 1.85136666e+01 -3.03363100e+01 4.44946644e+01 0.00000000e+00 -3.02079500e+01 4.45385851e+01 1.84859463e+01 -3.23344900e+01 4.45337019e+01 0.00000000e+00 -3.22063800e+01 5.59987515e+01 1.85097048e+01 -3.00813900e+01 5.59937448e+01 0.00000000e+00 -2.99569400e+01 5.60477649e+01 1.84828231e+01 -3.20794800e+01 5.60419289e+01 0.00000000e+00 -3.19552600e+01 6.74982566e+01 1.85056478e+01 -2.97740400e+01 6.74928086e+01 0.00000000e+00 -2.96552500e+01 6.75560127e+01 1.84799807e+01 -3.17720400e+01 6.75494613e+01 0.00000000e+00 -3.16534500e+01 7.89972868e+01 1.85018466e+01 -2.94188000e+01 7.89915713e+01 0.00000000e+00 -2.93069700e+01 7.90629570e+01 1.84776785e+01 -3.14166800e+01 7.90559538e+01 0.00000000e+00 -3.13050400e+01 9.04954759e+01 1.84985350e+01 -2.90203300e+01 9.04896540e+01 0.00000000e+00 -2.89162700e+01 9.05682671e+01 1.84760389e+01 -3.10181000e+01 9.05610595e+01 0.00000000e+00 -3.09142000e+01 1.01992438e+02 1.84958199e+01 -2.85829100e+01 1.01986652e+02 0.00000000e+00 -2.84869700e+01 1.02071662e+02 1.84750736e+01 -3.05805600e+01 1.02064462e+02 0.00000000e+00 -3.04847600e+01 1.13487834e+02 1.84937043e+01 -2.81101500e+01 1.13482188e+02 0.00000000e+00 -2.80223200e+01 1.13572928e+02 1.84747057e+01 -3.01076700e+01 1.13565896e+02 0.00000000e+00 -3.00199700e+01 1.24981397e+02 1.84921268e+01 -2.76049600e+01 1.24975959e+02 0.00000000e+00 -2.75249300e+01 1.25071916e+02 1.84748117e+01 -2.96023500e+01 1.25065165e+02 0.00000000e+00 -2.95224300e+01 1.36472953e+02 1.84909911e+01 -2.70696400e+01 1.36467757e+02 0.00000000e+00 -2.69968900e+01 1.36568542e+02 1.84752478e+01 -2.90668800e+01 1.36562138e+02 0.00000000e+00 -2.89942300e+01 1.47962418e+02 1.84901918e+01 -2.65060400e+01 1.47957473e+02 0.00000000e+00 -2.64399200e+01 1.48062784e+02 1.84758782e+01 -2.85031300e+01 1.48056754e+02 0.00000000e+00 -2.84370900e+01 1.59449797e+02 1.84896231e+01 -2.59158000e+01 1.59445104e+02 0.00000000e+00 -2.58555800e+01 1.59554669e+02 1.84765853e+01 -2.79127200e+01 1.59549014e+02 0.00000000e+00 -2.78525800e+01 1.70935182e+02 1.84891830e+01 -2.53004800e+01 1.70930741e+02 0.00000000e+00 -2.52455100e+01 1.71044275e+02 1.84772769e+01 -2.72972400e+01 1.71038980e+02 0.00000000e+00 -2.72423300e+01 1.82418755e+02 1.84887760e+01 -2.46619000e+01 1.82414578e+02 0.00000000e+00 -2.46116400e+01 1.82531725e+02 1.84778861e+01 -2.66584900e+01 1.82526771e+02 0.00000000e+00 -2.66082800e+01 1.93900797e+02 1.84883217e+01 -2.40023200e+01 1.93896894e+02 0.00000000e+00 -2.39563900e+01 1.94017199e+02 1.84783698e+01 -2.59987500e+01 1.94012567e+02 0.00000000e+00 -2.59528800e+01 2.05381678e+02 1.84877734e+01 -2.33246600e+01 2.05378039e+02 0.00000000e+00 -2.32828400e+01 2.05500931e+02 1.84787063e+01 -2.53209500e+01 2.05496602e+02 0.00000000e+00 -2.52791800e+01 2.16861821e+02 1.84871374e+01 -2.26326300e+01 2.16858385e+02 0.00000000e+00 -2.25946000e+01 2.16983217e+02 1.84788891e+01 -2.46288100e+01 2.16979160e+02 0.00000000e+00 -2.45908400e+01 2.28341624e+02 1.84864741e+01 -2.19304940e+01 2.28338269e+02 0.00000000e+00 -2.18956790e+01 2.28464384e+02 1.84789171e+01 -2.39266230e+01 2.28460545e+02 0.00000000e+00 -2.38918500e+01 2.39821347e+02 1.84858702e+01 -2.12225290e+01 2.39817921e+02 0.00000000e+00 -2.11899020e+01 2.39944771e+02 1.84787797e+01 -2.32186400e+01 2.39941076e+02 0.00000000e+00 -2.31860440e+01 2.15381065e+01 1.84632884e+01 -3.46730800e+01 2.15356339e+01 0.00000000e+00 -3.45424800e+01 3.30583702e+01 1.84608468e+01 -3.45322900e+01 3.30544360e+01 0.00000000e+00 -3.44023600e+01 4.45781177e+01 1.84582328e+01 -3.43332400e+01 4.45727317e+01 0.00000000e+00 -3.42053900e+01 5.60967727e+01 1.84559440e+01 -3.40781400e+01 5.60901103e+01 0.00000000e+00 -3.39541700e+01 6.76137640e+01 1.84543146e+01 -3.37705900e+01 6.76061120e+01 0.00000000e+00 -3.36522500e+01 7.91286270e+01 1.84535075e+01 -3.34151100e+01 7.91203380e+01 0.00000000e+00 -3.33037000e+01 9.06410600e+01 1.84535361e+01 -3.30163800e+01 9.06324690e+01 0.00000000e+00 -3.29127000e+01 1.02150890e+02 1.84543209e+01 -3.25786800e+01 1.02142278e+02 0.00000000e+00 -3.24830800e+01 1.13658028e+02 1.84557017e+01 -3.21056300e+01 1.13649613e+02 0.00000000e+00 -3.20181000e+01 1.25162440e+02 1.84574919e+01 -3.16001200e+01 1.25154380e+02 0.00000000e+00 -3.15203600e+01 1.36664138e+02 1.84595009e+01 -3.10644500e+01 1.36656528e+02 0.00000000e+00 -3.09919500e+01 1.48163156e+02 1.84615618e+01 -3.05005100e+01 1.48156043e+02 0.00000000e+00 -3.04346000e+01 1.59659548e+02 1.84635455e+01 -2.99098900e+01 1.59652932e+02 0.00000000e+00 -2.98498700e+01 1.71153374e+02 1.84653695e+01 -2.92942200e+01 1.71147226e+02 0.00000000e+00 -2.92394100e+01 1.82644702e+02 1.84669953e+01 -2.86552900e+01 1.82638973e+02 0.00000000e+00 -2.86051700e+01 1.94133607e+02 1.84684174e+01 -2.79953800e+01 1.94128248e+02 0.00000000e+00 -2.79496000e+01 2.05620192e+02 1.84696388e+01 -2.73174600e+01 2.05615174e+02 0.00000000e+00 -2.72757700e+01 2.17104620e+02 1.84706404e+01 -2.66252400e+01 2.17099942e+02 0.00000000e+00 -2.65873300e+01 2.28587155e+02 1.84713597e+01 -2.59230170e+01 2.28582834e+02 0.00000000e+00 -2.58882960e+01 2.40068206e+02 1.84716883e+01 -2.52150330e+01 2.40064242e+02 0.00000000e+00 -2.51824720e+01 2.15056800e+01 3.40044182e+01 -3.09906300e+01 2.15251010e+01 3.39515178e+01 -3.29882200e+01 3.30081127e+01 3.39990276e+01 -3.08474700e+01 3.30383759e+01 3.39466016e+01 -3.28450700e+01 4.45099788e+01 3.39921837e+01 -3.06419200e+01 4.45510610e+01 3.39410069e+01 -3.26395100e+01 5.60112360e+01 3.39846146e+01 -3.03756000e+01 5.60626033e+01 3.39355152e+01 -3.23731700e+01 6.75117103e+01 3.39770407e+01 -3.00527700e+01 6.75724298e+01 3.39306969e+01 -3.20502900e+01 7.90112082e+01 3.39700571e+01 -2.96791800e+01 7.90802201e+01 3.39269234e+01 -3.16766600e+01 9.05094668e+01 3.39641144e+01 -2.92608600e+01 9.05857574e+01 3.39244179e+01 -3.12582800e+01 1.02006187e+02 3.39593677e+01 -2.88032100e+01 1.02088901e+02 3.39231343e+01 -3.08005600e+01 1.13501117e+02 3.39557788e+01 -2.83106600e+01 1.13589567e+02 3.39229034e+01 -3.03079300e+01 1.24994093e+02 3.39531930e+01 -2.77867400e+01 1.25087739e+02 3.39234681e+01 -2.97839100e+01 1.36485023e+02 3.39514178e+01 -2.72342200e+01 1.36583443e+02 3.39245616e+01 -2.92312700e+01 1.47973878e+02 3.39502507e+01 -2.66552500e+01 1.48076743e+02 3.39259366e+01 -2.86521700e+01 1.59460684e+02 3.39495023e+01 -2.60515300e+01 1.59567725e+02 3.39273902e+01 -2.80483100e+01 1.70945520e+02 3.39489949e+01 -2.54245400e+01 1.71056493e+02 3.39287671e+01 -2.74211700e+01 1.82428534e+02 3.39485570e+01 -2.47757300e+01 1.82543173e+02 3.39299561e+01 -2.67722000e+01 1.93909969e+02 3.39480212e+01 -2.41068300e+01 1.94027929e+02 3.39308852e+01 -2.61031500e+01 2.05390217e+02 3.39472521e+01 -2.34203100e+01 2.05510980e+02 3.39315177e+01 -2.54165000e+01 2.16869815e+02 3.39462126e+01 -2.27197900e+01 2.16992636e+02 3.39318485e+01 -2.47158700e+01 2.28349361e+02 3.39450219e+01 -2.20101700e+01 2.28473276e+02 3.39318924e+01 -2.40062000e+01 2.39829269e+02 3.39439217e+01 -2.12970090e+01 2.39953317e+02 3.39316532e+01 -2.32930510e+01 2.15445139e+01 3.38986138e+01 -3.49864100e+01 3.30686264e+01 3.38941630e+01 -3.48432300e+01 4.45921271e+01 3.38898189e+01 -3.46376100e+01 5.61139580e+01 3.38864032e+01 -3.43712100e+01 6.76331390e+01 3.38843332e+01 -3.40482700e+01 7.91492220e+01 3.38837739e+01 -3.36745600e+01 9.06620450e+01 3.38847130e+01 -3.32560800e+01 1.02171613e+02 3.38868911e+01 -3.27982500e+01 1.13678018e+02 3.38900194e+01 -3.23054800e+01 1.25181386e+02 3.38937362e+01 -3.17813100e+01 1.36681865e+02 3.38977001e+01 -3.12285200e+01 1.48179609e+02 3.39016187e+01 -3.06492500e+01 1.59674767e+02 3.39052756e+01 -3.00452300e+01 1.71167466e+02 3.39085375e+01 -2.94179200e+01 1.82657814e+02 3.39113539e+01 -2.87687900e+01 1.94145889e+02 3.39137480e+01 -2.80996000e+01 2.05631748e+02 3.39157820e+01 -2.74128300e+01 2.17115460e+02 3.39174830e+01 -2.67121400e+01 2.28597201e+02 3.39187617e+01 -2.60024700e+01 2.40077374e+02 3.39193847e+01 -2.52893670e+01 2.15148863e+01 4.69493678e+01 -3.14051000e+01 2.15345042e+01 4.68743595e+01 -3.34017000e+01 3.30209596e+01 4.69412590e+01 -3.12569000e+01 3.30526886e+01 4.68673054e+01 -3.32536000e+01 4.45254608e+01 4.69311138e+01 -3.10385000e+01 4.45694682e+01 4.68598445e+01 -3.30353000e+01 5.60285017e+01 4.69201552e+01 -3.07518100e+01 5.60839073e+01 4.68530419e+01 -3.27487200e+01 6.75300556e+01 4.69095646e+01 -3.04037200e+01 6.75954399e+01 4.68474541e+01 -3.24007000e+01 7.90298282e+01 4.69001331e+01 -3.00024000e+01 7.91037540e+01 4.68433330e+01 -3.19994400e+01 9.05277523e+01 4.68922692e+01 -2.95556500e+01 9.06089580e+01 4.68407854e+01 -3.15527100e+01 1.02023779e+02 4.68862143e+01 -2.90700800e+01 1.02111238e+02 4.68398801e+01 -3.10671300e+01 1.13517840e+02 4.68818213e+01 -2.85510500e+01 1.13610720e+02 4.68403009e+01 -3.05480700e+01 1.25009883e+02 4.68788300e+01 -2.80027700e+01 1.25107548e+02 4.68416837e+01 -2.99997200e+01 1.36499918e+02 4.68769300e+01 -2.74284500e+01 1.36601879e+02 4.68436469e+01 -2.94253300e+01 1.47987974e+02 4.68758341e+01 -2.68305100e+01 1.48093879e+02 4.68458680e+01 -2.88272800e+01 1.59474101e+02 4.68752896e+01 -2.62107100e+01 1.59583688e+02 4.68480933e+01 -2.82073600e+01 1.70958355e+02 4.68750763e+01 -2.55703100e+01 1.71071435e+02 4.68501366e+01 -2.75668300e+01 1.82440820e+02 4.68749853e+01 -2.49103400e+01 1.82557228e+02 4.68518674e+01 -2.69067100e+01 1.93921632e+02 4.68747885e+01 -2.42317500e+01 1.94041187e+02 4.68531985e+01 -2.62279800e+01 2.05401102e+02 4.68742246e+01 -2.35360000e+01 2.05523471e+02 4.68540811e+01 -2.55320800e+01 2.16879863e+02 4.68730947e+01 -2.28259700e+01 2.17004364e+02 4.68545097e+01 -2.48219400e+01 2.28358879e+02 4.68714974e+01 -2.21070700e+01 2.28484309e+02 4.68545294e+01 -2.41029800e+01 2.39838980e+02 4.68699142e+01 -2.13869980e+01 2.39963871e+02 4.68542033e+01 -2.33829530e+01 2.15540940e+01 4.67994211e+01 -3.53989000e+01 3.30843734e+01 4.67934379e+01 -3.52508000e+01 4.46134550e+01 4.67886515e+01 -3.50325000e+01 5.61392830e+01 4.67859838e+01 -3.47459600e+01 6.76608150e+01 4.67853830e+01 -3.43979700e+01 7.91776620e+01 4.67865399e+01 -3.39967100e+01 9.06901520e+01 4.67892936e+01 -3.35499500e+01 1.02198684e+02 4.67935446e+01 -3.30643100e+01 1.13703594e+02 4.67987796e+01 -3.25451700e+01 1.25205203e+02 4.68045380e+01 -3.19967300e+01 1.36703835e+02 4.68103656e+01 -3.14222100e+01 1.48199775e+02 4.68159047e+01 -3.08240500e+01 1.59693269e+02 4.68209005e+01 -3.02039900e+01 1.71184506e+02 4.68252009e+01 -2.95633300e+01 1.82673631e+02 4.68287536e+01 -2.89030700e+01 1.94160735e+02 4.68316124e+01 -2.82242200e+01 2.05645839e+02 4.68339408e+01 -2.75282200e+01 2.17128864e+02 4.68359271e+01 -2.68180300e+01 2.28609749e+02 4.68375620e+01 -2.60991100e+01 2.40088773e+02 4.68384904e+01 -2.53791870e+01 2.15276597e+01 5.77703173e+01 -3.18686000e+01 2.15475872e+01 5.76742459e+01 -3.38641000e+01 3.30372558e+01 5.77592645e+01 -3.17116000e+01 3.30716665e+01 5.76653924e+01 -3.37073000e+01 4.45441713e+01 5.77459242e+01 -3.14714000e+01 4.45929663e+01 5.76573570e+01 -3.34673000e+01 5.60486616e+01 5.77319231e+01 -3.11535000e+01 5.61100390e+01 5.76506380e+01 -3.31497000e+01 6.75507969e+01 5.77188231e+01 -3.07700000e+01 6.76224130e+01 5.76455392e+01 -3.27664700e+01 7.90504750e+01 5.77076687e+01 -3.03330400e+01 7.91304980e+01 5.76421979e+01 -3.23297100e+01 9.05475940e+01 5.76986831e+01 -2.98521000e+01 9.06345630e+01 5.76404841e+01 -3.18488800e+01 1.02042428e+02 5.76919297e+01 -2.93344900e+01 1.02135233e+02 5.76404076e+01 -3.13313200e+01 1.13535228e+02 5.76873327e+01 -2.87861600e+01 1.13632931e+02 5.76418196e+01 -3.07830000e+01 1.25026066e+02 5.76844365e+01 -2.82117600e+01 1.25127975e+02 5.76441995e+01 -3.02085700e+01 1.36515050e+02 5.76828244e+01 -2.76147800e+01 1.36620639e+02 5.76470998e+01 -2.96115300e+01 1.48002246e+02 5.76821268e+01 -2.69977100e+01 1.48111168e+02 5.76501547e+01 -2.89943800e+01 1.59487724e+02 5.76820457e+01 -2.63622300e+01 1.59599735e+02 5.76530927e+01 -2.83588000e+01 1.70971512e+02 5.76823497e+01 -2.57094200e+01 1.71086477e+02 5.76557248e+01 -2.77058800e+01 1.82453624e+02 5.76828361e+01 -2.50398800e+01 1.82571468e+02 5.76579219e+01 -2.70362100e+01 1.93934056e+02 5.76832806e+01 -2.43538500e+01 1.94054765e+02 5.76595937e+01 -2.63500300e+01 2.05412888e+02 5.76833529e+01 -2.36514500e+01 2.05536418e+02 5.76606771e+01 -2.56474800e+01 2.16890615e+02 5.76825711e+01 -2.29337800e+01 2.17016600e+02 5.76611488e+01 -2.49296600e+01 2.28368652e+02 5.76807200e+01 -2.22056400e+01 2.28495772e+02 5.76610688e+01 -2.42014200e+01 2.39848749e+02 5.76785286e+01 -2.14773730e+01 2.39974733e+02 5.76606174e+01 -2.34732230e+01 2.15675050e+01 5.75782320e+01 -3.58600000e+01 3.31060120e+01 5.75715680e+01 -3.57032000e+01 4.46417460e+01 5.75688200e+01 -3.54634000e+01 5.61713590e+01 5.75693740e+01 -3.51461000e+01 6.76940190e+01 5.75722780e+01 -3.47629700e+01 7.92104900e+01 5.75767469e+01 -3.43263500e+01 9.07215170e+01 5.75822775e+01 -3.38455900e+01 1.02228006e+02 5.75888720e+01 -3.33280300e+01 1.13730623e+02 5.75962973e+01 -3.27796900e+01 1.25229862e+02 5.76039548e+01 -3.22052000e+01 1.36726217e+02 5.76113700e+01 -3.16080900e+01 1.48220070e+02 5.76181793e+01 -3.09908600e+01 1.59711735e+02 5.76241378e+01 -3.03551900e+01 1.71201425e+02 5.76290992e+01 -2.97021600e+01 1.82689301e+02 5.76330075e+01 -2.90323900e+01 1.94175459e+02 5.76359063e+01 -2.83461000e+01 2.05659942e+02 5.76379999e+01 -2.76434600e+01 2.17142579e+02 5.76397235e+01 -2.69255800e+01 2.28622900e+02 5.76414136e+01 -2.61974100e+01 2.40100730e+02 5.76427040e+01 -2.54693820e+01 2.15443973e+01 6.68157832e+01 -3.23522000e+01 2.15650231e+01 6.66985260e+01 -3.43462000e+01 3.30560244e+01 6.68010078e+01 -3.21796000e+01 3.30950050e+01 6.66884003e+01 -3.41740000e+01 4.45646842e+01 6.67844158e+01 -3.19053000e+01 4.46205970e+01 6.66814211e+01 -3.39003000e+01 5.60701240e+01 6.67680571e+01 -3.15440000e+01 5.61393470e+01 6.66768256e+01 -3.35396000e+01 6.75722948e+01 6.67531905e+01 -3.11163000e+01 6.76513480e+01 6.66733376e+01 -3.31124000e+01 7.90712044e+01 6.67410030e+01 -3.06383600e+01 7.91579820e+01 6.66714060e+01 -3.26347800e+01 9.05670658e+01 6.67316650e+01 -3.01204100e+01 9.06601310e+01 6.66711216e+01 -3.21170300e+01 1.02060329e+02 6.67248053e+01 -2.95697400e+01 1.02158534e+02 6.66721629e+01 -3.15664600e+01 1.13551581e+02 6.67204384e+01 -2.89923400e+01 1.13653988e+02 6.66746471e+01 -3.09890900e+01 1.25041079e+02 6.67180039e+01 -2.83928800e+01 1.25146996e+02 6.66780138e+01 -3.03896100e+01 1.36528969e+02 6.67169595e+01 -2.77748200e+01 1.36637880e+02 6.66817765e+01 -2.97715100e+01 1.48015333e+02 6.67168542e+01 -2.71404800e+01 1.48126936e+02 6.66855527e+01 -2.91371000e+01 1.59500258e+02 6.67173665e+01 -2.64913400e+01 1.59614334e+02 6.66890801e+01 -2.84878800e+01 1.70983740e+02 6.67182742e+01 -2.58282900e+01 1.71100201e+02 6.66921846e+01 -2.78247300e+01 1.82465745e+02 6.67194076e+01 -2.51516200e+01 1.82584569e+02 6.66947501e+01 -2.71479500e+01 1.93946147e+02 6.67205972e+01 -2.44611000e+01 1.94067438e+02 6.66966940e+01 -2.64573000e+01 2.05424780e+02 6.67215815e+01 -2.37558600e+01 2.05548733e+02 6.66979406e+01 -2.57519000e+01 2.16901583e+02 6.67217217e+01 -2.30345800e+01 2.17028425e+02 6.66984260e+01 -2.50304200e+01 2.28378011e+02 6.67200136e+01 -2.22990100e+01 2.28506813e+02 6.66981679e+01 -2.42946700e+01 2.39857522e+02 6.67169107e+01 -2.15613130e+01 2.39985011e+02 6.66974657e+01 -2.35570340e+01 2.15857018e+01 6.65814030e+01 -3.63404000e+01 3.31338930e+01 6.65759900e+01 -3.61683000e+01 4.46764790e+01 6.65786110e+01 -3.58951000e+01 5.62084850e+01 6.65857010e+01 -3.55350000e+01 6.77303790e+01 6.65935460e+01 -3.51082000e+01 7.92446950e+01 6.66018730e+01 -3.46308400e+01 9.07531880e+01 6.66106210e+01 -3.41132800e+01 1.02256684e+02 6.66195304e+01 -3.35627800e+01 1.13756380e+02 6.66288737e+01 -3.29854400e+01 1.25252873e+02 6.66380395e+01 -3.23859500e+01 1.36746774e+02 6.66466094e+01 -3.17678200e+01 1.48238507e+02 6.66542665e+01 -3.11333600e+01 1.59728395e+02 6.66608086e+01 -3.04840800e+01 1.71216633e+02 6.66661093e+01 -2.98208500e+01 1.82703378e+02 6.66701066e+01 -2.91440000e+01 1.94188702e+02 6.66728043e+01 -2.84532500e+01 2.05672674e+02 6.66743124e+01 -2.77477600e+01 2.17155249e+02 6.66751406e+01 -2.70262100e+01 2.28635625e+02 6.66763264e+01 -2.62905100e+01 2.40112513e+02 6.66780143e+01 -2.55531160e+01 2.15642240e+01 7.43774160e+01 -3.28388000e+01 2.15868254e+01 7.42382032e+01 -3.48307000e+01 3.30761593e+01 7.43571798e+01 -3.26389000e+01 3.31223240e+01 7.42274857e+01 -3.46320000e+01 4.45857013e+01 7.43376041e+01 -3.23160000e+01 4.46511400e+01 7.42238047e+01 -3.43101000e+01 5.60916436e+01 7.43196992e+01 -3.18999000e+01 5.61701800e+01 7.42228379e+01 -3.38951000e+01 6.75934530e+01 7.43040635e+01 -3.14223000e+01 6.76805110e+01 7.42220981e+01 -3.34181000e+01 7.90909153e+01 7.42915499e+01 -3.09015300e+01 7.91845400e+01 7.42218623e+01 -3.28978500e+01 9.05849684e+01 7.42823700e+01 -3.03468400e+01 9.06839440e+01 7.42230699e+01 -3.23434200e+01 1.02076424e+02 7.42759225e+01 -2.97646400e+01 1.02179682e+02 7.42253418e+01 -3.17613500e+01 1.13566031e+02 7.42720896e+01 -2.91605500e+01 1.13672671e+02 7.42287773e+01 -3.11573000e+01 1.25054173e+02 7.42703658e+01 -2.85388900e+01 1.25163582e+02 7.42329918e+01 -3.05356200e+01 1.36541014e+02 7.42700449e+01 -2.79027100e+01 1.36652740e+02 7.42374511e+01 -2.98993900e+01 1.48026636e+02 7.42706207e+01 -2.72539200e+01 1.48140450e+02 7.42417844e+01 -2.92505400e+01 1.59511130e+02 7.42717681e+01 -2.65937300e+01 1.59626838e+02 7.42457533e+01 -2.85902800e+01 1.70994454e+02 7.42732808e+01 -2.59228400e+01 1.71112009e+02 7.42492059e+01 -2.79192900e+01 1.82476551e+02 7.42750263e+01 -2.52413800e+01 1.82595943e+02 7.42520410e+01 -2.72377500e+01 1.93957212e+02 7.42769060e+01 -2.45489100e+01 1.94078618e+02 7.42541888e+01 -2.65451600e+01 2.05436176e+02 7.42787994e+01 -2.38441300e+01 2.05559853e+02 7.42555756e+01 -2.58402400e+01 2.16912729e+02 7.42802965e+01 -2.31242000e+01 2.17039427e+02 7.42560895e+01 -2.51201100e+01 2.28387089e+02 7.42797078e+01 -2.23854600e+01 2.28517171e+02 7.42556255e+01 -2.43810500e+01 2.39864609e+02 7.42753939e+01 -2.16371570e+01 2.39994300e+02 7.42544580e+01 -2.36327010e+01 2.16095890e+01 7.40992020e+01 -3.68229000e+01 3.31683230e+01 7.40980150e+01 -3.66245000e+01 4.47165740e+01 7.41101660e+01 -3.63035000e+01 5.62485580e+01 7.41261090e+01 -3.58895000e+01 6.77675410e+01 7.41401670e+01 -3.54133000e+01 7.92780590e+01 7.41521910e+01 -3.48934500e+01 9.07829010e+01 7.41637860e+01 -3.43392900e+01 1.02282853e+02 7.41747350e+01 -3.37573800e+01 1.13779296e+02 7.41854429e+01 -3.31533900e+01 1.25272933e+02 7.41955992e+01 -3.25317400e+01 1.36764448e+02 7.42048424e+01 -3.18955100e+01 1.48254216e+02 7.42129363e+01 -3.12466300e+01 1.59742529e+02 7.42197291e+01 -3.05863400e+01 1.71229520e+02 7.42251236e+01 -2.99153100e+01 1.82715323e+02 7.42290496e+01 -2.92337100e+01 1.94199978e+02 7.42314665e+01 -2.85410500e+01 2.05683526e+02 7.42323463e+01 -2.78360500e+01 2.17166080e+02 7.42318739e+01 -2.71158100e+01 2.28647272e+02 7.42315308e+01 -2.63767500e+01 2.40123984e+02 7.42335079e+01 -2.56286870e+01 2.15852433e+01 8.06977950e+01 -3.33167000e+01 2.16122260e+01 8.05360143e+01 -3.53062000e+01 3.30967548e+01 8.06711451e+01 -3.30738000e+01 3.31530950e+01 8.05265911e+01 -3.50656000e+01 4.46064780e+01 8.06488519e+01 -3.26873000e+01 4.46835590e+01 8.05282479e+01 -3.46807000e+01 5.61126760e+01 8.06306369e+01 -3.22084000e+01 5.62012390e+01 8.05324396e+01 -3.42033000e+01 6.76134540e+01 8.06151771e+01 -3.16790000e+01 6.77084330e+01 8.05346713e+01 -3.36748000e+01 7.91090020e+01 8.06030176e+01 -3.11169000e+01 7.92091250e+01 8.05363611e+01 -3.31132000e+01 9.06007950e+01 8.05942891e+01 -3.05281000e+01 9.07051410e+01 8.05388060e+01 -3.25247400e+01 1.02090271e+02 8.05885718e+01 -2.99177100e+01 1.02197978e+02 8.05421790e+01 -3.19144600e+01 1.13578268e+02 8.05854962e+01 -2.92906200e+01 1.13688477e+02 8.05463724e+01 -3.12874000e+01 1.25065119e+02 8.05846057e+01 -2.86505000e+01 1.25177395e+02 8.05512366e+01 -3.06472500e+01 1.36551024e+02 8.05850575e+01 -2.79996200e+01 1.36665002e+02 8.05562045e+01 -2.99963200e+01 1.48036032e+02 8.05863276e+01 -2.73394200e+01 1.48151568e+02 8.05609318e+01 -2.93360600e+01 1.59520220e+02 8.05880974e+01 -2.66707900e+01 1.59637140e+02 8.05652091e+01 -2.86673600e+01 1.71003491e+02 8.05901728e+01 -2.59942500e+01 1.71121800e+02 8.05689036e+01 -2.79907400e+01 1.82485810e+02 8.05924488e+01 -2.53098600e+01 1.82605463e+02 8.05719281e+01 -2.73062800e+01 1.93966895e+02 8.05948891e+01 -2.46171900e+01 1.94088118e+02 8.05742202e+01 -2.66135100e+01 2.05446525e+02 8.05974918e+01 -2.39149200e+01 2.05569519e+02 8.05757185e+01 -2.59111300e+01 2.16923801e+02 8.06002748e+01 -2.32001300e+01 2.17049398e+02 8.05763105e+01 -2.51961900e+01 2.28396836e+02 8.06020127e+01 -2.24651100e+01 2.28526912e+02 8.05757085e+01 -2.44607600e+01 2.39869804e+02 8.05976473e+01 -2.17070030e+01 2.40002651e+02 8.05739335e+01 -2.37022690e+01 2.16394910e+01 8.03743710e+01 -3.72962000e+01 3.32092130e+01 8.03824490e+01 -3.70562000e+01 4.47606460e+01 8.04080140e+01 -3.66727000e+01 5.62895350e+01 8.04344850e+01 -3.61968000e+01 6.78033910e+01 8.04543840e+01 -3.56694000e+01 7.93090720e+01 8.04698200e+01 -3.51084000e+01 9.08094720e+01 8.04834450e+01 -3.45203100e+01 1.02305574e+02 8.04958590e+01 -3.39102700e+01 1.13798668e+02 8.05073063e+01 -3.32833000e+01 1.25289593e+02 8.05179230e+01 -3.26432000e+01 1.36778961e+02 8.05274014e+01 -3.19923000e+01 1.48267037e+02 8.05355817e+01 -3.13320300e+01 1.59754049e+02 8.05423624e+01 -3.06633200e+01 1.71240039e+02 8.05476732e+01 -2.99866800e+01 1.82725123e+02 8.05514440e+01 -2.93021800e+01 1.94209253e+02 8.05535878e+01 -2.86093700e+01 2.05692545e+02 8.05539818e+01 -2.79069100e+01 2.17174881e+02 8.05523878e+01 -2.71918600e+01 2.28657062e+02 8.05494313e+01 -2.64563200e+01 2.40135419e+02 8.05502092e+01 -2.56981290e+01 2.16060490e+01 8.59796724e+01 -3.37768000e+01 2.16406790e+01 8.57951194e+01 -3.57638000e+01 3.31171800e+01 8.59462694e+01 -3.34725000e+01 3.31866860e+01 8.57902734e+01 -3.54631000e+01 4.46268770e+01 8.59223072e+01 -3.30099000e+01 4.47168270e+01 8.57994168e+01 -3.50027000e+01 5.61329080e+01 8.59048515e+01 -3.24647000e+01 5.62313140e+01 8.58092632e+01 -3.44594000e+01 6.76321050e+01 8.58904912e+01 -3.18857000e+01 6.77343920e+01 8.58145684e+01 -3.38815000e+01 7.91250500e+01 8.58790604e+01 -3.12858000e+01 7.92309690e+01 8.58178696e+01 -3.32822000e+01 9.06143620e+01 8.58710382e+01 -3.06670600e+01 9.07233230e+01 8.58213051e+01 -3.26638200e+01 1.02101825e+02 8.58661876e+01 -3.00327600e+01 1.02213213e+02 8.58254469e+01 -3.20296100e+01 1.13588321e+02 8.58640258e+01 -2.93869000e+01 1.13701381e+02 8.58301819e+01 -3.13837600e+01 1.25074004e+02 8.58639977e+01 -2.87321600e+01 1.25188515e+02 8.58354828e+01 -3.07289700e+01 1.36559130e+02 8.58652137e+01 -2.80699300e+01 1.36674816e+02 8.58407756e+01 -3.00666700e+01 1.48043662e+02 8.58671612e+01 -2.74011300e+01 1.48160466e+02 8.58457528e+01 -2.93978100e+01 1.59527650e+02 8.58695228e+01 -2.67263800e+01 1.59645414e+02 8.58502248e+01 -2.87229900e+01 1.71010946e+02 8.58721122e+01 -2.60460000e+01 1.71129732e+02 8.58540744e+01 -2.80425400e+01 1.82493539e+02 8.58748361e+01 -2.53600400e+01 1.82613242e+02 8.58572233e+01 -2.73565200e+01 1.93975112e+02 8.58777009e+01 -2.46681600e+01 1.94096005e+02 8.58596170e+01 -2.66645600e+01 2.05455539e+02 8.58807728e+01 -2.39693400e+01 2.05577642e+02 8.58611881e+01 -2.59656700e+01 2.16933988e+02 8.58843699e+01 -2.32612000e+01 2.17058177e+02 8.58618796e+01 -2.52574000e+01 2.28408119e+02 8.58886327e+01 -2.25363500e+01 2.28536103e+02 8.58613196e+01 -2.45322700e+01 2.39874776e+02 8.58878578e+01 -2.17764490e+01 2.40010723e+02 8.58588523e+01 -2.37715380e+01 2.16757860e+01 8.56110910e+01 -3.77512000e+01 3.32558550e+01 8.56347680e+01 -3.74518000e+01 4.48067820e+01 8.56767300e+01 -3.69936000e+01 5.63293840e+01 8.57136510e+01 -3.64523000e+01 6.78366420e+01 8.57386190e+01 -3.58757000e+01 7.93366330e+01 8.57566040e+01 -3.52772000e+01 9.08322500e+01 8.57714960e+01 -3.46591600e+01 1.02324468e+02 8.57845926e+01 -3.40252600e+01 1.13814427e+02 8.57962157e+01 -3.33795400e+01 1.25302937e+02 8.58068676e+01 -3.27248100e+01 1.36790491e+02 8.58162491e+01 -3.20625500e+01 1.48277190e+02 8.58242682e+01 -3.13937000e+01 1.59763186e+02 8.58308602e+01 -3.07188800e+01 1.71248421e+02 8.58359782e+01 -3.00384400e+01 1.82732995e+02 8.58395572e+01 -2.93524000e+01 1.94216746e+02 8.58414846e+01 -2.86604200e+01 2.05699884e+02 8.58415531e+01 -2.79614600e+01 2.17182100e+02 8.58393448e+01 -2.72531100e+01 2.28664352e+02 8.58339345e+01 -2.65277900e+01 2.40146274e+02 8.58298514e+01 -2.57670870e+01 2.16254330e+01 9.03918297e+01 -3.42114000e+01 2.16717720e+01 9.01859070e+01 -3.61955000e+01 3.31371920e+01 9.03526338e+01 -3.38268000e+01 3.32225540e+01 9.01892580e+01 -3.58164000e+01 4.46471050e+01 9.03282346e+01 -3.32800000e+01 4.47505440e+01 9.02070985e+01 -3.52724000e+01 5.61524910e+01 9.03130465e+01 -3.26700000e+01 5.62601770e+01 9.02226055e+01 -3.46649000e+01 6.76490670e+01 9.03003026e+01 -3.20462000e+01 6.77579300e+01 9.02307190e+01 -3.40423000e+01 7.91388320e+01 9.02898013e+01 -3.14135000e+01 7.92498120e+01 9.02352549e+01 -3.34101000e+01 9.06256430e+01 9.02825965e+01 -3.07695600e+01 9.07385000e+01 9.02393414e+01 -3.27665100e+01 1.02111206e+02 9.02787043e+01 -3.01159800e+01 1.02225575e+02 9.02439035e+01 -3.21129700e+01 1.13596311e+02 9.02774914e+01 -2.94555300e+01 1.13711620e+02 9.02490027e+01 -3.14524900e+01 1.25081009e+02 9.02782594e+01 -2.87896300e+01 1.25197267e+02 9.02545788e+01 -3.07865200e+01 1.36565534e+02 9.02801813e+01 -2.81189400e+01 1.36682522e+02 9.02600754e+01 -3.01157500e+01 1.48049713e+02 9.02827511e+01 -2.74439700e+01 1.48167465e+02 9.02652131e+01 -2.94406900e+01 1.59533597e+02 9.02856499e+01 -2.67649900e+01 1.59651973e+02 9.02698137e+01 -2.87616500e+01 1.71016959e+02 9.02886905e+01 -2.60821900e+01 1.71136067e+02 9.02737682e+01 -2.80787800e+01 1.82499852e+02 9.02917872e+01 -2.53955800e+01 1.82619535e+02 9.02770069e+01 -2.73921200e+01 1.93981861e+02 9.02949528e+01 -2.47049600e+01 1.94102443e+02 9.02794730e+01 -2.67014400e+01 2.05463165e+02 9.02983028e+01 -2.40097200e+01 2.05584389e+02 9.02810999e+01 -2.60061700e+01 2.16942604e+02 9.03022305e+01 -2.33082300e+01 2.17065582e+02 9.02818314e+01 -2.53045900e+01 2.28419805e+02 9.03079536e+01 -2.25957700e+01 2.28544543e+02 9.02814640e+01 -2.45920200e+01 2.39883715e+02 9.03133049e+01 -2.18481720e+01 2.40019502e+02 9.02785809e+01 -2.38435980e+01 2.17192250e+01 8.99798730e+01 -3.81801000e+01 3.33073580e+01 9.00271900e+01 -3.78031000e+01 4.48539330e+01 9.00869280e+01 -3.72622000e+01 5.63674060e+01 9.01329160e+01 -3.66572000e+01 6.78667330e+01 9.01616760e+01 -3.60361000e+01 7.93604670e+01 9.01811470e+01 -3.54048000e+01 9.08513180e+01 9.01964920e+01 -3.47616600e+01 1.02339761e+02 9.02094504e+01 -3.41085200e+01 1.13826899e+02 9.02208072e+01 -3.34481800e+01 1.25313393e+02 9.02311663e+01 -3.27822700e+01 1.36799475e+02 9.02402054e+01 -3.21115500e+01 1.48285093e+02 9.02478855e+01 -3.14365200e+01 1.59770335e+02 9.02541650e+01 -3.07574900e+01 1.71255024e+02 9.02590159e+01 -3.00746400e+01 1.82739268e+02 9.02623841e+01 -2.93879800e+01 1.94222774e+02 9.02641447e+01 -2.86973000e+01 2.05705816e+02 9.02640506e+01 -2.80019800e+01 2.17188036e+02 9.02615970e+01 -2.73003100e+01 2.28669911e+02 9.02551986e+01 -2.65876600e+01 2.40154270e+02 9.02439830e+01 -2.58383360e+01 2.42745920e+02 1.00053812e+02 1.50781990e+01 2.42560410e+02 1.00039128e+02 1.82388840e+01 2.42747970e+02 9.80538842e+01 1.50690740e+01 2.42562170e+02 9.80391383e+01 1.82299660e+01 2.47738070e+02 1.00057270e+02 1.53762550e+01 2.47552470e+02 1.00041540e+02 1.85369700e+01 2.47739870e+02 9.80573558e+01 1.53664950e+01 2.47554100e+02 9.80415668e+01 1.85273600e+01 2.52730310e+02 1.00059998e+02 1.56732490e+01 2.52544610e+02 1.00043622e+02 1.88340490e+01 2.52731840e+02 9.80600975e+01 1.56631160e+01 2.52546100e+02 9.80436653e+01 1.88239790e+01 2.57722550e+02 1.00062040e+02 1.59691610e+01 2.57536750e+02 1.00045413e+02 1.91301010e+01 2.57723820e+02 9.80621425e+01 1.59589120e+01 2.57538110e+02 9.80454653e+01 1.91198000e+01 2.42750010e+02 9.60539380e+01 1.50599280e+01 2.42563980e+02 9.60392230e+01 1.82211480e+01 2.47741660e+02 9.60573992e+01 1.53567190e+01 2.47555770e+02 9.60416481e+01 1.85178440e+01 2.52733350e+02 9.60601275e+01 1.56529700e+01 2.52547630e+02 9.60437396e+01 1.88139910e+01 2.57725090e+02 9.60621511e+01 1.59486570e+01 2.57539500e+02 9.60455196e+01 1.91095610e+01 2.42931210e+02 1.00068630e+02 1.19172980e+01 2.42933700e+02 9.80687497e+01 1.19083230e+01 2.47923530e+02 1.00073018e+02 1.22153330e+01 2.47925600e+02 9.80731494e+01 1.22057890e+01 2.52915980e+02 1.00076228e+02 1.25122480e+01 2.52917590e+02 9.80763721e+01 1.25024240e+01 2.57908410e+02 1.00078305e+02 1.28080150e+01 2.57909590e+02 9.80784497e+01 1.27982030e+01 2.42936190e+02 9.60686936e+01 1.18993760e+01 2.47927680e+02 9.60730778e+01 1.21962730e+01 2.52919200e+02 9.60762854e+01 1.24926280e+01 2.57910780e+02 9.60783477e+01 1.27884150e+01 2.43116520e+02 1.00082881e+02 8.75596500e+00 2.43119390e+02 9.80830412e+01 8.74760000e+00 2.48109070e+02 1.00088085e+02 9.05400100e+00 2.48111330e+02 9.80882548e+01 9.04512600e+00 2.53101780e+02 1.00091616e+02 9.35084600e+00 2.53103370e+02 9.80917970e+01 9.34178000e+00 2.58094450e+02 1.00093517e+02 9.64646500e+00 2.58095420e+02 9.80936972e+01 9.63753100e+00 2.43122260e+02 9.60828846e+01 8.73924700e+00 2.48113590e+02 9.60880769e+01 9.03626600e+00 2.53104960e+02 9.60916023e+01 9.33273000e+00 2.58096390e+02 9.60934924e+01 9.62861100e+00 2.43301860e+02 1.00095878e+02 5.59436100e+00 2.43305050e+02 9.80960853e+01 5.58702500e+00 2.48294680e+02 1.00101792e+02 5.89242500e+00 2.48297060e+02 9.81020060e+01 5.88463400e+00 2.53287690e+02 1.00105484e+02 6.18920600e+00 2.53289170e+02 9.81057080e+01 6.18131100e+00 2.58280640e+02 1.00106998e+02 6.48465900e+00 2.58281290e+02 9.81072160e+01 6.47702000e+00 2.43308240e+02 9.60958244e+01 5.57970500e+00 2.48299430e+02 9.61017170e+01 5.87686000e+00 2.53290640e+02 9.61053990e+01 6.17343500e+00 2.58281930e+02 9.61069030e+01 6.46939800e+00 2.43487250e+02 1.00106940e+02 2.43246000e+00 2.43490700e+02 9.81071930e+01 2.42659600e+00 2.48480380e+02 1.00113470e+02 2.73058900e+00 2.48482790e+02 9.81137260e+01 2.72431100e+00 2.53473740e+02 1.00117163e+02 3.02731100e+00 2.53474990e+02 9.81174280e+01 3.02101700e+00 2.58467000e+02 1.00118065e+02 3.32257300e+00 2.58467190e+02 9.81183210e+01 3.31666300e+00 2.43494150e+02 9.61068230e+01 2.42074600e+00 2.48485200e+02 9.61133200e+01 2.71805200e+00 2.53476240e+02 9.61169990e+01 3.01474300e+00 2.58467380e+02 9.61178930e+01 3.31077200e+00 2.43672690e+02 1.00115354e+02 -7.29757000e-01 2.43676360e+02 9.81156580e+01 -7.33696000e-01 2.48666170e+02 1.00122427e+02 -4.31518000e-01 2.48668550e+02 9.81227300e+01 -4.35842000e-01 2.53659930e+02 1.00125959e+02 -1.34854000e-01 2.53660850e+02 9.81262690e+01 -1.39105000e-01 2.58653530e+02 1.00126008e+02 1.60174000e-01 2.58653130e+02 9.81263030e+01 1.56450000e-01 2.43680030e+02 9.61151740e+01 -7.37620000e-01 2.48670920e+02 9.61221990e+01 -4.40146000e-01 2.53661760e+02 9.61257110e+01 -1.43335000e-01 2.58652740e+02 9.61257530e+01 1.52748000e-01 2.42223500e+02 9.55685471e+01 2.40049850e+01 2.42213150e+02 9.40153958e+01 2.42033920e+01 2.42338190e+02 9.50581150e+01 2.20745100e+01 2.42331340e+02 9.40223537e+01 2.22068310e+01 2.47215530e+02 9.55688014e+01 2.43014460e+01 2.47205110e+02 9.40155575e+01 2.44992440e+01 2.47330070e+02 9.50591189e+01 2.23707770e+01 2.47323170e+02 9.40233038e+01 2.25026920e+01 2.52207640e+02 9.55692658e+01 2.45973980e+01 2.52197130e+02 9.40159265e+01 2.47947110e+01 2.52322000e+02 9.50601794e+01 2.26665810e+01 2.52315050e+02 9.40243176e+01 2.27981700e+01 2.57199750e+02 9.55699606e+01 2.48928240e+01 2.57189160e+02 9.40165222e+01 2.50897682e+01 2.57313940e+02 9.50613186e+01 2.29618907e+01 2.57306930e+02 9.40254182e+01 2.30932325e+01 2.42452800e+02 9.45476228e+01 2.01443180e+01 2.42449490e+02 9.40294794e+01 2.02105750e+01 2.47444530e+02 9.45493748e+01 2.04403870e+01 2.47441180e+02 9.40312134e+01 2.05064350e+01 2.52436300e+02 9.45510263e+01 2.07360280e+01 2.52432920e+02 9.40328612e+01 2.08019020e+01 2.57428070e+02 9.45526005e+01 2.10312019e+01 2.57424650e+02 9.40344469e+01 2.10969358e+01 2.42257380e+02 9.70175277e+01 2.34123110e+01 2.42360640e+02 9.60242756e+01 2.16793130e+01 2.47249450e+02 9.70180222e+01 2.37093250e+01 2.47352560e+02 9.60254349e+01 2.19759540e+01 2.52241610e+02 9.70186934e+01 2.40057030e+01 2.52344540e+02 9.60266215e+01 2.22720480e+01 2.57233760e+02 9.70195653e+01 2.43014260e+01 2.57336520e+02 9.60278585e+01 2.25675660e+01 2.42463870e+02 9.50310783e+01 1.99464890e+01 2.47455630e+02 9.50328982e+01 2.02427510e+01 2.52447440e+02 9.50345916e+01 2.05385480e+01 2.57439240e+02 9.50361803e+01 2.08338430e+01 2.42312370e+02 9.82636295e+01 2.24656080e+01 2.42397160e+02 9.68551849e+01 2.10481190e+01 2.47304470e+02 9.82644929e+01 2.27630870e+01 2.47389100e+02 9.68565863e+01 2.13450760e+01 2.52296640e+02 9.82654608e+01 2.30598010e+01 2.52381110e+02 9.68579601e+01 2.16414030e+01 2.57288810e+02 9.82665619e+01 2.33557360e+01 2.57373110e+02 9.68593308e+01 2.19370750e+01 2.42481940e+02 9.54468104e+01 1.96307650e+01 2.47473730e+02 9.54487425e+01 1.99271970e+01 2.52465560e+02 9.54505102e+01 2.02231270e+01 2.57457400e+02 9.54521347e+01 2.05185240e+01 2.42384680e+02 9.92222237e+01 2.12294820e+01 2.42445220e+02 9.74943500e+01 2.02239250e+01 2.47376770e+02 9.92235548e+01 2.15273050e+01 2.47437170e+02 9.74960602e+01 2.05211200e+01 2.52368940e+02 9.92248780e+01 2.18242520e+01 2.52429190e+02 9.74976624e+01 2.08176140e+01 2.57361110e+02 9.92262272e+01 2.21203060e+01 2.57421200e+02 9.74991830e+01 2.11133840e+01 2.42505780e+02 9.57665527e+01 1.92184740e+01 2.47497580e+02 9.57686317e+01 1.95150380e+01 2.52489440e+02 9.57704977e+01 1.98110740e+01 2.57481300e+02 9.57721715e+01 2.01065500e+01 2.42469320e+02 9.98278039e+01 1.97878390e+01 2.42501510e+02 9.78981675e+01 1.92627500e+01 2.47461390e+02 9.98296650e+01 2.00858670e+01 2.47493460e+02 9.79002285e+01 1.95600920e+01 2.52453550e+02 9.98313703e+01 2.03829350e+01 2.52485470e+02 9.79020781e+01 1.98566820e+01 2.57445690e+02 9.98329583e+01 2.06790240e+01 2.57477490e+02 9.79037451e+01 2.01524970e+01 2.42533760e+02 9.59686997e+01 1.87376460e+01 2.47525570e+02 9.59709487e+01 1.90343000e+01 2.52517430e+02 9.59729274e+01 1.93304090e+01 2.57509300e+02 9.59746573e+01 1.96259440e+01 2.42276400e+02 1.84918806e+01 2.42352390e+01 2.42279170e+02 0.00000000e+00 2.42456790e+01 2.42380480e+02 1.84896653e+01 2.22380170e+01 2.42382320e+02 0.00000000e+00 2.22484170e+01 2.47267770e+02 1.84916679e+01 2.44963960e+01 2.47270560e+02 0.00000000e+00 2.45045860e+01 2.47372700e+02 1.84899367e+01 2.24992380e+01 2.47374630e+02 0.00000000e+00 2.25073920e+01 2.52259200e+02 1.84915440e+01 2.47595590e+01 2.52262020e+02 0.00000000e+00 2.47656580e+01 2.52364870e+02 1.84902636e+01 2.27624630e+01 2.52366890e+02 0.00000000e+00 2.27685290e+01 2.57250700e+02 1.84915155e+01 2.50244688e+01 2.57253540e+02 0.00000000e+00 2.50286317e+01 2.57357020e+02 1.84906559e+01 2.30274368e+01 2.57359110e+02 0.00000000e+00 2.30315704e+01 2.42484570e+02 1.84874493e+01 2.02408610e+01 2.42485480e+02 0.00000000e+00 2.02512070e+01 2.47477630e+02 1.84882045e+01 2.05021510e+01 2.47478700e+02 0.00000000e+00 2.05102560e+01 2.52470560e+02 1.84889820e+01 2.07654420e+01 2.52471770e+02 0.00000000e+00 2.07714650e+01 2.57463340e+02 1.84897948e+01 2.10304757e+01 2.57464690e+02 0.00000000e+00 2.10345712e+01 2.42269920e+02 3.39546844e+01 2.42136430e+01 2.42376080e+02 3.39514290e+01 2.22165070e+01 2.47261230e+02 3.39543521e+01 2.44798400e+01 2.47368090e+02 3.39519110e+01 2.24827600e+01 2.52252600e+02 3.39541657e+01 2.47476960e+01 2.52360080e+02 3.39524853e+01 2.27506710e+01 2.57244040e+02 3.39541390e+01 2.50169727e+01 2.57352040e+02 3.39531692e+01 2.30200030e+01 2.42482250e+02 3.39481733e+01 2.02194730e+01 2.47474960e+02 3.39494691e+01 2.04857820e+01 2.52467560e+02 3.39508035e+01 2.07537480e+01 2.57460030e+02 3.39521973e+01 2.10231288e+01 2.42261730e+02 4.68842663e+01 2.41923880e+01 2.42370320e+02 4.68811167e+01 2.21953560e+01 2.47252960e+02 4.68838980e+01 2.44644810e+01 2.47362100e+02 4.68817531e+01 2.24674960e+01 2.52244260e+02 4.68837031e+01 2.47378510e+01 2.52353860e+02 4.68824996e+01 2.27409120e+01 2.57235640e+02 4.68836989e+01 2.50122833e+01 2.57345620e+02 4.68833788e+01 2.30153898e+01 2.42478910e+02 4.68779651e+01 2.01984640e+01 2.47471240e+02 4.68796056e+01 2.04706490e+01 2.52463470e+02 4.68812930e+01 2.07441050e+01 2.57455600e+02 4.68830551e+01 2.10186200e+01 2.42253050e+02 5.76954503e+01 2.41772630e+01 2.42363970e+02 5.76932154e+01 2.21803340e+01 2.47244230e+02 5.76951115e+01 2.44550200e+01 2.47355550e+02 5.76939614e+01 2.24581300e+01 2.52235470e+02 5.76949498e+01 2.47337070e+01 2.52347130e+02 5.76948210e+01 2.27368550e+01 2.57226790e+02 5.76949847e+01 2.50131396e+01 2.57338710e+02 5.76958195e+01 2.30163248e+01 2.42474890e+02 5.76909820e+01 2.01835820e+01 2.47466870e+02 5.76928121e+01 2.04614120e+01 2.52458790e+02 5.76946920e+01 2.07401660e+01 2.57450620e+02 5.76966527e+01 2.10196596e+01 2.42244610e+02 6.67354531e+01 2.41697470e+01 2.42357550e+02 6.67346062e+01 2.21729130e+01 2.47235780e+02 6.67351883e+01 2.44524290e+01 2.47349010e+02 6.67354291e+01 2.24556290e+01 2.52227000e+02 6.67350913e+01 2.47357600e+01 2.52340460e+02 6.67363593e+01 2.27389910e+01 2.57218300e+02 6.67351811e+01 2.50195852e+01 2.57331910e+02 6.67374231e+01 2.30228451e+01 2.42470490e+02 6.67337563e+01 2.01762890e+01 2.47462230e+02 6.67356662e+01 2.04590270e+01 2.52453910e+02 6.67376231e+01 2.07424080e+01 2.57445520e+02 6.67396603e+01 2.10262762e+01 2.42236780e+02 7.42944836e+01 2.41690590e+01 2.42351380e+02 7.42952320e+01 2.21723090e+01 2.47227990e+02 7.42943173e+01 2.44557820e+01 2.47342780e+02 7.42961085e+01 2.24590590e+01 2.52219250e+02 7.42943057e+01 2.47429280e+01 2.52334180e+02 7.42970809e+01 2.27462320e+01 2.57210570e+02 7.42944662e+01 2.50303764e+01 2.57325590e+02 7.42981760e+01 2.30337041e+01 2.42465970e+02 7.42959878e+01 2.01757970e+01 2.47457550e+02 7.42979063e+01 2.04625630e+01 2.52449100e+02 7.42998614e+01 2.07497460e+01 2.57440600e+02 7.43018887e+01 2.10372213e+01 2.42229700e+02 8.06151075e+01 2.41736000e+01 2.42345620e+02 8.06175225e+01 2.21769200e+01 2.47221010e+02 8.06150468e+01 2.44635240e+01 2.47337030e+02 8.06184353e+01 2.24668680e+01 2.52212370e+02 8.06151331e+01 2.47536790e+01 2.52328460e+02 8.06194303e+01 2.27570440e+01 2.57203770e+02 8.06153825e+01 2.50439749e+01 2.57319900e+02 8.06205345e+01 2.30473590e+01 2.42461520e+02 8.06199277e+01 2.01805040e+01 2.47453040e+02 8.06218139e+01 2.04704600e+01 2.52444540e+02 8.06237178e+01 2.07606400e+01 2.57436010e+02 8.06256771e+01 2.10509497e+01 2.42223400e+02 8.59004320e+01 2.41817100e+01 2.42340350e+02 8.59044536e+01 2.21850940e+01 2.47214890e+02 8.59004680e+01 2.44741240e+01 2.47331850e+02 8.59053897e+01 2.24775260e+01 2.52206410e+02 8.59006542e+01 2.47665810e+01 2.52323370e+02 8.59063963e+01 2.27700000e+01 2.57197960e+02 8.59010056e+01 2.50590230e+01 2.57314900e+02 8.59075004e+01 2.30624557e+01 2.42457280e+02 8.59085077e+01 2.01887630e+01 2.47448800e+02 8.59103425e+01 2.04811980e+01 2.52440320e+02 8.59121667e+01 2.07736700e+01 2.57431820e+02 8.59140179e+01 2.10661105e+01 2.42217820e+02 9.03198280e+01 2.41919880e+01 2.42335590e+02 9.03254547e+01 2.21954240e+01 2.47209530e+02 9.03199410e+01 2.44863310e+01 2.47327230e+02 9.03264013e+01 2.24897800e+01 2.52201290e+02 9.03202251e+01 2.47805180e+01 2.52318910e+02 9.03274098e+01 2.27839790e+01 2.57193070e+02 9.03206965e+01 2.50745108e+01 2.57310590e+02 9.03285054e+01 2.30779788e+01 2.42453350e+02 9.03310177e+01 2.01991750e+01 2.47444920e+02 9.03327999e+01 2.04935290e+01 2.52436520e+02 9.03345367e+01 2.07877180e+01 2.57428100e+02 9.03362632e+01 2.10816916e+01 2.44610387e+02 9.60867434e+01 -1.65154400e+01 2.44792288e+02 9.60493541e+01 -1.96557290e+01 2.44605573e+02 9.80898747e+01 -1.65309800e+01 2.44790691e+02 9.80572143e+01 -1.96873530e+01 2.49599425e+02 9.60965778e+01 -1.62158430e+01 2.49782639e+02 9.60580042e+01 -1.93503440e+01 2.49598265e+02 9.81008570e+01 -1.62309680e+01 2.49783554e+02 9.80693403e+01 -1.93853150e+01 2.54587588e+02 9.60951193e+01 -1.59181113e+01 2.54772774e+02 9.60561960e+01 -1.90563540e+01 2.54591055e+02 9.80989643e+01 -1.59343650e+01 2.54776745e+02 9.80644274e+01 -1.90901438e+01 2.59577692e+02 9.60848854e+01 -1.56234170e+01 2.59763540e+02 9.60472536e+01 -1.87705530e+01 2.59583413e+02 9.80872629e+01 -1.56413710e+01 2.59768957e+02 9.80502773e+01 -1.88003270e+01 2.44600254e+02 1.00089154e+02 -1.65469240e+01 2.44786640e+02 1.00055639e+02 -1.97148880e+01 2.49597188e+02 1.00100254e+02 -1.62461060e+01 2.49784028e+02 1.00067560e+02 -1.94131710e+01 2.54595072e+02 1.00098286e+02 -1.59510690e+01 2.54782302e+02 1.00062864e+02 -1.91188130e+01 2.59589434e+02 1.00086597e+02 -1.56600450e+01 2.59775088e+02 1.00049211e+02 -1.88281150e+01 2.44424359e+02 9.61065700e+01 -1.33639850e+01 2.44419553e+02 9.81078550e+01 -1.33728580e+01 2.49413939e+02 9.61158760e+01 -1.30656230e+01 2.49412252e+02 9.81175660e+01 -1.30737710e+01 2.54402925e+02 9.61161890e+01 -1.27679430e+01 2.54405060e+02 9.81179650e+01 -1.27769980e+01 2.59392854e+02 9.61087640e+01 -1.24716020e+01 2.59397431e+02 9.81101040e+01 -1.24827240e+01 2.44414773e+02 1.00107306e+02 -1.33818970e+01 2.49410644e+02 1.00117038e+02 -1.30820370e+01 2.54407325e+02 1.00117435e+02 -1.27861400e+01 2.59402088e+02 1.00109646e+02 -1.24937820e+01 2.44237900e+02 9.61168750e+01 -1.02086440e+01 2.44233616e+02 9.81176900e+01 -1.02135050e+01 2.49228035e+02 9.61254610e+01 -9.91064000e+00 2.49226171e+02 9.81263970e+01 -9.91491900e+00 2.54217809e+02 9.61271950e+01 -9.61332400e+00 2.54218855e+02 9.81281880e+01 -9.61811800e+00 2.59208014e+02 9.61225080e+01 -9.31698000e+00 2.59211262e+02 9.81234500e+01 -9.32319000e+00 2.44229278e+02 1.00117212e+02 -1.02182540e+01 2.49224283e+02 1.00125952e+02 -9.91908700e+00 2.54219889e+02 1.00127732e+02 -9.62279800e+00 2.59214511e+02 1.00123007e+02 -9.32930900e+00 2.44051831e+02 9.61209680e+01 -7.05237900e+00 2.44047787e+02 9.81217060e+01 -7.05374800e+00 2.49042287e+02 9.61289520e+01 -6.75452800e+00 2.49040198e+02 9.81297690e+01 -6.75548100e+00 2.54032557e+02 9.61315590e+01 -6.45742400e+00 2.54032739e+02 9.81324200e+01 -6.45868700e+00 2.59023086e+02 9.61289610e+01 -6.16123500e+00 2.59025148e+02 9.81297920e+01 -6.16346300e+00 2.44043727e+02 1.00121280e+02 -7.05512500e+00 2.49038099e+02 1.00129357e+02 -6.75642600e+00 2.54032916e+02 1.00132001e+02 -6.45993700e+00 2.59027219e+02 1.00129406e+02 -6.16567500e+00 2.43865900e+02 9.61201460e+01 -3.89534700e+00 2.43862050e+02 9.81207490e+01 -3.89382600e+00 2.48856600e+02 9.61276490e+01 -3.59768600e+00 2.48854340e+02 9.81283130e+01 -3.59579100e+00 2.53847210e+02 9.61308160e+01 -3.30074300e+00 2.53846760e+02 9.81315140e+01 -3.29902300e+00 2.58837980e+02 9.61297250e+01 -3.00461600e+00 2.58839110e+02 9.81304050e+01 -3.00360200e+00 2.43858190e+02 1.00120396e+02 -3.89228100e+00 2.48852070e+02 1.00127965e+02 -3.59386600e+00 2.53846300e+02 1.00131159e+02 -3.29727200e+00 2.58840250e+02 1.00130070e+02 -3.00255500e+00 2.44879414e+02 9.45366023e+01 -2.15242260e+01 2.44874697e+02 9.40173964e+01 -2.15776850e+01 2.45010617e+02 9.50133294e+01 -2.34654070e+01 2.45013273e+02 9.39733468e+01 -2.35729840e+01 2.49882712e+02 9.45392698e+01 -2.11718060e+01 2.49882517e+02 9.40168894e+01 -2.12073510e+01 2.50000285e+02 9.50213256e+01 -2.31119570e+01 2.50000379e+02 9.39765078e+01 -2.31764000e+01 2.54892352e+02 9.45437075e+01 -2.09218089e+01 2.54898387e+02 9.40242686e+01 -2.09749099e+01 2.54995267e+02 9.50166627e+01 -2.28651229e+01 2.55001396e+02 9.39768437e+01 -2.29711883e+01 2.59878473e+02 9.45355111e+01 -2.06587990e+01 2.59882680e+02 9.40167215e+01 -2.07152060e+01 2.59984671e+02 9.50140332e+01 -2.25980470e+01 2.59990109e+02 9.39757543e+01 -2.27122630e+01 2.45139902e+02 9.54828046e+01 -2.54064110e+01 2.45151718e+02 9.39272679e+01 -2.55745280e+01 2.50119276e+02 9.54892910e+01 -2.50714530e+01 2.50124817e+02 9.39366887e+01 -2.51551110e+01 2.55100535e+02 9.54852404e+01 -2.48090325e+01 2.55104700e+02 9.39290921e+01 -2.49735215e+01 2.60091087e+02 9.54914339e+01 -2.45363730e+01 2.60098142e+02 9.39341880e+01 -2.47077270e+01 2.44875610e+02 9.50230098e+01 -2.13397910e+01 2.44991262e+02 9.59886388e+01 -2.30933920e+01 2.49875370e+02 9.50290146e+01 -2.10066720e+01 2.49982768e+02 9.60001705e+01 -2.27746390e+01 2.54878584e+02 9.50303758e+01 -2.07377156e+01 2.54974042e+02 9.59921796e+01 -2.24944827e+01 2.59866934e+02 9.50212992e+01 -2.04700360e+01 2.59964410e+02 9.59873589e+01 -2.22191860e+01 2.45103143e+02 9.69460496e+01 -2.48449190e+01 2.50088538e+02 9.69535358e+01 -2.45375030e+01 2.55072531e+02 9.69487370e+01 -2.42477758e+01 2.60062195e+02 9.69517887e+01 -2.39679350e+01 2.44863719e+02 9.54429388e+01 -2.10374700e+01 2.44955594e+02 9.68326208e+01 -2.24806940e+01 2.49860290e+02 9.54518187e+01 -2.07190780e+01 2.49947646e+02 9.68441076e+01 -2.21719510e+01 2.54858194e+02 9.54503125e+01 -2.04358877e+01 2.54939205e+02 9.68367984e+01 -2.18823473e+01 2.59848407e+02 9.54406832e+01 -2.01622880e+01 2.59930075e+02 9.68290105e+01 -2.16015350e+01 2.45043492e+02 9.82140625e+01 -2.39235300e+01 2.50033278e+02 9.82224758e+01 -2.36191360e+01 2.55023482e+02 9.82173090e+01 -2.33266682e+01 2.60012513e+02 9.82149557e+01 -2.30399930e+01 2.44843945e+02 9.57672277e+01 -2.06361630e+01 2.44907314e+02 9.74867127e+01 -2.16697250e+01 2.49838208e+02 9.57769499e+01 -2.03245220e+01 2.49899845e+02 9.74984456e+01 -2.13642730e+01 2.54832920e+02 9.57744749e+01 -2.00351708e+01 2.54892589e+02 9.74919858e+01 -2.10719085e+01 2.59823838e+02 9.57649072e+01 -1.97571010e+01 2.59883951e+02 9.74809577e+01 -2.07869380e+01 2.44966921e+02 9.91971478e+01 -2.27028560e+01 2.49960654e+02 9.92072648e+01 -2.24003760e+01 2.54955228e+02 9.92013672e+01 -2.21065630e+01 2.59945154e+02 9.91939100e+01 -2.18158350e+01 2.44819422e+02 9.59738138e+01 -2.01646700e+01 2.44850947e+02 9.79051264e+01 -2.07165190e+01 2.49811534e+02 9.59829228e+01 -1.98566130e+01 2.49843808e+02 9.79175486e+01 -2.04131430e+01 2.54803869e+02 9.59807775e+01 -1.95644755e+01 2.54837202e+02 9.79115953e+01 -2.01190663e+01 2.59794828e+02 9.59718382e+01 -1.92823520e+01 2.59828995e+02 9.78978756e+01 -1.98312000e+01 2.44879079e+02 9.98258659e+01 -2.12665160e+01 2.49875503e+02 9.98372159e+01 -2.09646950e+01 2.54872977e+02 9.98315127e+01 -2.06704650e+01 2.59864178e+02 9.98199321e+01 -2.03788340e+01 2.44812502e+02 1.84856396e+01 -2.09137125e+01 2.44808980e+02 0.00000000e+00 -2.08816090e+01 2.44936065e+02 1.84786617e+01 -2.29098318e+01 2.44932403e+02 0.00000000e+00 -2.28777540e+01 2.49803642e+02 1.84854400e+01 -2.06046420e+01 2.49800000e+02 0.00000000e+00 -2.05727340e+01 2.49927277e+02 1.84785017e+01 -2.26007700e+01 2.49923629e+02 0.00000000e+00 -2.25688790e+01 2.54794752e+02 1.84852662e+01 -2.02954340e+01 2.54790969e+02 0.00000000e+00 -2.02633830e+01 2.54918430e+02 1.84782938e+01 -2.22915730e+01 2.54914776e+02 0.00000000e+00 -2.22595330e+01 2.59785811e+02 1.84851078e+01 -1.99861300e+01 2.59781875e+02 0.00000000e+00 -1.99536100e+01 2.59909529e+02 1.84780317e+01 -2.19822800e+01 2.59905851e+02 0.00000000e+00 -2.19497700e+01 2.45059637e+02 1.84716820e+01 -2.49062452e+01 2.45055836e+02 0.00000000e+00 -2.48741920e+01 2.50050925e+02 1.84715618e+01 -2.45971970e+01 2.50047272e+02 0.00000000e+00 -2.45653230e+01 2.55042118e+02 1.84713216e+01 -2.42880180e+01 2.55038592e+02 0.00000000e+00 -2.42559870e+01 2.60033260e+02 1.84709569e+01 -2.39787500e+01 2.60029837e+02 0.00000000e+00 -2.39462300e+01 2.44820668e+02 3.39435326e+01 -2.09870002e+01 2.44944532e+02 3.39314522e+01 -2.29830633e+01 2.49812131e+02 3.39432173e+01 -2.06775750e+01 2.49935719e+02 3.39311814e+01 -2.26736660e+01 2.54803613e+02 3.39429713e+01 -2.03688860e+01 2.54926896e+02 3.39308294e+01 -2.23650070e+01 2.59795069e+02 3.39427762e+01 -2.00609500e+01 2.59918067e+02 3.39303808e+01 -2.20571050e+01 2.45068407e+02 3.39193749e+01 -2.49794255e+01 2.50059322e+02 3.39191485e+01 -2.46700630e+01 2.55050191e+02 3.39186864e+01 -2.43614440e+01 2.60041077e+02 3.39179822e+01 -2.40535760e+01 2.44830753e+02 4.68693935e+01 -2.10754240e+01 2.44954982e+02 4.68539583e+01 -2.30714178e+01 2.49822728e+02 4.68690300e+01 -2.07657050e+01 2.49946143e+02 4.68536300e+01 -2.27617560e+01 2.54814807e+02 4.68688387e+01 -2.04580920e+01 2.54937371e+02 4.68531977e+01 -2.24542020e+01 2.59806879e+02 4.68687702e+01 -2.01525450e+01 2.59928661e+02 4.68526396e+01 -2.21487170e+01 2.45079226e+02 4.68385154e+01 -2.50677378e+01 2.50069575e+02 4.68382229e+01 -2.47581440e+01 2.55059950e+02 4.68375590e+01 -2.44506600e+01 2.60050458e+02 4.68365160e+01 -2.41452320e+01 2.44841011e+02 5.76778290e+01 -2.11637690e+01 2.44965708e+02 5.76603520e+01 -2.31596740e+01 2.49833736e+02 5.76774604e+01 -2.08537730e+01 2.49956842e+02 5.76600247e+01 -2.28497790e+01 2.54826684e+02 5.76774310e+01 -2.05478650e+01 2.54948149e+02 5.76595973e+01 -2.25439730e+01 2.59819607e+02 5.76776790e+01 -2.02458920e+01 2.59939612e+02 5.76590133e+01 -2.22421060e+01 2.45090424e+02 5.76428844e+01 -2.51559780e+01 2.50079972e+02 5.76425998e+01 -2.48462010e+01 2.55069636e+02 5.76417549e+01 -2.45405070e+01 2.60059638e+02 5.76403338e+01 -2.42387180e+01 2.44850365e+02 6.67158920e+01 -2.12447500e+01 2.44975790e+02 6.66972218e+01 -2.32405300e+01 2.49844159e+02 6.67154529e+01 -2.09342004e+01 2.49966888e+02 6.66969655e+01 -2.29301477e+01 2.54838394e+02 6.67158006e+01 -2.06306750e+01 2.54958314e+02 6.66966118e+01 -2.26267740e+01 2.59832438e+02 6.67166227e+01 -2.03337010e+01 2.59950010e+02 6.66960857e+01 -2.23299750e+01 2.45101250e+02 6.66785231e+01 -2.52368480e+01 2.50089644e+02 6.66784445e+01 -2.49266413e+01 2.55078265e+02 6.66774407e+01 -2.46234460e+01 2.60067611e+02 6.66755734e+01 -2.43267430e+01 2.44858111e+02 7.42736878e+01 -2.13161980e+01 2.44984770e+02 7.42541227e+01 -2.33117760e+01 2.49853529e+02 7.42732062e+01 -2.10042991e+01 2.49975840e+02 7.42540308e+01 -2.30000987e+01 2.54849626e+02 7.42740118e+01 -2.07038020e+01 2.54967417e+02 7.42539891e+01 -2.26998890e+01 2.59845204e+02 7.42758490e+01 -2.04136890e+01 2.59959445e+02 7.42536092e+01 -2.24100350e+01 2.45111485e+02 7.42345790e+01 -2.53081650e+01 2.50098231e+02 7.42349098e+01 -2.49968277e+01 2.55085274e+02 7.42338926e+01 -2.46968240e+01 2.60073711e+02 7.42313232e+01 -2.44070360e+01 2.44863015e+02 8.05934699e+01 -2.13781860e+01 2.44992274e+02 8.05732853e+01 -2.33735000e+01 2.49860883e+02 8.05921840e+01 -2.10632271e+01 2.49983288e+02 8.05734160e+01 -2.30589660e+01 2.54861156e+02 8.05948669e+01 -2.07670270e+01 2.54975275e+02 8.05738588e+01 -2.27629280e+01 2.59858335e+02 8.05989866e+01 -2.04876110e+01 2.59968020e+02 8.05736742e+01 -2.24840420e+01 2.45121815e+02 8.05530108e+01 -2.53698770e+01 2.50105495e+02 8.05544738e+01 -2.50556056e+01 2.55089614e+02 8.05531377e+01 -2.47602200e+01 2.60077670e+02 8.05484246e+01 -2.44813610e+01 2.44863216e+02 8.58811801e+01 -2.14336730e+01 2.44998568e+02 8.58577963e+01 -2.34283310e+01 2.49866502e+02 8.58728779e+01 -2.11088770e+01 2.49989267e+02 8.58566843e+01 -2.31027250e+01 2.54875949e+02 8.58841472e+01 -2.08238020e+01 2.54982885e+02 8.58595557e+01 -2.28189780e+01 2.59871255e+02 8.58903274e+01 -2.05615790e+01 2.59976278e+02 8.58591623e+01 -2.25582670e+01 2.45134303e+02 8.58341877e+01 -2.54249570e+01 2.50111190e+02 8.58409366e+01 -2.51018560e+01 2.55089856e+02 8.58347992e+01 -2.48172130e+01 2.60081272e+02 8.58278301e+01 -2.45556790e+01 2.44862052e+02 9.03108185e+01 -2.14959540e+01 2.45004572e+02 9.02769035e+01 -2.34899770e+01 2.49872552e+02 9.02959884e+01 -2.11427810e+01 2.49994299e+02 9.02725223e+01 -2.31273440e+01 2.54892923e+02 9.03171006e+01 -2.08875000e+01 2.54991967e+02 9.02796872e+01 -2.28827650e+01 2.59880441e+02 9.03173075e+01 -2.06397790e+01 2.59983945e+02 9.02790625e+01 -2.26369550e+01 2.45148478e+02 9.02422552e+01 -2.54887370e+01 2.50117266e+02 9.02533961e+01 -2.51279350e+01 2.55090069e+02 9.02434013e+01 -2.48842980e+01 2.60088169e+02 9.02410292e+01 -2.46334650e+01 2.65210630e+02 1.00064234e+02 1.64112310e+01 2.65024720e+02 1.00047804e+02 1.95724620e+01 2.65211690e+02 9.80643414e+01 1.64011980e+01 2.65025980e+02 9.80478681e+01 1.95621610e+01 2.72698210e+02 1.00066201e+02 1.68517600e+01 2.72512230e+02 1.00050333e+02 2.00133300e+01 2.72699310e+02 9.80663101e+01 1.68421900e+01 2.72513550e+02 9.80504082e+01 2.00032500e+01 2.80185250e+02 1.00068950e+02 1.72916600e+01 2.79999290e+02 1.00053552e+02 2.04535300e+01 2.80186670e+02 9.80690603e+01 1.72824800e+01 2.80000830e+02 9.80536440e+01 2.04436100e+01 2.87671820e+02 1.00073441e+02 1.77317800e+01 2.87486020e+02 1.00057939e+02 2.08938000e+01 2.87673860e+02 9.80735518e+01 1.77226800e+01 2.87487980e+02 9.80580389e+01 2.08838000e+01 2.65212740e+02 9.60643184e+01 1.63911650e+01 2.65027260e+02 9.60478935e+01 1.95518860e+01 2.72700410e+02 9.60662500e+01 1.68326260e+01 2.72514900e+02 9.60503925e+01 1.99931550e+01 2.80188100e+02 9.60689716e+01 1.72733100e+01 2.80002360e+02 9.60536007e+01 2.04336300e+01 2.87675910e+02 9.60734480e+01 1.77136000e+01 2.87489950e+02 9.60579792e+01 2.08737100e+01 2.65396710e+02 1.00079913e+02 1.32497730e+01 2.65397500e+02 9.80800612e+01 1.32404090e+01 2.72884380e+02 1.00080906e+02 1.36899500e+01 2.72885170e+02 9.80810535e+01 1.36813000e+01 2.80371350e+02 1.00082836e+02 1.41295400e+01 2.80372570e+02 9.80829805e+01 1.41215000e+01 2.87857720e+02 1.00087169e+02 1.45694900e+01 2.87859760e+02 9.80873137e+01 1.45616700e+01 2.65398280e+02 9.60799431e+01 1.32310610e+01 2.72885960e+02 9.60809223e+01 1.36726400e+01 2.80373790e+02 9.60828455e+01 1.41134400e+01 2.87861800e+02 9.60871765e+01 1.45538400e+01 2.65582990e+02 1.00094165e+02 1.00878850e+01 2.65583380e+02 9.80943493e+01 1.00796170e+01 2.73070730e+02 1.00093818e+02 1.05276900e+01 2.73071090e+02 9.80940003e+01 1.05203500e+01 2.80557590e+02 1.00094636e+02 1.09669500e+01 2.80558500e+02 9.80948164e+01 1.09604000e+01 2.88043710e+02 1.00098590e+02 1.14067000e+01 2.88045680e+02 9.80987753e+01 1.14005000e+01 2.65583770e+02 9.60941434e+01 1.00713600e+01 2.73071450e+02 9.60938034e+01 1.05130100e+01 2.80559420e+02 9.60946368e+01 1.09538500e+01 2.88047650e+02 9.60986077e+01 1.13943000e+01 2.65769450e+02 1.00106318e+02 6.92569700e+00 2.65769320e+02 9.81065390e+01 6.91894300e+00 2.73257220e+02 1.00104291e+02 7.36509000e+00 2.73257050e+02 9.81045080e+01 7.35946000e+00 2.80743930e+02 1.00103740e+02 7.80399000e+00 2.80744460e+02 9.81039550e+01 7.79932000e+00 2.88229770e+02 1.00107115e+02 8.24350000e+00 2.88231600e+02 9.81073440e+01 8.23930000e+00 2.65769180e+02 9.61062410e+01 6.91220200e+00 2.73256880e+02 9.61042430e+01 7.35384000e+00 2.80744990e+02 9.61037300e+01 7.79465000e+00 2.88233430e+02 9.61071470e+01 8.23509000e+00 2.65956060e+02 1.00115684e+02 3.76316500e+00 2.65955280e+02 9.81159430e+01 3.75836300e+00 2.73443810e+02 1.00111662e+02 4.20211000e+00 2.73443010e+02 9.81119130e+01 4.19862000e+00 2.80930310e+02 1.00109521e+02 4.64062000e+00 2.80930390e+02 9.81097720e+01 4.63823000e+00 2.88415880e+02 1.00112139e+02 5.07984000e+00 2.88417500e+02 9.81124160e+01 5.07801000e+00 2.65954510e+02 9.61155500e+01 3.75357500e+00 2.73442210e+02 9.61115800e+01 4.19513000e+00 2.80930480e+02 9.61095040e+01 4.63583000e+00 2.88419120e+02 9.61121960e+01 5.07617000e+00 2.66142800e+02 1.00121543e+02 6.00238000e-01 2.66141250e+02 9.81218400e+01 5.97851000e-01 2.73630440e+02 1.00115251e+02 1.03870000e+00 2.73628940e+02 9.81155360e+01 1.03777000e+00 2.81116700e+02 1.00111362e+02 1.47684000e+00 2.81116270e+02 9.81116500e+01 1.47709000e+00 2.88601980e+02 1.00113080e+02 1.91572000e+00 2.88603320e+02 9.81134060e+01 1.91661000e+00 2.66139720e+02 9.61213510e+01 5.95480000e-01 2.73627450e+02 9.61151380e+01 1.03685000e+00 2.81115850e+02 9.61113430e+01 1.47734000e+00 2.88604680e+02 9.61131700e+01 1.91749000e+00 2.64687780e+02 9.55714795e+01 2.53349810e+01 2.64677110e+02 9.40178826e+01 2.55315480e+01 2.64801740e+02 9.50632889e+01 2.34039350e+01 2.64794660e+02 9.40273410e+01 2.35350200e+01 2.72175540e+02 9.55736095e+01 2.57761100e+01 2.72164860e+02 9.40198490e+01 2.59724040e+01 2.72289320e+02 9.50657357e+01 2.38449910e+01 2.72282200e+02 9.40297463e+01 2.39758850e+01 2.79663020e+02 9.55763086e+01 2.62164100e+01 2.79652390e+02 9.40223814e+01 2.64123800e+01 2.79776660e+02 9.50688288e+01 2.42851900e+01 2.79769540e+02 9.40328002e+01 2.44158700e+01 2.87150230e+02 9.55796219e+01 2.66560900e+01 2.87139690e+02 9.40255654e+01 2.68516100e+01 2.87263840e+02 9.50725945e+01 2.47247700e+01 2.87256720e+02 9.40365272e+01 2.48551000e+01 2.64915650e+02 9.45550076e+01 2.14730970e+01 2.64912170e+02 9.40368955e+01 2.15386720e+01 2.72403060e+02 9.45577508e+01 2.19140330e+01 2.72399510e+02 9.40396948e+01 2.19794730e+01 2.79890270e+02 9.45612195e+01 2.23541000e+01 2.79886680e+02 9.40432257e+01 2.24193900e+01 2.87377460e+02 9.45654369e+01 2.27935300e+01 2.87373790e+02 9.40474767e+01 2.28586000e+01 2.64721820e+02 9.70213069e+01 2.47438390e+01 2.64824370e+02 9.60299326e+01 2.30098000e+01 2.72209550e+02 9.70236352e+01 2.51851090e+01 2.72311960e+02 9.60324599e+01 2.34509740e+01 2.79696930e+02 9.70265476e+01 2.56255900e+01 2.79799280e+02 9.60356380e+01 2.38913200e+01 2.87184030e+02 9.70300754e+01 2.60656000e+01 2.87286440e+02 9.60395120e+01 2.43311600e+01 2.64926880e+02 9.50385689e+01 2.12758670e+01 2.72414340e+02 9.50412692e+01 2.17169020e+01 2.79901590e+02 9.50446892e+01 2.21570800e+01 2.87388870e+02 9.50489088e+01 2.25967100e+01 2.64776860e+02 9.82685450e+01 2.37982790e+01 2.64860980e+02 9.68615261e+01 2.23794220e+01 2.72264530e+02 9.82710559e+01 2.42395610e+01 2.72348570e+02 9.68641284e+01 2.28206360e+01 2.79751800e+02 9.82741718e+01 2.46800900e+01 2.79835870e+02 9.68673899e+01 2.32610500e+01 2.87238800e+02 9.82779521e+01 2.51203100e+01 2.87323020e+02 9.68714075e+01 2.37010800e+01 2.64945080e+02 9.54545199e+01 2.09606530e+01 2.72432600e+02 9.54571829e+01 2.14017660e+01 2.79919900e+02 9.54605602e+01 2.18420400e+01 2.87407260e+02 9.54648091e+01 2.22818300e+01 2.64849130e+02 9.92284205e+01 2.25628620e+01 2.64909080e+02 9.75014861e+01 2.15557760e+01 2.72336730e+02 9.92310448e+01 2.30040500e+01 2.72396660e+02 9.75041262e+01 2.19969680e+01 2.79823900e+02 9.92342981e+01 2.34445200e+01 2.79883930e+02 9.75074357e+01 2.24373900e+01 2.87310800e+02 9.92383241e+01 2.38848300e+01 2.87371070e+02 9.75116020e+01 2.28775200e+01 2.64969020e+02 9.57745595e+01 2.05487610e+01 2.72456580e+02 9.57771816e+01 2.09899330e+01 2.79943930e+02 9.57805137e+01 2.14302800e+01 2.87431370e+02 9.57848072e+01 2.18702000e+01 2.64933680e+02 9.98352954e+01 2.11215090e+01 2.64965360e+02 9.79061196e+01 2.05948840e+01 2.72421220e+02 9.98379313e+01 2.15625400e+01 2.72452940e+02 9.79087387e+01 2.10360200e+01 2.79908310e+02 9.98412233e+01 2.20028800e+01 2.79940200e+02 9.79120394e+01 2.14764100e+01 2.87395120e+02 9.98454576e+01 2.24432100e+01 2.87427340e+02 9.79163355e+01 2.19165900e+01 2.64997050e+02 9.59770461e+01 2.00682180e+01 2.72484660e+02 9.59796177e+01 2.05094400e+01 2.79972060e+02 9.59828967e+01 2.09498500e+01 2.87459570e+02 9.59872380e+01 2.13898700e+01 2.64738100e+02 1.84916839e+01 2.54244760e+01 2.64740960e+02 0.00000000e+00 2.54259980e+01 2.64845160e+02 1.84913922e+01 2.34275240e+01 2.64847360e+02 0.00000000e+00 2.34290210e+01 2.72225660e+02 1.84921297e+01 2.58268370e+01 2.72228550e+02 0.00000000e+00 2.58259910e+01 2.72333220e+02 1.84923469e+01 2.38299590e+01 2.72335510e+02 0.00000000e+00 2.38290940e+01 2.79713400e+02 1.84928780e+01 2.62305600e+01 2.79716310e+02 0.00000000e+00 2.62275800e+01 2.79821180e+02 1.84935721e+01 2.42337500e+01 2.79823540e+02 0.00000000e+00 2.42307500e+01 2.87201270e+02 1.84940843e+01 2.66346700e+01 2.87204190e+02 0.00000000e+00 2.66297200e+01 2.87309010e+02 1.84951263e+01 2.46379100e+01 2.87311430e+02 0.00000000e+00 2.46329500e+01 2.64952230e+02 1.84910987e+01 2.14306400e+01 2.64953770e+02 0.00000000e+00 2.14321060e+01 2.72440790e+02 1.84925618e+01 2.18331430e+01 2.72442480e+02 0.00000000e+00 2.18322520e+01 2.79928970e+02 1.84942635e+01 2.22369900e+01 2.79930790e+02 0.00000000e+00 2.22339700e+01 2.87416770e+02 1.84961652e+01 2.26412000e+01 2.87418690e+02 0.00000000e+00 2.26362200e+01 2.64731370e+02 3.39544418e+01 2.54229710e+01 2.64839940e+02 3.39544478e+01 2.34260680e+01 2.72218880e+02 3.39552235e+01 2.58307270e+01 2.72327800e+02 3.39561064e+01 2.38338870e+01 2.79706580e+02 3.39565355e+01 2.62393500e+01 2.79815600e+02 3.39582470e+01 2.42425600e+01 2.87194420e+02 3.39586583e+01 2.66479600e+01 2.87303320e+02 3.39609819e+01 2.46512200e+01 2.64948520e+02 3.39544506e+01 2.14292560e+01 2.72436730e+02 3.39569850e+01 2.18371290e+01 2.79924630e+02 3.39599529e+01 2.22458500e+01 2.87412240e+02 3.39632988e+01 2.26545400e+01 2.64722870e+02 4.68841074e+01 2.54254060e+01 2.64833250e+02 4.68850107e+01 2.34285660e+01 2.72210310e+02 4.68851133e+01 2.58396340e+01 2.72320870e+02 4.68871254e+01 2.38428420e+01 2.79697960e+02 4.68868019e+01 2.62541700e+01 2.79808490e+02 4.68898717e+01 2.42574200e+01 2.87185770e+02 4.68895662e+01 2.66682700e+01 2.87296080e+02 4.68934243e+01 2.46715400e+01 2.64943620e+02 4.68859092e+01 2.14318410e+01 2.72431430e+02 4.68891315e+01 2.18461530e+01 2.79919030e+02 4.68929341e+01 2.22607600e+01 2.87406400e+02 4.68972734e+01 2.26749000e+01 2.64713940e+02 5.76954710e+01 2.54332260e+01 2.64826090e+02 5.76976530e+01 2.34364510e+01 2.72201310e+02 5.76966040e+01 2.58538400e+01 2.72313500e+02 5.77000192e+01 2.38570990e+01 2.79688910e+02 5.76985009e+01 2.62742800e+01 2.79800950e+02 5.77031065e+01 2.42775600e+01 2.87176680e+02 5.77016490e+01 2.66938800e+01 2.87288420e+02 5.77071515e+01 2.46971800e+01 2.64938230e+02 5.76998315e+01 2.14398130e+01 2.72425690e+02 5.77034284e+01 2.18604780e+01 2.79912990e+02 5.77077032e+01 2.22809500e+01 2.87400160e+02 5.77126424e+01 2.27005700e+01 2.64705400e+02 6.67357354e+01 2.54458410e+01 2.64819120e+02 6.67393522e+01 2.34491300e+01 2.72192720e+02 6.67369343e+01 2.58721760e+01 2.72306370e+02 6.67418236e+01 2.38754860e+01 2.79680260e+02 6.67389146e+01 2.62979500e+01 2.79793680e+02 6.67450496e+01 2.43012700e+01 2.87167990e+02 6.67422291e+01 2.67226300e+01 2.87281050e+02 6.67493155e+01 2.47259400e+01 2.64932840e+02 6.67429631e+01 2.14525720e+01 2.72420010e+02 6.67467054e+01 2.18789280e+01 2.79907090e+02 6.67511747e+01 2.23047100e+01 2.87394110e+02 6.67563889e+01 2.27293700e+01 2.64697680e+02 7.42950997e+01 2.54617610e+01 2.64812720e+02 7.43001365e+01 2.34651090e+01 2.72184990e+02 7.42963479e+01 2.58929060e+01 2.72299880e+02 7.43026267e+01 2.38962650e+01 2.79672500e+02 7.42983464e+01 2.63232400e+01 2.79787090e+02 7.43058619e+01 2.43265900e+01 2.87160170e+02 7.43016657e+01 2.67523000e+01 2.87274390e+02 7.43101423e+01 2.47556400e+01 2.64927740e+02 7.43051732e+01 2.14686220e+01 2.72414750e+02 7.43089010e+01 2.18997610e+01 2.79901680e+02 7.43133680e+01 2.23300600e+01 2.87388600e+02 7.43186047e+01 2.27590800e+01 2.64690990e+02 8.06161293e+01 2.54793970e+01 2.64807050e+02 8.06224905e+01 2.34827970e+01 2.72178340e+02 8.06174574e+01 2.59143670e+01 2.72294210e+02 8.06249570e+01 2.39177710e+01 2.79665830e+02 8.06194773e+01 2.63483800e+01 2.79781380e+02 8.06281374e+01 2.43517700e+01 2.87153440e+02 8.06227099e+01 2.67810800e+01 2.87268630e+02 8.06322968e+01 2.47844500e+01 2.64923110e+02 8.06288425e+01 2.14863690e+01 2.72410070e+02 8.06324478e+01 2.19213100e+01 2.79896930e+02 8.06367883e+01 2.23552700e+01 2.87383810e+02 8.06418718e+01 2.27879100e+01 2.64685350e+02 8.59019086e+01 2.54974470e+01 2.64802180e+02 8.59094401e+01 2.35008900e+01 2.72172810e+02 8.59033738e+01 2.59352670e+01 2.72289410e+02 8.59118758e+01 2.39387110e+01 2.79660300e+02 8.59054687e+01 2.63720900e+01 2.79776600e+02 8.59149947e+01 2.43755100e+01 2.87147830e+02 8.59085964e+01 2.68076800e+01 2.87263810e+02 8.59189753e+01 2.48110700e+01 2.64918990e+02 8.59169861e+01 2.15045120e+01 2.72406010e+02 8.59203819e+01 2.19422840e+01 2.79892890e+02 8.59245142e+01 2.23790300e+01 2.87379780e+02 8.59293406e+01 2.28145400e+01 2.64680730e+02 9.03218134e+01 2.55150090e+01 2.64798060e+02 9.03304212e+01 2.35184830e+01 2.72168330e+02 9.03235013e+01 2.59547620e+01 2.72285440e+02 9.03328208e+01 2.39582360e+01 2.79655860e+02 9.03257751e+01 2.63935500e+01 2.79772690e+02 9.03358858e+01 2.43970100e+01 2.87143280e+02 9.03288681e+01 2.68313100e+01 2.87259880e+02 9.03396934e+01 2.48347400e+01 2.64915390e+02 9.03389889e+01 2.15221450e+01 2.72402530e+02 9.03421154e+01 2.19618290e+01 2.79889510e+02 9.03459873e+01 2.24005400e+01 2.87376470e+02 9.03505229e+01 2.28382100e+01 2.67064912e+02 9.60672088e+01 -1.51859210e+01 2.67250438e+02 9.60326661e+01 -1.83405710e+01 2.67070132e+02 9.80680762e+01 -1.52044160e+01 2.67254828e+02 9.80333211e+01 -1.83656310e+01 2.74552205e+02 9.60533049e+01 -1.47492100e+01 2.74736937e+02 9.60218894e+01 -1.79060300e+01 2.74556151e+02 9.80538869e+01 -1.47668400e+01 2.74740560e+02 9.80222101e+01 -1.79282300e+01 2.82040135e+02 9.60443712e+01 -1.43116800e+01 2.82224409e+02 9.60144220e+01 -1.74692300e+01 2.82042778e+02 9.80447366e+01 -1.43288300e+01 2.82227183e+02 9.80146049e+01 -1.74901200e+01 2.89528908e+02 9.60413800e+01 -1.38738900e+01 2.89712807e+02 9.60106819e+01 -1.70325400e+01 2.89529751e+02 9.80415365e+01 -1.38914700e+01 2.89714178e+02 9.80106932e+01 -1.70533100e+01 2.67075436e+02 1.00067495e+02 -1.52232400e+01 2.67259504e+02 1.00032498e+02 -1.83900230e+01 2.74560077e+02 1.00053404e+02 -1.47846400e+01 2.74744188e+02 1.00021549e+02 -1.79499300e+01 2.82045471e+02 1.00044303e+02 -1.43461300e+01 2.82229966e+02 1.00014050e+02 -1.75105800e+01 2.89530632e+02 1.00041026e+02 -1.39091600e+01 2.89715621e+02 1.00010144e+02 -1.70737700e+01 2.66879702e+02 9.60925932e+01 -1.20307700e+01 2.66884731e+02 9.80934076e+01 -1.20439330e+01 2.74367388e+02 9.60781596e+01 -1.15924600e+01 2.74371308e+02 9.80787343e+01 -1.16058900e+01 2.81855666e+02 9.60689532e+01 -1.11540900e+01 2.81858048e+02 9.80693164e+01 -1.11677700e+01 2.89344658e+02 9.60668272e+01 -1.07156500e+01 2.89344963e+02 9.80670338e+01 -1.07298800e+01 2.66889799e+02 1.00092920e+02 -1.20569490e+01 2.74375230e+02 1.00078308e+02 -1.16192700e+01 2.81860469e+02 1.00068908e+02 -1.11814000e+01 2.89345285e+02 1.00066544e+02 -1.07440800e+01 2.66694745e+02 9.61095370e+01 -8.87521100e+00 2.66699019e+02 9.81103160e+01 -8.88340000e+00 2.74182516e+02 9.60963392e+01 -8.43556000e+00 2.74186065e+02 9.80968802e+01 -8.44485000e+00 2.81671006e+02 9.60878009e+01 -7.99645000e+00 2.81672982e+02 9.80881660e+01 -8.00650000e+00 2.89160092e+02 9.60866420e+01 -7.55746000e+00 2.89159894e+02 9.80868686e+01 -7.56814000e+00 2.66703320e+02 1.00109864e+02 -8.89158000e+00 2.74189630e+02 1.00096485e+02 -8.45414000e+00 2.81674985e+02 1.00087775e+02 -8.01655000e+00 2.89159724e+02 1.00086404e+02 -7.57883000e+00 2.66509825e+02 9.61192580e+01 -5.71895500e+00 2.66513158e+02 9.81199440e+01 -5.72299600e+00 2.73997580e+02 9.61081760e+01 -5.27844000e+00 2.74000529e+02 9.81086850e+01 -5.28394000e+00 2.81486140e+02 9.61009520e+01 -4.83873000e+00 2.81487620e+02 9.81013110e+01 -4.84527000e+00 2.88975210e+02 9.61008020e+01 -4.39926000e+00 2.88974570e+02 9.81010450e+01 -4.40648000e+00 2.66516513e+02 1.00119560e+02 -5.72701600e+00 2.74003491e+02 1.00108332e+02 -5.28941000e+00 2.81489130e+02 1.00100955e+02 -4.85181000e+00 2.88973960e+02 1.00100624e+02 -4.41370000e+00 2.66324830e+02 9.61228720e+01 -2.56204700e+00 2.66327220e+02 9.81234590e+01 -2.56259900e+00 2.73812570e+02 9.61142310e+01 -2.12100000e+00 2.73814800e+02 9.81146880e+01 -2.12307000e+00 2.81301080e+02 9.61086650e+01 -1.68083000e+00 2.81302030e+02 9.81090020e+01 -1.68408000e+00 2.88790060e+02 9.61095270e+01 -1.24097000e+00 2.88789030e+02 9.81097710e+01 -1.24489000e+00 2.66329630e+02 1.00123120e+02 -2.56313000e+00 2.73817040e+02 1.00114369e+02 -2.12514000e+00 2.81303000e+02 1.00108679e+02 -1.68732000e+00 2.88788030e+02 1.00109396e+02 -1.24882000e+00 2.67361256e+02 9.45254932e+01 -2.02420280e+01 2.67364718e+02 9.40073355e+01 -2.03010550e+01 2.67472251e+02 9.50118526e+01 -2.21787730e+01 2.67478483e+02 9.39741771e+01 -2.22976670e+01 2.74847598e+02 9.45181772e+01 -1.98116300e+01 2.74850997e+02 9.40002659e+01 -1.98718000e+01 2.74959946e+02 9.50086835e+01 -2.17472600e+01 2.74966158e+02 9.39713974e+01 -2.18685200e+01 2.82334716e+02 9.45123449e+01 -1.93768400e+01 2.82337989e+02 9.39945097e+01 -1.94376800e+01 2.82447630e+02 9.50050228e+01 -2.13118800e+01 2.82454071e+02 9.39679470e+01 -2.14343300e+01 2.89823026e+02 9.45078669e+01 -1.89421200e+01 2.89826351e+02 9.39898830e+01 -1.90034500e+01 2.89934934e+02 9.50014281e+01 -2.08769000e+01 2.89941476e+02 9.39643284e+01 -2.10001100e+01 2.67582961e+02 9.54978447e+01 -2.41150360e+01 2.67591473e+02 9.39407856e+01 -2.42938260e+01 2.75072474e+02 9.54988487e+01 -2.36824200e+01 2.75081543e+02 9.39421603e+01 -2.38644200e+01 2.82560378e+02 9.54974537e+01 -2.32466400e+01 2.82569854e+02 9.39410563e+01 -2.34304300e+01 2.90047155e+02 9.54948517e+01 -2.28114800e+01 2.90056828e+02 9.39385258e+01 -2.29962900e+01 2.67350171e+02 9.50105086e+01 -2.00507420e+01 2.67450921e+02 9.59832262e+01 -2.17953260e+01 2.74836562e+02 9.50026362e+01 -1.96191800e+01 2.74938432e+02 9.59790834e+01 -2.13616600e+01 2.82323729e+02 9.49966121e+01 -1.91837900e+01 2.82425772e+02 9.59749034e+01 -2.09252200e+01 2.89812042e+02 9.49922566e+01 -1.87486000e+01 2.89913043e+02 9.59711923e+01 -2.04895800e+01 2.67551676e+02 9.69554922e+01 -2.35393110e+01 2.75040358e+02 9.69551422e+01 -2.31036500e+01 2.82527728e+02 9.69529610e+01 -2.26662800e+01 2.90014348e+02 9.69500288e+01 -2.22303000e+01 2.67332278e+02 9.54290065e+01 -1.97405750e+01 2.67415975e+02 9.68217846e+01 -2.11733360e+01 2.74818532e+02 9.54204119e+01 -1.93080500e+01 2.74902905e+02 9.68161398e+01 -2.07379500e+01 2.82305863e+02 9.54140863e+01 -1.88721200e+01 2.82390050e+02 9.68112007e+01 -2.03006600e+01 2.89794066e+02 9.54098466e+01 -1.84365000e+01 2.89877162e+02 9.68073198e+01 -1.98645400e+01 2.67499848e+02 9.82139301e+01 -2.26056620e+01 2.74987265e+02 9.82113389e+01 -2.21675100e+01 2.82474205e+02 9.82079871e+01 -2.17289200e+01 2.89960543e+02 9.82046187e+01 -2.12924000e+01 2.67308631e+02 9.57522979e+01 -1.93326580e+01 2.67369488e+02 9.74700429e+01 -2.03554250e+01 2.74794813e+02 9.57429417e+01 -1.88993700e+01 2.74855887e+02 9.74625594e+01 -1.99188500e+01 2.82282228e+02 9.57362307e+01 -1.84630100e+01 2.82342782e+02 9.74567225e+01 -1.94810000e+01 2.89770423e+02 9.57321244e+01 -1.80270000e+01 2.89829821e+02 9.74527161e+01 -1.90445700e+01 2.67430655e+02 9.91869470e+01 -2.13779040e+01 2.74916918e+02 9.91815465e+01 -2.09381200e+01 2.82403338e+02 9.91767929e+01 -2.04987900e+01 2.89889481e+02 9.91730491e+01 -2.00620200e+01 2.67280733e+02 9.59583546e+01 -1.88550360e+01 2.67314558e+02 9.78833405e+01 -1.93975790e+01 2.74766993e+02 9.59482919e+01 -1.84210800e+01 2.74800519e+02 9.78739281e+01 -1.89603600e+01 2.82254448e+02 9.59411615e+01 -1.79844300e+01 2.82287227e+02 9.78671799e+01 -1.85222600e+01 2.89742703e+02 9.59372181e+01 -1.75480600e+01 2.89774215e+02 9.78631574e+01 -1.80856300e+01 2.67348733e+02 9.98074157e+01 -1.99398480e+01 2.74834016e+02 9.97990727e+01 -1.94994500e+01 2.82320023e+02 9.97928735e+01 -1.90598800e+01 2.89805944e+02 9.97889353e+01 -1.86230600e+01 2.67272256e+02 1.84848702e+01 -1.95218800e+01 2.67268096e+02 0.00000000e+00 -1.94881100e+01 2.67396100e+02 1.84775202e+01 -2.15180500e+01 2.67392356e+02 0.00000000e+00 -2.14842800e+01 2.74758444e+02 1.84845728e+01 -1.90568600e+01 2.74754072e+02 0.00000000e+00 -1.90213100e+01 2.74882587e+02 1.84768396e+01 -2.10530500e+01 2.74878753e+02 0.00000000e+00 -2.10174900e+01 2.82244281e+02 1.84841784e+01 -1.85902600e+01 2.82239728e+02 0.00000000e+00 -1.85525600e+01 2.82368989e+02 1.84759587e+01 -2.05864500e+01 2.82365049e+02 0.00000000e+00 -2.05487300e+01 2.89729714e+02 1.84834847e+01 -1.81209800e+01 2.89725018e+02 0.00000000e+00 -1.80809300e+01 2.89855300e+02 1.84748473e+01 -2.01171600e+01 2.89851247e+02 0.00000000e+00 -2.00770900e+01 2.67519956e+02 1.84701715e+01 -2.35145400e+01 2.67516628e+02 0.00000000e+00 -2.34807600e+01 2.75006740e+02 1.84691074e+01 -2.30495400e+01 2.75003444e+02 0.00000000e+00 -2.30139700e+01 2.82493706e+02 1.84677401e+01 -2.25829400e+01 2.82490379e+02 0.00000000e+00 -2.25452100e+01 2.89980893e+02 1.84662112e+01 -2.21136200e+01 2.89977484e+02 0.00000000e+00 -2.20735400e+01 2.67282095e+02 3.39425135e+01 -1.96001400e+01 2.67404813e+02 3.39294924e+01 -2.15963300e+01 2.74768805e+02 3.39421495e+01 -1.91398600e+01 2.74891537e+02 3.39282926e+01 -2.11360800e+01 2.82255076e+02 3.39415992e+01 -1.86788500e+01 2.82378208e+02 3.39267207e+01 -2.06750800e+01 2.89740854e+02 3.39404567e+01 -1.82156000e+01 2.89864799e+02 3.39247161e+01 -2.02118100e+01 2.67527544e+02 3.39164692e+01 -2.35928400e+01 2.75014279e+02 3.39144352e+01 -2.31326100e+01 2.82501350e+02 3.39118427e+01 -2.26715900e+01 2.89988751e+02 3.39089767e+01 -2.22083000e+01 2.67294746e+02 4.68687581e+01 -1.96973300e+01 2.67415686e+02 4.68515086e+01 -2.16935700e+01 2.74782134e+02 4.68685858e+01 -1.92443300e+01 2.74902764e+02 4.68499402e+01 -2.12406100e+01 2.82268930e+02 4.68680908e+01 -1.87914700e+01 2.82389821e+02 4.68478484e+01 -2.07877500e+01 2.89755148e+02 4.68666864e+01 -1.83367000e+01 2.89876802e+02 4.68451491e+01 -2.03329600e+01 2.67536640e+02 4.68342652e+01 -2.36901400e+01 2.75023405e+02 4.68312997e+01 -2.32372000e+01 2.82510723e+02 4.68276115e+01 -2.27843300e+01 2.89998464e+02 4.68236178e+01 -2.23295000e+01 2.67308476e+02 5.76782155e+01 -1.97985500e+01 2.67427011e+02 5.76577531e+01 -2.17948600e+01 2.74796484e+02 5.76784264e+01 -1.93549500e+01 2.74914529e+02 5.76559218e+01 -2.13513200e+01 2.82283669e+02 5.76780265e+01 -1.89117200e+01 2.82402029e+02 5.76534356e+01 -2.09080900e+01 2.89770300e+02 5.76763784e+01 -1.84664100e+01 2.89889434e+02 5.76502133e+01 -2.04627400e+01 2.67545564e+02 5.76372834e+01 -2.37915400e+01 2.75032585e+02 5.76334139e+01 -2.33480000e+01 2.82520401e+02 5.76288435e+01 -2.29047200e+01 2.90008576e+02 5.76240485e+01 -2.24593300e+01 2.67322295e+02 6.67180090e+01 -1.98965700e+01 2.67437874e+02 6.66947767e+01 -2.18929800e+01 2.74810530e+02 6.67186028e+01 -1.94637500e+01 2.74925880e+02 6.66927373e+01 -2.14602200e+01 2.82297713e+02 6.67179880e+01 -1.90299300e+01 2.82413793e+02 6.66899476e+01 -2.10263800e+01 2.89784644e+02 6.67158656e+01 -1.85930400e+01 2.89901551e+02 6.66863477e+01 -2.05894400e+01 2.67553473e+02 6.66715584e+01 -2.38898000e+01 2.75041241e+02 6.66668842e+01 -2.34569700e+01 2.82529882e+02 6.66619199e+01 -2.30230400e+01 2.90018463e+02 6.66568427e+01 -2.25860400e+01 2.67335585e+02 7.42784521e+01 -1.99893400e+01 2.67447912e+02 7.42522299e+01 -2.19858700e+01 2.74823157e+02 7.42788813e+01 -1.95669300e+01 2.74936378e+02 7.42500119e+01 -2.15635100e+01 2.82309931e+02 7.42773642e+01 -1.91399000e+01 2.82424539e+02 7.42470016e+01 -2.11364300e+01 2.89797117e+02 7.42744485e+01 -1.87085800e+01 2.89912492e+02 7.42431397e+01 -2.07050700e+01 2.67560270e+02 7.42259894e+01 -2.39828300e+01 2.75049598e+02 7.42211300e+01 -2.35602500e+01 2.82539155e+02 7.42166316e+01 -2.31330500e+01 2.90027861e+02 7.42118255e+01 -2.27016400e+01 2.67347400e+02 8.06021298e+01 -2.00777990e+01 2.67457130e+02 8.05722063e+01 -2.20744470e+01 2.74833403e+02 8.06010354e+01 -1.96618500e+01 2.74945794e+02 8.05698735e+01 -2.16585200e+01 2.82319818e+02 8.05980299e+01 -1.92372100e+01 2.82433964e+02 8.05667225e+01 -2.12338100e+01 2.89807341e+02 8.05941847e+01 -1.88081300e+01 2.89921949e+02 8.05626903e+01 -2.08047200e+01 2.67566921e+02 8.05423263e+01 -2.40714080e+01 2.75058163e+02 8.05387525e+01 -2.36551500e+01 2.82548109e+02 8.05354539e+01 -2.32303300e+01 2.90036548e+02 8.05312322e+01 -2.28012100e+01 2.67356131e+02 8.58907890e+01 -2.01617970e+01 2.67465501e+02 8.58575999e+01 -2.21585380e+01 2.74841061e+02 8.58871341e+01 -1.97455000e+01 2.74953892e+02 8.58551743e+01 -2.17422400e+01 2.82327487e+02 8.58826689e+01 -1.93193100e+01 2.82441980e+02 8.58519161e+01 -2.13159700e+01 2.89815399e+02 8.58780435e+01 -1.88897700e+01 2.89929870e+02 8.58478205e+01 -2.08864400e+01 2.67574839e+02 8.58243357e+01 -2.41553170e+01 2.75066747e+02 8.58231566e+01 -2.37386800e+01 2.82556409e+02 8.58211111e+01 -2.33123600e+01 2.90044368e+02 8.58175664e+01 -2.28828400e+01 2.67361321e+02 9.03121307e+01 -2.02373890e+01 2.67472691e+02 9.02775514e+01 -2.22342010e+01 2.74846735e+02 9.03062507e+01 -1.98156100e+01 2.74960581e+02 9.02749608e+01 -2.18124400e+01 2.82333341e+02 9.03008323e+01 -1.93856900e+01 2.82448653e+02 9.02716230e+01 -2.13824200e+01 2.89821626e+02 9.02958264e+01 -1.89540700e+01 2.89936343e+02 9.02676748e+01 -2.09508000e+01 2.67583663e+02 9.02431844e+01 -2.42307390e+01 2.75074654e+02 9.02438683e+01 -2.38086500e+01 2.82563769e+02 9.02425807e+01 -2.33786900e+01 2.90051197e+02 9.02396734e+01 -2.29471000e+01 2.00006781e+01 1.03999586e+02 2.51779000e+01 1.50006386e+01 1.03999767e+02 2.51780000e+01 1.43888031e+01 1.04009895e+02 2.09594000e+01 1.93190776e+01 1.04012058e+02 2.00015000e+01 2.00000219e+01 7.79997927e+01 2.51145000e+01 1.50000228e+01 7.79998150e+01 2.51148000e+01 1.43928247e+01 7.80092781e+01 2.08963000e+01 1.93182000e+01 7.80115192e+01 1.99382000e+01 1.31575943e+01 1.04019251e+02 1.71121000e+01 1.73208285e+01 1.04023826e+02 1.51781000e+01 1.31591578e+01 7.80179542e+01 1.70427000e+01 1.73199363e+01 7.80225217e+01 1.51148000e+01 1.11474477e+01 1.04026943e+02 1.40118000e+01 1.41419527e+01 1.04034151e+02 1.10365000e+01 1.11540732e+01 7.80249550e+01 1.39440000e+01 1.41414128e+01 7.80320666e+01 1.09730000e+01 8.05242679e+00 1.04032090e+02 1.20178000e+01 9.99920641e+00 1.04042585e+02 7.85920000e+00 8.05579874e+00 7.80293883e+01 1.19454000e+01 9.99941541e+00 7.80393601e+01 7.79480000e+00 4.20042005e+00 1.04035466e+02 1.07868000e+01 5.17489288e+00 1.04048542e+02 5.86520000e+00 4.20651843e+00 7.80319349e+01 1.07175000e+01 5.17608225e+00 7.80437583e+01 5.79690000e+00 0.00000000e+00 1.04037022e+02 1.01821000e+01 0.00000000e+00 1.04050283e+02 5.18250000e+00 0.00000000e+00 7.80333396e+01 1.01153000e+01 0.00000000e+00 7.80453908e+01 5.11550000e+00 1.00005235e+01 1.03999885e+02 2.51783000e+01 1.00877445e+01 1.04008514e+02 2.15663000e+01 1.00000229e+01 7.79998187e+01 2.51150000e+01 1.00903029e+01 7.80078750e+01 2.15011000e+01 9.75684500e+00 1.04016416e+02 1.82979000e+01 9.76228240e+00 7.80152059e+01 1.82291000e+01 9.24671562e+00 1.04022291e+02 1.59025000e+01 9.25806090e+00 7.80206107e+01 1.58322000e+01 6.84957500e+00 1.04023545e+02 1.54087000e+01 6.86114474e+00 7.80216596e+01 1.53357000e+01 3.58962566e+00 1.04024412e+02 1.50852000e+01 3.59755283e+00 7.80222761e+01 1.50171000e+01 0.00000000e+00 1.04024147e+02 1.51806000e+01 0.00000000e+00 7.80220437e+01 1.51152000e+01 6.53618491e+00 1.04015656e+02 1.86274000e+01 6.53851308e+00 7.80144013e+01 1.85590000e+01 3.32884871e+00 1.04014847e+02 1.89745000e+01 3.32846020e+00 7.80135747e+01 1.89054000e+01 0.00000000e+00 1.04011919e+02 2.01794000e+01 0.00000000e+00 7.80108709e+01 2.01152000e+01 6.20053561e+00 1.04007900e+02 2.18425000e+01 6.20145027e+00 7.80072192e+01 2.17759000e+01 3.17425128e+00 1.04007550e+02 2.19993000e+01 3.17626989e+00 7.80068482e+01 2.19322000e+01 0.00000000e+00 1.03999971e+02 2.51786000e+01 0.00000000e+00 7.79998029e+01 2.51152000e+01 5.00029786e+00 1.03999952e+02 2.51786000e+01 5.00001408e+00 7.79998100e+01 2.51151000e+01 1.99999918e+01 5.19999676e+01 2.50571000e+01 1.49999913e+01 5.19999589e+01 2.50577000e+01 1.43935784e+01 5.20076632e+01 2.08387000e+01 1.93178012e+01 5.20095385e+01 1.98809000e+01 1.31593724e+01 5.20147106e+01 1.69842000e+01 1.73192951e+01 5.20183882e+01 1.50578000e+01 1.11552486e+01 5.20203610e+01 1.38862000e+01 1.41407108e+01 5.20258620e+01 1.09163000e+01 8.05681976e+00 5.20239954e+01 1.18876000e+01 9.99879693e+00 5.20315223e+01 7.73860000e+00 4.20766586e+00 5.20262946e+01 1.06608000e+01 5.17567814e+00 5.20351315e+01 5.74110000e+00 0.00000000e+00 5.20273469e+01 1.00592000e+01 0.00000000e+00 5.20362822e+01 5.05980000e+00 9.99999293e+00 5.19999578e+01 2.50581000e+01 1.00907501e+01 5.20064992e+01 2.14431000e+01 9.76339695e+00 5.20124476e+01 1.81709000e+01 9.26058859e+00 5.20168285e+01 1.57742000e+01 6.86395102e+00 5.20176936e+01 1.52773000e+01 3.59948676e+00 5.20182626e+01 1.49598000e+01 0.00000000e+00 5.20180450e+01 1.50588000e+01 6.53945635e+00 5.20118038e+01 1.85010000e+01 3.32872501e+00 5.20111606e+01 1.88475000e+01 0.00000000e+00 5.20089484e+01 2.00585000e+01 6.20169374e+00 5.20059734e+01 2.17182000e+01 3.17665188e+00 5.20056877e+01 2.18743000e+01 0.00000000e+00 5.19999603e+01 2.50584000e+01 4.99999659e+00 5.19999598e+01 2.50584000e+01 2.00000034e+01 2.59999905e+01 2.50147000e+01 1.50000034e+01 2.59999907e+01 2.50159000e+01 1.43912451e+01 2.60042446e+01 2.07978000e+01 1.93173933e+01 2.60053368e+01 1.98387000e+01 1.31556544e+01 2.60081767e+01 1.69440000e+01 1.73185949e+01 2.60104247e+01 1.50161000e+01 1.11520526e+01 2.60114025e+01 1.38477000e+01 1.41399197e+01 2.60149711e+01 1.08754000e+01 8.05449469e+00 2.60134642e+01 1.18499000e+01 9.99813730e+00 2.60185955e+01 7.69830000e+00 4.20586827e+00 2.60146851e+01 1.06217000e+01 5.17532134e+00 2.60209011e+01 5.70130000e+00 0.00000000e+00 2.60153400e+01 1.00188000e+01 0.00000000e+00 2.60217396e+01 5.02010000e+00 1.00000020e+01 2.59999897e+01 2.50167000e+01 1.00887160e+01 2.60035822e+01 2.14034000e+01 9.76019967e+00 2.60068758e+01 1.81327000e+01 9.25697407e+00 2.60093448e+01 1.57355000e+01 6.86054806e+00 2.60098012e+01 1.52385000e+01 3.59706749e+00 2.60100661e+01 1.49206000e+01 0.00000000e+00 2.60099492e+01 1.50179000e+01 6.53603511e+00 2.60064920e+01 1.84617000e+01 3.32643775e+00 2.60061095e+01 1.88078000e+01 0.00000000e+00 2.60048953e+01 2.00174000e+01 6.20048154e+00 2.60032775e+01 2.16784000e+01 3.17552972e+00 2.60031087e+01 2.18348000e+01 0.00000000e+00 2.59999899e+01 2.50172000e+01 5.00000065e+00 2.59999893e+01 2.50171000e+01 2.00000054e+01 0.00000000e+00 2.50000000e+01 1.50000041e+01 0.00000000e+00 2.50000000e+01 1.43874651e+01 0.00000000e+00 2.07812000e+01 1.93172557e+01 0.00000000e+00 1.98236000e+01 1.31558040e+01 0.00000000e+00 1.69335000e+01 1.73183099e+01 0.00000000e+00 1.50000000e+01 1.11455645e+01 0.00000000e+00 1.38327000e+01 1.41395270e+01 0.00000000e+00 1.08579000e+01 8.05084731e+00 0.00000000e+00 1.18375000e+01 9.99774571e+00 0.00000000e+00 7.67950000e+00 4.19968757e+00 0.00000000e+00 1.06052000e+01 5.17506764e+00 0.00000000e+00 5.68150000e+00 0.00000000e+00 0.00000000e+00 1.00000000e+01 0.00000000e+00 0.00000000e+00 5.00000000e+00 1.00000032e+01 0.00000000e+00 2.50000000e+01 1.00867712e+01 0.00000000e+00 2.13877000e+01 9.75552065e+00 0.00000000e+00 1.81189000e+01 9.24521573e+00 0.00000000e+00 1.57231000e+01 6.84840144e+00 0.00000000e+00 1.52288000e+01 3.58896026e+00 0.00000000e+00 1.49047000e+01 0.00000000e+00 0.00000000e+00 1.50000000e+01 6.53526915e+00 0.00000000e+00 1.84480000e+01 3.32838120e+00 0.00000000e+00 1.87949000e+01 0.00000000e+00 0.00000000e+00 2.00000000e+01 6.19991636e+00 0.00000000e+00 2.16636000e+01 3.17393670e+00 0.00000000e+00 2.18202000e+01 0.00000000e+00 0.00000000e+00 2.50000000e+01 5.00000181e+00 0.00000000e+00 2.50000000e+01 1.22461000e-15 1.03952325e+02 4.51778000e+01 9.18455000e-16 1.03964117e+02 4.01778000e+01 4.21896801e+00 1.03965565e+02 3.95660000e+01 5.17651497e+00 1.03953916e+02 4.44963000e+01 1.22461000e-15 7.79545471e+01 4.51156000e+01 9.18455000e-16 7.79664870e+01 4.01154000e+01 4.21867831e+00 7.79678250e+01 3.95083000e+01 5.17666759e+00 7.79560968e+01 4.44341000e+01 8.06679682e+00 1.03968474e+02 3.83349000e+01 1.00002783e+01 1.03958579e+02 4.24983000e+01 8.07252431e+00 7.79705086e+01 3.82747000e+01 1.00005031e+01 7.79606344e+01 4.24359000e+01 1.11677371e+01 1.03973229e+02 3.63249000e+01 1.41425288e+01 1.03966015e+02 3.93199000e+01 1.11714749e+01 7.79749222e+01 3.62696000e+01 1.41426894e+01 7.79678528e+01 3.92572000e+01 1.31630334e+01 1.03980593e+02 3.32299000e+01 1.73210684e+01 1.03975773e+02 3.51779000e+01 1.31701295e+01 7.79818196e+01 3.31712000e+01 1.73210231e+01 7.79772266e+01 3.51148000e+01 1.43954071e+01 1.03989759e+02 2.93783000e+01 1.93191618e+01 1.03987219e+02 3.03542000e+01 1.43979039e+01 7.79904090e+01 2.93215000e+01 1.93188190e+01 7.79881105e+01 3.02910000e+01 6.12303000e-16 1.03976239e+02 3.51779000e+01 3.61241734e+00 1.03976000e+02 3.52651000e+01 6.12303000e-16 7.79776454e+01 3.51152000e+01 3.61406099e+00 7.79774313e+01 3.52056000e+01 6.88142789e+00 1.03976732e+02 3.49342000e+01 6.88615527e+00 7.79781211e+01 3.48777000e+01 9.27729000e+00 1.03977881e+02 3.44241000e+01 9.28313361e+00 7.79792036e+01 3.43734000e+01 9.77169399e+00 1.03983597e+02 3.20271000e+01 9.77966383e+00 7.79845501e+01 3.19764000e+01 1.00957902e+01 1.03991348e+02 2.87675000e+01 1.00982296e+01 7.79918138e+01 2.87127000e+01 6.55231938e+00 1.03984417e+02 3.17138000e+01 6.55623798e+00 7.79853099e+01 3.16537000e+01 6.20545130e+00 1.03992040e+02 2.85068000e+01 6.20987735e+00 7.79924350e+01 2.84436000e+01 3.33661261e+00 1.03985254e+02 3.13783000e+01 3.33921701e+00 7.79860851e+01 3.13167000e+01 3.18000504e+00 1.03992432e+02 2.83523000e+01 3.18304623e+00 7.79927838e+01 2.82914000e+01 3.06152000e-16 1.03988120e+02 3.01782000e+01 3.06152000e-16 7.79887528e+01 3.01152000e+01 1.22461000e-15 5.19635211e+01 4.50597000e+01 9.18455000e-16 5.19725447e+01 4.00592000e+01 4.21946935e+00 5.19736466e+01 3.94531000e+01 5.17708329e+00 5.19647256e+01 4.43780000e+01 8.07465248e+00 5.19758864e+01 3.82189000e+01 1.00012184e+01 5.19682732e+01 4.23795000e+01 1.11730571e+01 5.19795350e+01 3.62145000e+01 1.41435014e+01 5.19739704e+01 3.92005000e+01 1.31719215e+01 5.19852179e+01 3.31156000e+01 1.73217023e+01 5.19815060e+01 3.50577000e+01 1.43987064e+01 5.19922690e+01 2.92659000e+01 1.93191860e+01 5.19903860e+01 3.02337000e+01 6.12303000e-16 5.19818831e+01 3.50588000e+01 3.61520543e+00 5.19816895e+01 3.51498000e+01 6.88780348e+00 5.19822427e+01 3.48225000e+01 9.28479164e+00 5.19831083e+01 3.43196000e+01 9.78173670e+00 5.19875026e+01 3.19227000e+01 1.00992375e+01 5.19934432e+01 2.86578000e+01 6.55765995e+00 5.19881463e+01 3.15981000e+01 6.21116843e+00 5.19939687e+01 2.83872000e+01 3.34026325e+00 5.19887861e+01 3.12603000e+01 3.18417459e+00 5.19942519e+01 2.82351000e+01 3.06152000e-16 5.19909792e+01 3.00585000e+01 1.22461000e-15 2.59782434e+01 4.50201000e+01 9.18455000e-16 2.59846147e+01 4.00188000e+01 4.21909068e+00 2.59852582e+01 3.94105000e+01 5.17743656e+00 2.59790592e+01 4.43382000e+01 8.07381151e+00 2.59865194e+01 3.81749000e+01 1.00018573e+01 2.59813958e+01 4.23393000e+01 1.11710464e+01 2.59885928e+01 3.61708000e+01 1.41442800e+01 2.59850155e+01 3.91595000e+01 1.31693472e+01 2.59918153e+01 3.30723000e+01 1.73224095e+01 2.59895525e+01 3.50161000e+01 1.43975589e+01 2.59957486e+01 2.92226000e+01 1.93196126e+01 2.59946437e+01 3.01915000e+01 6.12303000e-16 2.59900100e+01 3.50179000e+01 3.61375237e+00 2.59898940e+01 3.51069000e+01 6.88502017e+00 2.59901841e+01 3.47785000e+01 9.28270514e+00 2.59906526e+01 3.42752000e+01 9.77981075e+00 2.59931215e+01 3.18783000e+01 1.00976861e+01 2.59964122e+01 2.86142000e+01 6.55600490e+00 2.59934976e+01 3.15538000e+01 6.20978941e+00 2.59967091e+01 2.83437000e+01 3.33886255e+00 2.59938658e+01 3.12181000e+01 3.18253062e+00 2.59968719e+01 2.81928000e+01 3.06152000e-16 2.59950768e+01 3.00174000e+01 1.22461000e-15 0.00000000e+00 4.50000000e+01 9.18455000e-16 0.00000000e+00 4.00000000e+01 4.21955082e+00 0.00000000e+00 3.93882000e+01 5.17769474e+00 0.00000000e+00 4.43185000e+01 8.06779388e+00 0.00000000e+00 3.81571000e+01 1.00022602e+01 0.00000000e+00 4.23205000e+01 1.11688435e+01 0.00000000e+00 3.61471000e+01 1.41446777e+01 0.00000000e+00 3.91421000e+01 1.31638018e+01 0.00000000e+00 3.30521000e+01 1.73226971e+01 0.00000000e+00 3.50000000e+01 1.43955401e+01 0.00000000e+00 2.92004000e+01 1.93197543e+01 0.00000000e+00 3.01764000e+01 6.12303000e-16 0.00000000e+00 3.50000000e+01 3.61268656e+00 0.00000000e+00 3.50872000e+01 6.88192884e+00 0.00000000e+00 3.47563000e+01 9.27793221e+00 0.00000000e+00 3.42462000e+01 9.77205391e+00 0.00000000e+00 3.18492000e+01 1.00957330e+01 0.00000000e+00 2.85894000e+01 6.55250650e+00 0.00000000e+00 3.15358000e+01 6.20535793e+00 0.00000000e+00 2.83286000e+01 3.33668224e+00 0.00000000e+00 3.12002000e+01 3.17993592e+00 0.00000000e+00 2.81740000e+01 3.06152000e-16 0.00000000e+00 3.00000000e+01 2.70792981e+02 1.03999934e+02 -4.50824605e+01 2.65792970e+02 1.03999990e+02 -4.50825009e+01 2.65180950e+02 1.03995404e+02 -4.93012671e+01 2.70111967e+02 1.03994298e+02 -5.02588586e+01 2.70792778e+02 7.79999583e+01 -4.50536540e+01 2.65792778e+02 7.79999707e+01 -4.50537720e+01 2.65185842e+02 7.79956382e+01 -4.92722867e+01 2.70111887e+02 7.79945942e+01 -5.02300892e+01 2.63949917e+02 1.03991221e+02 -5.31489506e+01 2.68112926e+02 1.03989071e+02 -5.50824610e+01 2.63951883e+02 7.79916874e+01 -5.31260250e+01 2.68112958e+02 7.79895943e+01 -5.50537725e+01 2.61939878e+02 1.03987849e+02 -5.62497456e+01 2.64934870e+02 1.03984611e+02 -5.92245566e+01 2.61947893e+02 7.79885159e+01 -5.62249782e+01 2.64934975e+02 7.79852845e+01 -5.91959824e+01 2.58844830e+02 1.03985684e+02 -5.82449436e+01 2.60792810e+02 1.03981207e+02 -6.24029444e+01 2.58848861e+02 7.79864928e+01 -5.82237308e+01 2.60792932e+02 7.79819647e+01 -6.23744899e+01 2.54992773e+02 1.03984347e+02 -5.94772421e+01 2.55968755e+02 1.03979071e+02 -6.44009314e+01 2.54999798e+02 7.79852625e+01 -5.94516684e+01 2.55968838e+02 7.79798759e+01 -6.43725667e+01 2.50792708e+02 1.03983689e+02 -6.00824392e+01 2.50792705e+02 1.03978340e+02 -6.50824239e+01 2.50792718e+02 7.79846511e+01 -6.00539831e+01 2.50792715e+02 7.79791620e+01 -6.50540931e+01 2.60792929e+02 1.04000035e+02 -4.50826019e+01 2.60879908e+02 1.03996113e+02 -4.86948200e+01 2.60792772e+02 7.79999731e+01 -4.50538690e+01 2.60882807e+02 7.79962770e+01 -4.86677567e+01 2.60548885e+02 1.03992563e+02 -5.19635746e+01 2.60554834e+02 7.79929296e+01 -5.19397651e+01 2.60038865e+02 1.03989954e+02 -5.43593561e+01 2.60050848e+02 7.79904720e+01 -5.43367825e+01 2.57641830e+02 1.03989440e+02 -5.48536584e+01 2.57653820e+02 7.79899808e+01 -5.48334071e+01 2.54381775e+02 1.03989108e+02 -5.51777629e+01 2.54390774e+02 7.79896706e+01 -5.51520282e+01 2.50792711e+02 1.03989223e+02 -5.50824634e+01 2.50792721e+02 7.79897755e+01 -5.50539317e+01 2.57328838e+02 1.03992948e+02 -5.16345002e+01 2.57331797e+02 7.79932849e+01 -5.16099964e+01 2.54121781e+02 1.03993340e+02 -5.12876245e+01 2.54121760e+02 7.79936489e+01 -5.12637171e+01 2.50792714e+02 1.03994654e+02 -5.00825570e+01 2.50792724e+02 7.79948833e+01 -5.00539216e+01 2.56992847e+02 1.03996441e+02 -4.84189726e+01 2.56994777e+02 7.79965680e+01 -4.83931017e+01 2.53966786e+02 1.03996621e+02 -4.82624035e+01 2.53968751e+02 7.79967312e+01 -4.82369232e+01 2.50792717e+02 1.04000074e+02 -4.50827351e+01 2.50792727e+02 7.79999652e+01 -4.50539529e+01 2.55792840e+02 1.04000065e+02 -4.50827085e+01 2.55792754e+02 7.79999698e+01 -4.50539364e+01 2.70792732e+02 5.19999880e+01 -4.50270372e+01 2.65792732e+02 5.19999873e+01 -4.50272895e+01 2.65186917e+02 5.19964018e+01 -4.92464427e+01 2.70112040e+02 5.19955278e+01 -5.02035147e+01 2.63953055e+02 5.19931173e+01 -5.31013639e+01 2.68113267e+02 5.19913956e+01 -5.50273228e+01 2.61949114e+02 5.19904753e+01 -5.61998251e+01 2.64935354e+02 5.19878920e+01 -5.91697096e+01 2.58851056e+02 5.19887834e+01 -5.81989896e+01 2.60793270e+02 5.19852430e+01 -6.23483988e+01 2.55000915e+02 5.19877493e+01 -5.94262140e+01 2.55969040e+02 5.19835944e+01 -6.43466102e+01 2.50792728e+02 5.19872399e+01 -6.00279660e+01 2.50792726e+02 5.19830332e+01 -6.50281870e+01 2.60792732e+02 5.19999856e+01 -4.50274753e+01 2.60883841e+02 5.19969468e+01 -4.86424925e+01 2.60556933e+02 5.19941794e+01 -5.19149554e+01 2.60053992e+02 5.19921360e+01 -5.43118280e+01 2.57656934e+02 5.19917392e+01 -5.48090029e+01 2.54392840e+02 5.19914917e+01 -5.51267674e+01 2.50792730e+02 5.19915883e+01 -5.50277808e+01 2.57332858e+02 5.19944835e+01 -5.15850266e+01 2.54121792e+02 5.19947884e+01 -5.12386689e+01 2.50792732e+02 5.19958139e+01 -5.00276561e+01 2.56994792e+02 5.19971931e+01 -4.83676807e+01 2.53969758e+02 5.19973274e+01 -4.82117200e+01 2.50792734e+02 5.19999818e+01 -4.50276102e+01 2.55792733e+02 5.19999830e+01 -4.50275850e+01 2.70792737e+02 2.60000001e+01 -4.50070364e+01 2.65792737e+02 2.59999990e+01 -4.50076099e+01 2.65185043e+02 2.59979954e+01 -4.92261163e+01 2.70112254e+02 2.59974774e+01 -5.01836120e+01 2.63950270e+02 2.59961425e+01 -5.30806612e+01 2.68113625e+02 2.59950766e+01 -5.50076820e+01 2.61946362e+02 2.59946247e+01 -5.61779898e+01 2.64935750e+02 2.59929364e+01 -5.91504218e+01 2.58849265e+02 2.59936536e+01 -5.81768110e+01 2.60793599e+02 2.59912303e+01 -6.23294511e+01 2.55000037e+02 2.59930639e+01 -5.94057463e+01 2.55969226e+02 2.59901284e+01 -6.43279010e+01 2.50792735e+02 2.59927641e+01 -6.00089484e+01 2.50792734e+02 2.59897444e+01 -6.50095650e+01 2.60792737e+02 2.59999990e+01 -4.50079751e+01 2.60881916e+02 2.59983082e+01 -4.86214036e+01 2.60554067e+02 2.59967568e+01 -5.18924244e+01 2.60051161e+02 2.59955938e+01 -5.42900687e+01 2.57654065e+02 2.59953794e+01 -5.47875006e+01 2.54389913e+02 2.59952490e+01 -5.51058092e+01 2.50792736e+02 2.59953084e+01 -5.50085282e+01 2.57328943e+02 2.59969390e+01 -5.15638456e+01 2.54119835e+02 2.59971180e+01 -5.12179140e+01 2.50792737e+02 2.59976916e+01 -5.00082888e+01 2.56993834e+02 2.59984526e+01 -4.83468601e+01 2.53968779e+02 2.59985319e+01 -4.81906252e+01 2.50792738e+02 2.59999997e+01 -4.50082145e+01 2.55792738e+02 2.59999999e+01 -4.50081671e+01 2.70792739e+02 0.00000000e+00 -4.50000000e+01 2.65792740e+02 0.00000000e+00 -4.50000000e+01 2.65181088e+02 0.00000000e+00 -4.92188000e+01 2.70112329e+02 0.00000000e+00 -5.01764000e+01 2.63950352e+02 0.00000000e+00 -5.30665000e+01 2.68113774e+02 0.00000000e+00 -5.50000000e+01 2.61940465e+02 0.00000000e+00 -5.61673000e+01 2.64935955e+02 0.00000000e+00 -5.91421000e+01 2.58845356e+02 0.00000000e+00 -5.81625000e+01 2.60793806e+02 0.00000000e+00 -6.23205000e+01 2.54993090e+02 0.00000000e+00 -5.93948000e+01 2.55969359e+02 0.00000000e+00 -6.43185000e+01 2.50792738e+02 0.00000000e+00 -6.00000000e+01 2.50792738e+02 0.00000000e+00 -6.50000000e+01 2.60792739e+02 0.00000000e+00 -4.50000000e+01 2.60879943e+02 0.00000000e+00 -4.86123000e+01 2.60549118e+02 0.00000000e+00 -5.18811000e+01 2.60039229e+02 0.00000000e+00 -5.42769000e+01 2.57642118e+02 0.00000000e+00 -5.47712000e+01 2.54381942e+02 0.00000000e+00 -5.50953000e+01 2.50792738e+02 0.00000000e+00 -5.50000000e+01 2.57328976e+02 0.00000000e+00 -5.15520000e+01 2.54121852e+02 0.00000000e+00 -5.12051000e+01 2.50792739e+02 0.00000000e+00 -5.00000000e+01 2.56992850e+02 0.00000000e+00 -4.83364000e+01 2.53966788e+02 0.00000000e+00 -4.81798000e+01 2.50792739e+02 0.00000000e+00 -4.50000000e+01 2.55792739e+02 0.00000000e+00 -4.50000000e+01 2.50792727e+02 1.04022974e+02 -2.50861119e+01 2.50792724e+02 1.04016996e+02 -3.00843468e+01 2.55011999e+02 1.04016134e+02 -3.06956607e+01 2.55968442e+02 1.04021731e+02 -2.57650969e+01 2.50792744e+02 7.80208193e+01 -2.50548343e+01 2.50792737e+02 7.80152550e+01 -3.00543579e+01 2.55011718e+02 7.80147582e+01 -3.06612656e+01 2.55968544e+02 7.80202456e+01 -2.57357780e+01 2.58858906e+02 1.04014611e+02 -3.19260471e+01 2.60792574e+02 1.04019173e+02 -2.77625203e+01 2.58864628e+02 7.80135427e+01 -3.18945607e+01 2.60792466e+02 7.80181625e+01 -2.77336052e+01 2.61959900e+02 1.04012294e+02 -3.39357490e+01 2.64934772e+02 1.04015535e+02 -3.09405871e+01 2.61963605e+02 7.80114834e+01 -3.38994490e+01 2.64934481e+02 7.80147626e+01 -3.09118145e+01 2.63954942e+02 1.04008829e+02 -3.70305759e+01 2.68112888e+02 1.04010918e+02 -3.50825459e+01 2.63962642e+02 7.80082758e+01 -3.69976580e+01 2.68112546e+02 7.80103838e+01 -3.50537713e+01 2.65187967e+02 1.04004580e+02 -4.08821703e+01 2.70111958e+02 1.04005601e+02 -3.99060807e+01 2.65190706e+02 7.80043015e+01 -4.08470998e+01 2.70111655e+02 7.80053379e+01 -3.98772808e+01 2.50792722e+02 1.04011115e+02 -3.50834955e+01 2.54404863e+02 1.04011181e+02 -3.49962307e+01 2.50792733e+02 7.80101619e+01 -3.50541445e+01 2.54406713e+02 7.80102947e+01 -3.49637311e+01 2.57673959e+02 1.04010777e+02 -3.53268703e+01 2.57678698e+02 7.80099921e+01 -3.52915550e+01 2.60069949e+02 1.04010186e+02 -3.58367319e+01 2.60075670e+02 7.80094935e+01 -3.57956713e+01 2.60563958e+02 1.04007525e+02 -3.82336272e+01 2.60571697e+02 7.80070147e+01 -3.81925326e+01 2.60887947e+02 1.04003944e+02 -4.14933036e+01 2.60890733e+02 7.80036576e+01 -4.14561917e+01 2.57344916e+02 1.04007204e+02 -3.85471900e+01 2.57348719e+02 7.80066571e+01 -3.85153985e+01 2.56997886e+02 1.04003684e+02 -4.17542266e+01 2.57002741e+02 7.80033650e+01 -4.17254550e+01 2.54128833e+02 1.04006852e+02 -3.88828915e+01 2.54131730e+02 7.80062914e+01 -3.88525380e+01 2.53972811e+02 1.04003528e+02 -4.19088880e+01 2.53975738e+02 7.80032000e+01 -4.18776855e+01 2.50792719e+02 1.04005534e+02 -4.00830340e+01 2.50792730e+02 7.80050497e+01 -4.00540251e+01 2.50792742e+02 5.20170142e+01 -2.50280507e+01 2.50792741e+02 5.20127762e+01 -3.00279098e+01 2.55011547e+02 5.20122126e+01 -3.06338770e+01 2.55968449e+02 5.20163714e+01 -2.57095940e+01 2.58866411e+02 5.20111690e+01 -3.18676772e+01 2.60792210e+02 5.20147090e+01 -2.77073986e+01 2.61964353e+02 5.20094826e+01 -3.38715196e+01 2.64934115e+02 5.20120750e+01 -3.08855130e+01 2.63963410e+02 5.20068429e+01 -3.69699605e+01 2.68112197e+02 5.20085778e+01 -3.50273251e+01 2.65190548e+02 5.20035641e+01 -4.08192411e+01 2.70111424e+02 5.20044484e+01 -3.98507155e+01 2.50792738e+02 5.20083918e+01 -3.50277559e+01 2.54407627e+02 5.20084654e+01 -3.49367423e+01 2.57679531e+02 5.20082127e+01 -3.52637856e+01 2.60076474e+02 5.20078163e+01 -3.57664176e+01 2.60573532e+02 5.20057740e+01 -3.81631474e+01 2.60891624e+02 5.20030130e+01 -4.14277882e+01 2.57349608e+02 5.20054697e+01 -3.84879142e+01 2.57003674e+02 5.20027655e+01 -4.16986744e+01 2.54132675e+02 5.20051691e+01 -3.88258549e+01 2.53976709e+02 5.20026319e+01 -4.18509132e+01 2.50792736e+02 5.20041535e+01 -4.00276450e+01 2.50792743e+02 2.60102151e+01 -2.50095984e+01 2.50792742e+02 2.60072172e+01 -3.00089593e+01 2.55010436e+02 2.60069347e+01 -3.06169526e+01 2.55968241e+02 2.60098662e+01 -2.56909072e+01 2.58865208e+02 2.60063404e+01 -3.18518133e+01 2.60791873e+02 2.60087692e+01 -2.76884538e+01 2.61962113e+02 2.60053617e+01 -3.38548904e+01 2.64933725e+02 2.60070593e+01 -3.08662249e+01 2.63960206e+02 2.60038451e+01 -3.69523618e+01 2.68111851e+02 2.60049207e+01 -3.50076849e+01 2.65189433e+02 2.60019950e+01 -4.08012169e+01 2.70111221e+02 2.60025213e+01 -3.98308137e+01 2.50792740e+02 2.60046857e+01 -3.50085313e+01 2.54405561e+02 2.60047494e+01 -3.49194123e+01 2.57676409e+02 2.60046115e+01 -3.52475020e+01 2.60074314e+02 2.60043902e+01 -3.57503689e+01 2.60571409e+02 2.60032281e+01 -3.81468244e+01 2.60889559e+02 2.60016809e+01 -4.14106039e+01 2.57348532e+02 2.60030513e+01 -3.84717464e+01 2.57002641e+02 2.60015411e+01 -4.16815606e+01 2.54131640e+02 2.60028787e+01 -3.88076153e+01 2.53974696e+02 2.60014650e+01 -4.18326257e+01 2.50792739e+02 2.60023065e+01 -4.00082899e+01 2.50792741e+02 0.00000000e+00 -2.50000000e+01 2.50792741e+02 0.00000000e+00 -3.00000000e+01 2.55011392e+02 0.00000000e+00 -3.06118000e+01 2.55968127e+02 0.00000000e+00 -2.56815000e+01 2.58858124e+02 0.00000000e+00 -3.18429000e+01 2.60791676e+02 0.00000000e+00 -2.76795000e+01 2.61959014e+02 0.00000000e+00 -3.38529000e+01 2.64933524e+02 0.00000000e+00 -3.08579000e+01 2.63954128e+02 0.00000000e+00 -3.69479000e+01 2.68111705e+02 0.00000000e+00 -3.50000000e+01 2.65187393e+02 0.00000000e+00 -4.07996000e+01 2.70111150e+02 0.00000000e+00 -3.98236000e+01 2.50792740e+02 0.00000000e+00 -3.50000000e+01 2.54404536e+02 0.00000000e+00 -3.49128000e+01 2.57673361e+02 0.00000000e+00 -3.52437000e+01 2.60069251e+02 0.00000000e+00 -3.57538000e+01 2.60563363e+02 0.00000000e+00 -3.81508000e+01 2.60887537e+02 0.00000000e+00 -4.14106000e+01 2.57344503e+02 0.00000000e+00 -3.84642000e+01 2.56997629e+02 0.00000000e+00 -4.16714000e+01 2.54128627e+02 0.00000000e+00 -3.87998000e+01 2.53972690e+02 0.00000000e+00 -4.18260000e+01 2.50792740e+02 0.00000000e+00 -4.00000000e+01 2.46580644e+02 1.03984356e+02 -5.94660367e+01 2.45616655e+02 1.03979067e+02 -6.44009248e+01 2.46575639e+02 7.79852827e+01 -5.94300632e+01 2.45616594e+02 7.79798731e+01 -6.43725606e+01 2.42735588e+02 1.03985701e+02 -5.82241332e+01 2.40792603e+02 1.03981199e+02 -6.24029316e+01 2.42724578e+02 7.79865257e+01 -5.81874208e+01 2.40792502e+02 7.79819587e+01 -6.23744783e+01 2.39632543e+02 1.03987872e+02 -5.62212311e+01 2.36650547e+02 1.03984600e+02 -5.92245383e+01 2.39627548e+02 7.79885519e+01 -5.61839646e+01 2.36650462e+02 7.79852761e+01 -5.91959658e+01 2.37638507e+02 1.03991233e+02 -5.31295335e+01 2.33471496e+02 1.03989059e+02 -5.50824384e+01 2.37628562e+02 7.79917140e+01 -5.30922092e+01 2.33471484e+02 7.79895833e+01 -5.50537521e+01 2.36404479e+02 1.03995406e+02 -4.92897481e+01 2.31473461e+02 1.03994284e+02 -5.02588335e+01 2.36398607e+02 7.79956483e+01 -4.92536695e+01 2.31473561e+02 7.79945821e+01 -5.02300662e+01 2.35792465e+02 1.03999979e+02 -4.50824808e+01 2.30792453e+02 1.03999919e+02 -4.50824343e+01 2.35792676e+02 7.79999610e+01 -4.50537539e+01 2.30792676e+02 7.79999453e+01 -4.50536298e+01 2.47184646e+02 1.03989123e+02 -5.51618583e+01 2.47181668e+02 7.79896988e+01 -5.51225238e+01 2.43929592e+02 1.03989461e+02 -5.48306496e+01 2.43915623e+02 7.79900252e+01 -5.47858987e+01 2.41526557e+02 1.03989983e+02 -5.43272441e+01 2.41519595e+02 7.79905210e+01 -5.42837711e+01 2.41031540e+02 1.03992585e+02 -5.19379620e+01 2.41021612e+02 7.79929705e+01 -5.18940532e+01 2.40702522e+02 1.03996126e+02 -4.86757068e+01 2.40699643e+02 7.79962977e+01 -4.86416445e+01 2.40792506e+02 1.04000027e+02 -4.50825881e+01 2.40792682e+02 7.79999669e+01 -4.50538568e+01 2.47458645e+02 1.03993349e+02 -5.12773203e+01 2.47455686e+02 7.79936723e+01 -5.12388131e+01 2.44256588e+02 1.03992965e+02 -5.16152919e+01 2.44245650e+02 7.79933197e+01 -5.15717885e+01 2.47614644e+02 1.03996630e+02 -4.82521995e+01 2.47611699e+02 7.79967473e+01 -4.82193194e+01 2.44590583e+02 1.03996446e+02 -4.84101645e+01 2.44586673e+02 7.79965855e+01 -4.83721943e+01 2.45792593e+02 1.04000061e+02 -4.50827014e+01 2.45792700e+02 7.79999666e+01 -4.50539303e+01 2.46574541e+02 5.19877682e+01 -5.94021093e+01 2.45616413e+02 5.19835918e+01 -6.43466059e+01 2.42722401e+02 5.19888143e+01 -5.81591810e+01 2.40792184e+02 5.19852384e+01 -6.23483907e+01 2.39625346e+02 5.19905080e+01 -5.61557140e+01 2.36650103e+02 5.19878852e+01 -5.91696980e+01 2.37626408e+02 5.19931440e+01 -5.30641517e+01 2.33471192e+02 5.19913882e+01 -5.50273085e+01 2.36397549e+02 5.19964134e+01 -4.92257303e+01 2.31473424e+02 5.19955194e+01 -5.02034984e+01 2.35792736e+02 5.19999811e+01 -4.50272767e+01 2.30792736e+02 5.19999796e+01 -4.50270201e+01 2.47180620e+02 5.19915183e+01 -5.50939632e+01 2.43912527e+02 5.19917819e+01 -5.47559951e+01 2.41517470e+02 5.19921812e+01 -5.42542182e+01 2.41019531e+02 5.19942183e+01 -5.18644459e+01 2.40698625e+02 5.19969664e+01 -4.86137836e+01 2.40792736e+02 5.19999812e+01 -4.50274669e+01 2.47454671e+02 5.19948112e+01 -5.12102654e+01 2.44242605e+02 5.19945173e+01 -5.15422200e+01 2.47610708e+02 5.19973427e+01 -4.81917170e+01 2.44585674e+02 5.19972105e+01 -4.83437751e+01 2.45792735e+02 5.19999809e+01 -4.50275808e+01 2.46577433e+02 2.59930730e+01 -5.93863427e+01 2.45616242e+02 2.59901287e+01 -6.43278991e+01 2.42724205e+02 2.59936686e+01 -5.81439044e+01 2.40791869e+02 2.59912297e+01 -6.23294472e+01 2.39629111e+02 2.59946410e+01 -5.61413818e+01 2.36649719e+02 2.59929351e+01 -5.91504159e+01 2.37628204e+02 2.59961553e+01 -5.30474533e+01 2.33470847e+02 2.59950740e+01 -5.50076743e+01 2.36398432e+02 2.59980017e+01 -4.92071091e+01 2.31473219e+02 2.59974744e+01 -5.01836030e+01 2.35792738e+02 2.59999966e+01 -4.50076028e+01 2.30792738e+02 2.59999968e+01 -4.50070268e+01 2.47183559e+02 2.59952612e+01 -5.50777057e+01 2.43916407e+02 2.59953985e+01 -5.47416944e+01 2.41522313e+02 2.59956149e+01 -5.42407612e+01 2.41022408e+02 2.59967743e+01 -5.18490178e+01 2.40699560e+02 2.59983178e+01 -4.85969983e+01 2.40792739e+02 2.59999978e+01 -4.50079705e+01 2.47456639e+02 2.59971278e+01 -5.11931114e+01 2.44246531e+02 2.59969539e+01 -5.15263410e+01 2.47611696e+02 2.59985381e+01 -4.81747234e+01 2.44588641e+02 2.59984602e+01 -4.83264567e+01 2.45792738e+02 2.59999992e+01 -4.50081648e+01 2.46580385e+02 0.00000000e+00 -5.93836000e+01 2.45616116e+02 0.00000000e+00 -6.43185000e+01 2.42735120e+02 0.00000000e+00 -5.81417000e+01 2.40791670e+02 0.00000000e+00 -6.23205000e+01 2.39632012e+02 0.00000000e+00 -5.61388000e+01 2.36649521e+02 0.00000000e+00 -5.91421000e+01 2.37638127e+02 0.00000000e+00 -5.30471000e+01 2.33470702e+02 0.00000000e+00 -5.50000000e+01 2.36404391e+02 0.00000000e+00 -4.92073000e+01 2.31473148e+02 0.00000000e+00 -5.01764000e+01 2.35792739e+02 0.00000000e+00 -4.50000000e+01 2.30792738e+02 0.00000000e+00 -4.50000000e+01 2.47184533e+02 0.00000000e+00 -5.50794000e+01 2.43929359e+02 0.00000000e+00 -5.47482000e+01 2.41526249e+02 0.00000000e+00 -5.42448000e+01 2.41031361e+02 0.00000000e+00 -5.18555000e+01 2.40702536e+02 0.00000000e+00 -4.85932000e+01 2.40792739e+02 0.00000000e+00 -4.50000000e+01 2.47458625e+02 0.00000000e+00 -5.11948000e+01 2.44256501e+02 0.00000000e+00 -5.15328000e+01 2.47614689e+02 0.00000000e+00 -4.81696000e+01 2.44590628e+02 0.00000000e+00 -4.83276000e+01 2.45792739e+02 0.00000000e+00 -4.50000000e+01 2.36408473e+02 1.04004581e+02 -4.08710510e+01 2.31473482e+02 1.04005585e+02 -3.99060551e+01 2.36416754e+02 7.80043031e+01 -4.08365827e+01 2.31473805e+02 7.80053254e+01 -3.98772571e+01 2.37650502e+02 1.04008824e+02 -3.70256583e+01 2.33471558e+02 1.04010904e+02 -3.50825226e+01 2.37659822e+02 7.80082788e+01 -3.69857424e+01 2.33471920e+02 7.80103719e+01 -3.50537496e+01 2.39653547e+02 1.04012299e+02 -3.39228344e+01 2.36650678e+02 1.04015522e+02 -3.09405670e+01 2.39662863e+02 7.80114872e+01 -3.38885357e+01 2.36650991e+02 7.80147534e+01 -3.09117961e+01 2.42745543e+02 1.04014601e+02 -3.19287339e+01 2.40792879e+02 1.04019162e+02 -2.77625040e+01 2.42754843e+02 7.80135411e+01 -3.18901503e+01 2.40793011e+02 7.80181555e+01 -2.77335913e+01 2.46585449e+02 1.04016128e+02 -3.06960527e+01 2.45617012e+02 1.04021722e+02 -2.57650766e+01 2.46592755e+02 7.80147566e+01 -3.06603597e+01 2.45616938e+02 7.80202431e+01 -2.57357684e+01 2.40713491e+02 1.04003955e+02 -4.14751902e+01 2.40723725e+02 7.80036657e+01 -4.14425799e+01 2.41044484e+02 1.04007532e+02 -3.82201144e+01 2.41060765e+02 7.80070244e+01 -3.81768215e+01 2.41547496e+02 1.04010199e+02 -3.58173201e+01 2.41562796e+02 7.80095036e+01 -3.57804607e+01 2.43936486e+02 1.04010776e+02 -3.53222613e+01 2.43952767e+02 7.80099961e+01 -3.52830472e+01 2.47199582e+02 1.04011180e+02 -3.49936256e+01 2.47204753e+02 7.80102955e+01 -3.49609266e+01 2.44597552e+02 1.04003685e+02 -4.17487181e+01 2.44607717e+02 7.80033699e+01 -4.17168476e+01 2.44259525e+02 1.04007200e+02 -3.85468808e+01 2.44274742e+02 7.80066610e+01 -3.85066909e+01 2.47622627e+02 1.04003530e+02 -4.19045837e+01 2.47627720e+02 7.80032034e+01 -4.18725817e+01 2.47464608e+02 1.04006852e+02 -3.88806867e+01 2.47474732e+02 7.80062934e+01 -3.88485339e+01 2.36418924e+02 5.20035662e+01 -4.08091299e+01 2.31474049e+02 5.20044403e+01 -3.98506988e+01 2.37662065e+02 5.20068483e+01 -3.69574511e+01 2.33472279e+02 5.20085714e+01 -3.50273099e+01 2.39665123e+02 5.20094862e+01 -3.38610117e+01 2.36651365e+02 5.20120693e+01 -3.08855005e+01 2.42756067e+02 5.20111712e+01 -3.18620713e+01 2.40793273e+02 5.20147058e+01 -2.77073898e+01 2.46594932e+02 5.20122120e+01 -3.06326737e+01 2.45617035e+02 5.20163692e+01 -2.57095901e+01 2.40726848e+02 5.20030185e+01 -4.14150806e+01 2.41064942e+02 5.20057829e+01 -3.81474409e+01 2.41566001e+02 5.20078227e+01 -3.57525116e+01 2.43955944e+02 5.20082176e+01 -3.52544809e+01 2.47206849e+02 5.20084663e+01 -3.49335395e+01 2.44609797e+02 5.20027708e+01 -4.16893696e+01 2.44277866e+02 5.20054763e+01 -3.84777096e+01 2.47628762e+02 5.20026352e+01 -4.18452107e+01 2.47476798e+02 5.20051717e+01 -3.88210523e+01 2.36415045e+02 2.60019970e+01 -4.07922120e+01 2.31474257e+02 2.60025179e+01 -3.98308044e+01 2.37658273e+02 2.60038469e+01 -3.69403586e+01 2.33472629e+02 2.60049164e+01 -3.50076765e+01 2.39660366e+02 2.60053641e+01 -3.38450880e+01 2.36651757e+02 2.60070560e+01 -3.08662178e+01 2.42754272e+02 2.60063406e+01 -3.18448111e+01 2.40793611e+02 2.60087663e+01 -2.76884486e+01 2.46594045e+02 2.60069346e+01 -3.06145509e+01 2.45617244e+02 2.60098653e+01 -2.56909043e+01 2.40723918e+02 2.60016856e+01 -4.13987010e+01 2.41060069e+02 2.60032326e+01 -3.81322228e+01 2.41561165e+02 2.60043950e+01 -3.57381677e+01 2.43952070e+02 2.60046137e+01 -3.52388006e+01 2.47203918e+02 2.60047504e+01 -3.49160111e+01 2.44607836e+02 2.60015440e+01 -4.16723585e+01 2.44274946e+02 2.60030533e+01 -3.84617448e+01 2.47625781e+02 2.60014666e+01 -4.18276246e+01 2.47474838e+02 2.60028794e+01 -3.88042141e+01 2.36409087e+02 0.00000000e+00 -4.07885000e+01 2.31474329e+02 0.00000000e+00 -3.98236000e+01 2.37651351e+02 0.00000000e+00 -3.69430000e+01 2.33472775e+02 0.00000000e+00 -3.50000000e+01 2.39654465e+02 0.00000000e+00 -3.38400000e+01 2.36651956e+02 0.00000000e+00 -3.08579000e+01 2.42746355e+02 0.00000000e+00 -3.18456000e+01 2.40793805e+02 0.00000000e+00 -2.76795000e+01 2.46586088e+02 0.00000000e+00 -3.06122000e+01 2.45617355e+02 0.00000000e+00 -2.56815000e+01 2.40713943e+02 0.00000000e+00 -4.13925000e+01 2.41045117e+02 0.00000000e+00 -3.81373000e+01 2.41548229e+02 0.00000000e+00 -3.57344000e+01 2.43937118e+02 0.00000000e+00 -3.52391000e+01 2.47199943e+02 0.00000000e+00 -3.49102000e+01 2.44597851e+02 0.00000000e+00 -4.16659000e+01 2.44259976e+02 0.00000000e+00 -3.84639000e+01 2.47622789e+02 0.00000000e+00 -4.18217000e+01 2.47464853e+02 0.00000000e+00 -3.87976000e+01
        </DataArray>
      </Points>
      <Cells>
        <DataArray type="Int32" Name="connectivity" format="ascii">
          0 1 2 3 4 5 6 7 3 2 8 9 7 6 10 11 9 8 12 13 11 10 14 15 13 12 16 17 15 14 18 19 4 5 6 7 20 21 22 23 7 6 10 11 23 22 24 25 11 10 14 15 25 24 26 27 15 14 18 19 27 26 28 29 1 30 31 2 5 32 33 6 2 31 34 8 6 33 35 10 8 34 36 12 10 35 37 14 12 36 38 16 14 37 39 18 5 32 33 6 21 40 41 22 6 33 35 10 22 41 42 24 10 35 37 14 24 42 43 26 14 37 39 18 26 43 44 28 30 45 46 31 32 47 48 33 31 46 49 34 33 48 50 35 34 49 51 36 35 50 52 37 36 51 53 38 37 52 54 39 32 47 48 33 40 55 56 41 33 48 50 35 41 56 57 42 35 50 52 37 42 57 58 43 37 52 54 39 43 58 59 44 45 60 61 46 47 62 63 48 46 61 64 49 48 63 65 50 49 64 66 51 50 65 67 52 51 66 68 53 52 67 69 54 47 62 63 48 55 70 71 56 48 63 65 50 56 71 72 57 50 65 67 52 57 72 73 58 52 67 69 54 58 73 74 59 60 75 76 61 62 77 78 63 61 76 79 64 63 78 80 65 64 79 81 66 65 80 82 67 66 81 83 68 67 82 84 69 62 77 78 63 70 85 86 71 63 78 80 65 71 86 87 72 65 80 82 67 72 87 88 73 67 82 84 69 73 88 89 74 75 90 91 76 77 92 93 78 76 91 94 79 78 93 95 80 79 94 96 81 80 95 97 82 81 96 98 83 82 97 99 84 77 92 93 78 85 100 101 86 78 93 95 80 86 101 102 87 80 95 97 82 87 102 103 88 82 97 99 84 88 103 104 89 105 106 107 108 109 110 111 112 108 107 113 114 112 111 115 116 114 113 117 118 116 115 119 120 118 117 121 122 120 119 123 124 109 110 111 112 125 126 127 128 112 111 115 116 128 127 129 130 116 115 119 120 130 129 131 132 120 119 123 124 132 131 133 134 106 135 136 107 110 137 138 111 107 136 139 113 111 138 140 115 113 139 141 117 115 140 142 119 117 141 143 121 119 142 144 123 110 137 138 111 126 145 146 127 111 138 140 115 127 146 147 129 115 140 142 119 129 147 148 131 119 142 144 123 131 148 149 133 135 150 151 136 137 152 153 138 136 151 154 139 138 153 155 140 139 154 156 141 140 155 157 142 141 156 158 143 142 157 159 144 137 152 153 138 145 160 161 146 138 153 155 140 146 161 162 147 140 155 157 142 147 162 163 148 142 157 159 144 148 163 164 149 150 165 166 151 152 167 168 153 151 166 169 154 153 168 170 155 154 169 171 156 155 170 172 157 156 171 173 158 157 172 174 159 152 167 168 153 160 175 176 161 153 168 170 155 161 176 177 162 155 170 172 157 162 177 178 163 157 172 174 159 163 178 179 164 165 180 181 166 167 182 183 168 166 181 184 169 168 183 185 170 169 184 186 171 170 185 187 172 171 186 188 173 172 187 189 174 167 182 183 168 175 190 191 176 168 183 185 170 176 191 192 177 170 185 187 172 177 192 193 178 172 187 189 174 178 193 194 179 180 0 3 181 182 4 7 183 181 3 9 184 183 7 11 185 184 9 13 186 185 11 15 187 186 13 17 188 187 15 19 189 182 4 7 183 190 20 23 191 183 7 11 185 191 23 25 192 185 11 15 187 192 25 27 193 187 15 19 189 193 27 29 194 195 196 197 198 199 200 201 202 198 197 203 204 202 201 205 206 204 203 207 208 206 205 209 210 208 207 211 212 210 209 213 214 199 200 201 202 215 216 217 218 202 201 205 206 218 217 219 220 206 205 209 210 220 219 221 222 210 209 213 214 222 221 223 224 196 225 226 197 200 227 228 201 197 226 229 203 201 228 230 205 203 229 231 207 205 230 232 209 207 231 233 211 209 232 234 213 200 227 228 201 216 235 236 217 201 228 230 205 217 236 237 219 205 230 232 209 219 237 238 221 209 232 234 213 221 238 239 223 225 240 241 226 227 242 243 228 226 241 244 229 228 243 245 230 229 244 246 231 230 245 247 232 231 246 248 233 232 247 249 234 227 242 243 228 235 250 251 236 228 243 245 230 236 251 252 237 230 245 247 232 237 252 253 238 232 247 249 234 238 253 254 239 240 255 256 241 242 257 258 243 241 256 259 244 243 258 260 245 244 259 261 246 245 260 262 247 246 261 263 248 247 262 264 249 242 257 258 243 250 265 266 251 243 258 260 245 251 266 267 252 245 260 262 247 252 267 268 253 247 262 264 249 253 268 269 254 255 270 271 256 257 272 273 258 256 271 274 259 258 273 275 260 259 274 276 261 260 275 277 262 261 276 278 263 262 277 279 264 257 272 273 258 265 280 281 266 258 273 275 260 266 281 282 267 260 275 277 262 267 282 283 268 262 277 279 264 268 283 284 269 270 285 286 271 272 287 288 273 271 286 289 274 273 288 290 275 274 289 291 276 275 290 292 277 276 291 293 278 277 292 294 279 272 287 288 273 280 295 296 281 273 288 290 275 281 296 297 282 275 290 292 277 282 297 298 283 277 292 294 279 283 298 299 284 285 300 301 286 287 302 303 288 286 301 304 289 288 303 305 290 289 304 306 291 290 305 307 292 291 306 308 293 292 307 309 294 287 302 303 288 295 310 311 296 288 303 305 290 296 311 312 297 290 305 307 292 297 312 313 298 292 307 309 294 298 313 314 299 300 315 316 301 302 317 318 303 301 316 319 304 303 318 320 305 304 319 321 306 305 320 322 307 306 321 323 308 307 322 324 309 302 317 318 303 310 325 326 311 303 318 320 305 311 326 327 312 305 320 322 307 312 327 328 313 307 322 324 309 313 328 329 314 315 330 331 316 317 332 333 318 316 331 334 319 318 333 335 320 319 334 336 321 320 335 337 322 321 336 338 323 322 337 339 324 317 332 333 318 325 340 341 326 318 333 335 320 326 341 342 327 320 335 337 322 327 342 343 328 322 337 339 324 328 343 344 329 330 105 108 331 332 109 112 333 331 108 114 334 333 112 116 335 334 114 118 336 335 116 120 337 336 118 122 338 337 120 124 339 332 109 112 333 340 125 128 341 333 112 116 335 341 128 130 342 335 116 120 337 342 130 132 343 337 120 124 339 343 132 134 344 345 346 347 348 349 350 351 352 348 347 353 354 352 351 355 356 354 353 357 358 356 355 359 360 358 357 361 362 360 359 363 364 349 350 351 352 365 366 367 368 352 351 355 356 368 367 369 370 356 355 359 360 370 369 371 372 360 359 363 364 372 371 373 374 346 375 376 347 350 377 378 351 347 376 379 353 351 378 380 355 353 379 381 357 355 380 382 359 357 381 383 361 359 382 384 363 350 377 378 351 366 385 386 367 351 378 380 355 367 386 387 369 355 380 382 359 369 387 388 371 359 382 384 363 371 388 389 373 375 390 391 376 377 392 393 378 376 391 394 379 378 393 395 380 379 394 396 381 380 395 397 382 381 396 398 383 382 397 399 384 377 392 393 378 385 400 401 386 378 393 395 380 386 401 402 387 380 395 397 382 387 402 403 388 382 397 399 384 388 403 404 389 390 405 406 391 392 407 408 393 391 406 409 394 393 408 410 395 394 409 411 396 395 410 412 397 396 411 413 398 397 412 414 399 392 407 408 393 400 415 416 401 393 408 410 395 401 416 417 402 395 410 412 397 402 417 418 403 397 412 414 399 403 418 419 404 405 420 421 406 407 422 423 408 406 421 424 409 408 423 425 410 409 424 426 411 410 425 427 412 411 426 428 413 412 427 429 414 407 422 423 408 415 430 431 416 408 423 425 410 416 431 432 417 410 425 427 412 417 432 433 418 412 427 429 414 418 433 434 419 420 100 101 421 422 92 93 423 421 101 102 424 423 93 95 425 424 102 103 426 425 95 97 427 426 103 104 428 427 97 99 429 422 92 93 423 430 90 91 431 423 93 95 425 431 91 94 432 425 95 97 427 432 94 96 433 427 97 99 429 433 96 98 434 435 436 437 438 439 440 441 442 438 437 443 444 442 441 445 446 444 443 447 448 446 445 449 450 448 447 451 452 450 449 453 454 439 440 441 442 455 456 457 458 442 441 445 446 458 457 459 460 446 445 449 450 460 459 461 462 450 449 453 454 462 461 463 464 436 465 466 437 440 467 468 441 437 466 469 443 441 468 470 445 443 469 471 447 445 470 472 449 447 471 473 451 449 472 474 453 440 467 468 441 456 475 476 457 441 468 470 445 457 476 477 459 445 470 472 449 459 477 478 461 449 472 474 453 461 478 479 463 465 480 481 466 467 482 483 468 466 481 484 469 468 483 485 470 469 484 486 471 470 485 487 472 471 486 488 473 472 487 489 474 467 482 483 468 475 490 491 476 468 483 485 470 476 491 492 477 470 485 487 472 477 492 493 478 472 487 489 474 478 493 494 479 480 495 496 481 482 497 498 483 481 496 499 484 483 498 500 485 484 499 501 486 485 500 502 487 486 501 503 488 487 502 504 489 482 497 498 483 490 505 506 491 483 498 500 485 491 506 507 492 485 500 502 487 492 507 508 493 487 502 504 489 493 508 509 494 495 510 511 496 497 512 513 498 496 511 514 499 498 513 515 500 499 514 516 501 500 515 517 502 501 516 518 503 502 517 519 504 497 512 513 498 505 520 521 506 498 513 515 500 506 521 522 507 500 515 517 502 507 522 523 508 502 517 519 504 508 523 524 509 510 345 348 511 512 349 352 513 511 348 354 514 513 352 356 515 514 354 358 516 515 356 360 517 516 358 362 518 517 360 364 519 512 349 352 513 520 365 368 521 513 352 356 515 521 368 370 522 515 356 360 517 522 370 372 523 517 360 364 519 523 372 374 524 525 526 527 528 529 530 531 532 528 527 533 534 532 531 535 536 534 533 537 538 536 535 539 540 538 537 541 542 540 539 543 544 529 530 531 532 545 546 547 548 532 531 535 536 548 547 549 550 536 535 539 540 550 549 551 552 540 539 543 544 552 551 553 554 526 555 556 527 530 557 558 531 527 556 559 533 531 558 560 535 533 559 561 537 535 560 562 539 537 561 563 541 539 562 564 543 530 557 558 531 546 565 566 547 531 558 560 535 547 566 567 549 535 560 562 539 549 567 568 551 539 562 564 543 551 568 569 553 555 570 571 556 557 572 573 558 556 571 574 559 558 573 575 560 559 574 576 561 560 575 577 562 561 576 578 563 562 577 579 564 557 572 573 558 565 580 581 566 558 573 575 560 566 581 582 567 560 575 577 562 567 582 583 568 562 577 579 564 568 583 584 569 570 585 586 571 572 587 588 573 571 586 589 574 573 588 590 575 574 589 591 576 575 590 592 577 576 591 593 578 577 592 594 579 572 587 588 573 580 595 596 581 573 588 590 575 581 596 597 582 575 590 592 577 582 597 598 583 577 592 594 579 583 598 599 584 585 600 601 586 587 602 603 588 586 601 604 589 588 603 605 590 589 604 606 591 590 605 607 592 591 606 608 593 592 607 609 594 587 602 603 588 595 610 611 596 588 603 605 590 596 611 612 597 590 605 607 592 597 612 613 598 592 607 609 594 598 613 614 599 600 615 616 601 602 617 618 603 601 616 619 604 603 618 620 605 604 619 621 606 605 620 622 607 606 621 623 608 607 622 624 609 602 617 618 603 610 625 626 611 603 618 620 605 611 626 627 612 605 620 622 607 612 627 628 613 607 622 624 609 613 628 629 614 615 630 631 616 617 632 633 618 616 631 634 619 618 633 635 620 619 634 636 621 620 635 637 622 621 636 638 623 622 637 639 624 617 632 633 618 625 640 641 626 618 633 635 620 626 641 642 627 620 635 637 622 627 642 643 628 622 637 639 624 628 643 644 629 630 645 646 631 632 647 648 633 631 646 649 634 633 648 650 635 634 649 651 636 635 650 652 637 636 651 653 638 637 652 654 639 632 647 648 633 640 655 656 641 633 648 650 635 641 656 657 642 635 650 652 637 642 657 658 643 637 652 654 639 643 658 659 644 645 660 661 646 647 662 663 648 646 661 664 649 648 663 665 650 649 664 666 651 650 665 667 652 651 666 668 653 652 667 669 654 647 662 663 648 655 670 671 656 648 663 665 650 656 671 672 657 650 665 667 652 657 672 673 658 652 667 669 654 658 673 674 659 660 435 438 661 662 439 442 663 661 438 444 664 663 442 446 665 664 444 448 666 665 446 450 667 666 448 452 668 667 450 454 669 662 439 442 663 670 455 458 671 663 442 446 665 671 458 460 672 665 446 450 667 672 460 462 673 667 450 454 669 673 462 464 674 17 16 675 676 19 18 677 678 676 675 679 680 678 677 681 682 680 679 683 684 682 681 685 686 684 683 687 688 686 685 689 690 688 687 691 692 690 689 693 694 692 691 695 696 694 693 697 698 696 695 699 700 698 697 701 702 700 699 703 704 702 701 705 706 704 703 707 708 706 705 709 710 708 707 711 712 710 709 713 714 712 711 715 716 714 713 717 718 716 715 719 720 718 717 721 722 720 719 723 724 722 721 725 726 724 723 727 728 726 725 729 730 728 727 731 732 730 729 733 734 732 731 735 736 734 733 737 738 736 735 739 740 738 737 741 742 740 739 743 744 742 741 745 746 744 743 747 748 746 745 749 750 748 747 751 752 750 749 753 754 19 18 677 678 29 28 755 756 678 677 681 682 756 755 757 758 682 681 685 686 758 757 759 760 686 685 689 690 760 759 761 762 690 689 693 694 762 761 763 764 694 693 697 698 764 763 765 766 698 697 701 702 766 765 767 768 702 701 705 706 768 767 769 770 706 705 709 710 770 769 771 772 710 709 713 714 772 771 773 774 714 713 717 718 774 773 775 776 718 717 721 722 776 775 777 778 722 721 725 726 778 777 779 780 726 725 729 730 780 779 781 782 730 729 733 734 782 781 783 784 734 733 737 738 784 783 785 786 738 737 741 742 786 785 787 788 742 741 745 746 788 787 789 790 746 745 749 750 790 789 791 792 750 749 753 754 792 791 793 794 16 38 795 675 18 39 796 677 675 795 797 679 677 796 798 681 679 797 799 683 681 798 800 685 683 799 801 687 685 800 802 689 687 801 803 691 689 802 804 693 691 803 805 695 693 804 806 697 695 805 807 699 697 806 808 701 699 807 809 703 701 808 810 705 703 809 811 707 705 810 812 709 707 811 813 711 709 812 814 713 711 813 815 715 713 814 816 717 715 815 817 719 717 816 818 721 719 817 819 723 721 818 820 725 723 819 821 727 725 820 822 729 727 821 823 731 729 822 824 733 731 823 825 735 733 824 826 737 735 825 827 739 737 826 828 741 739 827 829 743 741 828 830 745 743 829 831 747 745 830 832 749 747 831 833 751 749 832 834 753 18 39 796 677 28 44 835 755 677 796 798 681 755 835 836 757 681 798 800 685 757 836 837 759 685 800 802 689 759 837 838 761 689 802 804 693 761 838 839 763 693 804 806 697 763 839 840 765 697 806 808 701 765 840 841 767 701 808 810 705 767 841 842 769 705 810 812 709 769 842 843 771 709 812 814 713 771 843 844 773 713 814 816 717 773 844 845 775 717 816 818 721 775 845 846 777 721 818 820 725 777 846 847 779 725 820 822 729 779 847 848 781 729 822 824 733 781 848 849 783 733 824 826 737 783 849 850 785 737 826 828 741 785 850 851 787 741 828 830 745 787 851 852 789 745 830 832 749 789 852 853 791 749 832 834 753 791 853 854 793 38 53 855 795 39 54 856 796 795 855 857 797 796 856 858 798 797 857 859 799 798 858 860 800 799 859 861 801 800 860 862 802 801 861 863 803 802 862 864 804 803 863 865 805 804 864 866 806 805 865 867 807 806 866 868 808 807 867 869 809 808 868 870 810 809 869 871 811 810 870 872 812 811 871 873 813 812 872 874 814 813 873 875 815 814 874 876 816 815 875 877 817 816 876 878 818 817 877 879 819 818 878 880 820 819 879 881 821 820 880 882 822 821 881 883 823 822 882 884 824 823 883 885 825 824 884 886 826 825 885 887 827 826 886 888 828 827 887 889 829 828 888 890 830 829 889 891 831 830 890 892 832 831 891 893 833 832 892 894 834 39 54 856 796 44 59 895 835 796 856 858 798 835 895 896 836 798 858 860 800 836 896 897 837 800 860 862 802 837 897 898 838 802 862 864 804 838 898 899 839 804 864 866 806 839 899 900 840 806 866 868 808 840 900 901 841 808 868 870 810 841 901 902 842 810 870 872 812 842 902 903 843 812 872 874 814 843 903 904 844 814 874 876 816 844 904 905 845 816 876 878 818 845 905 906 846 818 878 880 820 846 906 907 847 820 880 882 822 847 907 908 848 822 882 884 824 848 908 909 849 824 884 886 826 849 909 910 850 826 886 888 828 850 910 911 851 828 888 890 830 851 911 912 852 830 890 892 832 852 912 913 853 832 892 894 834 853 913 914 854 53 68 915 855 54 69 916 856 855 915 917 857 856 916 918 858 857 917 919 859 858 918 920 860 859 919 921 861 860 920 922 862 861 921 923 863 862 922 924 864 863 923 925 865 864 924 926 866 865 925 927 867 866 926 928 868 867 927 929 869 868 928 930 870 869 929 931 871 870 930 932 872 871 931 933 873 872 932 934 874 873 933 935 875 874 934 936 876 875 935 937 877 876 936 938 878 877 937 939 879 878 938 940 880 879 939 941 881 880 940 942 882 881 941 943 883 882 942 944 884 883 943 945 885 884 944 946 886 885 945 947 887 886 946 948 888 887 947 949 889 888 948 950 890 889 949 951 891 890 950 952 892 891 951 953 893 892 952 954 894 54 69 916 856 59 74 955 895 856 916 918 858 895 955 956 896 858 918 920 860 896 956 957 897 860 920 922 862 897 957 958 898 862 922 924 864 898 958 959 899 864 924 926 866 899 959 960 900 866 926 928 868 900 960 961 901 868 928 930 870 901 961 962 902 870 930 932 872 902 962 963 903 872 932 934 874 903 963 964 904 874 934 936 876 904 964 965 905 876 936 938 878 905 965 966 906 878 938 940 880 906 966 967 907 880 940 942 882 907 967 968 908 882 942 944 884 908 968 969 909 884 944 946 886 909 969 970 910 886 946 948 888 910 970 971 911 888 948 950 890 911 971 972 912 890 950 952 892 912 972 973 913 892 952 954 894 913 973 974 914 68 83 975 915 69 84 976 916 915 975 977 917 916 976 978 918 917 977 979 919 918 978 980 920 919 979 981 921 920 980 982 922 921 981 983 923 922 982 984 924 923 983 985 925 924 984 986 926 925 985 987 927 926 986 988 928 927 987 989 929 928 988 990 930 929 989 991 931 930 990 992 932 931 991 993 933 932 992 994 934 933 993 995 935 934 994 996 936 935 995 997 937 936 996 998 938 937 997 999 939 938 998 1000 940 939 999 1001 941 940 1000 1002 942 941 1001 1003 943 942 1002 1004 944 943 1003 1005 945 944 1004 1006 946 945 1005 1007 947 946 1006 1008 948 947 1007 1009 949 948 1008 1010 950 949 1009 1011 951 950 1010 1012 952 951 1011 1013 953 952 1012 1014 954 69 84 976 916 74 89 1015 955 916 976 978 918 955 1015 1016 956 918 978 980 920 956 1016 1017 957 920 980 982 922 957 1017 1018 958 922 982 984 924 958 1018 1019 959 924 984 986 926 959 1019 1020 960 926 986 988 928 960 1020 1021 961 928 988 990 930 961 1021 1022 962 930 990 992 932 962 1022 1023 963 932 992 994 934 963 1023 1024 964 934 994 996 936 964 1024 1025 965 936 996 998 938 965 1025 1026 966 938 998 1000 940 966 1026 1027 967 940 1000 1002 942 967 1027 1028 968 942 1002 1004 944 968 1028 1029 969 944 1004 1006 946 969 1029 1030 970 946 1006 1008 948 970 1030 1031 971 948 1008 1010 950 971 1031 1032 972 950 1010 1012 952 972 1032 1033 973 952 1012 1014 954 973 1033 1034 974 83 98 1035 975 84 99 1036 976 975 1035 1037 977 976 1036 1038 978 977 1037 1039 979 978 1038 1040 980 979 1039 1041 981 980 1040 1042 982 981 1041 1043 983 982 1042 1044 984 983 1043 1045 985 984 1044 1046 986 985 1045 1047 987 986 1046 1048 988 987 1047 1049 989 988 1048 1050 990 989 1049 1051 991 990 1050 1052 992 991 1051 1053 993 992 1052 1054 994 993 1053 1055 995 994 1054 1056 996 995 1055 1057 997 996 1056 1058 998 997 1057 1059 999 998 1058 1060 1000 999 1059 1061 1001 1000 1060 1062 1002 1001 1061 1063 1003 1002 1062 1064 1004 1003 1063 1065 1005 1004 1064 1066 1006 1005 1065 1067 1007 1006 1066 1068 1008 1007 1067 1069 1009 1008 1068 1070 1010 1009 1069 1071 1011 1010 1070 1072 1012 1011 1071 1073 1013 1012 1072 1074 1014 84 99 1036 976 89 104 1075 1015 976 1036 1038 978 1015 1075 1076 1016 978 1038 1040 980 1016 1076 1077 1017 980 1040 1042 982 1017 1077 1078 1018 982 1042 1044 984 1018 1078 1079 1019 984 1044 1046 986 1019 1079 1080 1020 986 1046 1048 988 1020 1080 1081 1021 988 1048 1050 990 1021 1081 1082 1022 990 1050 1052 992 1022 1082 1083 1023 992 1052 1054 994 1023 1083 1084 1024 994 1054 1056 996 1024 1084 1085 1025 996 1056 1058 998 1025 1085 1086 1026 998 1058 1060 1000 1026 1086 1087 1027 1000 1060 1062 1002 1027 1087 1088 1028 1002 1062 1064 1004 1028 1088 1089 1029 1004 1064 1066 1006 1029 1089 1090 1030 1006 1066 1068 1008 1030 1090 1091 1031 1008 1068 1070 1010 1031 1091 1092 1032 1010 1070 1072 1012 1032 1092 1093 1033 1012 1072 1074 1014 1033 1093 1094 1034 122 121 1095 1096 124 123 1097 1098 1096 1095 1099 1100 1098 1097 1101 1102 1100 1099 1103 1104 1102 1101 1105 1106 1104 1103 1107 1108 1106 1105 1109 1110 1108 1107 1111 1112 1110 1109 1113 1114 1112 1111 1115 1116 1114 1113 1117 1118 1116 1115 1119 1120 1118 1117 1121 1122 1120 1119 1123 1124 1122 1121 1125 1126 1124 1123 1127 1128 1126 1125 1129 1130 1128 1127 1131 1132 1130 1129 1133 1134 1132 1131 1135 1136 1134 1133 1137 1138 1136 1135 1139 1140 1138 1137 1141 1142 1140 1139 1143 1144 1142 1141 1145 1146 1144 1143 1147 1148 1146 1145 1149 1150 1148 1147 1151 1152 1150 1149 1153 1154 1152 1151 1155 1156 1154 1153 1157 1158 1156 1155 1159 1160 1158 1157 1161 1162 1160 1159 1163 1164 1162 1161 1165 1166 1164 1163 1167 1168 1166 1165 1169 1170 1168 1167 1171 1172 1170 1169 1173 1174 124 123 1097 1098 134 133 1175 1176 1098 1097 1101 1102 1176 1175 1177 1178 1102 1101 1105 1106 1178 1177 1179 1180 1106 1105 1109 1110 1180 1179 1181 1182 1110 1109 1113 1114 1182 1181 1183 1184 1114 1113 1117 1118 1184 1183 1185 1186 1118 1117 1121 1122 1186 1185 1187 1188 1122 1121 1125 1126 1188 1187 1189 1190 1126 1125 1129 1130 1190 1189 1191 1192 1130 1129 1133 1134 1192 1191 1193 1194 1134 1133 1137 1138 1194 1193 1195 1196 1138 1137 1141 1142 1196 1195 1197 1198 1142 1141 1145 1146 1198 1197 1199 1200 1146 1145 1149 1150 1200 1199 1201 1202 1150 1149 1153 1154 1202 1201 1203 1204 1154 1153 1157 1158 1204 1203 1205 1206 1158 1157 1161 1162 1206 1205 1207 1208 1162 1161 1165 1166 1208 1207 1209 1210 1166 1165 1169 1170 1210 1209 1211 1212 1170 1169 1173 1174 1212 1211 1213 1214 121 143 1215 1095 123 144 1216 1097 1095 1215 1217 1099 1097 1216 1218 1101 1099 1217 1219 1103 1101 1218 1220 1105 1103 1219 1221 1107 1105 1220 1222 1109 1107 1221 1223 1111 1109 1222 1224 1113 1111 1223 1225 1115 1113 1224 1226 1117 1115 1225 1227 1119 1117 1226 1228 1121 1119 1227 1229 1123 1121 1228 1230 1125 1123 1229 1231 1127 1125 1230 1232 1129 1127 1231 1233 1131 1129 1232 1234 1133 1131 1233 1235 1135 1133 1234 1236 1137 1135 1235 1237 1139 1137 1236 1238 1141 1139 1237 1239 1143 1141 1238 1240 1145 1143 1239 1241 1147 1145 1240 1242 1149 1147 1241 1243 1151 1149 1242 1244 1153 1151 1243 1245 1155 1153 1244 1246 1157 1155 1245 1247 1159 1157 1246 1248 1161 1159 1247 1249 1163 1161 1248 1250 1165 1163 1249 1251 1167 1165 1250 1252 1169 1167 1251 1253 1171 1169 1252 1254 1173 123 144 1216 1097 133 149 1255 1175 1097 1216 1218 1101 1175 1255 1256 1177 1101 1218 1220 1105 1177 1256 1257 1179 1105 1220 1222 1109 1179 1257 1258 1181 1109 1222 1224 1113 1181 1258 1259 1183 1113 1224 1226 1117 1183 1259 1260 1185 1117 1226 1228 1121 1185 1260 1261 1187 1121 1228 1230 1125 1187 1261 1262 1189 1125 1230 1232 1129 1189 1262 1263 1191 1129 1232 1234 1133 1191 1263 1264 1193 1133 1234 1236 1137 1193 1264 1265 1195 1137 1236 1238 1141 1195 1265 1266 1197 1141 1238 1240 1145 1197 1266 1267 1199 1145 1240 1242 1149 1199 1267 1268 1201 1149 1242 1244 1153 1201 1268 1269 1203 1153 1244 1246 1157 1203 1269 1270 1205 1157 1246 1248 1161 1205 1270 1271 1207 1161 1248 1250 1165 1207 1271 1272 1209 1165 1250 1252 1169 1209 1272 1273 1211 1169 1252 1254 1173 1211 1273 1274 1213 143 158 1275 1215 144 159 1276 1216 1215 1275 1277 1217 1216 1276 1278 1218 1217 1277 1279 1219 1218 1278 1280 1220 1219 1279 1281 1221 1220 1280 1282 1222 1221 1281 1283 1223 1222 1282 1284 1224 1223 1283 1285 1225 1224 1284 1286 1226 1225 1285 1287 1227 1226 1286 1288 1228 1227 1287 1289 1229 1228 1288 1290 1230 1229 1289 1291 1231 1230 1290 1292 1232 1231 1291 1293 1233 1232 1292 1294 1234 1233 1293 1295 1235 1234 1294 1296 1236 1235 1295 1297 1237 1236 1296 1298 1238 1237 1297 1299 1239 1238 1298 1300 1240 1239 1299 1301 1241 1240 1300 1302 1242 1241 1301 1303 1243 1242 1302 1304 1244 1243 1303 1305 1245 1244 1304 1306 1246 1245 1305 1307 1247 1246 1306 1308 1248 1247 1307 1309 1249 1248 1308 1310 1250 1249 1309 1311 1251 1250 1310 1312 1252 1251 1311 1313 1253 1252 1312 1314 1254 144 159 1276 1216 149 164 1315 1255 1216 1276 1278 1218 1255 1315 1316 1256 1218 1278 1280 1220 1256 1316 1317 1257 1220 1280 1282 1222 1257 1317 1318 1258 1222 1282 1284 1224 1258 1318 1319 1259 1224 1284 1286 1226 1259 1319 1320 1260 1226 1286 1288 1228 1260 1320 1321 1261 1228 1288 1290 1230 1261 1321 1322 1262 1230 1290 1292 1232 1262 1322 1323 1263 1232 1292 1294 1234 1263 1323 1324 1264 1234 1294 1296 1236 1264 1324 1325 1265 1236 1296 1298 1238 1265 1325 1326 1266 1238 1298 1300 1240 1266 1326 1327 1267 1240 1300 1302 1242 1267 1327 1328 1268 1242 1302 1304 1244 1268 1328 1329 1269 1244 1304 1306 1246 1269 1329 1330 1270 1246 1306 1308 1248 1270 1330 1331 1271 1248 1308 1310 1250 1271 1331 1332 1272 1250 1310 1312 1252 1272 1332 1333 1273 1252 1312 1314 1254 1273 1333 1334 1274 158 173 1335 1275 159 174 1336 1276 1275 1335 1337 1277 1276 1336 1338 1278 1277 1337 1339 1279 1278 1338 1340 1280 1279 1339 1341 1281 1280 1340 1342 1282 1281 1341 1343 1283 1282 1342 1344 1284 1283 1343 1345 1285 1284 1344 1346 1286 1285 1345 1347 1287 1286 1346 1348 1288 1287 1347 1349 1289 1288 1348 1350 1290 1289 1349 1351 1291 1290 1350 1352 1292 1291 1351 1353 1293 1292 1352 1354 1294 1293 1353 1355 1295 1294 1354 1356 1296 1295 1355 1357 1297 1296 1356 1358 1298 1297 1357 1359 1299 1298 1358 1360 1300 1299 1359 1361 1301 1300 1360 1362 1302 1301 1361 1363 1303 1302 1362 1364 1304 1303 1363 1365 1305 1304 1364 1366 1306 1305 1365 1367 1307 1306 1366 1368 1308 1307 1367 1369 1309 1308 1368 1370 1310 1309 1369 1371 1311 1310 1370 1372 1312 1311 1371 1373 1313 1312 1372 1374 1314 159 174 1336 1276 164 179 1375 1315 1276 1336 1338 1278 1315 1375 1376 1316 1278 1338 1340 1280 1316 1376 1377 1317 1280 1340 1342 1282 1317 1377 1378 1318 1282 1342 1344 1284 1318 1378 1379 1319 1284 1344 1346 1286 1319 1379 1380 1320 1286 1346 1348 1288 1320 1380 1381 1321 1288 1348 1350 1290 1321 1381 1382 1322 1290 1350 1352 1292 1322 1382 1383 1323 1292 1352 1354 1294 1323 1383 1384 1324 1294 1354 1356 1296 1324 1384 1385 1325 1296 1356 1358 1298 1325 1385 1386 1326 1298 1358 1360 1300 1326 1386 1387 1327 1300 1360 1362 1302 1327 1387 1388 1328 1302 1362 1364 1304 1328 1388 1389 1329 1304 1364 1366 1306 1329 1389 1390 1330 1306 1366 1368 1308 1330 1390 1391 1331 1308 1368 1370 1310 1331 1391 1392 1332 1310 1370 1372 1312 1332 1392 1393 1333 1312 1372 1374 1314 1333 1393 1394 1334 173 188 1395 1335 174 189 1396 1336 1335 1395 1397 1337 1336 1396 1398 1338 1337 1397 1399 1339 1338 1398 1400 1340 1339 1399 1401 1341 1340 1400 1402 1342 1341 1401 1403 1343 1342 1402 1404 1344 1343 1403 1405 1345 1344 1404 1406 1346 1345 1405 1407 1347 1346 1406 1408 1348 1347 1407 1409 1349 1348 1408 1410 1350 1349 1409 1411 1351 1350 1410 1412 1352 1351 1411 1413 1353 1352 1412 1414 1354 1353 1413 1415 1355 1354 1414 1416 1356 1355 1415 1417 1357 1356 1416 1418 1358 1357 1417 1419 1359 1358 1418 1420 1360 1359 1419 1421 1361 1360 1420 1422 1362 1361 1421 1423 1363 1362 1422 1424 1364 1363 1423 1425 1365 1364 1424 1426 1366 1365 1425 1427 1367 1366 1426 1428 1368 1367 1427 1429 1369 1368 1428 1430 1370 1369 1429 1431 1371 1370 1430 1432 1372 1371 1431 1433 1373 1372 1432 1434 1374 174 189 1396 1336 179 194 1435 1375 1336 1396 1398 1338 1375 1435 1436 1376 1338 1398 1400 1340 1376 1436 1437 1377 1340 1400 1402 1342 1377 1437 1438 1378 1342 1402 1404 1344 1378 1438 1439 1379 1344 1404 1406 1346 1379 1439 1440 1380 1346 1406 1408 1348 1380 1440 1441 1381 1348 1408 1410 1350 1381 1441 1442 1382 1350 1410 1412 1352 1382 1442 1443 1383 1352 1412 1414 1354 1383 1443 1444 1384 1354 1414 1416 1356 1384 1444 1445 1385 1356 1416 1418 1358 1385 1445 1446 1386 1358 1418 1420 1360 1386 1446 1447 1387 1360 1420 1422 1362 1387 1447 1448 1388 1362 1422 1424 1364 1388 1448 1449 1389 1364 1424 1426 1366 1389 1449 1450 1390 1366 1426 1428 1368 1390 1450 1451 1391 1368 1428 1430 1370 1391 1451 1452 1392 1370 1430 1432 1372 1392 1452 1453 1393 1372 1432 1434 1374 1393 1453 1454 1394 188 17 676 1395 189 19 678 1396 1395 676 680 1397 1396 678 682 1398 1397 680 684 1399 1398 682 686 1400 1399 684 688 1401 1400 686 690 1402 1401 688 692 1403 1402 690 694 1404 1403 692 696 1405 1404 694 698 1406 1405 696 700 1407 1406 698 702 1408 1407 700 704 1409 1408 702 706 1410 1409 704 708 1411 1410 706 710 1412 1411 708 712 1413 1412 710 714 1414 1413 712 716 1415 1414 714 718 1416 1415 716 720 1417 1416 718 722 1418 1417 720 724 1419 1418 722 726 1420 1419 724 728 1421 1420 726 730 1422 1421 728 732 1423 1422 730 734 1424 1423 732 736 1425 1424 734 738 1426 1425 736 740 1427 1426 738 742 1428 1427 740 744 1429 1428 742 746 1430 1429 744 748 1431 1430 746 750 1432 1431 748 752 1433 1432 750 754 1434 189 19 678 1396 194 29 756 1435 1396 678 682 1398 1435 756 758 1436 1398 682 686 1400 1436 758 760 1437 1400 686 690 1402 1437 760 762 1438 1402 690 694 1404 1438 762 764 1439 1404 694 698 1406 1439 764 766 1440 1406 698 702 1408 1440 766 768 1441 1408 702 706 1410 1441 768 770 1442 1410 706 710 1412 1442 770 772 1443 1412 710 714 1414 1443 772 774 1444 1414 714 718 1416 1444 774 776 1445 1416 718 722 1418 1445 776 778 1446 1418 722 726 1420 1446 778 780 1447 1420 726 730 1422 1447 780 782 1448 1422 730 734 1424 1448 782 784 1449 1424 734 738 1426 1449 784 786 1450 1426 738 742 1428 1450 786 788 1451 1428 742 746 1430 1451 788 790 1452 1430 746 750 1432 1452 790 792 1453 1432 750 754 1434 1453 792 794 1454 212 211 1455 1456 214 213 1457 1458 1456 1455 1459 1460 1458 1457 1461 1462 1460 1459 1463 1464 1462 1461 1465 1466 1464 1463 1467 1468 1466 1465 1469 1470 1468 1467 1471 1472 1470 1469 1473 1474 1472 1471 1475 1476 1474 1473 1477 1478 1476 1475 1479 1480 1478 1477 1481 1482 1480 1479 1483 1484 1482 1481 1485 1486 1484 1483 1487 1488 1486 1485 1489 1490 1488 1487 1491 1492 1490 1489 1493 1494 1492 1491 1495 1496 1494 1493 1497 1498 1496 1495 1499 1500 1498 1497 1501 1502 1500 1499 1503 1504 1502 1501 1505 1506 1504 1503 1507 1508 1506 1505 1509 1510 1508 1507 1511 1512 1510 1509 1513 1514 1512 1511 1515 1516 1514 1513 1517 1518 1516 1515 1519 1520 1518 1517 1521 1522 1520 1519 1523 1524 1522 1521 1525 1526 1524 1523 1527 1528 1526 1525 1529 1530 1528 1527 1531 1532 1530 1529 1533 1534 214 213 1457 1458 224 223 1535 1536 1458 1457 1461 1462 1536 1535 1537 1538 1462 1461 1465 1466 1538 1537 1539 1540 1466 1465 1469 1470 1540 1539 1541 1542 1470 1469 1473 1474 1542 1541 1543 1544 1474 1473 1477 1478 1544 1543 1545 1546 1478 1477 1481 1482 1546 1545 1547 1548 1482 1481 1485 1486 1548 1547 1549 1550 1486 1485 1489 1490 1550 1549 1551 1552 1490 1489 1493 1494 1552 1551 1553 1554 1494 1493 1497 1498 1554 1553 1555 1556 1498 1497 1501 1502 1556 1555 1557 1558 1502 1501 1505 1506 1558 1557 1559 1560 1506 1505 1509 1510 1560 1559 1561 1562 1510 1509 1513 1514 1562 1561 1563 1564 1514 1513 1517 1518 1564 1563 1565 1566 1518 1517 1521 1522 1566 1565 1567 1568 1522 1521 1525 1526 1568 1567 1569 1570 1526 1525 1529 1530 1570 1569 1571 1572 1530 1529 1533 1534 1572 1571 1573 1574 211 233 1575 1455 213 234 1576 1457 1455 1575 1577 1459 1457 1576 1578 1461 1459 1577 1579 1463 1461 1578 1580 1465 1463 1579 1581 1467 1465 1580 1582 1469 1467 1581 1583 1471 1469 1582 1584 1473 1471 1583 1585 1475 1473 1584 1586 1477 1475 1585 1587 1479 1477 1586 1588 1481 1479 1587 1589 1483 1481 1588 1590 1485 1483 1589 1591 1487 1485 1590 1592 1489 1487 1591 1593 1491 1489 1592 1594 1493 1491 1593 1595 1495 1493 1594 1596 1497 1495 1595 1597 1499 1497 1596 1598 1501 1499 1597 1599 1503 1501 1598 1600 1505 1503 1599 1601 1507 1505 1600 1602 1509 1507 1601 1603 1511 1509 1602 1604 1513 1511 1603 1605 1515 1513 1604 1606 1517 1515 1605 1607 1519 1517 1606 1608 1521 1519 1607 1609 1523 1521 1608 1610 1525 1523 1609 1611 1527 1525 1610 1612 1529 1527 1611 1613 1531 1529 1612 1614 1533 213 234 1576 1457 223 239 1615 1535 1457 1576 1578 1461 1535 1615 1616 1537 1461 1578 1580 1465 1537 1616 1617 1539 1465 1580 1582 1469 1539 1617 1618 1541 1469 1582 1584 1473 1541 1618 1619 1543 1473 1584 1586 1477 1543 1619 1620 1545 1477 1586 1588 1481 1545 1620 1621 1547 1481 1588 1590 1485 1547 1621 1622 1549 1485 1590 1592 1489 1549 1622 1623 1551 1489 1592 1594 1493 1551 1623 1624 1553 1493 1594 1596 1497 1553 1624 1625 1555 1497 1596 1598 1501 1555 1625 1626 1557 1501 1598 1600 1505 1557 1626 1627 1559 1505 1600 1602 1509 1559 1627 1628 1561 1509 1602 1604 1513 1561 1628 1629 1563 1513 1604 1606 1517 1563 1629 1630 1565 1517 1606 1608 1521 1565 1630 1631 1567 1521 1608 1610 1525 1567 1631 1632 1569 1525 1610 1612 1529 1569 1632 1633 1571 1529 1612 1614 1533 1571 1633 1634 1573 233 248 1635 1575 234 249 1636 1576 1575 1635 1637 1577 1576 1636 1638 1578 1577 1637 1639 1579 1578 1638 1640 1580 1579 1639 1641 1581 1580 1640 1642 1582 1581 1641 1643 1583 1582 1642 1644 1584 1583 1643 1645 1585 1584 1644 1646 1586 1585 1645 1647 1587 1586 1646 1648 1588 1587 1647 1649 1589 1588 1648 1650 1590 1589 1649 1651 1591 1590 1650 1652 1592 1591 1651 1653 1593 1592 1652 1654 1594 1593 1653 1655 1595 1594 1654 1656 1596 1595 1655 1657 1597 1596 1656 1658 1598 1597 1657 1659 1599 1598 1658 1660 1600 1599 1659 1661 1601 1600 1660 1662 1602 1601 1661 1663 1603 1602 1662 1664 1604 1603 1663 1665 1605 1604 1664 1666 1606 1605 1665 1667 1607 1606 1666 1668 1608 1607 1667 1669 1609 1608 1668 1670 1610 1609 1669 1671 1611 1610 1670 1672 1612 1611 1671 1673 1613 1612 1672 1674 1614 234 249 1636 1576 239 254 1675 1615 1576 1636 1638 1578 1615 1675 1676 1616 1578 1638 1640 1580 1616 1676 1677 1617 1580 1640 1642 1582 1617 1677 1678 1618 1582 1642 1644 1584 1618 1678 1679 1619 1584 1644 1646 1586 1619 1679 1680 1620 1586 1646 1648 1588 1620 1680 1681 1621 1588 1648 1650 1590 1621 1681 1682 1622 1590 1650 1652 1592 1622 1682 1683 1623 1592 1652 1654 1594 1623 1683 1684 1624 1594 1654 1656 1596 1624 1684 1685 1625 1596 1656 1658 1598 1625 1685 1686 1626 1598 1658 1660 1600 1626 1686 1687 1627 1600 1660 1662 1602 1627 1687 1688 1628 1602 1662 1664 1604 1628 1688 1689 1629 1604 1664 1666 1606 1629 1689 1690 1630 1606 1666 1668 1608 1630 1690 1691 1631 1608 1668 1670 1610 1631 1691 1692 1632 1610 1670 1672 1612 1632 1692 1693 1633 1612 1672 1674 1614 1633 1693 1694 1634 248 263 1695 1635 249 264 1696 1636 1635 1695 1697 1637 1636 1696 1698 1638 1637 1697 1699 1639 1638 1698 1700 1640 1639 1699 1701 1641 1640 1700 1702 1642 1641 1701 1703 1643 1642 1702 1704 1644 1643 1703 1705 1645 1644 1704 1706 1646 1645 1705 1707 1647 1646 1706 1708 1648 1647 1707 1709 1649 1648 1708 1710 1650 1649 1709 1711 1651 1650 1710 1712 1652 1651 1711 1713 1653 1652 1712 1714 1654 1653 1713 1715 1655 1654 1714 1716 1656 1655 1715 1717 1657 1656 1716 1718 1658 1657 1717 1719 1659 1658 1718 1720 1660 1659 1719 1721 1661 1660 1720 1722 1662 1661 1721 1723 1663 1662 1722 1724 1664 1663 1723 1725 1665 1664 1724 1726 1666 1665 1725 1727 1667 1666 1726 1728 1668 1667 1727 1729 1669 1668 1728 1730 1670 1669 1729 1731 1671 1670 1730 1732 1672 1671 1731 1733 1673 1672 1732 1734 1674 249 264 1696 1636 254 269 1735 1675 1636 1696 1698 1638 1675 1735 1736 1676 1638 1698 1700 1640 1676 1736 1737 1677 1640 1700 1702 1642 1677 1737 1738 1678 1642 1702 1704 1644 1678 1738 1739 1679 1644 1704 1706 1646 1679 1739 1740 1680 1646 1706 1708 1648 1680 1740 1741 1681 1648 1708 1710 1650 1681 1741 1742 1682 1650 1710 1712 1652 1682 1742 1743 1683 1652 1712 1714 1654 1683 1743 1744 1684 1654 1714 1716 1656 1684 1744 1745 1685 1656 1716 1718 1658 1685 1745 1746 1686 1658 1718 1720 1660 1686 1746 1747 1687 1660 1720 1722 1662 1687 1747 1748 1688 1662 1722 1724 1664 1688 1748 1749 1689 1664 1724 1726 1666 1689 1749 1750 1690 1666 1726 1728 1668 1690 1750 1751 1691 1668 1728 1730 1670 1691 1751 1752 1692 1670 1730 1732 1672 1692 1752 1753 1693 1672 1732 1734 1674 1693 1753 1754 1694 263 278 1755 1695 264 279 1756 1696 1695 1755 1757 1697 1696 1756 1758 1698 1697 1757 1759 1699 1698 1758 1760 1700 1699 1759 1761 1701 1700 1760 1762 1702 1701 1761 1763 1703 1702 1762 1764 1704 1703 1763 1765 1705 1704 1764 1766 1706 1705 1765 1767 1707 1706 1766 1768 1708 1707 1767 1769 1709 1708 1768 1770 1710 1709 1769 1771 1711 1710 1770 1772 1712 1711 1771 1773 1713 1712 1772 1774 1714 1713 1773 1775 1715 1714 1774 1776 1716 1715 1775 1777 1717 1716 1776 1778 1718 1717 1777 1779 1719 1718 1778 1780 1720 1719 1779 1781 1721 1720 1780 1782 1722 1721 1781 1783 1723 1722 1782 1784 1724 1723 1783 1785 1725 1724 1784 1786 1726 1725 1785 1787 1727 1726 1786 1788 1728 1727 1787 1789 1729 1728 1788 1790 1730 1729 1789 1791 1731 1730 1790 1792 1732 1731 1791 1793 1733 1732 1792 1794 1734 264 279 1756 1696 269 284 1795 1735 1696 1756 1758 1698 1735 1795 1796 1736 1698 1758 1760 1700 1736 1796 1797 1737 1700 1760 1762 1702 1737 1797 1798 1738 1702 1762 1764 1704 1738 1798 1799 1739 1704 1764 1766 1706 1739 1799 1800 1740 1706 1766 1768 1708 1740 1800 1801 1741 1708 1768 1770 1710 1741 1801 1802 1742 1710 1770 1772 1712 1742 1802 1803 1743 1712 1772 1774 1714 1743 1803 1804 1744 1714 1774 1776 1716 1744 1804 1805 1745 1716 1776 1778 1718 1745 1805 1806 1746 1718 1778 1780 1720 1746 1806 1807 1747 1720 1780 1782 1722 1747 1807 1808 1748 1722 1782 1784 1724 1748 1808 1809 1749 1724 1784 1786 1726 1749 1809 1810 1750 1726 1786 1788 1728 1750 1810 1811 1751 1728 1788 1790 1730 1751 1811 1812 1752 1730 1790 1792 1732 1752 1812 1813 1753 1732 1792 1794 1734 1753 1813 1814 1754 278 293 1815 1755 279 294 1816 1756 1755 1815 1817 1757 1756 1816 1818 1758 1757 1817 1819 1759 1758 1818 1820 1760 1759 1819 1821 1761 1760 1820 1822 1762 1761 1821 1823 1763 1762 1822 1824 1764 1763 1823 1825 1765 1764 1824 1826 1766 1765 1825 1827 1767 1766 1826 1828 1768 1767 1827 1829 1769 1768 1828 1830 1770 1769 1829 1831 1771 1770 1830 1832 1772 1771 1831 1833 1773 1772 1832 1834 1774 1773 1833 1835 1775 1774 1834 1836 1776 1775 1835 1837 1777 1776 1836 1838 1778 1777 1837 1839 1779 1778 1838 1840 1780 1779 1839 1841 1781 1780 1840 1842 1782 1781 1841 1843 1783 1782 1842 1844 1784 1783 1843 1845 1785 1784 1844 1846 1786 1785 1845 1847 1787 1786 1846 1848 1788 1787 1847 1849 1789 1788 1848 1850 1790 1789 1849 1851 1791 1790 1850 1852 1792 1791 1851 1853 1793 1792 1852 1854 1794 279 294 1816 1756 284 299 1855 1795 1756 1816 1818 1758 1795 1855 1856 1796 1758 1818 1820 1760 1796 1856 1857 1797 1760 1820 1822 1762 1797 1857 1858 1798 1762 1822 1824 1764 1798 1858 1859 1799 1764 1824 1826 1766 1799 1859 1860 1800 1766 1826 1828 1768 1800 1860 1861 1801 1768 1828 1830 1770 1801 1861 1862 1802 1770 1830 1832 1772 1802 1862 1863 1803 1772 1832 1834 1774 1803 1863 1864 1804 1774 1834 1836 1776 1804 1864 1865 1805 1776 1836 1838 1778 1805 1865 1866 1806 1778 1838 1840 1780 1806 1866 1867 1807 1780 1840 1842 1782 1807 1867 1868 1808 1782 1842 1844 1784 1808 1868 1869 1809 1784 1844 1846 1786 1809 1869 1870 1810 1786 1846 1848 1788 1810 1870 1871 1811 1788 1848 1850 1790 1811 1871 1872 1812 1790 1850 1852 1792 1812 1872 1873 1813 1792 1852 1854 1794 1813 1873 1874 1814 293 308 1875 1815 294 309 1876 1816 1815 1875 1877 1817 1816 1876 1878 1818 1817 1877 1879 1819 1818 1878 1880 1820 1819 1879 1881 1821 1820 1880 1882 1822 1821 1881 1883 1823 1822 1882 1884 1824 1823 1883 1885 1825 1824 1884 1886 1826 1825 1885 1887 1827 1826 1886 1888 1828 1827 1887 1889 1829 1828 1888 1890 1830 1829 1889 1891 1831 1830 1890 1892 1832 1831 1891 1893 1833 1832 1892 1894 1834 1833 1893 1895 1835 1834 1894 1896 1836 1835 1895 1897 1837 1836 1896 1898 1838 1837 1897 1899 1839 1838 1898 1900 1840 1839 1899 1901 1841 1840 1900 1902 1842 1841 1901 1903 1843 1842 1902 1904 1844 1843 1903 1905 1845 1844 1904 1906 1846 1845 1905 1907 1847 1846 1906 1908 1848 1847 1907 1909 1849 1848 1908 1910 1850 1849 1909 1911 1851 1850 1910 1912 1852 1851 1911 1913 1853 1852 1912 1914 1854 294 309 1876 1816 299 314 1915 1855 1816 1876 1878 1818 1855 1915 1916 1856 1818 1878 1880 1820 1856 1916 1917 1857 1820 1880 1882 1822 1857 1917 1918 1858 1822 1882 1884 1824 1858 1918 1919 1859 1824 1884 1886 1826 1859 1919 1920 1860 1826 1886 1888 1828 1860 1920 1921 1861 1828 1888 1890 1830 1861 1921 1922 1862 1830 1890 1892 1832 1862 1922 1923 1863 1832 1892 1894 1834 1863 1923 1924 1864 1834 1894 1896 1836 1864 1924 1925 1865 1836 1896 1898 1838 1865 1925 1926 1866 1838 1898 1900 1840 1866 1926 1927 1867 1840 1900 1902 1842 1867 1927 1928 1868 1842 1902 1904 1844 1868 1928 1929 1869 1844 1904 1906 1846 1869 1929 1930 1870 1846 1906 1908 1848 1870 1930 1931 1871 1848 1908 1910 1850 1871 1931 1932 1872 1850 1910 1912 1852 1872 1932 1933 1873 1852 1912 1914 1854 1873 1933 1934 1874 308 323 1935 1875 309 324 1936 1876 1875 1935 1937 1877 1876 1936 1938 1878 1877 1937 1939 1879 1878 1938 1940 1880 1879 1939 1941 1881 1880 1940 1942 1882 1881 1941 1943 1883 1882 1942 1944 1884 1883 1943 1945 1885 1884 1944 1946 1886 1885 1945 1947 1887 1886 1946 1948 1888 1887 1947 1949 1889 1888 1948 1950 1890 1889 1949 1951 1891 1890 1950 1952 1892 1891 1951 1953 1893 1892 1952 1954 1894 1893 1953 1955 1895 1894 1954 1956 1896 1895 1955 1957 1897 1896 1956 1958 1898 1897 1957 1959 1899 1898 1958 1960 1900 1899 1959 1961 1901 1900 1960 1962 1902 1901 1961 1963 1903 1902 1962 1964 1904 1903 1963 1965 1905 1904 1964 1966 1906 1905 1965 1967 1907 1906 1966 1968 1908 1907 1967 1969 1909 1908 1968 1970 1910 1909 1969 1971 1911 1910 1970 1972 1912 1911 1971 1973 1913 1912 1972 1974 1914 309 324 1936 1876 314 329 1975 1915 1876 1936 1938 1878 1915 1975 1976 1916 1878 1938 1940 1880 1916 1976 1977 1917 1880 1940 1942 1882 1917 1977 1978 1918 1882 1942 1944 1884 1918 1978 1979 1919 1884 1944 1946 1886 1919 1979 1980 1920 1886 1946 1948 1888 1920 1980 1981 1921 1888 1948 1950 1890 1921 1981 1982 1922 1890 1950 1952 1892 1922 1982 1983 1923 1892 1952 1954 1894 1923 1983 1984 1924 1894 1954 1956 1896 1924 1984 1985 1925 1896 1956 1958 1898 1925 1985 1986 1926 1898 1958 1960 1900 1926 1986 1987 1927 1900 1960 1962 1902 1927 1987 1988 1928 1902 1962 1964 1904 1928 1988 1989 1929 1904 1964 1966 1906 1929 1989 1990 1930 1906 1966 1968 1908 1930 1990 1991 1931 1908 1968 1970 1910 1931 1991 1992 1932 1910 1970 1972 1912 1932 1992 1993 1933 1912 1972 1974 1914 1933 1993 1994 1934 323 338 1995 1935 324 339 1996 1936 1935 1995 1997 1937 1936 1996 1998 1938 1937 1997 1999 1939 1938 1998 2000 1940 1939 1999 2001 1941 1940 2000 2002 1942 1941 2001 2003 1943 1942 2002 2004 1944 1943 2003 2005 1945 1944 2004 2006 1946 1945 2005 2007 1947 1946 2006 2008 1948 1947 2007 2009 1949 1948 2008 2010 1950 1949 2009 2011 1951 1950 2010 2012 1952 1951 2011 2013 1953 1952 2012 2014 1954 1953 2013 2015 1955 1954 2014 2016 1956 1955 2015 2017 1957 1956 2016 2018 1958 1957 2017 2019 1959 1958 2018 2020 1960 1959 2019 2021 1961 1960 2020 2022 1962 1961 2021 2023 1963 1962 2022 2024 1964 1963 2023 2025 1965 1964 2024 2026 1966 1965 2025 2027 1967 1966 2026 2028 1968 1967 2027 2029 1969 1968 2028 2030 1970 1969 2029 2031 1971 1970 2030 2032 1972 1971 2031 2033 1973 1972 2032 2034 1974 324 339 1996 1936 329 344 2035 1975 1936 1996 1998 1938 1975 2035 2036 1976 1938 1998 2000 1940 1976 2036 2037 1977 1940 2000 2002 1942 1977 2037 2038 1978 1942 2002 2004 1944 1978 2038 2039 1979 1944 2004 2006 1946 1979 2039 2040 1980 1946 2006 2008 1948 1980 2040 2041 1981 1948 2008 2010 1950 1981 2041 2042 1982 1950 2010 2012 1952 1982 2042 2043 1983 1952 2012 2014 1954 1983 2043 2044 1984 1954 2014 2016 1956 1984 2044 2045 1985 1956 2016 2018 1958 1985 2045 2046 1986 1958 2018 2020 1960 1986 2046 2047 1987 1960 2020 2022 1962 1987 2047 2048 1988 1962 2022 2024 1964 1988 2048 2049 1989 1964 2024 2026 1966 1989 2049 2050 1990 1966 2026 2028 1968 1990 2050 2051 1991 1968 2028 2030 1970 1991 2051 2052 1992 1970 2030 2032 1972 1992 2052 2053 1993 1972 2032 2034 1974 1993 2053 2054 1994 338 122 1096 1995 339 124 1098 1996 1995 1096 1100 1997 1996 1098 1102 1998 1997 1100 1104 1999 1998 1102 1106 2000 1999 1104 1108 2001 2000 1106 1110 2002 2001 1108 1112 2003 2002 1110 1114 2004 2003 1112 1116 2005 2004 1114 1118 2006 2005 1116 1120 2007 2006 1118 1122 2008 2007 1120 1124 2009 2008 1122 1126 2010 2009 1124 1128 2011 2010 1126 1130 2012 2011 1128 1132 2013 2012 1130 1134 2014 2013 1132 1136 2015 2014 1134 1138 2016 2015 1136 1140 2017 2016 1138 1142 2018 2017 1140 1144 2019 2018 1142 1146 2020 2019 1144 1148 2021 2020 1146 1150 2022 2021 1148 1152 2023 2022 1150 1154 2024 2023 1152 1156 2025 2024 1154 1158 2026 2025 1156 1160 2027 2026 1158 1162 2028 2027 1160 1164 2029 2028 1162 1166 2030 2029 1164 1168 2031 2030 1166 1170 2032 2031 1168 1172 2033 2032 1170 1174 2034 339 124 1098 1996 344 134 1176 2035 1996 1098 1102 1998 2035 1176 1178 2036 1998 1102 1106 2000 2036 1178 1180 2037 2000 1106 1110 2002 2037 1180 1182 2038 2002 1110 1114 2004 2038 1182 1184 2039 2004 1114 1118 2006 2039 1184 1186 2040 2006 1118 1122 2008 2040 1186 1188 2041 2008 1122 1126 2010 2041 1188 1190 2042 2010 1126 1130 2012 2042 1190 1192 2043 2012 1130 1134 2014 2043 1192 1194 2044 2014 1134 1138 2016 2044 1194 1196 2045 2016 1138 1142 2018 2045 1196 1198 2046 2018 1142 1146 2020 2046 1198 1200 2047 2020 1146 1150 2022 2047 1200 1202 2048 2022 1150 1154 2024 2048 1202 1204 2049 2024 1154 1158 2026 2049 1204 1206 2050 2026 1158 1162 2028 2050 1206 1208 2051 2028 1162 1166 2030 2051 1208 1210 2052 2030 1166 1170 2032 2052 1210 1212 2053 2032 1170 1174 2034 2053 1212 1214 2054 362 361 2055 2056 364 363 2057 2058 2056 2055 2059 2060 2058 2057 2061 2062 2060 2059 2063 2064 2062 2061 2065 2066 2064 2063 2067 2068 2066 2065 2069 2070 2068 2067 2071 2072 2070 2069 2073 2074 2072 2071 2075 2076 2074 2073 2077 2078 2076 2075 2079 2080 2078 2077 2081 2082 2080 2079 2083 2084 2082 2081 2085 2086 2084 2083 2087 2088 2086 2085 2089 2090 2088 2087 2091 2092 2090 2089 2093 2094 2092 2091 2095 2096 2094 2093 2097 2098 2096 2095 2099 2100 2098 2097 2101 2102 2100 2099 2103 2104 2102 2101 2105 2106 2104 2103 2107 2108 2106 2105 2109 2110 2108 2107 2111 2112 2110 2109 2113 2114 2112 2111 2115 2116 2114 2113 2117 2118 2116 2115 2119 2120 2118 2117 2121 2122 2120 2119 2123 2124 2122 2121 2125 2126 2124 2123 2127 2128 2126 2125 2129 2130 2128 2127 2131 2132 2130 2129 2133 2134 364 363 2057 2058 374 373 2135 2136 2058 2057 2061 2062 2136 2135 2137 2138 2062 2061 2065 2066 2138 2137 2139 2140 2066 2065 2069 2070 2140 2139 2141 2142 2070 2069 2073 2074 2142 2141 2143 2144 2074 2073 2077 2078 2144 2143 2145 2146 2078 2077 2081 2082 2146 2145 2147 2148 2082 2081 2085 2086 2148 2147 2149 2150 2086 2085 2089 2090 2150 2149 2151 2152 2090 2089 2093 2094 2152 2151 2153 2154 2094 2093 2097 2098 2154 2153 2155 2156 2098 2097 2101 2102 2156 2155 2157 2158 2102 2101 2105 2106 2158 2157 2159 2160 2106 2105 2109 2110 2160 2159 2161 2162 2110 2109 2113 2114 2162 2161 2163 2164 2114 2113 2117 2118 2164 2163 2165 2166 2118 2117 2121 2122 2166 2165 2167 2168 2122 2121 2125 2126 2168 2167 2169 2170 2126 2125 2129 2130 2170 2169 2171 2172 2130 2129 2133 2134 2172 2171 2173 2174 361 383 2175 2055 363 384 2176 2057 2055 2175 2177 2059 2057 2176 2178 2061 2059 2177 2179 2063 2061 2178 2180 2065 2063 2179 2181 2067 2065 2180 2182 2069 2067 2181 2183 2071 2069 2182 2184 2073 2071 2183 2185 2075 2073 2184 2186 2077 2075 2185 2187 2079 2077 2186 2188 2081 2079 2187 2189 2083 2081 2188 2190 2085 2083 2189 2191 2087 2085 2190 2192 2089 2087 2191 2193 2091 2089 2192 2194 2093 2091 2193 2195 2095 2093 2194 2196 2097 2095 2195 2197 2099 2097 2196 2198 2101 2099 2197 2199 2103 2101 2198 2200 2105 2103 2199 2201 2107 2105 2200 2202 2109 2107 2201 2203 2111 2109 2202 2204 2113 2111 2203 2205 2115 2113 2204 2206 2117 2115 2205 2207 2119 2117 2206 2208 2121 2119 2207 2209 2123 2121 2208 2210 2125 2123 2209 2211 2127 2125 2210 2212 2129 2127 2211 2213 2131 2129 2212 2214 2133 363 384 2176 2057 373 389 2215 2135 2057 2176 2178 2061 2135 2215 2216 2137 2061 2178 2180 2065 2137 2216 2217 2139 2065 2180 2182 2069 2139 2217 2218 2141 2069 2182 2184 2073 2141 2218 2219 2143 2073 2184 2186 2077 2143 2219 2220 2145 2077 2186 2188 2081 2145 2220 2221 2147 2081 2188 2190 2085 2147 2221 2222 2149 2085 2190 2192 2089 2149 2222 2223 2151 2089 2192 2194 2093 2151 2223 2224 2153 2093 2194 2196 2097 2153 2224 2225 2155 2097 2196 2198 2101 2155 2225 2226 2157 2101 2198 2200 2105 2157 2226 2227 2159 2105 2200 2202 2109 2159 2227 2228 2161 2109 2202 2204 2113 2161 2228 2229 2163 2113 2204 2206 2117 2163 2229 2230 2165 2117 2206 2208 2121 2165 2230 2231 2167 2121 2208 2210 2125 2167 2231 2232 2169 2125 2210 2212 2129 2169 2232 2233 2171 2129 2212 2214 2133 2171 2233 2234 2173 383 398 2235 2175 384 399 2236 2176 2175 2235 2237 2177 2176 2236 2238 2178 2177 2237 2239 2179 2178 2238 2240 2180 2179 2239 2241 2181 2180 2240 2242 2182 2181 2241 2243 2183 2182 2242 2244 2184 2183 2243 2245 2185 2184 2244 2246 2186 2185 2245 2247 2187 2186 2246 2248 2188 2187 2247 2249 2189 2188 2248 2250 2190 2189 2249 2251 2191 2190 2250 2252 2192 2191 2251 2253 2193 2192 2252 2254 2194 2193 2253 2255 2195 2194 2254 2256 2196 2195 2255 2257 2197 2196 2256 2258 2198 2197 2257 2259 2199 2198 2258 2260 2200 2199 2259 2261 2201 2200 2260 2262 2202 2201 2261 2263 2203 2202 2262 2264 2204 2203 2263 2265 2205 2204 2264 2266 2206 2205 2265 2267 2207 2206 2266 2268 2208 2207 2267 2269 2209 2208 2268 2270 2210 2209 2269 2271 2211 2210 2270 2272 2212 2211 2271 2273 2213 2212 2272 2274 2214 384 399 2236 2176 389 404 2275 2215 2176 2236 2238 2178 2215 2275 2276 2216 2178 2238 2240 2180 2216 2276 2277 2217 2180 2240 2242 2182 2217 2277 2278 2218 2182 2242 2244 2184 2218 2278 2279 2219 2184 2244 2246 2186 2219 2279 2280 2220 2186 2246 2248 2188 2220 2280 2281 2221 2188 2248 2250 2190 2221 2281 2282 2222 2190 2250 2252 2192 2222 2282 2283 2223 2192 2252 2254 2194 2223 2283 2284 2224 2194 2254 2256 2196 2224 2284 2285 2225 2196 2256 2258 2198 2225 2285 2286 2226 2198 2258 2260 2200 2226 2286 2287 2227 2200 2260 2262 2202 2227 2287 2288 2228 2202 2262 2264 2204 2228 2288 2289 2229 2204 2264 2266 2206 2229 2289 2290 2230 2206 2266 2268 2208 2230 2290 2291 2231 2208 2268 2270 2210 2231 2291 2292 2232 2210 2270 2272 2212 2232 2292 2293 2233 2212 2272 2274 2214 2233 2293 2294 2234 398 413 2295 2235 399 414 2296 2236 2235 2295 2297 2237 2236 2296 2298 2238 2237 2297 2299 2239 2238 2298 2300 2240 2239 2299 2301 2241 2240 2300 2302 2242 2241 2301 2303 2243 2242 2302 2304 2244 2243 2303 2305 2245 2244 2304 2306 2246 2245 2305 2307 2247 2246 2306 2308 2248 2247 2307 2309 2249 2248 2308 2310 2250 2249 2309 2311 2251 2250 2310 2312 2252 2251 2311 2313 2253 2252 2312 2314 2254 2253 2313 2315 2255 2254 2314 2316 2256 2255 2315 2317 2257 2256 2316 2318 2258 2257 2317 2319 2259 2258 2318 2320 2260 2259 2319 2321 2261 2260 2320 2322 2262 2261 2321 2323 2263 2262 2322 2324 2264 2263 2323 2325 2265 2264 2324 2326 2266 2265 2325 2327 2267 2266 2326 2328 2268 2267 2327 2329 2269 2268 2328 2330 2270 2269 2329 2331 2271 2270 2330 2332 2272 2271 2331 2333 2273 2272 2332 2334 2274 399 414 2296 2236 404 419 2335 2275 2236 2296 2298 2238 2275 2335 2336 2276 2238 2298 2300 2240 2276 2336 2337 2277 2240 2300 2302 2242 2277 2337 2338 2278 2242 2302 2304 2244 2278 2338 2339 2279 2244 2304 2306 2246 2279 2339 2340 2280 2246 2306 2308 2248 2280 2340 2341 2281 2248 2308 2310 2250 2281 2341 2342 2282 2250 2310 2312 2252 2282 2342 2343 2283 2252 2312 2314 2254 2283 2343 2344 2284 2254 2314 2316 2256 2284 2344 2345 2285 2256 2316 2318 2258 2285 2345 2346 2286 2258 2318 2320 2260 2286 2346 2347 2287 2260 2320 2322 2262 2287 2347 2348 2288 2262 2322 2324 2264 2288 2348 2349 2289 2264 2324 2326 2266 2289 2349 2350 2290 2266 2326 2328 2268 2290 2350 2351 2291 2268 2328 2330 2270 2291 2351 2352 2292 2270 2330 2332 2272 2292 2352 2353 2293 2272 2332 2334 2274 2293 2353 2354 2294 413 428 2355 2295 414 429 2356 2296 2295 2355 2357 2297 2296 2356 2358 2298 2297 2357 2359 2299 2298 2358 2360 2300 2299 2359 2361 2301 2300 2360 2362 2302 2301 2361 2363 2303 2302 2362 2364 2304 2303 2363 2365 2305 2304 2364 2366 2306 2305 2365 2367 2307 2306 2366 2368 2308 2307 2367 2369 2309 2308 2368 2370 2310 2309 2369 2371 2311 2310 2370 2372 2312 2311 2371 2373 2313 2312 2372 2374 2314 2313 2373 2375 2315 2314 2374 2376 2316 2315 2375 2377 2317 2316 2376 2378 2318 2317 2377 2379 2319 2318 2378 2380 2320 2319 2379 2381 2321 2320 2380 2382 2322 2321 2381 2383 2323 2322 2382 2384 2324 2323 2383 2385 2325 2324 2384 2386 2326 2325 2385 2387 2327 2326 2386 2388 2328 2327 2387 2389 2329 2328 2388 2390 2330 2329 2389 2391 2331 2330 2390 2392 2332 2331 2391 2393 2333 2332 2392 2394 2334 414 429 2356 2296 419 434 2395 2335 2296 2356 2358 2298 2335 2395 2396 2336 2298 2358 2360 2300 2336 2396 2397 2337 2300 2360 2362 2302 2337 2397 2398 2338 2302 2362 2364 2304 2338 2398 2399 2339 2304 2364 2366 2306 2339 2399 2400 2340 2306 2366 2368 2308 2340 2400 2401 2341 2308 2368 2370 2310 2341 2401 2402 2342 2310 2370 2372 2312 2342 2402 2403 2343 2312 2372 2374 2314 2343 2403 2404 2344 2314 2374 2376 2316 2344 2404 2405 2345 2316 2376 2378 2318 2345 2405 2406 2346 2318 2378 2380 2320 2346 2406 2407 2347 2320 2380 2382 2322 2347 2407 2408 2348 2322 2382 2384 2324 2348 2408 2409 2349 2324 2384 2386 2326 2349 2409 2410 2350 2326 2386 2388 2328 2350 2410 2411 2351 2328 2388 2390 2330 2351 2411 2412 2352 2330 2390 2392 2332 2352 2412 2413 2353 2332 2392 2394 2334 2353 2413 2414 2354 428 104 1075 2355 429 99 1036 2356 2355 1075 1076 2357 2356 1036 1038 2358 2357 1076 1077 2359 2358 1038 1040 2360 2359 1077 1078 2361 2360 1040 1042 2362 2361 1078 1079 2363 2362 1042 1044 2364 2363 1079 1080 2365 2364 1044 1046 2366 2365 1080 1081 2367 2366 1046 1048 2368 2367 1081 1082 2369 2368 1048 1050 2370 2369 1082 1083 2371 2370 1050 1052 2372 2371 1083 1084 2373 2372 1052 1054 2374 2373 1084 1085 2375 2374 1054 1056 2376 2375 1085 1086 2377 2376 1056 1058 2378 2377 1086 1087 2379 2378 1058 1060 2380 2379 1087 1088 2381 2380 1060 1062 2382 2381 1088 1089 2383 2382 1062 1064 2384 2383 1089 1090 2385 2384 1064 1066 2386 2385 1090 1091 2387 2386 1066 1068 2388 2387 1091 1092 2389 2388 1068 1070 2390 2389 1092 1093 2391 2390 1070 1072 2392 2391 1093 1094 2393 2392 1072 1074 2394 429 99 1036 2356 434 98 1035 2395 2356 1036 1038 2358 2395 1035 1037 2396 2358 1038 1040 2360 2396 1037 1039 2397 2360 1040 1042 2362 2397 1039 1041 2398 2362 1042 1044 2364 2398 1041 1043 2399 2364 1044 1046 2366 2399 1043 1045 2400 2366 1046 1048 2368 2400 1045 1047 2401 2368 1048 1050 2370 2401 1047 1049 2402 2370 1050 1052 2372 2402 1049 1051 2403 2372 1052 1054 2374 2403 1051 1053 2404 2374 1054 1056 2376 2404 1053 1055 2405 2376 1056 1058 2378 2405 1055 1057 2406 2378 1058 1060 2380 2406 1057 1059 2407 2380 1060 1062 2382 2407 1059 1061 2408 2382 1062 1064 2384 2408 1061 1063 2409 2384 1064 1066 2386 2409 1063 1065 2410 2386 1066 1068 2388 2410 1065 1067 2411 2388 1068 1070 2390 2411 1067 1069 2412 2390 1070 1072 2392 2412 1069 1071 2413 2392 1072 1074 2394 2413 1071 1073 2414 452 451 2415 2416 454 453 2417 2418 2416 2415 2419 2420 2418 2417 2421 2422 2420 2419 2423 2424 2422 2421 2425 2426 2424 2423 2427 2428 2426 2425 2429 2430 2428 2427 2431 2432 2430 2429 2433 2434 2432 2431 2435 2436 2434 2433 2437 2438 2436 2435 2439 2440 2438 2437 2441 2442 2440 2439 2443 2444 2442 2441 2445 2446 2444 2443 2447 2448 2446 2445 2449 2450 2448 2447 2451 2452 2450 2449 2453 2454 2452 2451 2455 2456 2454 2453 2457 2458 2456 2455 2459 2460 2458 2457 2461 2462 2460 2459 2463 2464 2462 2461 2465 2466 2464 2463 2467 2468 2466 2465 2469 2470 2468 2467 2471 2472 2470 2469 2473 2474 2472 2471 2475 2476 2474 2473 2477 2478 2476 2475 2479 2480 2478 2477 2481 2482 2480 2479 2483 2484 2482 2481 2485 2486 2484 2483 2487 2488 2486 2485 2489 2490 2488 2487 2491 2492 2490 2489 2493 2494 454 453 2417 2418 464 463 2495 2496 2418 2417 2421 2422 2496 2495 2497 2498 2422 2421 2425 2426 2498 2497 2499 2500 2426 2425 2429 2430 2500 2499 2501 2502 2430 2429 2433 2434 2502 2501 2503 2504 2434 2433 2437 2438 2504 2503 2505 2506 2438 2437 2441 2442 2506 2505 2507 2508 2442 2441 2445 2446 2508 2507 2509 2510 2446 2445 2449 2450 2510 2509 2511 2512 2450 2449 2453 2454 2512 2511 2513 2514 2454 2453 2457 2458 2514 2513 2515 2516 2458 2457 2461 2462 2516 2515 2517 2518 2462 2461 2465 2466 2518 2517 2519 2520 2466 2465 2469 2470 2520 2519 2521 2522 2470 2469 2473 2474 2522 2521 2523 2524 2474 2473 2477 2478 2524 2523 2525 2526 2478 2477 2481 2482 2526 2525 2527 2528 2482 2481 2485 2486 2528 2527 2529 2530 2486 2485 2489 2490 2530 2529 2531 2532 2490 2489 2493 2494 2532 2531 2533 2534 451 473 2535 2415 453 474 2536 2417 2415 2535 2537 2419 2417 2536 2538 2421 2419 2537 2539 2423 2421 2538 2540 2425 2423 2539 2541 2427 2425 2540 2542 2429 2427 2541 2543 2431 2429 2542 2544 2433 2431 2543 2545 2435 2433 2544 2546 2437 2435 2545 2547 2439 2437 2546 2548 2441 2439 2547 2549 2443 2441 2548 2550 2445 2443 2549 2551 2447 2445 2550 2552 2449 2447 2551 2553 2451 2449 2552 2554 2453 2451 2553 2555 2455 2453 2554 2556 2457 2455 2555 2557 2459 2457 2556 2558 2461 2459 2557 2559 2463 2461 2558 2560 2465 2463 2559 2561 2467 2465 2560 2562 2469 2467 2561 2563 2471 2469 2562 2564 2473 2471 2563 2565 2475 2473 2564 2566 2477 2475 2565 2567 2479 2477 2566 2568 2481 2479 2567 2569 2483 2481 2568 2570 2485 2483 2569 2571 2487 2485 2570 2572 2489 2487 2571 2573 2491 2489 2572 2574 2493 453 474 2536 2417 463 479 2575 2495 2417 2536 2538 2421 2495 2575 2576 2497 2421 2538 2540 2425 2497 2576 2577 2499 2425 2540 2542 2429 2499 2577 2578 2501 2429 2542 2544 2433 2501 2578 2579 2503 2433 2544 2546 2437 2503 2579 2580 2505 2437 2546 2548 2441 2505 2580 2581 2507 2441 2548 2550 2445 2507 2581 2582 2509 2445 2550 2552 2449 2509 2582 2583 2511 2449 2552 2554 2453 2511 2583 2584 2513 2453 2554 2556 2457 2513 2584 2585 2515 2457 2556 2558 2461 2515 2585 2586 2517 2461 2558 2560 2465 2517 2586 2587 2519 2465 2560 2562 2469 2519 2587 2588 2521 2469 2562 2564 2473 2521 2588 2589 2523 2473 2564 2566 2477 2523 2589 2590 2525 2477 2566 2568 2481 2525 2590 2591 2527 2481 2568 2570 2485 2527 2591 2592 2529 2485 2570 2572 2489 2529 2592 2593 2531 2489 2572 2574 2493 2531 2593 2594 2533 473 488 2595 2535 474 489 2596 2536 2535 2595 2597 2537 2536 2596 2598 2538 2537 2597 2599 2539 2538 2598 2600 2540 2539 2599 2601 2541 2540 2600 2602 2542 2541 2601 2603 2543 2542 2602 2604 2544 2543 2603 2605 2545 2544 2604 2606 2546 2545 2605 2607 2547 2546 2606 2608 2548 2547 2607 2609 2549 2548 2608 2610 2550 2549 2609 2611 2551 2550 2610 2612 2552 2551 2611 2613 2553 2552 2612 2614 2554 2553 2613 2615 2555 2554 2614 2616 2556 2555 2615 2617 2557 2556 2616 2618 2558 2557 2617 2619 2559 2558 2618 2620 2560 2559 2619 2621 2561 2560 2620 2622 2562 2561 2621 2623 2563 2562 2622 2624 2564 2563 2623 2625 2565 2564 2624 2626 2566 2565 2625 2627 2567 2566 2626 2628 2568 2567 2627 2629 2569 2568 2628 2630 2570 2569 2629 2631 2571 2570 2630 2632 2572 2571 2631 2633 2573 2572 2632 2634 2574 474 489 2596 2536 479 494 2635 2575 2536 2596 2598 2538 2575 2635 2636 2576 2538 2598 2600 2540 2576 2636 2637 2577 2540 2600 2602 2542 2577 2637 2638 2578 2542 2602 2604 2544 2578 2638 2639 2579 2544 2604 2606 2546 2579 2639 2640 2580 2546 2606 2608 2548 2580 2640 2641 2581 2548 2608 2610 2550 2581 2641 2642 2582 2550 2610 2612 2552 2582 2642 2643 2583 2552 2612 2614 2554 2583 2643 2644 2584 2554 2614 2616 2556 2584 2644 2645 2585 2556 2616 2618 2558 2585 2645 2646 2586 2558 2618 2620 2560 2586 2646 2647 2587 2560 2620 2622 2562 2587 2647 2648 2588 2562 2622 2624 2564 2588 2648 2649 2589 2564 2624 2626 2566 2589 2649 2650 2590 2566 2626 2628 2568 2590 2650 2651 2591 2568 2628 2630 2570 2591 2651 2652 2592 2570 2630 2632 2572 2592 2652 2653 2593 2572 2632 2634 2574 2593 2653 2654 2594 488 503 2655 2595 489 504 2656 2596 2595 2655 2657 2597 2596 2656 2658 2598 2597 2657 2659 2599 2598 2658 2660 2600 2599 2659 2661 2601 2600 2660 2662 2602 2601 2661 2663 2603 2602 2662 2664 2604 2603 2663 2665 2605 2604 2664 2666 2606 2605 2665 2667 2607 2606 2666 2668 2608 2607 2667 2669 2609 2608 2668 2670 2610 2609 2669 2671 2611 2610 2670 2672 2612 2611 2671 2673 2613 2612 2672 2674 2614 2613 2673 2675 2615 2614 2674 2676 2616 2615 2675 2677 2617 2616 2676 2678 2618 2617 2677 2679 2619 2618 2678 2680 2620 2619 2679 2681 2621 2620 2680 2682 2622 2621 2681 2683 2623 2622 2682 2684 2624 2623 2683 2685 2625 2624 2684 2686 2626 2625 2685 2687 2627 2626 2686 2688 2628 2627 2687 2689 2629 2628 2688 2690 2630 2629 2689 2691 2631 2630 2690 2692 2632 2631 2691 2693 2633 2632 2692 2694 2634 489 504 2656 2596 494 509 2695 2635 2596 2656 2658 2598 2635 2695 2696 2636 2598 2658 2660 2600 2636 2696 2697 2637 2600 2660 2662 2602 2637 2697 2698 2638 2602 2662 2664 2604 2638 2698 2699 2639 2604 2664 2666 2606 2639 2699 2700 2640 2606 2666 2668 2608 2640 2700 2701 2641 2608 2668 2670 2610 2641 2701 2702 2642 2610 2670 2672 2612 2642 2702 2703 2643 2612 2672 2674 2614 2643 2703 2704 2644 2614 2674 2676 2616 2644 2704 2705 2645 2616 2676 2678 2618 2645 2705 2706 2646 2618 2678 2680 2620 2646 2706 2707 2647 2620 2680 2682 2622 2647 2707 2708 2648 2622 2682 2684 2624 2648 2708 2709 2649 2624 2684 2686 2626 2649 2709 2710 2650 2626 2686 2688 2628 2650 2710 2711 2651 2628 2688 2690 2630 2651 2711 2712 2652 2630 2690 2692 2632 2652 2712 2713 2653 2632 2692 2694 2634 2653 2713 2714 2654 503 518 2715 2655 504 519 2716 2656 2655 2715 2717 2657 2656 2716 2718 2658 2657 2717 2719 2659 2658 2718 2720 2660 2659 2719 2721 2661 2660 2720 2722 2662 2661 2721 2723 2663 2662 2722 2724 2664 2663 2723 2725 2665 2664 2724 2726 2666 2665 2725 2727 2667 2666 2726 2728 2668 2667 2727 2729 2669 2668 2728 2730 2670 2669 2729 2731 2671 2670 2730 2732 2672 2671 2731 2733 2673 2672 2732 2734 2674 2673 2733 2735 2675 2674 2734 2736 2676 2675 2735 2737 2677 2676 2736 2738 2678 2677 2737 2739 2679 2678 2738 2740 2680 2679 2739 2741 2681 2680 2740 2742 2682 2681 2741 2743 2683 2682 2742 2744 2684 2683 2743 2745 2685 2684 2744 2746 2686 2685 2745 2747 2687 2686 2746 2748 2688 2687 2747 2749 2689 2688 2748 2750 2690 2689 2749 2751 2691 2690 2750 2752 2692 2691 2751 2753 2693 2692 2752 2754 2694 504 519 2716 2656 509 524 2755 2695 2656 2716 2718 2658 2695 2755 2756 2696 2658 2718 2720 2660 2696 2756 2757 2697 2660 2720 2722 2662 2697 2757 2758 2698 2662 2722 2724 2664 2698 2758 2759 2699 2664 2724 2726 2666 2699 2759 2760 2700 2666 2726 2728 2668 2700 2760 2761 2701 2668 2728 2730 2670 2701 2761 2762 2702 2670 2730 2732 2672 2702 2762 2763 2703 2672 2732 2734 2674 2703 2763 2764 2704 2674 2734 2736 2676 2704 2764 2765 2705 2676 2736 2738 2678 2705 2765 2766 2706 2678 2738 2740 2680 2706 2766 2767 2707 2680 2740 2742 2682 2707 2767 2768 2708 2682 2742 2744 2684 2708 2768 2769 2709 2684 2744 2746 2686 2709 2769 2770 2710 2686 2746 2748 2688 2710 2770 2771 2711 2688 2748 2750 2690 2711 2771 2772 2712 2690 2750 2752 2692 2712 2772 2773 2713 2692 2752 2754 2694 2713 2773 2774 2714 518 362 2056 2715 519 364 2058 2716 2715 2056 2060 2717 2716 2058 2062 2718 2717 2060 2064 2719 2718 2062 2066 2720 2719 2064 2068 2721 2720 2066 2070 2722 2721 2068 2072 2723 2722 2070 2074 2724 2723 2072 2076 2725 2724 2074 2078 2726 2725 2076 2080 2727 2726 2078 2082 2728 2727 2080 2084 2729 2728 2082 2086 2730 2729 2084 2088 2731 2730 2086 2090 2732 2731 2088 2092 2733 2732 2090 2094 2734 2733 2092 2096 2735 2734 2094 2098 2736 2735 2096 2100 2737 2736 2098 2102 2738 2737 2100 2104 2739 2738 2102 2106 2740 2739 2104 2108 2741 2740 2106 2110 2742 2741 2108 2112 2743 2742 2110 2114 2744 2743 2112 2116 2745 2744 2114 2118 2746 2745 2116 2120 2747 2746 2118 2122 2748 2747 2120 2124 2749 2748 2122 2126 2750 2749 2124 2128 2751 2750 2126 2130 2752 2751 2128 2132 2753 2752 2130 2134 2754 519 364 2058 2716 524 374 2136 2755 2716 2058 2062 2718 2755 2136 2138 2756 2718 2062 2066 2720 2756 2138 2140 2757 2720 2066 2070 2722 2757 2140 2142 2758 2722 2070 2074 2724 2758 2142 2144 2759 2724 2074 2078 2726 2759 2144 2146 2760 2726 2078 2082 2728 2760 2146 2148 2761 2728 2082 2086 2730 2761 2148 2150 2762 2730 2086 2090 2732 2762 2150 2152 2763 2732 2090 2094 2734 2763 2152 2154 2764 2734 2094 2098 2736 2764 2154 2156 2765 2736 2098 2102 2738 2765 2156 2158 2766 2738 2102 2106 2740 2766 2158 2160 2767 2740 2106 2110 2742 2767 2160 2162 2768 2742 2110 2114 2744 2768 2162 2164 2769 2744 2114 2118 2746 2769 2164 2166 2770 2746 2118 2122 2748 2770 2166 2168 2771 2748 2122 2126 2750 2771 2168 2170 2772 2750 2126 2130 2752 2772 2170 2172 2773 2752 2130 2134 2754 2773 2172 2174 2774 542 541 2775 2776 544 543 2777 2778 2776 2775 2779 2780 2778 2777 2781 2782 2780 2779 2783 2784 2782 2781 2785 2786 2784 2783 2787 2788 2786 2785 2789 2790 2788 2787 2791 2792 2790 2789 2793 2794 2792 2791 2795 2796 2794 2793 2797 2798 2796 2795 2799 2800 2798 2797 2801 2802 2800 2799 2803 2804 2802 2801 2805 2806 2804 2803 2807 2808 2806 2805 2809 2810 2808 2807 2811 2812 2810 2809 2813 2814 2812 2811 2815 2816 2814 2813 2817 2818 2816 2815 2819 2820 2818 2817 2821 2822 2820 2819 2823 2824 2822 2821 2825 2826 2824 2823 2827 2828 2826 2825 2829 2830 2828 2827 2831 2832 2830 2829 2833 2834 2832 2831 2835 2836 2834 2833 2837 2838 2836 2835 2839 2840 2838 2837 2841 2842 2840 2839 2843 2844 2842 2841 2845 2846 2844 2843 2847 2848 2846 2845 2849 2850 2848 2847 2851 2852 2850 2849 2853 2854 544 543 2777 2778 554 553 2855 2856 2778 2777 2781 2782 2856 2855 2857 2858 2782 2781 2785 2786 2858 2857 2859 2860 2786 2785 2789 2790 2860 2859 2861 2862 2790 2789 2793 2794 2862 2861 2863 2864 2794 2793 2797 2798 2864 2863 2865 2866 2798 2797 2801 2802 2866 2865 2867 2868 2802 2801 2805 2806 2868 2867 2869 2870 2806 2805 2809 2810 2870 2869 2871 2872 2810 2809 2813 2814 2872 2871 2873 2874 2814 2813 2817 2818 2874 2873 2875 2876 2818 2817 2821 2822 2876 2875 2877 2878 2822 2821 2825 2826 2878 2877 2879 2880 2826 2825 2829 2830 2880 2879 2881 2882 2830 2829 2833 2834 2882 2881 2883 2884 2834 2833 2837 2838 2884 2883 2885 2886 2838 2837 2841 2842 2886 2885 2887 2888 2842 2841 2845 2846 2888 2887 2889 2890 2846 2845 2849 2850 2890 2889 2891 2892 2850 2849 2853 2854 2892 2891 2893 2894 541 563 2895 2775 543 564 2896 2777 2775 2895 2897 2779 2777 2896 2898 2781 2779 2897 2899 2783 2781 2898 2900 2785 2783 2899 2901 2787 2785 2900 2902 2789 2787 2901 2903 2791 2789 2902 2904 2793 2791 2903 2905 2795 2793 2904 2906 2797 2795 2905 2907 2799 2797 2906 2908 2801 2799 2907 2909 2803 2801 2908 2910 2805 2803 2909 2911 2807 2805 2910 2912 2809 2807 2911 2913 2811 2809 2912 2914 2813 2811 2913 2915 2815 2813 2914 2916 2817 2815 2915 2917 2819 2817 2916 2918 2821 2819 2917 2919 2823 2821 2918 2920 2825 2823 2919 2921 2827 2825 2920 2922 2829 2827 2921 2923 2831 2829 2922 2924 2833 2831 2923 2925 2835 2833 2924 2926 2837 2835 2925 2927 2839 2837 2926 2928 2841 2839 2927 2929 2843 2841 2928 2930 2845 2843 2929 2931 2847 2845 2930 2932 2849 2847 2931 2933 2851 2849 2932 2934 2853 543 564 2896 2777 553 569 2935 2855 2777 2896 2898 2781 2855 2935 2936 2857 2781 2898 2900 2785 2857 2936 2937 2859 2785 2900 2902 2789 2859 2937 2938 2861 2789 2902 2904 2793 2861 2938 2939 2863 2793 2904 2906 2797 2863 2939 2940 2865 2797 2906 2908 2801 2865 2940 2941 2867 2801 2908 2910 2805 2867 2941 2942 2869 2805 2910 2912 2809 2869 2942 2943 2871 2809 2912 2914 2813 2871 2943 2944 2873 2813 2914 2916 2817 2873 2944 2945 2875 2817 2916 2918 2821 2875 2945 2946 2877 2821 2918 2920 2825 2877 2946 2947 2879 2825 2920 2922 2829 2879 2947 2948 2881 2829 2922 2924 2833 2881 2948 2949 2883 2833 2924 2926 2837 2883 2949 2950 2885 2837 2926 2928 2841 2885 2950 2951 2887 2841 2928 2930 2845 2887 2951 2952 2889 2845 2930 2932 2849 2889 2952 2953 2891 2849 2932 2934 2853 2891 2953 2954 2893 563 578 2955 2895 564 579 2956 2896 2895 2955 2957 2897 2896 2956 2958 2898 2897 2957 2959 2899 2898 2958 2960 2900 2899 2959 2961 2901 2900 2960 2962 2902 2901 2961 2963 2903 2902 2962 2964 2904 2903 2963 2965 2905 2904 2964 2966 2906 2905 2965 2967 2907 2906 2966 2968 2908 2907 2967 2969 2909 2908 2968 2970 2910 2909 2969 2971 2911 2910 2970 2972 2912 2911 2971 2973 2913 2912 2972 2974 2914 2913 2973 2975 2915 2914 2974 2976 2916 2915 2975 2977 2917 2916 2976 2978 2918 2917 2977 2979 2919 2918 2978 2980 2920 2919 2979 2981 2921 2920 2980 2982 2922 2921 2981 2983 2923 2922 2982 2984 2924 2923 2983 2985 2925 2924 2984 2986 2926 2925 2985 2987 2927 2926 2986 2988 2928 2927 2987 2989 2929 2928 2988 2990 2930 2929 2989 2991 2931 2930 2990 2992 2932 2931 2991 2993 2933 2932 2992 2994 2934 564 579 2956 2896 569 584 2995 2935 2896 2956 2958 2898 2935 2995 2996 2936 2898 2958 2960 2900 2936 2996 2997 2937 2900 2960 2962 2902 2937 2997 2998 2938 2902 2962 2964 2904 2938 2998 2999 2939 2904 2964 2966 2906 2939 2999 3000 2940 2906 2966 2968 2908 2940 3000 3001 2941 2908 2968 2970 2910 2941 3001 3002 2942 2910 2970 2972 2912 2942 3002 3003 2943 2912 2972 2974 2914 2943 3003 3004 2944 2914 2974 2976 2916 2944 3004 3005 2945 2916 2976 2978 2918 2945 3005 3006 2946 2918 2978 2980 2920 2946 3006 3007 2947 2920 2980 2982 2922 2947 3007 3008 2948 2922 2982 2984 2924 2948 3008 3009 2949 2924 2984 2986 2926 2949 3009 3010 2950 2926 2986 2988 2928 2950 3010 3011 2951 2928 2988 2990 2930 2951 3011 3012 2952 2930 2990 2992 2932 2952 3012 3013 2953 2932 2992 2994 2934 2953 3013 3014 2954 578 593 3015 2955 579 594 3016 2956 2955 3015 3017 2957 2956 3016 3018 2958 2957 3017 3019 2959 2958 3018 3020 2960 2959 3019 3021 2961 2960 3020 3022 2962 2961 3021 3023 2963 2962 3022 3024 2964 2963 3023 3025 2965 2964 3024 3026 2966 2965 3025 3027 2967 2966 3026 3028 2968 2967 3027 3029 2969 2968 3028 3030 2970 2969 3029 3031 2971 2970 3030 3032 2972 2971 3031 3033 2973 2972 3032 3034 2974 2973 3033 3035 2975 2974 3034 3036 2976 2975 3035 3037 2977 2976 3036 3038 2978 2977 3037 3039 2979 2978 3038 3040 2980 2979 3039 3041 2981 2980 3040 3042 2982 2981 3041 3043 2983 2982 3042 3044 2984 2983 3043 3045 2985 2984 3044 3046 2986 2985 3045 3047 2987 2986 3046 3048 2988 2987 3047 3049 2989 2988 3048 3050 2990 2989 3049 3051 2991 2990 3050 3052 2992 2991 3051 3053 2993 2992 3052 3054 2994 579 594 3016 2956 584 599 3055 2995 2956 3016 3018 2958 2995 3055 3056 2996 2958 3018 3020 2960 2996 3056 3057 2997 2960 3020 3022 2962 2997 3057 3058 2998 2962 3022 3024 2964 2998 3058 3059 2999 2964 3024 3026 2966 2999 3059 3060 3000 2966 3026 3028 2968 3000 3060 3061 3001 2968 3028 3030 2970 3001 3061 3062 3002 2970 3030 3032 2972 3002 3062 3063 3003 2972 3032 3034 2974 3003 3063 3064 3004 2974 3034 3036 2976 3004 3064 3065 3005 2976 3036 3038 2978 3005 3065 3066 3006 2978 3038 3040 2980 3006 3066 3067 3007 2980 3040 3042 2982 3007 3067 3068 3008 2982 3042 3044 2984 3008 3068 3069 3009 2984 3044 3046 2986 3009 3069 3070 3010 2986 3046 3048 2988 3010 3070 3071 3011 2988 3048 3050 2990 3011 3071 3072 3012 2990 3050 3052 2992 3012 3072 3073 3013 2992 3052 3054 2994 3013 3073 3074 3014 593 608 3075 3015 594 609 3076 3016 3015 3075 3077 3017 3016 3076 3078 3018 3017 3077 3079 3019 3018 3078 3080 3020 3019 3079 3081 3021 3020 3080 3082 3022 3021 3081 3083 3023 3022 3082 3084 3024 3023 3083 3085 3025 3024 3084 3086 3026 3025 3085 3087 3027 3026 3086 3088 3028 3027 3087 3089 3029 3028 3088 3090 3030 3029 3089 3091 3031 3030 3090 3092 3032 3031 3091 3093 3033 3032 3092 3094 3034 3033 3093 3095 3035 3034 3094 3096 3036 3035 3095 3097 3037 3036 3096 3098 3038 3037 3097 3099 3039 3038 3098 3100 3040 3039 3099 3101 3041 3040 3100 3102 3042 3041 3101 3103 3043 3042 3102 3104 3044 3043 3103 3105 3045 3044 3104 3106 3046 3045 3105 3107 3047 3046 3106 3108 3048 3047 3107 3109 3049 3048 3108 3110 3050 3049 3109 3111 3051 3050 3110 3112 3052 3051 3111 3113 3053 3052 3112 3114 3054 594 609 3076 3016 599 614 3115 3055 3016 3076 3078 3018 3055 3115 3116 3056 3018 3078 3080 3020 3056 3116 3117 3057 3020 3080 3082 3022 3057 3117 3118 3058 3022 3082 3084 3024 3058 3118 3119 3059 3024 3084 3086 3026 3059 3119 3120 3060 3026 3086 3088 3028 3060 3120 3121 3061 3028 3088 3090 3030 3061 3121 3122 3062 3030 3090 3092 3032 3062 3122 3123 3063 3032 3092 3094 3034 3063 3123 3124 3064 3034 3094 3096 3036 3064 3124 3125 3065 3036 3096 3098 3038 3065 3125 3126 3066 3038 3098 3100 3040 3066 3126 3127 3067 3040 3100 3102 3042 3067 3127 3128 3068 3042 3102 3104 3044 3068 3128 3129 3069 3044 3104 3106 3046 3069 3129 3130 3070 3046 3106 3108 3048 3070 3130 3131 3071 3048 3108 3110 3050 3071 3131 3132 3072 3050 3110 3112 3052 3072 3132 3133 3073 3052 3112 3114 3054 3073 3133 3134 3074 608 623 3135 3075 609 624 3136 3076 3075 3135 3137 3077 3076 3136 3138 3078 3077 3137 3139 3079 3078 3138 3140 3080 3079 3139 3141 3081 3080 3140 3142 3082 3081 3141 3143 3083 3082 3142 3144 3084 3083 3143 3145 3085 3084 3144 3146 3086 3085 3145 3147 3087 3086 3146 3148 3088 3087 3147 3149 3089 3088 3148 3150 3090 3089 3149 3151 3091 3090 3150 3152 3092 3091 3151 3153 3093 3092 3152 3154 3094 3093 3153 3155 3095 3094 3154 3156 3096 3095 3155 3157 3097 3096 3156 3158 3098 3097 3157 3159 3099 3098 3158 3160 3100 3099 3159 3161 3101 3100 3160 3162 3102 3101 3161 3163 3103 3102 3162 3164 3104 3103 3163 3165 3105 3104 3164 3166 3106 3105 3165 3167 3107 3106 3166 3168 3108 3107 3167 3169 3109 3108 3168 3170 3110 3109 3169 3171 3111 3110 3170 3172 3112 3111 3171 3173 3113 3112 3172 3174 3114 609 624 3136 3076 614 629 3175 3115 3076 3136 3138 3078 3115 3175 3176 3116 3078 3138 3140 3080 3116 3176 3177 3117 3080 3140 3142 3082 3117 3177 3178 3118 3082 3142 3144 3084 3118 3178 3179 3119 3084 3144 3146 3086 3119 3179 3180 3120 3086 3146 3148 3088 3120 3180 3181 3121 3088 3148 3150 3090 3121 3181 3182 3122 3090 3150 3152 3092 3122 3182 3183 3123 3092 3152 3154 3094 3123 3183 3184 3124 3094 3154 3156 3096 3124 3184 3185 3125 3096 3156 3158 3098 3125 3185 3186 3126 3098 3158 3160 3100 3126 3186 3187 3127 3100 3160 3162 3102 3127 3187 3188 3128 3102 3162 3164 3104 3128 3188 3189 3129 3104 3164 3166 3106 3129 3189 3190 3130 3106 3166 3168 3108 3130 3190 3191 3131 3108 3168 3170 3110 3131 3191 3192 3132 3110 3170 3172 3112 3132 3192 3193 3133 3112 3172 3174 3114 3133 3193 3194 3134 623 638 3195 3135 624 639 3196 3136 3135 3195 3197 3137 3136 3196 3198 3138 3137 3197 3199 3139 3138 3198 3200 3140 3139 3199 3201 3141 3140 3200 3202 3142 3141 3201 3203 3143 3142 3202 3204 3144 3143 3203 3205 3145 3144 3204 3206 3146 3145 3205 3207 3147 3146 3206 3208 3148 3147 3207 3209 3149 3148 3208 3210 3150 3149 3209 3211 3151 3150 3210 3212 3152 3151 3211 3213 3153 3152 3212 3214 3154 3153 3213 3215 3155 3154 3214 3216 3156 3155 3215 3217 3157 3156 3216 3218 3158 3157 3217 3219 3159 3158 3218 3220 3160 3159 3219 3221 3161 3160 3220 3222 3162 3161 3221 3223 3163 3162 3222 3224 3164 3163 3223 3225 3165 3164 3224 3226 3166 3165 3225 3227 3167 3166 3226 3228 3168 3167 3227 3229 3169 3168 3228 3230 3170 3169 3229 3231 3171 3170 3230 3232 3172 3171 3231 3233 3173 3172 3232 3234 3174 624 639 3196 3136 629 644 3235 3175 3136 3196 3198 3138 3175 3235 3236 3176 3138 3198 3200 3140 3176 3236 3237 3177 3140 3200 3202 3142 3177 3237 3238 3178 3142 3202 3204 3144 3178 3238 3239 3179 3144 3204 3206 3146 3179 3239 3240 3180 3146 3206 3208 3148 3180 3240 3241 3181 3148 3208 3210 3150 3181 3241 3242 3182 3150 3210 3212 3152 3182 3242 3243 3183 3152 3212 3214 3154 3183 3243 3244 3184 3154 3214 3216 3156 3184 3244 3245 3185 3156 3216 3218 3158 3185 3245 3246 3186 3158 3218 3220 3160 3186 3246 3247 3187 3160 3220 3222 3162 3187 3247 3248 3188 3162 3222 3224 3164 3188 3248 3249 3189 3164 3224 3226 3166 3189 3249 3250 3190 3166 3226 3228 3168 3190 3250 3251 3191 3168 3228 3230 3170 3191 3251 3252 3192 3170 3230 3232 3172 3192 3252 3253 3193 3172 3232 3234 3174 3193 3253 3254 3194 638 653 3255 3195 639 654 3256 3196 3195 3255 3257 3197 3196 3256 3258 3198 3197 3257 3259 3199 3198 3258 3260 3200 3199 3259 3261 3201 3200 3260 3262 3202 3201 3261 3263 3203 3202 3262 3264 3204 3203 3263 3265 3205 3204 3264 3266 3206 3205 3265 3267 3207 3206 3266 3268 3208 3207 3267 3269 3209 3208 3268 3270 3210 3209 3269 3271 3211 3210 3270 3272 3212 3211 3271 3273 3213 3212 3272 3274 3214 3213 3273 3275 3215 3214 3274 3276 3216 3215 3275 3277 3217 3216 3276 3278 3218 3217 3277 3279 3219 3218 3278 3280 3220 3219 3279 3281 3221 3220 3280 3282 3222 3221 3281 3283 3223 3222 3282 3284 3224 3223 3283 3285 3225 3224 3284 3286 3226 3225 3285 3287 3227 3226 3286 3288 3228 3227 3287 3289 3229 3228 3288 3290 3230 3229 3289 3291 3231 3230 3290 3292 3232 3231 3291 3293 3233 3232 3292 3294 3234 639 654 3256 3196 644 659 3295 3235 3196 3256 3258 3198 3235 3295 3296 3236 3198 3258 3260 3200 3236 3296 3297 3237 3200 3260 3262 3202 3237 3297 3298 3238 3202 3262 3264 3204 3238 3298 3299 3239 3204 3264 3266 3206 3239 3299 3300 3240 3206 3266 3268 3208 3240 3300 3301 3241 3208 3268 3270 3210 3241 3301 3302 3242 3210 3270 3272 3212 3242 3302 3303 3243 3212 3272 3274 3214 3243 3303 3304 3244 3214 3274 3276 3216 3244 3304 3305 3245 3216 3276 3278 3218 3245 3305 3306 3246 3218 3278 3280 3220 3246 3306 3307 3247 3220 3280 3282 3222 3247 3307 3308 3248 3222 3282 3284 3224 3248 3308 3309 3249 3224 3284 3286 3226 3249 3309 3310 3250 3226 3286 3288 3228 3250 3310 3311 3251 3228 3288 3290 3230 3251 3311 3312 3252 3230 3290 3292 3232 3252 3312 3313 3253 3232 3292 3294 3234 3253 3313 3314 3254 653 668 3315 3255 654 669 3316 3256 3255 3315 3317 3257 3256 3316 3318 3258 3257 3317 3319 3259 3258 3318 3320 3260 3259 3319 3321 3261 3260 3320 3322 3262 3261 3321 3323 3263 3262 3322 3324 3264 3263 3323 3325 3265 3264 3324 3326 3266 3265 3325 3327 3267 3266 3326 3328 3268 3267 3327 3329 3269 3268 3328 3330 3270 3269 3329 3331 3271 3270 3330 3332 3272 3271 3331 3333 3273 3272 3332 3334 3274 3273 3333 3335 3275 3274 3334 3336 3276 3275 3335 3337 3277 3276 3336 3338 3278 3277 3337 3339 3279 3278 3338 3340 3280 3279 3339 3341 3281 3280 3340 3342 3282 3281 3341 3343 3283 3282 3342 3344 3284 3283 3343 3345 3285 3284 3344 3346 3286 3285 3345 3347 3287 3286 3346 3348 3288 3287 3347 3349 3289 3288 3348 3350 3290 3289 3349 3351 3291 3290 3350 3352 3292 3291 3351 3353 3293 3292 3352 3354 3294 654 669 3316 3256 659 674 3355 3295 3256 3316 3318 3258 3295 3355 3356 3296 3258 3318 3320 3260 3296 3356 3357 3297 3260 3320 3322 3262 3297 3357 3358 3298 3262 3322 3324 3264 3298 3358 3359 3299 3264 3324 3326 3266 3299 3359 3360 3300 3266 3326 3328 3268 3300 3360 3361 3301 3268 3328 3330 3270 3301 3361 3362 3302 3270 3330 3332 3272 3302 3362 3363 3303 3272 3332 3334 3274 3303 3363 3364 3304 3274 3334 3336 3276 3304 3364 3365 3305 3276 3336 3338 3278 3305 3365 3366 3306 3278 3338 3340 3280 3306 3366 3367 3307 3280 3340 3342 3282 3307 3367 3368 3308 3282 3342 3344 3284 3308 3368 3369 3309 3284 3344 3346 3286 3309 3369 3370 3310 3286 3346 3348 3288 3310 3370 3371 3311 3288 3348 3350 3290 3311 3371 3372 3312 3290 3350 3352 3292 3312 3372 3373 3313 3292 3352 3354 3294 3313 3373 3374 3314 668 452 2416 3315 669 454 2418 3316 3315 2416 2420 3317 3316 2418 2422 3318 3317 2420 2424 3319 3318 2422 2426 3320 3319 2424 2428 3321 3320 2426 2430 3322 3321 2428 2432 3323 3322 2430 2434 3324 3323 2432 2436 3325 3324 2434 2438 3326 3325 2436 2440 3327 3326 2438 2442 3328 3327 2440 2444 3329 3328 2442 2446 3330 3329 2444 2448 3331 3330 2446 2450 3332 3331 2448 2452 3333 3332 2450 2454 3334 3333 2452 2456 3335 3334 2454 2458 3336 3335 2456 2460 3337 3336 2458 2462 3338 3337 2460 2464 3339 3338 2462 2466 3340 3339 2464 2468 3341 3340 2466 2470 3342 3341 2468 2472 3343 3342 2470 2474 3344 3343 2472 2476 3345 3344 2474 2478 3346 3345 2476 2480 3347 3346 2478 2482 3348 3347 2480 2484 3349 3348 2482 2486 3350 3349 2484 2488 3351 3350 2486 2490 3352 3351 2488 2492 3353 3352 2490 2494 3354 669 454 2418 3316 674 464 2496 3355 3316 2418 2422 3318 3355 2496 2498 3356 3318 2422 2426 3320 3356 2498 2500 3357 3320 2426 2430 3322 3357 2500 2502 3358 3322 2430 2434 3324 3358 2502 2504 3359 3324 2434 2438 3326 3359 2504 2506 3360 3326 2438 2442 3328 3360 2506 2508 3361 3328 2442 2446 3330 3361 2508 2510 3362 3330 2446 2450 3332 3362 2510 2512 3363 3332 2450 2454 3334 3363 2512 2514 3364 3334 2454 2458 3336 3364 2514 2516 3365 3336 2458 2462 3338 3365 2516 2518 3366 3338 2462 2466 3340 3366 2518 2520 3367 3340 2466 2470 3342 3367 2520 2522 3368 3342 2470 2474 3344 3368 2522 2524 3369 3344 2474 2478 3346 3369 2524 2526 3370 3346 2478 2482 3348 3370 2526 2528 3371 3348 2482 2486 3350 3371 2528 2530 3372 3350 2486 2490 3352 3372 2530 2532 3373 3352 2490 2494 3354 3373 2532 2534 3374 752 751 3375 3376 754 753 3377 3378 3376 3375 3379 3380 3378 3377 3381 3382 3380 3379 3383 3384 3382 3381 3385 3386 3384 3383 3387 3388 3386 3385 3389 3390 754 753 3377 3378 794 793 3391 3392 3378 3377 3381 3382 3392 3391 3393 3394 3382 3381 3385 3386 3394 3393 3395 3396 3386 3385 3389 3390 3396 3395 3397 3398 751 833 3399 3375 753 834 3400 3377 3375 3399 3401 3379 3377 3400 3402 3381 3379 3401 3403 3383 3381 3402 3404 3385 3383 3403 3405 3387 3385 3404 3406 3389 753 834 3400 3377 793 854 3407 3391 3377 3400 3402 3381 3391 3407 3408 3393 3381 3402 3404 3385 3393 3408 3409 3395 3385 3404 3406 3389 3395 3409 3410 3397 833 893 3411 3399 834 894 3412 3400 3399 3411 3413 3401 3400 3412 3414 3402 3401 3413 3415 3403 3402 3414 3416 3404 3403 3415 3417 3405 3404 3416 3418 3406 834 894 3412 3400 854 914 3419 3407 3400 3412 3414 3402 3407 3419 3420 3408 3402 3414 3416 3404 3408 3420 3421 3409 3404 3416 3418 3406 3409 3421 3422 3410 893 953 3423 3411 894 954 3424 3412 3411 3423 3425 3413 3412 3424 3426 3414 3413 3425 3427 3415 3414 3426 3428 3416 3415 3427 3429 3417 3416 3428 3430 3418 894 954 3424 3412 914 974 3431 3419 3412 3424 3426 3414 3419 3431 3432 3420 3414 3426 3428 3416 3420 3432 3433 3421 3416 3428 3430 3418 3421 3433 3434 3422 953 1013 3435 3423 954 1014 3436 3424 3423 3435 3437 3425 3424 3436 3438 3426 3425 3437 3439 3427 3426 3438 3440 3428 3427 3439 3441 3429 3428 3440 3442 3430 954 1014 3436 3424 974 1034 3443 3431 3424 3436 3438 3426 3431 3443 3444 3432 3426 3438 3440 3428 3432 3444 3445 3433 3428 3440 3442 3430 3433 3445 3446 3434 1013 1073 3447 3435 1014 1074 3448 3436 3435 3447 3449 3437 3436 3448 3450 3438 3437 3449 3451 3439 3438 3450 3452 3440 3439 3451 3453 3441 3440 3452 3454 3442 1014 1074 3448 3436 1034 1094 3455 3443 3436 3448 3450 3438 3443 3455 3456 3444 3438 3450 3452 3440 3444 3456 3457 3445 3440 3452 3454 3442 3445 3457 3458 3446 1172 1171 3459 3460 1174 1173 3461 3462 3460 3459 3463 3464 3462 3461 3465 3466 3464 3463 3467 3468 3466 3465 3469 3470 3468 3467 3471 3472 3470 3469 3473 3474 1174 1173 3461 3462 1214 1213 3475 3476 3462 3461 3465 3466 3476 3475 3477 3478 3466 3465 3469 3470 3478 3477 3479 3480 3470 3469 3473 3474 3480 3479 3481 3482 1171 1253 3483 3459 1173 1254 3484 3461 3459 3483 3485 3463 3461 3484 3486 3465 3463 3485 3487 3467 3465 3486 3488 3469 3467 3487 3489 3471 3469 3488 3490 3473 1173 1254 3484 3461 1213 1274 3491 3475 3461 3484 3486 3465 3475 3491 3492 3477 3465 3486 3488 3469 3477 3492 3493 3479 3469 3488 3490 3473 3479 3493 3494 3481 1253 1313 3495 3483 1254 1314 3496 3484 3483 3495 3497 3485 3484 3496 3498 3486 3485 3497 3499 3487 3486 3498 3500 3488 3487 3499 3501 3489 3488 3500 3502 3490 1254 1314 3496 3484 1274 1334 3503 3491 3484 3496 3498 3486 3491 3503 3504 3492 3486 3498 3500 3488 3492 3504 3505 3493 3488 3500 3502 3490 3493 3505 3506 3494 1313 1373 3507 3495 1314 1374 3508 3496 3495 3507 3509 3497 3496 3508 3510 3498 3497 3509 3511 3499 3498 3510 3512 3500 3499 3511 3513 3501 3500 3512 3514 3502 1314 1374 3508 3496 1334 1394 3515 3503 3496 3508 3510 3498 3503 3515 3516 3504 3498 3510 3512 3500 3504 3516 3517 3505 3500 3512 3514 3502 3505 3517 3518 3506 1373 1433 3519 3507 1374 1434 3520 3508 3507 3519 3521 3509 3508 3520 3522 3510 3509 3521 3523 3511 3510 3522 3524 3512 3511 3523 3525 3513 3512 3524 3526 3514 1374 1434 3520 3508 1394 1454 3527 3515 3508 3520 3522 3510 3515 3527 3528 3516 3510 3522 3524 3512 3516 3528 3529 3517 3512 3524 3526 3514 3517 3529 3530 3518 1433 752 3376 3519 1434 754 3378 3520 3519 3376 3380 3521 3520 3378 3382 3522 3521 3380 3384 3523 3522 3382 3386 3524 3523 3384 3388 3525 3524 3386 3390 3526 1434 754 3378 3520 1454 794 3392 3527 3520 3378 3382 3522 3527 3392 3394 3528 3522 3382 3386 3524 3528 3394 3396 3529 3524 3386 3390 3526 3529 3396 3398 3530 1532 1531 3531 3532 1534 1533 3533 3534 3532 3531 3535 3536 3534 3533 3537 3538 3536 3535 3539 3540 3538 3537 3541 3542 3540 3539 3543 3544 3542 3541 3545 3546 1534 1533 3533 3534 1574 1573 3547 3548 3534 3533 3537 3538 3548 3547 3549 3550 3538 3537 3541 3542 3550 3549 3551 3552 3542 3541 3545 3546 3552 3551 3553 3554 1531 1613 3555 3531 1533 1614 3556 3533 3531 3555 3557 3535 3533 3556 3558 3537 3535 3557 3559 3539 3537 3558 3560 3541 3539 3559 3561 3543 3541 3560 3562 3545 1533 1614 3556 3533 1573 1634 3563 3547 3533 3556 3558 3537 3547 3563 3564 3549 3537 3558 3560 3541 3549 3564 3565 3551 3541 3560 3562 3545 3551 3565 3566 3553 1613 1673 3567 3555 1614 1674 3568 3556 3555 3567 3569 3557 3556 3568 3570 3558 3557 3569 3571 3559 3558 3570 3572 3560 3559 3571 3573 3561 3560 3572 3574 3562 1614 1674 3568 3556 1634 1694 3575 3563 3556 3568 3570 3558 3563 3575 3576 3564 3558 3570 3572 3560 3564 3576 3577 3565 3560 3572 3574 3562 3565 3577 3578 3566 1673 1733 3579 3567 1674 1734 3580 3568 3567 3579 3581 3569 3568 3580 3582 3570 3569 3581 3583 3571 3570 3582 3584 3572 3571 3583 3585 3573 3572 3584 3586 3574 1674 1734 3580 3568 1694 1754 3587 3575 3568 3580 3582 3570 3575 3587 3588 3576 3570 3582 3584 3572 3576 3588 3589 3577 3572 3584 3586 3574 3577 3589 3590 3578 1733 1793 3591 3579 1734 1794 3592 3580 3579 3591 3593 3581 3580 3592 3594 3582 3581 3593 3595 3583 3582 3594 3596 3584 3583 3595 3597 3585 3584 3596 3598 3586 1734 1794 3592 3580 1754 1814 3599 3587 3580 3592 3594 3582 3587 3599 3600 3588 3582 3594 3596 3584 3588 3600 3601 3589 3584 3596 3598 3586 3589 3601 3602 3590 1793 1853 3603 3591 1794 1854 3604 3592 3591 3603 3605 3593 3592 3604 3606 3594 3593 3605 3607 3595 3594 3606 3608 3596 3595 3607 3609 3597 3596 3608 3610 3598 1794 1854 3604 3592 1814 1874 3611 3599 3592 3604 3606 3594 3599 3611 3612 3600 3594 3606 3608 3596 3600 3612 3613 3601 3596 3608 3610 3598 3601 3613 3614 3602 1853 1913 3615 3603 1854 1914 3616 3604 3603 3615 3617 3605 3604 3616 3618 3606 3605 3617 3619 3607 3606 3618 3620 3608 3607 3619 3621 3609 3608 3620 3622 3610 1854 1914 3616 3604 1874 1934 3623 3611 3604 3616 3618 3606 3611 3623 3624 3612 3606 3618 3620 3608 3612 3624 3625 3613 3608 3620 3622 3610 3613 3625 3626 3614 1913 1973 3627 3615 1914 1974 3628 3616 3615 3627 3629 3617 3616 3628 3630 3618 3617 3629 3631 3619 3618 3630 3632 3620 3619 3631 3633 3621 3620 3632 3634 3622 1914 1974 3628 3616 1934 1994 3635 3623 3616 3628 3630 3618 3623 3635 3636 3624 3618 3630 3632 3620 3624 3636 3637 3625 3620 3632 3634 3622 3625 3637 3638 3626 1973 2033 3639 3627 1974 2034 3640 3628 3627 3639 3641 3629 3628 3640 3642 3630 3629 3641 3643 3631 3630 3642 3644 3632 3631 3643 3645 3633 3632 3644 3646 3634 1974 2034 3640 3628 1994 2054 3647 3635 3628 3640 3642 3630 3635 3647 3648 3636 3630 3642 3644 3632 3636 3648 3649 3637 3632 3644 3646 3634 3637 3649 3650 3638 2033 1172 3460 3639 2034 1174 3462 3640 3639 3460 3464 3641 3640 3462 3466 3642 3641 3464 3468 3643 3642 3466 3470 3644 3643 3468 3472 3645 3644 3470 3474 3646 2034 1174 3462 3640 2054 1214 3476 3647 3640 3462 3466 3642 3647 3476 3478 3648 3642 3466 3470 3644 3648 3478 3480 3649 3644 3470 3474 3646 3649 3480 3482 3650 2132 2131 3651 3652 2134 2133 3653 3654 3652 3651 3655 3656 3654 3653 3657 3658 3656 3655 3659 3660 3658 3657 3661 3662 3660 3659 3663 3664 3662 3661 3665 3666 2134 2133 3653 3654 2174 2173 3667 3668 3654 3653 3657 3658 3668 3667 3669 3670 3658 3657 3661 3662 3670 3669 3671 3672 3662 3661 3665 3666 3672 3671 3673 3674 2131 2213 3675 3651 2133 2214 3676 3653 3651 3675 3677 3655 3653 3676 3678 3657 3655 3677 3679 3659 3657 3678 3680 3661 3659 3679 3681 3663 3661 3680 3682 3665 2133 2214 3676 3653 2173 2234 3683 3667 3653 3676 3678 3657 3667 3683 3684 3669 3657 3678 3680 3661 3669 3684 3685 3671 3661 3680 3682 3665 3671 3685 3686 3673 2213 2273 3687 3675 2214 2274 3688 3676 3675 3687 3689 3677 3676 3688 3690 3678 3677 3689 3691 3679 3678 3690 3692 3680 3679 3691 3693 3681 3680 3692 3694 3682 2214 2274 3688 3676 2234 2294 3695 3683 3676 3688 3690 3678 3683 3695 3696 3684 3678 3690 3692 3680 3684 3696 3697 3685 3680 3692 3694 3682 3685 3697 3698 3686 2273 2333 3699 3687 2274 2334 3700 3688 3687 3699 3701 3689 3688 3700 3702 3690 3689 3701 3703 3691 3690 3702 3704 3692 3691 3703 3705 3693 3692 3704 3706 3694 2274 2334 3700 3688 2294 2354 3707 3695 3688 3700 3702 3690 3695 3707 3708 3696 3690 3702 3704 3692 3696 3708 3709 3697 3692 3704 3706 3694 3697 3709 3710 3698 2333 2393 3711 3699 2334 2394 3712 3700 3699 3711 3713 3701 3700 3712 3714 3702 3701 3713 3715 3703 3702 3714 3716 3704 3703 3715 3717 3705 3704 3716 3718 3706 2334 2394 3712 3700 2354 2414 3719 3707 3700 3712 3714 3702 3707 3719 3720 3708 3702 3714 3716 3704 3708 3720 3721 3709 3704 3716 3718 3706 3709 3721 3722 3710 2393 1094 3455 3711 2394 1074 3448 3712 3711 3455 3456 3713 3712 3448 3450 3714 3713 3456 3457 3715 3714 3450 3452 3716 3715 3457 3458 3717 3716 3452 3454 3718 2394 1074 3448 3712 2414 1073 3447 3719 3712 3448 3450 3714 3719 3447 3449 3720 3714 3450 3452 3716 3720 3449 3451 3721 3716 3452 3454 3718 3721 3451 3453 3722 2492 2491 3723 3724 2494 2493 3725 3726 3724 3723 3727 3728 3726 3725 3729 3730 3728 3727 3731 3732 3730 3729 3733 3734 3732 3731 3735 3736 3734 3733 3737 3738 2494 2493 3725 3726 2534 2533 3739 3740 3726 3725 3729 3730 3740 3739 3741 3742 3730 3729 3733 3734 3742 3741 3743 3744 3734 3733 3737 3738 3744 3743 3745 3746 2491 2573 3747 3723 2493 2574 3748 3725 3723 3747 3749 3727 3725 3748 3750 3729 3727 3749 3751 3731 3729 3750 3752 3733 3731 3751 3753 3735 3733 3752 3754 3737 2493 2574 3748 3725 2533 2594 3755 3739 3725 3748 3750 3729 3739 3755 3756 3741 3729 3750 3752 3733 3741 3756 3757 3743 3733 3752 3754 3737 3743 3757 3758 3745 2573 2633 3759 3747 2574 2634 3760 3748 3747 3759 3761 3749 3748 3760 3762 3750 3749 3761 3763 3751 3750 3762 3764 3752 3751 3763 3765 3753 3752 3764 3766 3754 2574 2634 3760 3748 2594 2654 3767 3755 3748 3760 3762 3750 3755 3767 3768 3756 3750 3762 3764 3752 3756 3768 3769 3757 3752 3764 3766 3754 3757 3769 3770 3758 2633 2693 3771 3759 2634 2694 3772 3760 3759 3771 3773 3761 3760 3772 3774 3762 3761 3773 3775 3763 3762 3774 3776 3764 3763 3775 3777 3765 3764 3776 3778 3766 2634 2694 3772 3760 2654 2714 3779 3767 3760 3772 3774 3762 3767 3779 3780 3768 3762 3774 3776 3764 3768 3780 3781 3769 3764 3776 3778 3766 3769 3781 3782 3770 2693 2753 3783 3771 2694 2754 3784 3772 3771 3783 3785 3773 3772 3784 3786 3774 3773 3785 3787 3775 3774 3786 3788 3776 3775 3787 3789 3777 3776 3788 3790 3778 2694 2754 3784 3772 2714 2774 3791 3779 3772 3784 3786 3774 3779 3791 3792 3780 3774 3786 3788 3776 3780 3792 3793 3781 3776 3788 3790 3778 3781 3793 3794 3782 2753 2132 3652 3783 2754 2134 3654 3784 3783 3652 3656 3785 3784 3654 3658 3786 3785 3656 3660 3787 3786 3658 3662 3788 3787 3660 3664 3789 3788 3662 3666 3790 2754 2134 3654 3784 2774 2174 3668 3791 3784 3654 3658 3786 3791 3668 3670 3792 3786 3658 3662 3788 3792 3670 3672 3793 3788 3662 3666 3790 3793 3672 3674 3794 2852 2851 3795 3796 2854 2853 3797 3798 3796 3795 3799 3800 3798 3797 3801 3802 3800 3799 3803 3804 3802 3801 3805 3806 3804 3803 3807 3808 3806 3805 3809 3810 2854 2853 3797 3798 2894 2893 3811 3812 3798 3797 3801 3802 3812 3811 3813 3814 3802 3801 3805 3806 3814 3813 3815 3816 3806 3805 3809 3810 3816 3815 3817 3818 2851 2933 3819 3795 2853 2934 3820 3797 3795 3819 3821 3799 3797 3820 3822 3801 3799 3821 3823 3803 3801 3822 3824 3805 3803 3823 3825 3807 3805 3824 3826 3809 2853 2934 3820 3797 2893 2954 3827 3811 3797 3820 3822 3801 3811 3827 3828 3813 3801 3822 3824 3805 3813 3828 3829 3815 3805 3824 3826 3809 3815 3829 3830 3817 2933 2993 3831 3819 2934 2994 3832 3820 3819 3831 3833 3821 3820 3832 3834 3822 3821 3833 3835 3823 3822 3834 3836 3824 3823 3835 3837 3825 3824 3836 3838 3826 2934 2994 3832 3820 2954 3014 3839 3827 3820 3832 3834 3822 3827 3839 3840 3828 3822 3834 3836 3824 3828 3840 3841 3829 3824 3836 3838 3826 3829 3841 3842 3830 2993 3053 3843 3831 2994 3054 3844 3832 3831 3843 3845 3833 3832 3844 3846 3834 3833 3845 3847 3835 3834 3846 3848 3836 3835 3847 3849 3837 3836 3848 3850 3838 2994 3054 3844 3832 3014 3074 3851 3839 3832 3844 3846 3834 3839 3851 3852 3840 3834 3846 3848 3836 3840 3852 3853 3841 3836 3848 3850 3838 3841 3853 3854 3842 3053 3113 3855 3843 3054 3114 3856 3844 3843 3855 3857 3845 3844 3856 3858 3846 3845 3857 3859 3847 3846 3858 3860 3848 3847 3859 3861 3849 3848 3860 3862 3850 3054 3114 3856 3844 3074 3134 3863 3851 3844 3856 3858 3846 3851 3863 3864 3852 3846 3858 3860 3848 3852 3864 3865 3853 3848 3860 3862 3850 3853 3865 3866 3854 3113 3173 3867 3855 3114 3174 3868 3856 3855 3867 3869 3857 3856 3868 3870 3858 3857 3869 3871 3859 3858 3870 3872 3860 3859 3871 3873 3861 3860 3872 3874 3862 3114 3174 3868 3856 3134 3194 3875 3863 3856 3868 3870 3858 3863 3875 3876 3864 3858 3870 3872 3860 3864 3876 3877 3865 3860 3872 3874 3862 3865 3877 3878 3866 3173 3233 3879 3867 3174 3234 3880 3868 3867 3879 3881 3869 3868 3880 3882 3870 3869 3881 3883 3871 3870 3882 3884 3872 3871 3883 3885 3873 3872 3884 3886 3874 3174 3234 3880 3868 3194 3254 3887 3875 3868 3880 3882 3870 3875 3887 3888 3876 3870 3882 3884 3872 3876 3888 3889 3877 3872 3884 3886 3874 3877 3889 3890 3878 3233 3293 3891 3879 3234 3294 3892 3880 3879 3891 3893 3881 3880 3892 3894 3882 3881 3893 3895 3883 3882 3894 3896 3884 3883 3895 3897 3885 3884 3896 3898 3886 3234 3294 3892 3880 3254 3314 3899 3887 3880 3892 3894 3882 3887 3899 3900 3888 3882 3894 3896 3884 3888 3900 3901 3889 3884 3896 3898 3886 3889 3901 3902 3890 3293 3353 3903 3891 3294 3354 3904 3892 3891 3903 3905 3893 3892 3904 3906 3894 3893 3905 3907 3895 3894 3906 3908 3896 3895 3907 3909 3897 3896 3908 3910 3898 3294 3354 3904 3892 3314 3374 3911 3899 3892 3904 3906 3894 3899 3911 3912 3900 3894 3906 3908 3896 3900 3912 3913 3901 3896 3908 3910 3898 3901 3913 3914 3902 3353 2492 3724 3903 3354 2494 3726 3904 3903 3724 3728 3905 3904 3726 3730 3906 3905 3728 3732 3907 3906 3730 3734 3908 3907 3732 3736 3909 3908 3734 3738 3910 3354 2494 3726 3904 3374 2534 3740 3911 3904 3726 3730 3906 3911 3740 3742 3912 3906 3730 3734 3908 3912 3742 3744 3913 3908 3734 3738 3910 3913 3744 3746 3914 3388 3387 3915 3916 3390 3389 3917 3918 3916 3915 3919 3920 3918 3917 3921 3922 3920 3919 3923 3924 3922 3921 3925 3926 3924 3923 3927 3928 3926 3925 3929 3930 3390 3389 3917 3918 3398 3397 3931 3932 3918 3917 3921 3922 3932 3931 3933 3934 3922 3921 3925 3926 3934 3933 3935 3936 3926 3925 3929 3930 3936 3935 3937 3938 3387 3405 3939 3915 3389 3406 3940 3917 3915 3939 3941 3919 3917 3940 3942 3921 3919 3941 3943 3923 3921 3942 3944 3925 3923 3943 3945 3927 3925 3944 3946 3929 3389 3406 3940 3917 3397 3410 3947 3931 3917 3940 3942 3921 3931 3947 3948 3933 3921 3942 3944 3925 3933 3948 3949 3935 3925 3944 3946 3929 3935 3949 3950 3937 3405 3417 3951 3939 3406 3418 3952 3940 3939 3951 3953 3941 3940 3952 3954 3942 3941 3953 3955 3943 3942 3954 3956 3944 3943 3955 3957 3945 3944 3956 3958 3946 3406 3418 3952 3940 3410 3422 3959 3947 3940 3952 3954 3942 3947 3959 3960 3948 3942 3954 3956 3944 3948 3960 3961 3949 3944 3956 3958 3946 3949 3961 3962 3950 3417 3429 3963 3951 3418 3430 3964 3952 3951 3963 3965 3953 3952 3964 3966 3954 3953 3965 3967 3955 3954 3966 3968 3956 3955 3967 3969 3957 3956 3968 3970 3958 3418 3430 3964 3952 3422 3434 3971 3959 3952 3964 3966 3954 3959 3971 3972 3960 3954 3966 3968 3956 3960 3972 3973 3961 3956 3968 3970 3958 3961 3973 3974 3962 3429 3441 3975 3963 3430 3442 3976 3964 3963 3975 3977 3965 3964 3976 3978 3966 3965 3977 3979 3967 3966 3978 3980 3968 3967 3979 3981 3969 3968 3980 3982 3970 3430 3442 3976 3964 3434 3446 3983 3971 3964 3976 3978 3966 3971 3983 3984 3972 3966 3978 3980 3968 3972 3984 3985 3973 3968 3980 3982 3970 3973 3985 3986 3974 3441 3453 3987 3975 3442 3454 3988 3976 3975 3987 3989 3977 3976 3988 3990 3978 3977 3989 3991 3979 3978 3990 3992 3980 3979 3991 3993 3981 3980 3992 3994 3982 3442 3454 3988 3976 3446 3458 3995 3983 3976 3988 3990 3978 3983 3995 3996 3984 3978 3990 3992 3980 3984 3996 3997 3985 3980 3992 3994 3982 3985 3997 3998 3986 3472 3471 3999 4000 3474 3473 4001 4002 4000 3999 4003 4004 4002 4001 4005 4006 4004 4003 4007 4008 4006 4005 4009 4010 4008 4007 4011 4012 4010 4009 4013 4014 3474 3473 4001 4002 3482 3481 4015 4016 4002 4001 4005 4006 4016 4015 4017 4018 4006 4005 4009 4010 4018 4017 4019 4020 4010 4009 4013 4014 4020 4019 4021 4022 3471 3489 4023 3999 3473 3490 4024 4001 3999 4023 4025 4003 4001 4024 4026 4005 4003 4025 4027 4007 4005 4026 4028 4009 4007 4027 4029 4011 4009 4028 4030 4013 3473 3490 4024 4001 3481 3494 4031 4015 4001 4024 4026 4005 4015 4031 4032 4017 4005 4026 4028 4009 4017 4032 4033 4019 4009 4028 4030 4013 4019 4033 4034 4021 3489 3501 4035 4023 3490 3502 4036 4024 4023 4035 4037 4025 4024 4036 4038 4026 4025 4037 4039 4027 4026 4038 4040 4028 4027 4039 4041 4029 4028 4040 4042 4030 3490 3502 4036 4024 3494 3506 4043 4031 4024 4036 4038 4026 4031 4043 4044 4032 4026 4038 4040 4028 4032 4044 4045 4033 4028 4040 4042 4030 4033 4045 4046 4034 3501 3513 4047 4035 3502 3514 4048 4036 4035 4047 4049 4037 4036 4048 4050 4038 4037 4049 4051 4039 4038 4050 4052 4040 4039 4051 4053 4041 4040 4052 4054 4042 3502 3514 4048 4036 3506 3518 4055 4043 4036 4048 4050 4038 4043 4055 4056 4044 4038 4050 4052 4040 4044 4056 4057 4045 4040 4052 4054 4042 4045 4057 4058 4046 3513 3525 4059 4047 3514 3526 4060 4048 4047 4059 4061 4049 4048 4060 4062 4050 4049 4061 4063 4051 4050 4062 4064 4052 4051 4063 4065 4053 4052 4064 4066 4054 3514 3526 4060 4048 3518 3530 4067 4055 4048 4060 4062 4050 4055 4067 4068 4056 4050 4062 4064 4052 4056 4068 4069 4057 4052 4064 4066 4054 4057 4069 4070 4058 3525 3388 3916 4059 3526 3390 3918 4060 4059 3916 3920 4061 4060 3918 3922 4062 4061 3920 3924 4063 4062 3922 3926 4064 4063 3924 3928 4065 4064 3926 3930 4066 3526 3390 3918 4060 3530 3398 3932 4067 4060 3918 3922 4062 4067 3932 3934 4068 4062 3922 3926 4064 4068 3934 3936 4069 4064 3926 3930 4066 4069 3936 3938 4070 3544 3543 4071 4072 3546 3545 4073 4074 4072 4071 4075 4076 4074 4073 4077 4078 4076 4075 4079 4080 4078 4077 4081 4082 4080 4079 4083 4084 4082 4081 4085 4086 3546 3545 4073 4074 3554 3553 4087 4088 4074 4073 4077 4078 4088 4087 4089 4090 4078 4077 4081 4082 4090 4089 4091 4092 4082 4081 4085 4086 4092 4091 4093 4094 3543 3561 4095 4071 3545 3562 4096 4073 4071 4095 4097 4075 4073 4096 4098 4077 4075 4097 4099 4079 4077 4098 4100 4081 4079 4099 4101 4083 4081 4100 4102 4085 3545 3562 4096 4073 3553 3566 4103 4087 4073 4096 4098 4077 4087 4103 4104 4089 4077 4098 4100 4081 4089 4104 4105 4091 4081 4100 4102 4085 4091 4105 4106 4093 3561 3573 4107 4095 3562 3574 4108 4096 4095 4107 4109 4097 4096 4108 4110 4098 4097 4109 4111 4099 4098 4110 4112 4100 4099 4111 4113 4101 4100 4112 4114 4102 3562 3574 4108 4096 3566 3578 4115 4103 4096 4108 4110 4098 4103 4115 4116 4104 4098 4110 4112 4100 4104 4116 4117 4105 4100 4112 4114 4102 4105 4117 4118 4106 3573 3585 4119 4107 3574 3586 4120 4108 4107 4119 4121 4109 4108 4120 4122 4110 4109 4121 4123 4111 4110 4122 4124 4112 4111 4123 4125 4113 4112 4124 4126 4114 3574 3586 4120 4108 3578 3590 4127 4115 4108 4120 4122 4110 4115 4127 4128 4116 4110 4122 4124 4112 4116 4128 4129 4117 4112 4124 4126 4114 4117 4129 4130 4118 3585 3597 4131 4119 3586 3598 4132 4120 4119 4131 4133 4121 4120 4132 4134 4122 4121 4133 4135 4123 4122 4134 4136 4124 4123 4135 4137 4125 4124 4136 4138 4126 3586 3598 4132 4120 3590 3602 4139 4127 4120 4132 4134 4122 4127 4139 4140 4128 4122 4134 4136 4124 4128 4140 4141 4129 4124 4136 4138 4126 4129 4141 4142 4130 3597 3609 4143 4131 3598 3610 4144 4132 4131 4143 4145 4133 4132 4144 4146 4134 4133 4145 4147 4135 4134 4146 4148 4136 4135 4147 4149 4137 4136 4148 4150 4138 3598 3610 4144 4132 3602 3614 4151 4139 4132 4144 4146 4134 4139 4151 4152 4140 4134 4146 4148 4136 4140 4152 4153 4141 4136 4148 4150 4138 4141 4153 4154 4142 3609 3621 4155 4143 3610 3622 4156 4144 4143 4155 4157 4145 4144 4156 4158 4146 4145 4157 4159 4147 4146 4158 4160 4148 4147 4159 4161 4149 4148 4160 4162 4150 3610 3622 4156 4144 3614 3626 4163 4151 4144 4156 4158 4146 4151 4163 4164 4152 4146 4158 4160 4148 4152 4164 4165 4153 4148 4160 4162 4150 4153 4165 4166 4154 3621 3633 4167 4155 3622 3634 4168 4156 4155 4167 4169 4157 4156 4168 4170 4158 4157 4169 4171 4159 4158 4170 4172 4160 4159 4171 4173 4161 4160 4172 4174 4162 3622 3634 4168 4156 3626 3638 4175 4163 4156 4168 4170 4158 4163 4175 4176 4164 4158 4170 4172 4160 4164 4176 4177 4165 4160 4172 4174 4162 4165 4177 4178 4166 3633 3645 4179 4167 3634 3646 4180 4168 4167 4179 4181 4169 4168 4180 4182 4170 4169 4181 4183 4171 4170 4182 4184 4172 4171 4183 4185 4173 4172 4184 4186 4174 3634 3646 4180 4168 3638 3650 4187 4175 4168 4180 4182 4170 4175 4187 4188 4176 4170 4182 4184 4172 4176 4188 4189 4177 4172 4184 4186 4174 4177 4189 4190 4178 3645 3472 4000 4179 3646 3474 4002 4180 4179 4000 4004 4181 4180 4002 4006 4182 4181 4004 4008 4183 4182 4006 4010 4184 4183 4008 4012 4185 4184 4010 4014 4186 3646 3474 4002 4180 3650 3482 4016 4187 4180 4002 4006 4182 4187 4016 4018 4188 4182 4006 4010 4184 4188 4018 4020 4189 4184 4010 4014 4186 4189 4020 4022 4190 3664 3663 4191 4192 3666 3665 4193 4194 4192 4191 4195 4196 4194 4193 4197 4198 4196 4195 4199 4200 4198 4197 4201 4202 4200 4199 4203 4204 4202 4201 4205 4206 3666 3665 4193 4194 3674 3673 4207 4208 4194 4193 4197 4198 4208 4207 4209 4210 4198 4197 4201 4202 4210 4209 4211 4212 4202 4201 4205 4206 4212 4211 4213 4214 3663 3681 4215 4191 3665 3682 4216 4193 4191 4215 4217 4195 4193 4216 4218 4197 4195 4217 4219 4199 4197 4218 4220 4201 4199 4219 4221 4203 4201 4220 4222 4205 3665 3682 4216 4193 3673 3686 4223 4207 4193 4216 4218 4197 4207 4223 4224 4209 4197 4218 4220 4201 4209 4224 4225 4211 4201 4220 4222 4205 4211 4225 4226 4213 3681 3693 4227 4215 3682 3694 4228 4216 4215 4227 4229 4217 4216 4228 4230 4218 4217 4229 4231 4219 4218 4230 4232 4220 4219 4231 4233 4221 4220 4232 4234 4222 3682 3694 4228 4216 3686 3698 4235 4223 4216 4228 4230 4218 4223 4235 4236 4224 4218 4230 4232 4220 4224 4236 4237 4225 4220 4232 4234 4222 4225 4237 4238 4226 3693 3705 4239 4227 3694 3706 4240 4228 4227 4239 4241 4229 4228 4240 4242 4230 4229 4241 4243 4231 4230 4242 4244 4232 4231 4243 4245 4233 4232 4244 4246 4234 3694 3706 4240 4228 3698 3710 4247 4235 4228 4240 4242 4230 4235 4247 4248 4236 4230 4242 4244 4232 4236 4248 4249 4237 4232 4244 4246 4234 4237 4249 4250 4238 3705 3717 4251 4239 3706 3718 4252 4240 4239 4251 4253 4241 4240 4252 4254 4242 4241 4253 4255 4243 4242 4254 4256 4244 4243 4255 4257 4245 4244 4256 4258 4246 3706 3718 4252 4240 3710 3722 4259 4247 4240 4252 4254 4242 4247 4259 4260 4248 4242 4254 4256 4244 4248 4260 4261 4249 4244 4256 4258 4246 4249 4261 4262 4250 3717 3458 3995 4251 3718 3454 3988 4252 4251 3995 3996 4253 4252 3988 3990 4254 4253 3996 3997 4255 4254 3990 3992 4256 4255 3997 3998 4257 4256 3992 3994 4258 3718 3454 3988 4252 3722 3453 3987 4259 4252 3988 3990 4254 4259 3987 3989 4260 4254 3990 3992 4256 4260 3989 3991 4261 4256 3992 3994 4258 4261 3991 3993 4262 3736 3735 4263 4264 3738 3737 4265 4266 4264 4263 4267 4268 4266 4265 4269 4270 4268 4267 4271 4272 4270 4269 4273 4274 4272 4271 4275 4276 4274 4273 4277 4278 3738 3737 4265 4266 3746 3745 4279 4280 4266 4265 4269 4270 4280 4279 4281 4282 4270 4269 4273 4274 4282 4281 4283 4284 4274 4273 4277 4278 4284 4283 4285 4286 3735 3753 4287 4263 3737 3754 4288 4265 4263 4287 4289 4267 4265 4288 4290 4269 4267 4289 4291 4271 4269 4290 4292 4273 4271 4291 4293 4275 4273 4292 4294 4277 3737 3754 4288 4265 3745 3758 4295 4279 4265 4288 4290 4269 4279 4295 4296 4281 4269 4290 4292 4273 4281 4296 4297 4283 4273 4292 4294 4277 4283 4297 4298 4285 3753 3765 4299 4287 3754 3766 4300 4288 4287 4299 4301 4289 4288 4300 4302 4290 4289 4301 4303 4291 4290 4302 4304 4292 4291 4303 4305 4293 4292 4304 4306 4294 3754 3766 4300 4288 3758 3770 4307 4295 4288 4300 4302 4290 4295 4307 4308 4296 4290 4302 4304 4292 4296 4308 4309 4297 4292 4304 4306 4294 4297 4309 4310 4298 3765 3777 4311 4299 3766 3778 4312 4300 4299 4311 4313 4301 4300 4312 4314 4302 4301 4313 4315 4303 4302 4314 4316 4304 4303 4315 4317 4305 4304 4316 4318 4306 3766 3778 4312 4300 3770 3782 4319 4307 4300 4312 4314 4302 4307 4319 4320 4308 4302 4314 4316 4304 4308 4320 4321 4309 4304 4316 4318 4306 4309 4321 4322 4310 3777 3789 4323 4311 3778 3790 4324 4312 4311 4323 4325 4313 4312 4324 4326 4314 4313 4325 4327 4315 4314 4326 4328 4316 4315 4327 4329 4317 4316 4328 4330 4318 3778 3790 4324 4312 3782 3794 4331 4319 4312 4324 4326 4314 4319 4331 4332 4320 4314 4326 4328 4316 4320 4332 4333 4321 4316 4328 4330 4318 4321 4333 4334 4322 3789 3664 4192 4323 3790 3666 4194 4324 4323 4192 4196 4325 4324 4194 4198 4326 4325 4196 4200 4327 4326 4198 4202 4328 4327 4200 4204 4329 4328 4202 4206 4330 3790 3666 4194 4324 3794 3674 4208 4331 4324 4194 4198 4326 4331 4208 4210 4332 4326 4198 4202 4328 4332 4210 4212 4333 4328 4202 4206 4330 4333 4212 4214 4334 3808 3807 4335 4336 3810 3809 4337 4338 4336 4335 4339 4340 4338 4337 4341 4342 4340 4339 4343 4344 4342 4341 4345 4346 4344 4343 4347 4348 4346 4345 4349 4350 3810 3809 4337 4338 3818 3817 4351 4352 4338 4337 4341 4342 4352 4351 4353 4354 4342 4341 4345 4346 4354 4353 4355 4356 4346 4345 4349 4350 4356 4355 4357 4358 3807 3825 4359 4335 3809 3826 4360 4337 4335 4359 4361 4339 4337 4360 4362 4341 4339 4361 4363 4343 4341 4362 4364 4345 4343 4363 4365 4347 4345 4364 4366 4349 3809 3826 4360 4337 3817 3830 4367 4351 4337 4360 4362 4341 4351 4367 4368 4353 4341 4362 4364 4345 4353 4368 4369 4355 4345 4364 4366 4349 4355 4369 4370 4357 3825 3837 4371 4359 3826 3838 4372 4360 4359 4371 4373 4361 4360 4372 4374 4362 4361 4373 4375 4363 4362 4374 4376 4364 4363 4375 4377 4365 4364 4376 4378 4366 3826 3838 4372 4360 3830 3842 4379 4367 4360 4372 4374 4362 4367 4379 4380 4368 4362 4374 4376 4364 4368 4380 4381 4369 4364 4376 4378 4366 4369 4381 4382 4370 3837 3849 4383 4371 3838 3850 4384 4372 4371 4383 4385 4373 4372 4384 4386 4374 4373 4385 4387 4375 4374 4386 4388 4376 4375 4387 4389 4377 4376 4388 4390 4378 3838 3850 4384 4372 3842 3854 4391 4379 4372 4384 4386 4374 4379 4391 4392 4380 4374 4386 4388 4376 4380 4392 4393 4381 4376 4388 4390 4378 4381 4393 4394 4382 3849 3861 4395 4383 3850 3862 4396 4384 4383 4395 4397 4385 4384 4396 4398 4386 4385 4397 4399 4387 4386 4398 4400 4388 4387 4399 4401 4389 4388 4400 4402 4390 3850 3862 4396 4384 3854 3866 4403 4391 4384 4396 4398 4386 4391 4403 4404 4392 4386 4398 4400 4388 4392 4404 4405 4393 4388 4400 4402 4390 4393 4405 4406 4394 3861 3873 4407 4395 3862 3874 4408 4396 4395 4407 4409 4397 4396 4408 4410 4398 4397 4409 4411 4399 4398 4410 4412 4400 4399 4411 4413 4401 4400 4412 4414 4402 3862 3874 4408 4396 3866 3878 4415 4403 4396 4408 4410 4398 4403 4415 4416 4404 4398 4410 4412 4400 4404 4416 4417 4405 4400 4412 4414 4402 4405 4417 4418 4406 3873 3885 4419 4407 3874 3886 4420 4408 4407 4419 4421 4409 4408 4420 4422 4410 4409 4421 4423 4411 4410 4422 4424 4412 4411 4423 4425 4413 4412 4424 4426 4414 3874 3886 4420 4408 3878 3890 4427 4415 4408 4420 4422 4410 4415 4427 4428 4416 4410 4422 4424 4412 4416 4428 4429 4417 4412 4424 4426 4414 4417 4429 4430 4418 3885 3897 4431 4419 3886 3898 4432 4420 4419 4431 4433 4421 4420 4432 4434 4422 4421 4433 4435 4423 4422 4434 4436 4424 4423 4435 4437 4425 4424 4436 4438 4426 3886 3898 4432 4420 3890 3902 4439 4427 4420 4432 4434 4422 4427 4439 4440 4428 4422 4434 4436 4424 4428 4440 4441 4429 4424 4436 4438 4426 4429 4441 4442 4430 3897 3909 4443 4431 3898 3910 4444 4432 4431 4443 4445 4433 4432 4444 4446 4434 4433 4445 4447 4435 4434 4446 4448 4436 4435 4447 4449 4437 4436 4448 4450 4438 3898 3910 4444 4432 3902 3914 4451 4439 4432 4444 4446 4434 4439 4451 4452 4440 4434 4446 4448 4436 4440 4452 4453 4441 4436 4448 4450 4438 4441 4453 4454 4442 3909 3736 4264 4443 3910 3738 4266 4444 4443 4264 4268 4445 4444 4266 4270 4446 4445 4268 4272 4447 4446 4270 4274 4448 4447 4272 4276 4449 4448 4274 4278 4450 3910 3738 4266 4444 3914 3746 4280 4451 4444 4266 4270 4446 4451 4280 4282 4452 4446 4270 4274 4448 4452 4282 4284 4453 4448 4274 4278 4450 4453 4284 4286 4454 4455 4456 4457 4458 4459 4460 4461 4462 4458 4457 4463 4464 4462 4461 4465 4466 4464 4463 4467 4468 4466 4465 4469 4470 4468 4467 4471 4472 4470 4469 4473 4474 4472 4471 4475 4476 4474 4473 4477 4478 4476 4475 4479 4480 4478 4477 4481 4482 4456 4483 4484 4457 4460 4485 4486 4461 4457 4484 4487 4463 4461 4486 4488 4465 4463 4487 4489 4467 4465 4488 4490 4469 4467 4489 4491 4471 4469 4490 4492 4473 4471 4491 4493 4475 4473 4492 4494 4477 4475 4493 4495 4479 4477 4494 4496 4481 4489 4487 4497 4491 4490 4488 4498 4492 4491 4497 4499 4493 4492 4498 4500 4494 4493 4499 4501 4495 4494 4500 4502 4496 4487 4484 4503 4497 4488 4486 4504 4498 4497 4503 4505 4499 4498 4504 4506 4500 4499 4505 4507 4501 4500 4506 4508 4502 4484 4483 4509 4503 4486 4485 4510 4504 4503 4509 4507 4505 4504 4510 4508 4506 4459 4460 4461 4462 4511 4512 4513 4514 4462 4461 4465 4466 4514 4513 4515 4516 4466 4465 4469 4470 4516 4515 4517 4518 4470 4469 4473 4474 4518 4517 4519 4520 4474 4473 4477 4478 4520 4519 4521 4522 4478 4477 4481 4482 4522 4521 4523 4524 4460 4485 4486 4461 4512 4525 4526 4513 4461 4486 4488 4465 4513 4526 4527 4515 4465 4488 4490 4469 4515 4527 4528 4517 4469 4490 4492 4473 4517 4528 4529 4519 4473 4492 4494 4477 4519 4529 4530 4521 4477 4494 4496 4481 4521 4530 4531 4523 4490 4488 4498 4492 4528 4527 4532 4529 4492 4498 4500 4494 4529 4532 4533 4530 4494 4500 4502 4496 4530 4533 4534 4531 4488 4486 4504 4498 4527 4526 4535 4532 4498 4504 4506 4500 4532 4535 4536 4533 4500 4506 4508 4502 4533 4536 4537 4534 4486 4485 4510 4504 4526 4525 4538 4535 4504 4510 4508 4506 4535 4538 4537 4536 4511 4512 4513 4514 4539 4540 4541 4542 4514 4513 4515 4516 4542 4541 4543 4544 4516 4515 4517 4518 4544 4543 4545 4546 4518 4517 4519 4520 4546 4545 4547 4548 4520 4519 4521 4522 4548 4547 4549 4550 4522 4521 4523 4524 4550 4549 4551 4552 4512 4525 4526 4513 4540 4553 4554 4541 4513 4526 4527 4515 4541 4554 4555 4543 4515 4527 4528 4517 4543 4555 4556 4545 4517 4528 4529 4519 4545 4556 4557 4547 4519 4529 4530 4521 4547 4557 4558 4549 4521 4530 4531 4523 4549 4558 4559 4551 4528 4527 4532 4529 4556 4555 4560 4557 4529 4532 4533 4530 4557 4560 4561 4558 4530 4533 4534 4531 4558 4561 4562 4559 4527 4526 4535 4532 4555 4554 4563 4560 4532 4535 4536 4533 4560 4563 4564 4561 4533 4536 4537 4534 4561 4564 4565 4562 4526 4525 4538 4535 4554 4553 4566 4563 4535 4538 4537 4536 4563 4566 4565 4564 4539 4540 4541 4542 4567 4568 4569 4570 4542 4541 4543 4544 4570 4569 4571 4572 4544 4543 4545 4546 4572 4571 4573 4574 4546 4545 4547 4548 4574 4573 4575 4576 4548 4547 4549 4550 4576 4575 4577 4578 4550 4549 4551 4552 4578 4577 4579 4580 4540 4553 4554 4541 4568 4581 4582 4569 4541 4554 4555 4543 4569 4582 4583 4571 4543 4555 4556 4545 4571 4583 4584 4573 4545 4556 4557 4547 4573 4584 4585 4575 4547 4557 4558 4549 4575 4585 4586 4577 4549 4558 4559 4551 4577 4586 4587 4579 4556 4555 4560 4557 4584 4583 4588 4585 4557 4560 4561 4558 4585 4588 4589 4586 4558 4561 4562 4559 4586 4589 4590 4587 4555 4554 4563 4560 4583 4582 4591 4588 4560 4563 4564 4561 4588 4591 4592 4589 4561 4564 4565 4562 4589 4592 4593 4590 4554 4553 4566 4563 4582 4581 4594 4591 4563 4566 4565 4564 4591 4594 4593 4592 4595 4596 4597 4598 4599 4600 4601 4602 4598 4597 4603 4604 4602 4601 4605 4606 4604 4603 4607 4608 4606 4605 4609 4610 4608 4607 4611 4612 4610 4609 4613 4614 4612 4611 4615 4616 4614 4613 4617 4618 4616 4615 4456 4455 4618 4617 4460 4459 4596 4619 4620 4597 4600 4621 4622 4601 4597 4620 4623 4603 4601 4622 4624 4605 4603 4623 4625 4607 4605 4624 4626 4609 4607 4625 4627 4611 4609 4626 4628 4613 4611 4627 4629 4615 4613 4628 4630 4617 4615 4629 4483 4456 4617 4630 4485 4460 4625 4623 4631 4627 4626 4624 4632 4628 4627 4631 4633 4629 4628 4632 4634 4630 4629 4633 4509 4483 4630 4634 4510 4485 4623 4620 4635 4631 4624 4622 4636 4632 4631 4635 4637 4633 4632 4636 4638 4634 4633 4637 4507 4509 4634 4638 4508 4510 4620 4619 4639 4635 4622 4621 4640 4636 4635 4639 4507 4637 4636 4640 4508 4638 4599 4600 4601 4602 4641 4642 4643 4644 4602 4601 4605 4606 4644 4643 4645 4646 4606 4605 4609 4610 4646 4645 4647 4648 4610 4609 4613 4614 4648 4647 4649 4650 4614 4613 4617 4618 4650 4649 4651 4652 4618 4617 4460 4459 4652 4651 4512 4511 4600 4621 4622 4601 4642 4653 4654 4643 4601 4622 4624 4605 4643 4654 4655 4645 4605 4624 4626 4609 4645 4655 4656 4647 4609 4626 4628 4613 4647 4656 4657 4649 4613 4628 4630 4617 4649 4657 4658 4651 4617 4630 4485 4460 4651 4658 4525 4512 4626 4624 4632 4628 4656 4655 4659 4657 4628 4632 4634 4630 4657 4659 4660 4658 4630 4634 4510 4485 4658 4660 4538 4525 4624 4622 4636 4632 4655 4654 4661 4659 4632 4636 4638 4634 4659 4661 4662 4660 4634 4638 4508 4510 4660 4662 4537 4538 4622 4621 4640 4636 4654 4653 4663 4661 4636 4640 4508 4638 4661 4663 4537 4662 4641 4642 4643 4644 4664 4665 4666 4667 4644 4643 4645 4646 4667 4666 4668 4669 4646 4645 4647 4648 4669 4668 4670 4671 4648 4647 4649 4650 4671 4670 4672 4673 4650 4649 4651 4652 4673 4672 4674 4675 4652 4651 4512 4511 4675 4674 4540 4539 4642 4653 4654 4643 4665 4676 4677 4666 4643 4654 4655 4645 4666 4677 4678 4668 4645 4655 4656 4647 4668 4678 4679 4670 4647 4656 4657 4649 4670 4679 4680 4672 4649 4657 4658 4651 4672 4680 4681 4674 4651 4658 4525 4512 4674 4681 4553 4540 4656 4655 4659 4657 4679 4678 4682 4680 4657 4659 4660 4658 4680 4682 4683 4681 4658 4660 4538 4525 4681 4683 4566 4553 4655 4654 4661 4659 4678 4677 4684 4682 4659 4661 4662 4660 4682 4684 4685 4683 4660 4662 4537 4538 4683 4685 4565 4566 4654 4653 4663 4661 4677 4676 4686 4684 4661 4663 4537 4662 4684 4686 4565 4685 4664 4665 4666 4667 4687 4688 4689 4690 4667 4666 4668 4669 4690 4689 4691 4692 4669 4668 4670 4671 4692 4691 4693 4694 4671 4670 4672 4673 4694 4693 4695 4696 4673 4672 4674 4675 4696 4695 4697 4698 4675 4674 4540 4539 4698 4697 4568 4567 4665 4676 4677 4666 4688 4699 4700 4689 4666 4677 4678 4668 4689 4700 4701 4691 4668 4678 4679 4670 4691 4701 4702 4693 4670 4679 4680 4672 4693 4702 4703 4695 4672 4680 4681 4674 4695 4703 4704 4697 4674 4681 4553 4540 4697 4704 4581 4568 4679 4678 4682 4680 4702 4701 4705 4703 4680 4682 4683 4681 4703 4705 4706 4704 4681 4683 4566 4553 4704 4706 4594 4581 4678 4677 4684 4682 4701 4700 4707 4705 4682 4684 4685 4683 4705 4707 4708 4706 4683 4685 4565 4566 4706 4708 4593 4594 4677 4676 4686 4684 4700 4699 4709 4707 4684 4686 4565 4685 4707 4709 4593 4708 4710 4711 4712 4713 4714 4715 4716 4717 4713 4712 4718 4719 4717 4716 4720 4721 4719 4718 4722 4723 4721 4720 4724 4725 4723 4722 4726 4727 4725 4724 4728 4729 4727 4726 4730 4731 4729 4728 4732 4733 4731 4730 4734 4735 4733 4732 4736 4737 4711 4738 4739 4712 4715 4740 4741 4716 4712 4739 4742 4718 4716 4741 4743 4720 4718 4742 4744 4722 4720 4743 4745 4724 4722 4744 4746 4726 4724 4745 4747 4728 4726 4746 4748 4730 4728 4747 4749 4732 4730 4748 4750 4734 4732 4749 4751 4736 4744 4742 4752 4746 4745 4743 4753 4747 4746 4752 4754 4748 4747 4753 4755 4749 4748 4754 4756 4750 4749 4755 4757 4751 4742 4739 4758 4752 4743 4741 4759 4753 4752 4758 4760 4754 4753 4759 4761 4755 4754 4760 4762 4756 4755 4761 4763 4757 4739 4738 4764 4758 4741 4740 4765 4759 4758 4764 4762 4760 4759 4765 4763 4761 4714 4715 4716 4717 4766 4767 4768 4769 4717 4716 4720 4721 4769 4768 4770 4771 4721 4720 4724 4725 4771 4770 4772 4773 4725 4724 4728 4729 4773 4772 4774 4775 4729 4728 4732 4733 4775 4774 4776 4777 4733 4732 4736 4737 4777 4776 4778 4779 4715 4740 4741 4716 4767 4780 4781 4768 4716 4741 4743 4720 4768 4781 4782 4770 4720 4743 4745 4724 4770 4782 4783 4772 4724 4745 4747 4728 4772 4783 4784 4774 4728 4747 4749 4732 4774 4784 4785 4776 4732 4749 4751 4736 4776 4785 4786 4778 4745 4743 4753 4747 4783 4782 4787 4784 4747 4753 4755 4749 4784 4787 4788 4785 4749 4755 4757 4751 4785 4788 4789 4786 4743 4741 4759 4753 4782 4781 4790 4787 4753 4759 4761 4755 4787 4790 4791 4788 4755 4761 4763 4757 4788 4791 4792 4789 4741 4740 4765 4759 4781 4780 4793 4790 4759 4765 4763 4761 4790 4793 4792 4791 4766 4767 4768 4769 4794 4795 4796 4797 4769 4768 4770 4771 4797 4796 4798 4799 4771 4770 4772 4773 4799 4798 4800 4801 4773 4772 4774 4775 4801 4800 4802 4803 4775 4774 4776 4777 4803 4802 4804 4805 4777 4776 4778 4779 4805 4804 4806 4807 4767 4780 4781 4768 4795 4808 4809 4796 4768 4781 4782 4770 4796 4809 4810 4798 4770 4782 4783 4772 4798 4810 4811 4800 4772 4783 4784 4774 4800 4811 4812 4802 4774 4784 4785 4776 4802 4812 4813 4804 4776 4785 4786 4778 4804 4813 4814 4806 4783 4782 4787 4784 4811 4810 4815 4812 4784 4787 4788 4785 4812 4815 4816 4813 4785 4788 4789 4786 4813 4816 4817 4814 4782 4781 4790 4787 4810 4809 4818 4815 4787 4790 4791 4788 4815 4818 4819 4816 4788 4791 4792 4789 4816 4819 4820 4817 4781 4780 4793 4790 4809 4808 4821 4818 4790 4793 4792 4791 4818 4821 4820 4819 4794 4795 4796 4797 4822 4823 4824 4825 4797 4796 4798 4799 4825 4824 4826 4827 4799 4798 4800 4801 4827 4826 4828 4829 4801 4800 4802 4803 4829 4828 4830 4831 4803 4802 4804 4805 4831 4830 4832 4833 4805 4804 4806 4807 4833 4832 4834 4835 4795 4808 4809 4796 4823 4836 4837 4824 4796 4809 4810 4798 4824 4837 4838 4826 4798 4810 4811 4800 4826 4838 4839 4828 4800 4811 4812 4802 4828 4839 4840 4830 4802 4812 4813 4804 4830 4840 4841 4832 4804 4813 4814 4806 4832 4841 4842 4834 4811 4810 4815 4812 4839 4838 4843 4840 4812 4815 4816 4813 4840 4843 4844 4841 4813 4816 4817 4814 4841 4844 4845 4842 4810 4809 4818 4815 4838 4837 4846 4843 4815 4818 4819 4816 4843 4846 4847 4844 4816 4819 4820 4817 4844 4847 4848 4845 4809 4808 4821 4818 4837 4836 4849 4846 4818 4821 4820 4819 4846 4849 4848 4847 4850 4851 4852 4853 4854 4855 4856 4857 4853 4852 4858 4859 4857 4856 4860 4861 4859 4858 4862 4863 4861 4860 4864 4865 4863 4862 4866 4867 4865 4864 4868 4869 4867 4866 4870 4871 4869 4868 4872 4873 4871 4870 4711 4710 4873 4872 4715 4714 4851 4874 4875 4852 4855 4876 4877 4856 4852 4875 4878 4858 4856 4877 4879 4860 4858 4878 4880 4862 4860 4879 4881 4864 4862 4880 4882 4866 4864 4881 4883 4868 4866 4882 4884 4870 4868 4883 4885 4872 4870 4884 4738 4711 4872 4885 4740 4715 4880 4878 4886 4882 4881 4879 4887 4883 4882 4886 4888 4884 4883 4887 4889 4885 4884 4888 4764 4738 4885 4889 4765 4740 4878 4875 4890 4886 4879 4877 4891 4887 4886 4890 4892 4888 4887 4891 4893 4889 4888 4892 4762 4764 4889 4893 4763 4765 4875 4874 4894 4890 4877 4876 4895 4891 4890 4894 4762 4892 4891 4895 4763 4893 4854 4855 4856 4857 4896 4897 4898 4899 4857 4856 4860 4861 4899 4898 4900 4901 4861 4860 4864 4865 4901 4900 4902 4903 4865 4864 4868 4869 4903 4902 4904 4905 4869 4868 4872 4873 4905 4904 4906 4907 4873 4872 4715 4714 4907 4906 4767 4766 4855 4876 4877 4856 4897 4908 4909 4898 4856 4877 4879 4860 4898 4909 4910 4900 4860 4879 4881 4864 4900 4910 4911 4902 4864 4881 4883 4868 4902 4911 4912 4904 4868 4883 4885 4872 4904 4912 4913 4906 4872 4885 4740 4715 4906 4913 4780 4767 4881 4879 4887 4883 4911 4910 4914 4912 4883 4887 4889 4885 4912 4914 4915 4913 4885 4889 4765 4740 4913 4915 4793 4780 4879 4877 4891 4887 4910 4909 4916 4914 4887 4891 4893 4889 4914 4916 4917 4915 4889 4893 4763 4765 4915 4917 4792 4793 4877 4876 4895 4891 4909 4908 4918 4916 4891 4895 4763 4893 4916 4918 4792 4917 4896 4897 4898 4899 4919 4920 4921 4922 4899 4898 4900 4901 4922 4921 4923 4924 4901 4900 4902 4903 4924 4923 4925 4926 4903 4902 4904 4905 4926 4925 4927 4928 4905 4904 4906 4907 4928 4927 4929 4930 4907 4906 4767 4766 4930 4929 4795 4794 4897 4908 4909 4898 4920 4931 4932 4921 4898 4909 4910 4900 4921 4932 4933 4923 4900 4910 4911 4902 4923 4933 4934 4925 4902 4911 4912 4904 4925 4934 4935 4927 4904 4912 4913 4906 4927 4935 4936 4929 4906 4913 4780 4767 4929 4936 4808 4795 4911 4910 4914 4912 4934 4933 4937 4935 4912 4914 4915 4913 4935 4937 4938 4936 4913 4915 4793 4780 4936 4938 4821 4808 4910 4909 4916 4914 4933 4932 4939 4937 4914 4916 4917 4915 4937 4939 4940 4938 4915 4917 4792 4793 4938 4940 4820 4821 4909 4908 4918 4916 4932 4931 4941 4939 4916 4918 4792 4917 4939 4941 4820 4940 4919 4920 4921 4922 4942 4943 4944 4945 4922 4921 4923 4924 4945 4944 4946 4947 4924 4923 4925 4926 4947 4946 4948 4949 4926 4925 4927 4928 4949 4948 4950 4951 4928 4927 4929 4930 4951 4950 4952 4953 4930 4929 4795 4794 4953 4952 4823 4822 4920 4931 4932 4921 4943 4954 4955 4944 4921 4932 4933 4923 4944 4955 4956 4946 4923 4933 4934 4925 4946 4956 4957 4948 4925 4934 4935 4927 4948 4957 4958 4950 4927 4935 4936 4929 4950 4958 4959 4952 4929 4936 4808 4795 4952 4959 4836 4823 4934 4933 4937 4935 4957 4956 4960 4958 4935 4937 4938 4936 4958 4960 4961 4959 4936 4938 4821 4808 4959 4961 4849 4836 4933 4932 4939 4937 4956 4955 4962 4960 4937 4939 4940 4938 4960 4962 4963 4961 4938 4940 4820 4821 4961 4963 4848 4849 4932 4931 4941 4939 4955 4954 4964 4962 4939 4941 4820 4940 4962 4964 4848 4963 4735 4734 4965 4966 4737 4736 4967 4968 4966 4965 4969 4970 4968 4967 4971 4972 4970 4969 4973 4974 4972 4971 4975 4976 4974 4973 4977 4978 4976 4975 4979 4980 4978 4977 4981 4982 4980 4979 4983 4984 4982 4981 4985 4986 4984 4983 4987 4988 4734 4750 4989 4965 4736 4751 4990 4967 4965 4989 4991 4969 4967 4990 4992 4971 4969 4991 4993 4973 4971 4992 4994 4975 4973 4993 4995 4977 4975 4994 4996 4979 4977 4995 4997 4981 4979 4996 4998 4983 4981 4997 4999 4985 4983 4998 5000 4987 4750 4756 5001 4989 4751 4757 5002 4990 4989 5001 5003 4991 4990 5002 5004 4992 4991 5003 4995 4993 4992 5004 4996 4994 4756 4762 5005 5001 4757 4763 5006 5002 5001 5005 5007 5003 5002 5006 5008 5004 5003 5007 4997 4995 5004 5008 4998 4996 5005 4762 5009 5007 5006 4763 5010 5008 5007 5009 4999 4997 5008 5010 5000 4998 4737 4736 4967 4968 4779 4778 5011 5012 4968 4967 4971 4972 5012 5011 5013 5014 4972 4971 4975 4976 5014 5013 5015 5016 4976 4975 4979 4980 5016 5015 5017 5018 4980 4979 4983 4984 5018 5017 5019 5020 4984 4983 4987 4988 5020 5019 5021 5022 4736 4751 4990 4967 4778 4786 5023 5011 4967 4990 4992 4971 5011 5023 5024 5013 4971 4992 4994 4975 5013 5024 5025 5015 4975 4994 4996 4979 5015 5025 5026 5017 4979 4996 4998 4983 5017 5026 5027 5019 4983 4998 5000 4987 5019 5027 5028 5021 4751 4757 5002 4990 4786 4789 5029 5023 4990 5002 5004 4992 5023 5029 5030 5024 4992 5004 4996 4994 5024 5030 5026 5025 4757 4763 5006 5002 4789 4792 5031 5029 5002 5006 5008 5004 5029 5031 5032 5030 5004 5008 4998 4996 5030 5032 5027 5026 5006 4763 5010 5008 5031 4792 5033 5032 5008 5010 5000 4998 5032 5033 5028 5027 4779 4778 5011 5012 4807 4806 5034 5035 5012 5011 5013 5014 5035 5034 5036 5037 5014 5013 5015 5016 5037 5036 5038 5039 5016 5015 5017 5018 5039 5038 5040 5041 5018 5017 5019 5020 5041 5040 5042 5043 5020 5019 5021 5022 5043 5042 5044 5045 4778 4786 5023 5011 4806 4814 5046 5034 5011 5023 5024 5013 5034 5046 5047 5036 5013 5024 5025 5015 5036 5047 5048 5038 5015 5025 5026 5017 5038 5048 5049 5040 5017 5026 5027 5019 5040 5049 5050 5042 5019 5027 5028 5021 5042 5050 5051 5044 4786 4789 5029 5023 4814 4817 5052 5046 5023 5029 5030 5024 5046 5052 5053 5047 5024 5030 5026 5025 5047 5053 5049 5048 4789 4792 5031 5029 4817 4820 5054 5052 5029 5031 5032 5030 5052 5054 5055 5053 5030 5032 5027 5026 5053 5055 5050 5049 5031 4792 5033 5032 5054 4820 5056 5055 5032 5033 5028 5027 5055 5056 5051 5050 4807 4806 5034 5035 4835 4834 5057 5058 5035 5034 5036 5037 5058 5057 5059 5060 5037 5036 5038 5039 5060 5059 5061 5062 5039 5038 5040 5041 5062 5061 5063 5064 5041 5040 5042 5043 5064 5063 5065 5066 5043 5042 5044 5045 5066 5065 5067 5068 4806 4814 5046 5034 4834 4842 5069 5057 5034 5046 5047 5036 5057 5069 5070 5059 5036 5047 5048 5038 5059 5070 5071 5061 5038 5048 5049 5040 5061 5071 5072 5063 5040 5049 5050 5042 5063 5072 5073 5065 5042 5050 5051 5044 5065 5073 5074 5067 4814 4817 5052 5046 4842 4845 5075 5069 5046 5052 5053 5047 5069 5075 5076 5070 5047 5053 5049 5048 5070 5076 5072 5071 4817 4820 5054 5052 4845 4848 5077 5075 5052 5054 5055 5053 5075 5077 5078 5076 5053 5055 5050 5049 5076 5078 5073 5072 5054 4820 5056 5055 5077 4848 5079 5078 5055 5056 5051 5050 5078 5079 5074 5073 4986 4985 5080 5081 4988 4987 5082 5083 5081 5080 5084 5085 5083 5082 5086 5087 5085 5084 5088 5089 5087 5086 5090 5091 5089 5088 5092 5093 5091 5090 5094 5095 5093 5092 5096 5097 5095 5094 5098 5099 5097 5096 4851 4850 5099 5098 4855 4854 4985 4999 5100 5080 4987 5000 5101 5082 5080 5100 5102 5084 5082 5101 5103 5086 5084 5102 5104 5088 5086 5103 5105 5090 5088 5104 5106 5092 5090 5105 5107 5094 5092 5106 5108 5096 5094 5107 5109 5098 5096 5108 4874 4851 5098 5109 4876 4855 4999 5009 5110 5100 5000 5010 5111 5101 5100 5110 5112 5102 5101 5111 5113 5103 5102 5112 5106 5104 5103 5113 5107 5105 5009 4762 5114 5110 5010 4763 5115 5111 5110 5114 5116 5112 5111 5115 5117 5113 5112 5116 5108 5106 5113 5117 5109 5107 5114 4762 4894 5116 5115 4763 4895 5117 5116 4894 4874 5108 5117 4895 4876 5109 4988 4987 5082 5083 5022 5021 5118 5119 5083 5082 5086 5087 5119 5118 5120 5121 5087 5086 5090 5091 5121 5120 5122 5123 5091 5090 5094 5095 5123 5122 5124 5125 5095 5094 5098 5099 5125 5124 5126 5127 5099 5098 4855 4854 5127 5126 4897 4896 4987 5000 5101 5082 5021 5028 5128 5118 5082 5101 5103 5086 5118 5128 5129 5120 5086 5103 5105 5090 5120 5129 5130 5122 5090 5105 5107 5094 5122 5130 5131 5124 5094 5107 5109 5098 5124 5131 5132 5126 5098 5109 4876 4855 5126 5132 4908 4897 5000 5010 5111 5101 5028 5033 5133 5128 5101 5111 5113 5103 5128 5133 5134 5129 5103 5113 5107 5105 5129 5134 5131 5130 5010 4763 5115 5111 5033 4792 5135 5133 5111 5115 5117 5113 5133 5135 5136 5134 5113 5117 5109 5107 5134 5136 5132 5131 5115 4763 4895 5117 5135 4792 4918 5136 5117 4895 4876 5109 5136 4918 4908 5132 5022 5021 5118 5119 5045 5044 5137 5138 5119 5118 5120 5121 5138 5137 5139 5140 5121 5120 5122 5123 5140 5139 5141 5142 5123 5122 5124 5125 5142 5141 5143 5144 5125 5124 5126 5127 5144 5143 5145 5146 5127 5126 4897 4896 5146 5145 4920 4919 5021 5028 5128 5118 5044 5051 5147 5137 5118 5128 5129 5120 5137 5147 5148 5139 5120 5129 5130 5122 5139 5148 5149 5141 5122 5130 5131 5124 5141 5149 5150 5143 5124 5131 5132 5126 5143 5150 5151 5145 5126 5132 4908 4897 5145 5151 4931 4920 5028 5033 5133 5128 5051 5056 5152 5147 5128 5133 5134 5129 5147 5152 5153 5148 5129 5134 5131 5130 5148 5153 5150 5149 5033 4792 5135 5133 5056 4820 5154 5152 5133 5135 5136 5134 5152 5154 5155 5153 5134 5136 5132 5131 5153 5155 5151 5150 5135 4792 4918 5136 5154 4820 4941 5155 5136 4918 4908 5132 5155 4941 4931 5151 5045 5044 5137 5138 5068 5067 5156 5157 5138 5137 5139 5140 5157 5156 5158 5159 5140 5139 5141 5142 5159 5158 5160 5161 5142 5141 5143 5144 5161 5160 5162 5163 5144 5143 5145 5146 5163 5162 5164 5165 5146 5145 4920 4919 5165 5164 4943 4942 5044 5051 5147 5137 5067 5074 5166 5156 5137 5147 5148 5139 5156 5166 5167 5158 5139 5148 5149 5141 5158 5167 5168 5160 5141 5149 5150 5143 5160 5168 5169 5162 5143 5150 5151 5145 5162 5169 5170 5164 5145 5151 4931 4920 5164 5170 4954 4943 5051 5056 5152 5147 5074 5079 5171 5166 5147 5152 5153 5148 5166 5171 5172 5167 5148 5153 5150 5149 5167 5172 5169 5168 5056 4820 5154 5152 5079 4848 5173 5171 5152 5154 5155 5153 5171 5173 5174 5172 5153 5155 5151 5150 5172 5174 5170 5169 5154 4820 4941 5155 5173 4848 4964 5174 5155 4941 4931 5151 5174 4964 4954 5170
        </DataArray>
        <DataArray type="Int32" Name="offsets" format="ascii">
          8 16 24 32 40 48 56 64 72 80 88 96 104 112 120 128 136 144 152 160 168 176 184 192 200 208 216 224 232 240 248 256 264 272 280 288 296 304 312 320 328 336 344 352 360 368 376 384 392 400 408 416 424 432 440 448 456 464 472 480 488 496 504 512 520 528 536 544 552 560 568 576 584 592 600 608 616 624 632 640 648 656 664 672 680 688 696 704 712 720 728 736 744 752 760 768 776 784 792 800 808 816 824 832 840 848 856 864 872 880 888 896 904 912 920 928 936 944 952 960 968 976 984 992 1000 1008 1016 1024 1032 1040 1048 1056 1064 1072 1080 1088 1096 1104 1112 1120 1128 1136 1144 1152 1160 1168 1176 1184 1192 1200 1208 1216 1224 1232 1240 1248 1256 1264 1272 1280 1288 1296 1304 1312 1320 1328 1336 1344 1352 1360 1368 1376 1384 1392 1400 1408 1416 1424 1432 1440 1448 1456 1464 1472 1480 1488 1496 1504 1512 1520 1528 1536 1544 1552 1560 1568 1576 1584 1592 1600 1608 1616 1624 1632 1640 1648 1656 1664 1672 1680 1688 1696 1704 1712 1720 1728 1736 1744 1752 1760 1768 1776 1784 1792 1800 1808 1816 1824 1832 1840 1848 1856 1864 1872 1880 1888 1896 1904 1912 1920 1928 1936 1944 1952 1960 1968 1976 1984 1992 2000 2008 2016 2024 2032 2040 2048 2056 2064 2072 2080 2088 2096 2104 2112 2120 2128 2136 2144 2152 2160 2168 2176 2184 2192 2200 2208 2216 2224 2232 2240 2248 2256 2264 2272 2280 2288 2296 2304 2312 2320 2328 2336 2344 2352 2360 2368 2376 2384 2392 2400 2408 2416 2424 2432 2440 2448 2456 2464 2472 2480 2488 2496 2504 2512 2520 2528 2536 2544 2552 2560 2568 2576 2584 2592 2600 2608 2616 2624 2632 2640 2648 2656 2664 2672 2680 2688 2696 2704 2712 2720 2728 2736 2744 2752 2760 2768 2776 2784 2792 2800 2808 2816 2824 2832 2840 2848 2856 2864 2872 2880 2888 2896 2904 2912 2920 2928 2936 2944 2952 2960 2968 2976 2984 2992 3000 3008 3016 3024 3032 3040 3048 3056 3064 3072 3080 3088 3096 3104 3112 3120 3128 3136 3144 3152 3160 3168 3176 3184 3192 3200 3208 3216 3224 3232 3240 3248 3256 3264 3272 3280 3288 3296 3304 3312 3320 3328 3336 3344 3352 3360 3368 3376 3384 3392 3400 3408 3416 3424 3432 3440 3448 3456 3464 3472 3480 3488 3496 3504 3512 3520 3528 3536 3544 3552 3560 3568 3576 3584 3592 3600 3608 3616 3624 3632 3640 3648 3656 3664 3672 3680 3688 3696 3704 3712 3720 3728 3736 3744 3752 3760 3768 3776 3784 3792 3800 3808 3816 3824 3832 3840 3848 3856 3864 3872 3880 3888 3896 3904 3912 3920 3928 3936 3944 3952 3960 3968 3976 3984 3992 4000 4008 4016 4024 4032 4040 4048 4056 4064 4072 4080 4088 4096 4104 4112 4120 4128 4136 4144 4152 4160 4168 4176 4184 4192 4200 4208 4216 4224 4232 4240 4248 4256 4264 4272 4280 4288 4296 4304 4312 4320 4328 4336 4344 4352 4360 4368 4376 4384 4392 4400 4408 4416 4424 4432 4440 4448 4456 4464 4472 4480 4488 4496 4504 4512 4520 4528 4536 4544 4552 4560 4568 4576 4584 4592 4600 4608 4616 4624 4632 4640 4648 4656 4664 4672 4680 4688 4696 4704 4712 4720 4728 4736 4744 4752 4760 4768 4776 4784 4792 4800 4808 4816 4824 4832 4840 4848 4856 4864 4872 4880 4888 4896 4904 4912 4920 4928 4936 4944 4952 4960 4968 4976 4984 4992 5000 5008 5016 5024 5032 5040 5048 5056 5064 5072 5080 5088 5096 5104 5112 5120 5128 5136 5144 5152 5160 5168 5176 5184 5192 5200 5208 5216 5224 5232 5240 5248 5256 5264 5272 5280 5288 5296 5304 5312 5320 5328 5336 5344 5352 5360 5368 5376 5384 5392 5400 5408 5416 5424 5432 5440 5448 5456 5464 5472 5480 5488 5496 5504 5512 5520 5528 5536 5544 5552 5560 5568 5576 5584 5592 5600 5608 5616 5624 5632 5640 5648 5656 5664 5672 5680 5688 5696 5704 5712 5720 5728 5736 5744 5752 5760 5768 5776 5784 5792 5800 5808 5816 5824 5832 5840 5848 5856 5864 5872 5880 5888 5896 5904 5912 5920 5928 5936 5944 5952 5960 5968 5976 5984 5992 6000 6008 6016 6024 6032 6040 6048 6056 6064 6072 6080 6088 6096 6104 6112 6120 6128 6136 6144 6152 6160 6168 6176 6184 6192 6200 6208 6216 6224 6232 6240 6248 6256 6264 6272 6280 6288 6296 6304 6312 6320 6328 6336 6344 6352 6360 6368 6376 6384 6392 6400 6408 6416 6424 6432 6440 6448 6456 6464 6472 6480 6488 6496 6504 6512 6520 6528 6536 6544 6552 6560 6568 6576 6584 6592 6600 6608 6616 6624 6632 6640 6648 6656 6664 6672 6680 6688 6696 6704 6712 6720 6728 6736 6744 6752 6760 6768 6776 6784 6792 6800 6808 6816 6824 6832 6840 6848 6856 6864 6872 6880 6888 6896 6904 6912 6920 6928 6936 6944 6952 6960 6968 6976 6984 6992 7000 7008 7016 7024 7032 7040 7048 7056 7064 7072 7080 7088 7096 7104 7112 7120 7128 7136 7144 7152 7160 7168 7176 7184 7192 7200 7208 7216 7224 7232 7240 7248 7256 7264 7272 7280 7288 7296 7304 7312 7320 7328 7336 7344 7352 7360 7368 7376 7384 7392 7400 7408 7416 7424 7432 7440 7448 7456 7464 7472 7480 7488 7496 7504 7512 7520 7528 7536 7544 7552 7560 7568 7576 7584 7592 7600 7608 7616 7624 7632 7640 7648 7656 7664 7672 7680 7688 7696 7704 7712 7720 7728 7736 7744 7752 7760 7768 7776 7784 7792 7800 7808 7816 7824 7832 7840 7848 7856 7864 7872 7880 7888 7896 7904 7912 7920 7928 7936 7944 7952 7960 7968 7976 7984 7992 8000 8008 8016 8024 8032 8040 8048 8056 8064 8072 8080 8088 8096 8104 8112 8120 8128 8136 8144 8152 8160 8168 8176 8184 8192 8200 8208 8216 8224 8232 8240 8248 8256 8264 8272 8280 8288 8296 8304 8312 8320 8328 8336 8344 8352 8360 8368 8376 8384 8392 8400 8408 8416 8424 8432 8440 8448 8456 8464 8472 8480 8488 8496 8504 8512 8520 8528 8536 8544 8552 8560 8568 8576 8584 8592 8600 8608 8616 8624 8632 8640 8648 8656 8664 8672 8680 8688 8696 8704 8712 8720 8728 8736 8744 8752 8760 8768 8776 8784 8792 8800 8808 8816 8824 8832 8840 8848 8856 8864 8872 8880 8888 8896 8904 8912 8920 8928 8936 8944 8952 8960 8968 8976 8984 8992 9000 9008 9016 9024 9032 9040 9048 9056 9064 9072 9080 9088 9096 9104 9112 9120 9128 9136 9144 9152 9160 9168 9176 9184 9192 9200 9208 9216 9224 9232 9240 9248 9256 9264 9272 9280 9288 9296 9304 9312 9320 9328 9336 9344 9352 9360 9368 9376 9384 9392 9400 9408 9416 9424 9432 9440 9448 9456 9464 9472 9480 9488 9496 9504 9512 9520 9528 9536 9544 9552 9560 9568 9576 9584 9592 9600 9608 9616 9624 9632 9640 9648 9656 9664 9672 9680 9688 9696 9704 9712 9720 9728 9736 9744 9752 9760 9768 9776 9784 9792 9800 9808 9816 9824 9832 9840 9848 9856 9864 9872 9880 9888 9896 9904 9912 9920 9928 9936 9944 9952 9960 9968 9976 9984 9992 10000 10008 10016 10024 10032 10040 10048 10056 10064 10072 10080 10088 10096 10104 10112 10120 10128 10136 10144 10152 10160 10168 10176 10184 10192 10200 10208 10216 10224 10232 10240 10248 10256 10264 10272 10280 10288 10296 10304 10312 10320 10328 10336 10344 10352 10360 10368 10376 10384 10392 10400 10408 10416 10424 10432 10440 10448 10456 10464 10472 10480 10488 10496 10504 10512 10520 10528 10536 10544 10552 10560 10568 10576 10584 10592 10600 10608 10616 10624 10632 10640 10648 10656 10664 10672 10680 10688 10696 10704 10712 10720 10728 10736 10744 10752 10760 10768 10776 10784 10792 10800 10808 10816 10824 10832 10840 10848 10856 10864 10872 10880 10888 10896 10904 10912 10920 10928 10936 10944 10952 10960 10968 10976 10984 10992 11000 11008 11016 11024 11032 11040 11048 11056 11064 11072 11080 11088 11096 11104 11112 11120 11128 11136 11144 11152 11160 11168 11176 11184 11192 11200 11208 11216 11224 11232 11240 11248 11256 11264 11272 11280 11288 11296 11304 11312 11320 11328 11336 11344 11352 11360 11368 11376 11384 11392 11400 11408 11416 11424 11432 11440 11448 11456 11464 11472 11480 11488 11496 11504 11512 11520 11528 11536 11544 11552 11560 11568 11576 11584 11592 11600 11608 11616 11624 11632 11640 11648 11656 11664 11672 11680 11688 11696 11704 11712 11720 11728 11736 11744 11752 11760 11768 11776 11784 11792 11800 11808 11816 11824 11832 11840 11848 11856 11864 11872 11880 11888 11896 11904 11912 11920 11928 11936 11944 11952 11960 11968 11976 11984 11992 12000 12008 12016 12024 12032 12040 12048 12056 12064 12072 12080 12088 12096 12104 12112 12120 12128 12136 12144 12152 12160 12168 12176 12184 12192 12200 12208 12216 12224 12232 12240 12248 12256 12264 12272 12280 12288 12296 12304 12312 12320 12328 12336 12344 12352 12360 12368 12376 12384 12392 12400 12408 12416 12424 12432 12440 12448 12456 12464 12472 12480 12488 12496 12504 12512 12520 12528 12536 12544 12552 12560 12568 12576 12584 12592 12600 12608 12616 12624 12632 12640 12648 12656 12664 12672 12680 12688 12696 12704 12712 12720 12728 12736 12744 12752 12760 12768 12776 12784 12792 12800 12808 12816 12824 12832 12840 12848 12856 12864 12872 12880 12888 12896 12904 12912 12920 12928 12936 12944 12952 12960 12968 12976 12984 12992 13000 13008 13016 13024 13032 13040 13048 13056 13064 13072 13080 13088 13096 13104 13112 13120 13128 13136 13144 13152 13160 13168 13176 13184 13192 13200 13208 13216 13224 13232 13240 13248 13256 13264 13272 13280 13288 13296 13304 13312 13320 13328 13336 13344 13352 13360 13368 13376 13384 13392 13400 13408 13416 13424 13432 13440 13448 13456 13464 13472 13480 13488 13496 13504 13512 13520 13528 13536 13544 13552 13560 13568 13576 13584 13592 13600 13608 13616 13624 13632 13640 13648 13656 13664 13672 13680 13688 13696 13704 13712 13720 13728 13736 13744 13752 13760 13768 13776 13784 13792 13800 13808 13816 13824 13832 13840 13848 13856 13864 13872 13880 13888 13896 13904 13912 13920 13928 13936 13944 13952 13960 13968 13976 13984 13992 14000 14008 14016 14024 14032 14040 14048 14056 14064 14072 14080 14088 14096 14104 14112 14120 14128 14136 14144 14152 14160 14168 14176 14184 14192 14200 14208 14216 14224 14232 14240 14248 14256 14264 14272 14280 14288 14296 14304 14312 14320 14328 14336 14344 14352 14360 14368 14376 14384 14392 14400 14408 14416 14424 14432 14440 14448 14456 14464 14472 14480 14488 14496 14504 14512 14520 14528 14536 14544 14552 14560 14568 14576 14584 14592 14600 14608 14616 14624 14632 14640 14648 14656 14664 14672 14680 14688 14696 14704 14712 14720 14728 14736 14744 14752 14760 14768 14776 14784 14792 14800 14808 14816 14824 14832 14840 14848 14856 14864 14872 14880 14888 14896 14904 14912 14920 14928 14936 14944 14952 14960 14968 14976 14984 14992 15000 15008 15016 15024 15032 15040 15048 15056 15064 15072 15080 15088 15096 15104 15112 15120 15128 15136 15144 15152 15160 15168 15176 15184 15192 15200 15208 15216 15224 15232 15240 15248 15256 15264 15272 15280 15288 15296 15304 15312 15320 15328 15336 15344 15352 15360 15368 15376 15384 15392 15400 15408 15416 15424 15432 15440 15448 15456 15464 15472 15480 15488 15496 15504 15512 15520 15528 15536 15544 15552 15560 15568 15576 15584 15592 15600 15608 15616 15624 15632 15640 15648 15656 15664 15672 15680 15688 15696 15704 15712 15720 15728 15736 15744 15752 15760 15768 15776 15784 15792 15800 15808 15816 15824 15832 15840 15848 15856 15864 15872 15880 15888 15896 15904 15912 15920 15928 15936 15944 15952 15960 15968 15976 15984 15992 16000 16008 16016 16024 16032 16040 16048 16056 16064 16072 16080 16088 16096 16104 16112 16120 16128 16136 16144 16152 16160 16168 16176 16184 16192 16200 16208 16216 16224 16232 16240 16248 16256 16264 16272 16280 16288 16296 16304 16312 16320 16328 16336 16344 16352 16360 16368 16376 16384 16392 16400 16408 16416 16424 16432 16440 16448 16456 16464 16472 16480 16488 16496 16504 16512 16520 16528 16536 16544 16552 16560 16568 16576 16584 16592 16600 16608 16616 16624 16632 16640 16648 16656 16664 16672 16680 16688 16696 16704 16712 16720 16728 16736 16744 16752 16760 16768 16776 16784 16792 16800 16808 16816 16824 16832 16840 16848 16856 16864 16872 16880 16888 16896 16904 16912 16920 16928 16936 16944 16952 16960 16968 16976 16984 16992 17000 17008 17016 17024 17032 17040 17048 17056 17064 17072 17080 17088 17096 17104 17112 17120 17128 17136 17144 17152 17160 17168 17176 17184 17192 17200 17208 17216 17224 17232 17240 17248 17256 17264 17272 17280 17288 17296 17304 17312 17320 17328 17336 17344 17352 17360 17368 17376 17384 17392 17400 17408 17416 17424 17432 17440 17448 17456 17464 17472 17480 17488 17496 17504 17512 17520 17528 17536 17544 17552 17560 17568 17576 17584 17592 17600 17608 17616 17624 17632 17640 17648 17656 17664 17672 17680 17688 17696 17704 17712 17720 17728 17736 17744 17752 17760 17768 17776 17784 17792 17800 17808 17816 17824 17832 17840 17848 17856 17864 17872 17880 17888 17896 17904 17912 17920 17928 17936 17944 17952 17960 17968 17976 17984 17992 18000 18008 18016 18024 18032 18040 18048 18056 18064 18072 18080 18088 18096 18104 18112 18120 18128 18136 18144 18152 18160 18168 18176 18184 18192 18200 18208 18216 18224 18232 18240 18248 18256 18264 18272 18280 18288 18296 18304 18312 18320 18328 18336 18344 18352 18360 18368 18376 18384 18392 18400 18408 18416 18424 18432 18440 18448 18456 18464 18472 18480 18488 18496 18504 18512 18520 18528 18536 18544 18552 18560 18568 18576 18584 18592 18600 18608 18616 18624 18632 18640 18648 18656 18664 18672 18680 18688 18696 18704 18712 18720 18728 18736 18744 18752 18760 18768 18776 18784 18792 18800 18808 18816 18824 18832 18840 18848 18856 18864 18872 18880 18888 18896 18904 18912 18920 18928 18936 18944 18952 18960 18968 18976 18984 18992 19000 19008 19016 19024 19032 19040 19048 19056 19064 19072 19080 19088 19096 19104 19112 19120 19128 19136 19144 19152 19160 19168 19176 19184 19192 19200 19208 19216 19224 19232 19240 19248 19256 19264 19272 19280 19288 19296 19304 19312 19320 19328 19336 19344 19352 19360 19368 19376 19384 19392 19400 19408 19416 19424 19432 19440 19448 19456 19464 19472 19480 19488 19496 19504 19512 19520 19528 19536 19544 19552 19560 19568 19576 19584 19592 19600 19608 19616 19624 19632 19640 19648 19656 19664 19672 19680 19688 19696 19704 19712 19720 19728 19736 19744 19752 19760 19768 19776 19784 19792 19800 19808 19816 19824 19832 19840 19848 19856 19864 19872 19880 19888 19896 19904 19912 19920 19928 19936 19944 19952 19960 19968 19976 19984 19992 20000 20008 20016 20024 20032 20040 20048 20056 20064 20072 20080 20088 20096 20104 20112 20120 20128 20136 20144 20152 20160 20168 20176 20184 20192 20200 20208 20216 20224 20232 20240 20248 20256 20264 20272 20280 20288 20296 20304 20312 20320 20328 20336 20344 20352 20360 20368 20376 20384 20392 20400 20408 20416 20424 20432 20440 20448 20456 20464 20472 20480 20488 20496 20504 20512 20520 20528 20536 20544 20552 20560 20568 20576 20584 20592 20600 20608 20616 20624 20632 20640 20648 20656 20664 20672 20680 20688 20696 20704 20712 20720 20728 20736 20744 20752 20760 20768 20776 20784 20792 20800 20808 20816 20824 20832 20840 20848 20856 20864 20872 20880 20888 20896 20904 20912 20920 20928 20936 20944 20952 20960 20968 20976 20984 20992 21000 21008 21016 21024 21032 21040 21048 21056 21064 21072 21080 21088 21096 21104 21112 21120 21128 21136 21144 21152 21160 21168 21176 21184 21192 21200 21208 21216 21224 21232 21240 21248 21256 21264 21272 21280 21288 21296 21304 21312 21320 21328 21336 21344 21352 21360 21368 21376 21384 21392 21400 21408 21416 21424 21432 21440 21448 21456 21464 21472 21480 21488 21496 21504 21512 21520 21528 21536 21544 21552 21560 21568 21576 21584 21592 21600 21608 21616 21624 21632 21640 21648 21656 21664 21672 21680 21688 21696 21704 21712 21720 21728 21736 21744 21752 21760 21768 21776 21784 21792 21800 21808 21816 21824 21832 21840 21848 21856 21864 21872 21880 21888 21896 21904 21912 21920 21928 21936 21944 21952 21960 21968 21976 21984 21992 22000 22008 22016 22024 22032 22040 22048 22056 22064 22072 22080 22088 22096 22104 22112 22120 22128 22136 22144 22152 22160 22168 22176 22184 22192 22200 22208 22216 22224 22232 22240 22248 22256 22264 22272 22280 22288 22296 22304 22312 22320 22328 22336 22344 22352 22360 22368 22376 22384 22392 22400 22408 22416 22424 22432 22440 22448 22456 22464 22472 22480 22488 22496 22504 22512 22520 22528 22536 22544 22552 22560 22568 22576 22584 22592 22600 22608 22616 22624 22632 22640 22648 22656 22664 22672 22680 22688 22696 22704 22712 22720 22728 22736 22744 22752 22760 22768 22776 22784 22792 22800 22808 22816 22824 22832 22840 22848 22856 22864 22872 22880 22888 22896 22904 22912 22920 22928 22936 22944 22952 22960 22968 22976 22984 22992 23000 23008 23016 23024 23032 23040 23048 23056 23064 23072 23080 23088 23096 23104 23112 23120 23128 23136 23144 23152 23160 23168 23176 23184 23192 23200 23208 23216 23224 23232 23240 23248 23256 23264 23272 23280 23288 23296 23304 23312 23320 23328 23336 23344 23352 23360 23368 23376 23384 23392 23400 23408 23416 23424 23432 23440 23448 23456 23464 23472 23480 23488 23496 23504 23512 23520 23528 23536 23544 23552 23560 23568 23576 23584 23592 23600 23608 23616 23624 23632 23640 23648 23656 23664 23672 23680 23688 23696 23704 23712 23720 23728 23736 23744 23752 23760 23768 23776 23784 23792 23800 23808 23816 23824 23832 23840 23848 23856 23864 23872 23880 23888 23896 23904 23912 23920 23928 23936 23944 23952 23960 23968 23976 23984 23992 24000 24008 24016 24024 24032 24040 24048 24056 24064 24072 24080 24088 24096 24104 24112 24120 24128 24136 24144 24152 24160 24168 24176 24184 24192 24200 24208 24216 24224 24232 24240 24248 24256 24264 24272 24280 24288 24296 24304 24312 24320 24328 24336 24344 24352 24360 24368 24376 24384 24392 24400 24408 24416 24424 24432 24440 24448 24456 24464 24472 24480 24488 24496 24504 24512 24520 24528 24536 24544 24552 24560 24568 24576 24584 24592 24600 24608 24616 24624 24632 24640 24648 24656 24664 24672 24680 24688 24696 24704 24712 24720 24728 24736 24744 24752 24760 24768 24776 24784 24792 24800 24808 24816 24824 24832 24840 24848 24856 24864 24872 24880 24888 24896 24904 24912 24920 24928 24936 24944 24952 24960 24968 24976 24984 24992 25000 25008 25016 25024 25032 25040 25048 25056 25064 25072 25080 25088 25096 25104 25112 25120 25128 25136 25144 25152 25160 25168 25176 25184 25192 25200 25208 25216 25224 25232 25240 25248 25256 25264 25272 25280 25288 25296 25304 25312 25320 25328 25336 25344 25352 25360 25368 25376 25384 25392 25400 25408 25416 25424 25432 25440 25448 25456 25464 25472 25480 25488 25496 25504 25512 25520 25528 25536 25544 25552 25560 25568 25576 25584 25592 25600 25608 25616 25624 25632 25640 25648 25656 25664 25672 25680 25688 25696 25704 25712 25720 25728 25736 25744 25752 25760 25768 25776 25784 25792 25800 25808 25816 25824 25832 25840 25848 25856 25864 25872 25880 25888 25896 25904 25912 25920 25928 25936 25944 25952 25960 25968 25976 25984 25992 26000 26008 26016 26024 26032 26040 26048 26056 26064 26072 26080 26088 26096 26104 26112 26120 26128 26136 26144 26152 26160 26168 26176 26184 26192 26200 26208 26216 26224 26232 26240 26248 26256 26264 26272 26280 26288 26296 26304 26312 26320 26328 26336 26344 26352 26360 26368
        </DataArray>
        <DataArray type="UInt8" Name="types" format="ascii">
          12 12 12 12 12 12 12 12 12 12 12 12 12 12 12 12 12 12 12 12 12 12 12 12 12 12 12 12 12 12 12 12 12 12 12 12 12 12 12 12 12 12 12 12 12 12 12 12 12 12 12 12 12 12 12 12 12 12 12 12 12 12 12 12 12 12 12 12 12 12 12 12 12 12 12 12 12 12 12 12 12 12 12 12 12 12 12 12 12 12 12 12 12 12 12 12 12 12 12 12 12 12 12 12 12 12 12 12 12 12 12 12 12 12 12 12 12 12 12 12 12 12 12 12 12 12 12 12 12 12 12 12 12 12 12 12 12 12 12 12 12 12 12 12 12 12 12 12 12 12 12 12 12 12 12 12 12 12 12 12 12 12 12 12 12 12 12 12 12 12 12 12 12 12 12 12 12 12 12 12 12 12 12 12 12 12 12 12 12 12 12 12 12 12 12 12 12 12 12 12 12 12 12 12 12 12 12 12 12 12 12 12 12 12 12 12 12 12 12 12 12 12 12 12 12 12 12 12 12 12 12 12 12 12 12 12 12 12 12 12 12 12 12 12 12 12 12 12 12 12 12 12 12 12 12 12 12 12 12 12 12 12 12 12 12 12 12 12 12 12 12 12 12 12 12 12 12 12 12 12 12 12 12 12 12 12 12 12 12 12 12 12 12 12 12 12 12 12 12 12 12 12 12 12 12 12 12 12 12 12 12 12 12 12 12 12 12 12 12 12 12 12 12 12 12 12 12 12 12 12 12 12 12 12 12 12 12 12 12 12 12 12 12 12 12 12 12 12 12 12 12 12 12 12 12 12 12 12 12 12 12 12 12 12 12 12 12 12 12 12 12 12 12 12 12 12 12 12 12 12 12 12 12 12 12 12 12 12 12 12 12 12 12 12 12 12 12 12 12 12 12 12 12 12 12 12 12 12 12 12 12 12 12 12 12 12 12 12 12 12 12 12 12 12 12 12 12 12 12 12 12 12 12 12 12 12 12 12 12 12 12 12 12 12 12 12 12 12 12 12 12 12 12 12 12 12 12 12 12 12 12 12 12 12 12 12 12 12 12 12 12 12 12 12 12 12 12 12 12 12 12 12 12 12 12 12 12 12 12 12 12 12 12 12 12 12 12 12 12 12 12 12 12 12 12 12 12 12 12 12 12 12 12 12 12 12 12 12 12 12 12 12 12 12 12 12 12 12 12 12 12 12 12 12 12 12 12 12 12 12 12 12 12 12 12 12 12 12 12 12 12 12 12 12 12 12 12 12 12 12 12 12 12 12 12 12 12 12 12 12 12 12 12 12 12 12 12 12 12 12 12 12 12 12 12 12 12 12 12 12 12 12 12 12 12 12 12 12 12 12 12 12 12 12 12 12 12 12 12 12 12 12 12 12 12 12 12 12 12 12 12 12 12 12 12 12 12 12 12 12 12 12 12 12 12 12 12 12 12 12 12 12 12 12 12 12 12 12 12 12 12 12 12 12 12 12 12 12 12 12 12 12 12 12 12 12 12 12 12 12 12 12 12 12 12 12 12 12 12 12 12 12 12 12 12 12 12 12 12 12 12 12 12 12 12 12 12 12 12 12 12 12 12 12 12 12 12 12 12 12 12 12 12 12 12 12 12 12 12 12 12 12 12 12 12 12 12 12 12 12 12 12 12 12 12 12 12 12 12 12 12 12 12 12 12 12 12 12 12 12 12 12 12 12 12 12 12 12 12 12 12 12 12 12 12 12 12 12 12 12 12 12 12 12 12 12 12 12 12 12 12 12 12 12 12 12 12 12 12 12 12 12 12 12 12 12 12 12 12 12 12 12 12 12 12 12 12 12 12 12 12 12 12 12 12 12 12 12 12 12 12 12 12 12 12 12 12 12 12 12 12 12 12 12 12 12 12 12 12 12 12 12 12 12 12 12 12 12 12 12 12 12 12 12 12 12 12 12 12 12 12 12 12 12 12 12 12 12 12 12 12 12 12 12 12 12 12 12 12 12 12 12 12 12 12 12 12 12 12 12 12 12 12 12 12 12 12 12 12 12 12 12 12 12 12 12 12 12 12 12 12 12 12 12 12 12 12 12 12 12 12 12 12 12 12 12 12 12 12 12 12 12 12 12 12 12 12 12 12 12 12 12 12 12 12 12 12 12 12 12 12 12 12 12 12 12 12 12 12 12 12 12 12 12 12 12 12 12 12 12 12 12 12 12 12 12 12 12 12 12 12 12 12 12 12 12 12 12 12 12 12 12 12 12 12 12 12 12 12 12 12 12 12 12 12 12 12 12 12 12 12 12 12 12 12 12 12 12 12 12 12 12 12 12 12 12 12 12 12 12 12 12 12 12 12 12 12 12 12 12 12 12 12 12 12 12 12 12 12 12 12 12 12 12 12 12 12 12 12 12 12 12 12 12 12 12 12 12 12 12 12 12 12 12 12 12 12 12 12 12 12 12 12 12 12 12 12 12 12 12 12 12 12 12 12 12 12 12 12 12 12 12 12 12 12 12 12 12 12 12 12 12 12 12 12 12 12 12 12 12 12 12 12 12 12 12 12 12 12 12 12 12 12 12 12 12 12 12 12 12 12 12 12 12 12 12 12 12 12 12 12 12 12 12 12 12 12 12 12 12 12 12 12 12 12 12 12 12 12 12 12 12 12 12 12 12 12 12 12 12 12 12 12 12 12 12 12 12 12 12 12 12 12 12 12 12 12 12 12 12 12 12 12 12 12 12 12 12 12 12 12 12 12 12 12 12 12 12 12 12 12 12 12 12 12 12 12 12 12 12 12 12 12 12 12 12 12 12 12 12 12 12 12 12 12 12 12 12 12 12 12 12 12 12 12 12 12 12 12 12 12 12 12 12 12 12 12 12 12 12 12 12 12 12 12 12 12 12 12 12 12 12 12 12 12 12 12 12 12 12 12 12 12 12 12 12 12 12 12 12 12 12 12 12 12 12 12 12 12 12 12 12 12 12 12 12 12 12 12 12 12 12 12 12 12 12 12 12 12 12 12 12 12 12 12 12 12 12 12 12 12 12 12 12 12 12 12 12 12 12 12 12 12 12 12 12 12 12 12 12 12 12 12 12 12 12 12 12 12 12 12 12 12 12 12 12 12 12 12 12 12 12 12 12 12 12 12 12 12 12 12 12 12 12 12 12 12 12 12 12 12 12 12 12 12 12 12 12 12 12 12 12 12 12 12 12 12 12 12 12 12 12 12 12 12 12 12 12 12 12 12 12 12 12 12 12 12 12 12 12 12 12 12 12 12 12 12 12 12 12 12 12 12 12 12 12 12 12 12 12 12 12 12 12 12 12 12 12 12 12 12 12 12 12 12 12 12 12 12 12 12 12 12 12 12 12 12 12 12 12 12 12 12 12 12 12 12 12 12 12 12 12 12 12 12 12 12 12 12 12 12 12 12 12 12 12 12 12 12 12 12 12 12 12 12 12 12 12 12 12 12 12 12 12 12 12 12 12 12 12 12 12 12 12 12 12 12 12 12 12 12 12 12 12 12 12 12 12 12 12 12 12 12 12 12 12 12 12 12 12 12 12 12 12 12 12 12 12 12 12 12 12 12 12 12 12 12 12 12 12 12 12 12 12 12 12 12 12 12 12 12 12 12 12 12 12 12 12 12 12 12 12 12 12 12 12 12 12 12 12 12 12 12 12 12 12 12 12 12 12 12 12 12 12 12 12 12 12 12 12 12 12 12 12 12 12 12 12 12 12 12 12 12 12 12 12 12 12 12 12 12 12 12 12 12 12 12 12 12 12 12 12 12 12 12 12 12 12 12 12 12 12 12 12 12 12 12 12 12 12 12 12 12 12 12 12 12 12 12 12 12 12 12 12 12 12 12 12 12 12 12 12 12 12 12 12 12 12 12 12 12 12 12 12 12 12 12 12 12 12 12 12 12 12 12 12 12 12 12 12 12 12 12 12 12 12 12 12 12 12 12 12 12 12 12 12 12 12 12 12 12 12 12 12 12 12 12 12 12 12 12 12 12 12 12 12 12 12 12 12 12 12 12 12 12 12 12 12 12 12 12 12 12 12 12 12 12 12 12 12 12 12 12 12 12 12 12 12 12 12 12 12 12 12 12 12 12 12 12 12 12 12 12 12 12 12 12 12 12 12 12 12 12 12 12 12 12 12 12 12 12 12 12 12 12 12 12 12 12 12 12 12 12 12 12 12 12 12 12 12 12 12 12 12 12 12 12 12 12 12 12 12 12 12 12 12 12 12 12 12 12 12 12 12 12 12 12 12 12 12 12 12 12 12 12 12 12 12 12 12 12 12 12 12 12 12 12 12 12 12 12 12 12 12 12 12 12 12 12 12 12 12 12 12 12 12 12 12 12 12 12 12 12 12 12 12 12 12 12 12 12 12 12 12 12 12 12 12 12 12 12 12 12 12 12 12 12 12 12 12 12 12 12 12 12 12 12 12 12 12 12 12 12 12 12 12 12 12 12 12 12 12 12 12 12 12 12 12 12 12 12 12 12 12 12 12 12 12 12 12 12 12 12 12 12 12 12 12 12 12 12 12 12 12 12 12 12 12 12 12 12 12 12 12 12 12 12 12 12 12 12 12 12 12 12 12 12 12 12 12 12 12 12 12 12 12 12 12 12 12 12 12 12 12 12 12 12 12 12 12 12 12 12 12 12 12 12 12 12 12 12 12 12 12 12 12 12 12 12 12 12 12 12 12 12 12 12 12 12 12 12 12 12 12 12 12 12 12 12 12 12 12 12 12 12 12 12 12 12 12 12 12 12 12 12 12 12 12 12 12 12 12 12 12 12 12 12 12 12 12 12 12 12 12 12 12 12 12 12 12 12 12 12 12 12 12 12 12 12 12 12 12 12 12 12 12 12 12 12 12 12 12 12 12 12 12 12 12 12 12 12 12 12 12 12 12 12 12 12 12 12 12 12 12 12 12 12 12 12 12 12 12 12 12 12 12 12 12 12 12 12 12 12 12 12 12 12 12 12 12 12 12 12 12 12 12 12 12 12 12 12 12 12 12 12 12 12 12 12 12 12 12 12 12 12 12 12 12 12 12 12 12 12 12 12 12 12 12 12 12 12 12 12 12 12 12 12 12 12 12 12 12 12 12 12 12 12 12 12 12 12 12 12 12 12 12 12 12 12 12 12 12 12 12 12 12 12 12 12 12 12 12 12 12 12 12 12 12 12 12 12 12 12 12 12 12 12 12 12 12 12 12 12 12 12 12 12 12 12 12 12 12 12 12 12 12 12 12 12 12 12 12 12 12 12 12 12 12 12 12 12 12 12 12 12 12 12 12 12 12 12 12 12 12 12 12 12 12 12 12 12 12 12 12 12 12 12 12 12 12 12 12 12 12 12 12 12 12 12 12 12 12 12 12 12 12 12 12 12 12 12 12 12 12 12 12 12 12 12 12 12 12 12 12 12 12 12 12 12 12 12 12 12 12 12 12 12 12 12 12 12 12 12 12 12 12 12 12 12 12 12 12 12 12 12 12 12 12 12 12 12 12 12 12 12 12 12 12 12 12 12 12 12 12 12 12 12 12 12 12 12 12 12 12 12 12 12 12 12 12 12 12 12 12 12 12 12 12 12 12 12 12 12 12 12 12 12 12 12 12 12 12 12 12 12 12 12 12 12 12 12 12 12 12 12 12 12 12 12 12 12 12 12 12 12 12 12 12 12 12 12 12 12 12 12 12 12 12 12 12 12 12 12 12 12 12 12 12 12 12 12 12 12 12 12 12 12 12 12 12 12 12 12 12 12 12 12 12 12 12 12 12 12 12 12 12 12 12 12 12 12 12 12 12 12 12 12 12 12 12 12 12 12 12 12 12 12 12 12 12 12 12 12 12 12 12 12 12 12 12 12 12 12 12 12 12 12 12 12 12 12 12 12 12 12 12 12 12 12 12 12 12 12 12 12 12 12 12 12 12 12 12 12 12 12 12 12 12 12 12 12 12 12 12 12 12 12 12 12 12 12 12 12 12 12 12 12 12 12 12 12 12 12 12 12 12 12 12 12 12 12 12 12 12 12 12 12 12 12 12 12 12 12 12 12 12 12 12 12 12 12 12 12 12 12 12 12 12 12 12 12 12 12 12 12 12 12 12 12 12 12 12 12 12 12 12 12 12 12 12 12 12 12 12 12 12 12 12 12 12 12 12 12 12 12 12 12 12 12 12 12 12 12 12 12 12 12 12 12 12 12 12 12 12 12 12 12 12 12 12 12 12 12 12 12 12 12 12 12 12 12 12 12 12 12 12 12 12 12 12 12 12 12 12 12 12 12 12 12 12 12 12 12 12 12 12 12 12 12 12 12 12 12 12 12 12 12 12 12 12 12 12 12 12 12 12 12 12 12 12 12 12 12 12 12 12 12 12 12 12 12 12 12 12 12 12 12 12 12 12 12 12 12 12 12 12 12 12 12 12 12 12 12 12 12 12 12 12 12 12 12 12 12 12 12 12 12 12 12 12 12 12 12 12 12 12 12 12 12 12 12 12 12 12 12 12 12 12 12 12 12 12 12 12 12 12 12 12 12 12 12 12 12 12 12 12 12 12 12 12 12 12 12 12 12 12 12 12 12 12 12 12 12 12 12 12 12 12 12 12 12 12 12 12 12 12 12 12 12 12 12 12 12 12 12 12 12 12 12 12 12 12 12 12 12 12 12 12 12 12 12 12 12 12 12 12 12 12 12 12 12 12 12 12 12 12 12 12 12 12 12 12 12 12 12 12 12 12 12 12 12 12 12 12 12 12 12 12 12 12 12 12 12 12 12 12 12 12 12 12 12 12 12 12 12 12 12 12 12 12 12 12 12 12 12 12 12 12 12 12 12 12 12 12 12 12 12 12 12 12 12 12 12 12 12 12 12 12 12 12 12 12 12 12 12 12 12 12 12 12 12 12 12 12 12 12 12 12 12 12 12 12 12 12 12 12 12 12 12 12 12 12 12 12 12 12 12 12 12 12 12 12 12 12 12 12 12 12 12 12 12 12 12 12 12 12 12 12 12 12 12 12 12 12 12 12 12 12 12 12 12 12 12 12 12 12 12 12 12 12 12 12 12 12 12 12 12 12 12 12 12 12 12 12 12 12 12 12 12 12 12 12 12 12 12 12 12 12 12 12 12 12 12 12 12 12 12 12 12 12 12 12 12 12 12 12 12 12 12 12 12 12 12 12 12 12 12 12 12 12 12 12 12 12 12 12 12 12 12 12 12 12 12 12 12 12 12 12 12 12 12 12 12 12 12 12 12 12 12 12 12 12 12 12 12 12 12 12 12 12 12 12 12 12 12 12 12 12 12 12 12 12 12 12 12 12 12 12 12 12 12 12 12 12 12 12 12 12 12 12 12 12 12 12 12 12 12 12 12 12 12 12 12 12 12 12 12 12 12 12 12 12 12 12 12 12 12 12 12 12 12 12 12 12 12 12
        </DataArray>
      </Cells>
      <PointData>
        <DataArray type="Float64" Name="Displacement" NumberOfComponents="3" format="ascii">
          0.00000000e+00 1.81476000e+00 -1.54747000e+01 0.00000000e+00 3.60496000e+00 -1.50435000e+01 -7.80438000e-02 3.56265000e+00 -1.50205000e+01 -2.06699000e-01 1.76715000e+00 -1.54053000e+01 0.00000000e+00 2.01542000e+00 -1.67737000e+01 0.00000000e+00 3.74799000e+00 -1.60077000e+01 -1.01528000e-01 3.71948000e+00 -1.59674000e+01 -1.69794000e-01 2.00463000e+00 -1.66861000e+01 -1.53745000e-01 3.44282000e+00 -1.49285000e+01 -4.14408000e-01 1.70147000e+00 -1.52536000e+01 -2.12628000e-01 3.59927000e+00 -1.58370000e+01 -3.66103000e-01 1.91487000e+00 -1.64569000e+01 -2.42051000e-01 3.21598000e+00 -1.47608000e+01 -6.21487000e-01 1.54159000e+00 -1.49978000e+01 -3.56079000e-01 3.37472000e+00 -1.56262000e+01 -5.98958000e-01 1.76606000e+00 -1.61169000e+01 -3.79565000e-01 2.90981000e+00 -1.45518000e+01 -8.28370000e-01 1.31889000e+00 -1.47169000e+01 -5.27617000e-01 3.05191000e+00 -1.53697000e+01 -8.23317000e-01 1.53692000e+00 -1.57275000e+01 0.00000000e+00 2.19074000e+00 -1.84016000e+01 0.00000000e+00 3.71649000e+00 -1.72286000e+01 -9.28552000e-02 3.66934000e+00 -1.71497000e+01 -7.25206000e-02 2.15309000e+00 -1.82676000e+01 -2.27188000e-01 3.52813000e+00 -1.69411000e+01 -2.14076000e-01 2.02131000e+00 -1.79273000e+01 -4.17303000e-01 3.27987000e+00 -1.66412000e+01 -4.43668000e-01 1.82557000e+00 -1.74361000e+01 -6.43160000e-01 2.98588000e+00 -1.62598000e+01 -7.32467000e-01 1.60970000e+00 -1.68239000e+01 0.00000000e+00 4.90556000e+00 -1.49467000e+01 6.95052000e-03 4.85363000e+00 -1.49374000e+01 0.00000000e+00 5.00624000e+00 -1.55807000e+01 -5.57445000e-02 4.95621000e+00 -1.55603000e+01 6.10723000e-03 4.69610000e+00 -1.48831000e+01 -1.22723000e-01 4.79348000e+00 -1.54826000e+01 -2.15704000e-02 4.42437000e+00 -1.47735000e+01 -2.23033000e-01 4.51653000e+00 -1.53398000e+01 -1.05707000e-01 4.06068000e+00 -1.46214000e+01 -3.62381000e-01 4.13625000e+00 -1.51573000e+01 0.00000000e+00 4.80202000e+00 -1.63655000e+01 -1.12612000e-01 4.74773000e+00 -1.63208000e+01 -2.49884000e-01 4.58761000e+00 -1.61974000e+01 -4.24030000e-01 4.31323000e+00 -1.60070000e+01 -6.12751000e-01 3.97950000e+00 -1.57657000e+01 0.00000000e+00 5.63595000e+00 -1.51134000e+01 4.82013000e-02 5.57450000e+00 -1.51058000e+01 0.00000000e+00 5.69427000e+00 -1.53662000e+01 -3.72938000e-02 5.63525000e+00 -1.53555000e+01 8.16263000e-02 5.39247000e+00 -1.50603000e+01 -8.82428000e-02 5.45151000e+00 -1.53033000e+01 8.51019000e-02 5.08890000e+00 -1.49654000e+01 -1.67190000e-01 5.14770000e+00 -1.51999000e+01 3.49120000e-02 4.69551000e+00 -1.48234000e+01 -2.81695000e-01 4.73721000e+00 -1.50592000e+01 0.00000000e+00 5.42217000e+00 -1.57252000e+01 -1.29338000e-01 5.36428000e+00 -1.57002000e+01 -2.72422000e-01 5.19332000e+00 -1.56259000e+01 -4.38879000e-01 4.90789000e+00 -1.55027000e+01 -6.05181000e-01 4.55136000e+00 -1.53489000e+01 0.00000000e+00 5.75574000e+00 -1.53566000e+01 5.57992000e-02 5.69466000e+00 -1.53469000e+01 0.00000000e+00 5.81055000e+00 -1.52783000e+01 -3.43359000e-02 5.74968000e+00 -1.52691000e+01 9.97797000e-02 5.51467000e+00 -1.52972000e+01 -7.99190000e-02 5.56646000e+00 -1.52264000e+01 1.17194000e-01 5.21795000e+00 -1.51948000e+01 -1.46752000e-01 5.26970000e+00 -1.51398000e+01 8.79724000e-02 4.83694000e+00 -1.50437000e+01 -2.42587000e-01 4.87134000e+00 -1.50151000e+01 0.00000000e+00 5.57532000e+00 -1.52434000e+01 -1.35323000e-01 5.51773000e+00 -1.52298000e+01 -2.77671000e-01 5.35009000e+00 -1.51866000e+01 -4.34667000e-01 5.07341000e+00 -1.51097000e+01 -5.84732000e-01 4.71721000e+00 -1.50152000e+01 0.00000000e+00 5.39721000e+00 -1.55255000e+01 4.61240000e-02 5.34433000e+00 -1.55098000e+01 0.00000000e+00 5.45663000e+00 -1.52137000e+01 -3.63679000e-02 5.40309000e+00 -1.52027000e+01 8.40597000e-02 5.18869000e+00 -1.54552000e+01 -7.96647000e-02 5.24317000e+00 -1.51651000e+01 1.03144000e-01 4.93215000e+00 -1.53499000e+01 -1.37946000e-01 4.98485000e+00 -1.50905000e+01 8.83720000e-02 4.59653000e+00 -1.51972000e+01 -2.19042000e-01 4.63474000e+00 -1.49773000e+01 0.00000000e+00 5.32978000e+00 -1.49131000e+01 -1.27955000e-01 5.27682000e+00 -1.49061000e+01 -2.59951000e-01 5.12340000e+00 -1.48821000e+01 -4.02198000e-01 4.87138000e+00 -1.48336000e+01 -5.36504000e-01 4.54168000e+00 -1.47685000e+01 0.00000000e+00 4.77037000e+00 -1.55644000e+01 3.02232000e-02 4.72839000e+00 -1.55484000e+01 0.00000000e+00 4.82907000e+00 -1.51360000e+01 -3.77030000e-02 4.78718000e+00 -1.51259000e+01 5.61390000e-02 4.60400000e+00 -1.54975000e+01 -7.97364000e-02 4.66026000e+00 -1.50927000e+01 7.23848000e-02 4.39759000e+00 -1.54014000e+01 -1.30122000e-01 4.45143000e+00 -1.50287000e+01 6.80397000e-02 4.11953000e+00 -1.52608000e+01 -1.97127000e-01 4.16206000e+00 -1.49283000e+01 0.00000000e+00 4.78789000e+00 -1.47085000e+01 -1.11149000e-01 4.74413000e+00 -1.47044000e+01 -2.25916000e-01 4.61605000e+00 -1.46887000e+01 -3.50234000e-01 4.40273000e+00 -1.46536000e+01 -4.67625000e-01 4.12208000e+00 -1.45993000e+01 0.00000000e+00 -5.60638000e-01 -2.13654000e+01 0.00000000e+00 -6.97850000e-01 -2.05633000e+01 -4.53455000e-01 -8.76296000e-01 -2.01983000e+01 -4.90969000e-01 -7.09079000e-01 -2.10257000e+01 0.00000000e+00 4.45070000e-01 -2.13824000e+01 0.00000000e+00 3.72915000e-01 -2.07442000e+01 -1.19705000e-01 2.34313000e-01 -2.04417000e+01 -1.21714000e-01 3.00349000e-01 -2.10543000e+01 -8.96204000e-01 -1.04383000e+00 -1.97249000e+01 -9.56728000e-01 -9.31788000e-01 -2.04610000e+01 -3.73478000e-01 3.00442000e-02 -1.98306000e+01 -3.74193000e-01 7.03643000e-02 -2.03723000e+01 -1.40751000e+00 -1.28923000e+00 -1.88024000e+01 -1.39291000e+00 -1.13612000e+00 -1.96398000e+01 -7.41968000e-01 -2.08207000e-01 -1.89233000e+01 -7.11562000e-01 -1.53408000e-01 -1.94880000e+01 -1.74046000e+00 -1.33109000e+00 -1.80201000e+01 -1.69473000e+00 -1.21470000e+00 -1.88252000e+01 -1.13942000e+00 -3.09631000e-01 -1.80242000e+01 -1.07783000e+00 -2.77264000e-01 -1.85708000e+01 0.00000000e+00 1.28748000e+00 -2.09827000e+01 0.00000000e+00 1.31118000e+00 -2.06297000e+01 1.08322000e-01 1.20119000e+00 -2.03489000e+01 1.53860000e-01 1.16772000e+00 -2.06870000e+01 7.80084000e-02 1.00288000e+00 -1.97303000e+01 1.30240000e-01 9.61987000e-01 -2.00364000e+01 -1.81222000e-01 7.84060000e-01 -1.88959000e+01 -1.05981000e-01 7.54221000e-01 -1.91875000e+01 -5.40398000e-01 6.45272000e-01 -1.80195000e+01 -4.64810000e-01 6.21090000e-01 -1.82961000e+01 0.00000000e+00 -6.86652000e-01 -1.93601000e+01 -4.03917000e-01 -8.60878000e-01 -1.90488000e+01 0.00000000e+00 3.78026000e-01 -1.98767000e+01 -1.40244000e-01 2.73559000e-01 -1.96530000e+01 -8.05929000e-01 -9.61367000e-01 -1.87272000e+01 -4.01296000e-01 1.04640000e-01 -1.91224000e+01 -1.29391000e+00 -1.17283000e+00 -1.79369000e+01 -7.35300000e-01 -1.04082000e-01 -1.83163000e+01 -1.69279000e+00 -1.22435000e+00 -1.71489000e+01 -1.14826000e+00 -2.01742000e-01 -1.74398000e+01 0.00000000e+00 1.37245000e+00 -2.02143000e+01 7.20309000e-02 1.28416000e+00 -1.99657000e+01 3.01389000e-02 1.09579000e+00 -1.93711000e+01 -2.34905000e-01 8.83240000e-01 -1.85696000e+01 -6.00938000e-01 7.32604000e-01 -1.77215000e+01 0.00000000e+00 -4.12407000e-01 -1.80722000e+01 -3.53996000e-01 -5.67205000e-01 -1.77878000e+01 0.00000000e+00 5.33703000e-01 -1.89252000e+01 -1.61220000e-01 4.70470000e-01 -1.87536000e+01 -7.27509000e-01 -6.20355000e-01 -1.75712000e+01 -4.28482000e-01 3.36798000e-01 -1.83142000e+01 -1.16639000e+00 -7.77839000e-01 -1.69617000e+01 -7.42895000e-01 1.75039000e-01 -1.76522000e+01 -1.56306000e+00 -8.73307000e-01 -1.62921000e+01 -1.11665000e+00 5.95274000e-02 -1.68651000e+01 0.00000000e+00 1.46753000e+00 -1.97593000e+01 3.53680000e-02 1.40804000e+00 -1.95342000e+01 -2.46183000e-02 1.23526000e+00 -1.89907000e+01 -2.87359000e-01 1.04805000e+00 -1.82432000e+01 -6.47134000e-01 8.87956000e-01 -1.74277000e+01 0.00000000e+00 1.53468000e-01 -1.68041000e+01 -3.20156000e-01 1.28428000e-02 -1.66054000e+01 0.00000000e+00 8.77749000e-01 -1.80134000e+01 -1.74027000e-01 8.50058000e-01 -1.78675000e+01 -6.84130000e-01 4.66152000e-03 -1.63593000e+01 -4.32733000e-01 7.47916000e-01 -1.75169000e+01 -1.05839000e+00 -1.35600000e-01 -1.59530000e+01 -7.39838000e-01 6.17256000e-01 -1.69873000e+01 -1.36159000e+00 -2.93393000e-01 -1.55533000e+01 -1.04969000e+00 4.64085000e-01 -1.63546000e+01 0.00000000e+00 1.63050000e+00 -1.92677000e+01 -5.32618000e-03 1.58691000e+00 -1.90690000e+01 -9.34300000e-02 1.43533000e+00 -1.85991000e+01 -3.44484000e-01 1.26575000e+00 -1.79295000e+01 -6.88228000e-01 1.10293000e+00 -1.71644000e+01 0.00000000e+00 9.13675000e-01 -1.59221000e+01 -2.77894000e-01 8.05462000e-01 -1.58225000e+01 0.00000000e+00 1.40370000e+00 -1.72528000e+01 -1.80215000e-01 1.39446000e+00 -1.71344000e+01 -5.70177000e-01 7.74781000e-01 -1.56304000e+01 -4.11722000e-01 1.30298000e+00 -1.68548000e+01 -8.56446000e-01 6.32699000e-01 -1.53244000e+01 -6.86800000e-01 1.16961000e+00 -1.64428000e+01 -1.10148000e+00 4.65999000e-01 -1.50033000e+01 -9.45299000e-01 9.73345000e-01 -1.59675000e+01 0.00000000e+00 1.88402000e+00 -1.87709000e+01 -4.49657000e-02 1.84906000e+00 -1.86075000e+01 -1.70955000e-01 1.71447000e+00 -1.82163000e+01 -4.07116000e-01 1.54310000e+00 -1.76410000e+01 -7.20461000e-01 1.36001000e+00 -1.69534000e+01 0.00000000e+00 0.00000000e+00 -2.87010000e+01 0.00000000e+00 5.15215000e-02 -2.86034000e+01 -1.58583000e-01 5.01606000e-02 -2.85276000e+01 -1.52342000e-01 0.00000000e+00 -2.86273000e+01 0.00000000e+00 0.00000000e+00 -2.87641000e+01 0.00000000e+00 7.36880000e-02 -2.86696000e+01 -2.46619000e-02 7.27788000e-02 -2.85864000e+01 -2.24547000e-02 0.00000000e+00 -2.86835000e+01 -3.14177000e-01 4.62944000e-02 -2.83054000e+01 -3.02308000e-01 0.00000000e+00 -2.84108000e+01 -5.79751000e-02 7.01685000e-02 -2.83439000e+01 -5.31820000e-02 0.00000000e+00 -2.84482000e+01 -4.62371000e-01 4.00006000e-02 -2.79505000e+01 -4.45600000e-01 0.00000000e+00 -2.80648000e+01 -1.07133000e-01 6.59468000e-02 -2.79619000e+01 -9.93431000e-02 0.00000000e+00 -2.80765000e+01 -5.78089000e-01 3.31712000e-02 -2.75054000e+01 -5.57996000e-01 0.00000000e+00 -2.76294000e+01 -1.66670000e-01 6.08442000e-02 -2.74724000e+01 -1.55440000e-01 0.00000000e+00 -2.75981000e+01 0.00000000e+00 0.00000000e+00 -2.87264000e+01 0.00000000e+00 9.39798000e-02 -2.86314000e+01 1.05213000e-01 9.36165000e-02 -2.85453000e+01 1.03445000e-01 0.00000000e+00 -2.86431000e+01 1.90700000e-01 9.25348000e-02 -2.82954000e+01 1.88328000e-01 0.00000000e+00 -2.84010000e+01 2.44170000e-01 9.06356000e-02 -2.79031000e+01 2.43447000e-01 0.00000000e+00 -2.80192000e+01 2.43183000e-01 8.81280000e-02 -2.74201000e+01 2.45618000e-01 0.00000000e+00 -2.75478000e+01 0.00000000e+00 9.60440000e-02 -2.83432000e+01 -1.74662000e-01 9.33248000e-02 -2.82619000e+01 0.00000000e+00 1.44395000e-01 -2.84171000e+01 -3.01362000e-02 1.42566000e-01 -2.83272000e+01 -3.44887000e-01 8.53099000e-02 -2.80249000e+01 -7.02561000e-02 1.37076000e-01 -2.80660000e+01 -5.05729000e-01 7.25677000e-02 -2.76477000e+01 -1.27741000e-01 1.28464000e-01 -2.76580000e+01 -6.30415000e-01 5.82896000e-02 -2.71783000e+01 -1.96689000e-01 1.17595000e-01 -2.71408000e+01 0.00000000e+00 1.89440000e-01 -2.83755000e+01 1.09801000e-01 1.88680000e-01 -2.82823000e+01 1.96371000e-01 1.86184000e-01 -2.80128000e+01 2.44822000e-01 1.82086000e-01 -2.75944000e+01 2.34730000e-01 1.76198000e-01 -2.70827000e+01 0.00000000e+00 1.34005000e-01 -2.79234000e+01 -1.98463000e-01 1.29481000e-01 -2.78352000e+01 0.00000000e+00 2.21322000e-01 -2.80080000e+01 -3.99092000e-02 2.17882000e-01 -2.79094000e+01 -3.90515000e-01 1.16780000e-01 -2.75794000e+01 -9.16778000e-02 2.08135000e-01 -2.76243000e+01 -5.70261000e-01 9.61627000e-02 -2.71742000e+01 -1.62701000e-01 1.92732000e-01 -2.71829000e+01 -7.08549000e-01 7.28648000e-02 -2.66739000e+01 -2.44605000e-01 1.73147000e-01 -2.66289000e+01 0.00000000e+00 3.01622000e-01 -2.79617000e+01 1.13120000e-01 2.99616000e-01 -2.78592000e+01 1.98179000e-01 2.93889000e-01 -2.75647000e+01 2.38090000e-01 2.84788000e-01 -2.71116000e+01 2.15185000e-01 2.72056000e-01 -2.65616000e+01 0.00000000e+00 1.67182000e-01 -2.73415000e+01 -2.28836000e-01 1.60201000e-01 -2.72461000e+01 0.00000000e+00 3.05380000e-01 -2.74390000e+01 -5.46386000e-02 2.99646000e-01 -2.73313000e+01 -4.48524000e-01 1.39697000e-01 -2.69715000e+01 -1.22920000e-01 2.82437000e-01 -2.70204000e+01 -6.51872000e-01 1.07384000e-01 -2.65370000e+01 -2.11200000e-01 2.55931000e-01 -2.65433000e+01 -8.07334000e-01 7.06475000e-02 -2.60033000e+01 -3.08661000e-01 2.22913000e-01 -2.59476000e+01 0.00000000e+00 4.32062000e-01 -2.73884000e+01 1.12946000e-01 4.28053000e-01 -2.72757000e+01 1.92770000e-01 4.15901000e-01 -2.69537000e+01 2.21594000e-01 3.97138000e-01 -2.64607000e+01 1.83029000e-01 3.72981000e-01 -2.58678000e+01 0.00000000e+00 1.90142000e-01 -2.66141000e+01 -2.64341000e-01 1.78466000e-01 -2.65101000e+01 0.00000000e+00 3.92882000e-01 -2.67250000e+01 -7.15395000e-02 3.82866000e-01 -2.66067000e+01 -5.16066000e-01 1.46396000e-01 -2.62148000e+01 -1.58962000e-01 3.54467000e-01 -2.62662000e+01 -7.46724000e-01 9.55983000e-02 -2.57476000e+01 -2.67619000e-01 3.10715000e-01 -2.57486000e+01 -9.20902000e-01 3.98869000e-02 -2.51765000e+01 -3.83833000e-01 2.58560000e-01 -2.51061000e+01 0.00000000e+00 5.75629000e-01 -2.66665000e+01 1.12972000e-01 5.68029000e-01 -2.65420000e+01 1.86417000e-01 5.46682000e-01 -2.61880000e+01 2.01004000e-01 5.13458000e-01 -2.56497000e+01 1.42981000e-01 4.73240000e-01 -2.50099000e+01 0.00000000e+00 1.92814000e-01 -2.57587000e+01 -3.05333000e-01 1.74459000e-01 -2.56430000e+01 0.00000000e+00 4.74386000e-01 -2.58819000e+01 -8.88427000e-02 4.58757000e-01 -2.57496000e+01 -5.92891000e-01 1.23699000e-01 -2.53236000e+01 -1.96903000e-01 4.12525000e-01 -2.53723000e+01 -8.52285000e-01 4.73060000e-02 -2.48169000e+01 -3.27557000e-01 3.45196000e-01 -2.48056000e+01 -1.04588000e+00 -3.70017000e-02 -2.42008000e+01 -4.66367000e-01 2.66102000e-01 -2.41108000e+01 0.00000000e+00 7.27411000e-01 -2.58076000e+01 1.17179000e-01 7.15349000e-01 -2.56685000e+01 1.84370000e-01 6.79220000e-01 -2.52746000e+01 1.81550000e-01 6.25701000e-01 -2.46836000e+01 9.89955000e-02 5.62587000e-01 -2.39932000e+01 0.00000000e+00 1.57084000e-01 -2.47978000e+01 -3.51986000e-01 1.25315000e-01 -2.46617000e+01 0.00000000e+00 5.41511000e-01 -2.49298000e+01 -1.02315000e-01 5.16125000e-01 -2.47751000e+01 -6.78684000e-01 4.74170000e-02 -2.43086000e+01 -2.32265000e-01 4.45204000e-01 -2.43454000e+01 -9.67437000e-01 -6.42395000e-02 -2.37517000e+01 -3.88371000e-01 3.43950000e-01 -2.37176000e+01 -1.18130000e+00 -1.83318000e-01 -2.30802000e+01 -5.55947000e-01 2.30207000e-01 -2.29655000e+01 0.00000000e+00 8.73567000e-01 -2.48267000e+01 1.33030000e-01 8.56024000e-01 -2.46666000e+01 1.94419000e-01 8.03437000e-01 -2.42165000e+01 1.65498000e-01 7.21406000e-01 -2.35627000e+01 4.93383000e-02 6.32513000e-01 -2.28196000e+01 0.00000000e+00 6.06653000e-02 -2.37558000e+01 -4.05280000e-01 5.30387000e-03 -2.35754000e+01 0.00000000e+00 5.72078000e-01 -2.38907000e+01 -1.08833000e-01 5.32411000e-01 -2.36907000e+01 -7.75796000e-01 -1.17023000e-01 -2.31667000e+01 -2.66346000e-01 4.22611000e-01 -2.31806000e+01 -1.09655000e+00 -2.73629000e-01 -2.25421000e+01 -4.56566000e-01 2.81143000e-01 -2.24738000e+01 -1.33176000e+00 -4.27614000e-01 -2.18103000e+01 -6.67527000e-01 1.36291000e-01 -2.16614000e+01 0.00000000e+00 1.00872000e+00 -2.37337000e+01 1.64672000e-01 9.85760000e-01 -2.35343000e+01 2.17171000e-01 9.07786000e-01 -2.30026000e+01 1.46371000e-01 7.93637000e-01 -2.22725000e+01 -2.60191000e-02 6.83286000e-01 -2.14750000e+01 0.00000000e+00 -1.81297000e-01 -2.26276000e+01 -4.61028000e-01 -2.81885000e-01 -2.23739000e+01 0.00000000e+00 5.71759000e-01 -2.27465000e+01 -1.13382000e-01 4.87024000e-01 -2.24788000e+01 -8.79141000e-01 -4.56748000e-01 -2.18783000e+01 -3.10796000e-01 3.15620000e-01 -2.18582000e+01 -1.24124000e+00 -6.41830000e-01 -2.11697000e+01 -5.56247000e-01 1.27070000e-01 -2.10633000e+01 -1.49882000e+00 -7.80986000e-01 -2.03875000e+01 -8.32168000e-01 -2.91039000e-02 -2.01890000e+01 0.00000000e+00 1.14752000e+00 -2.24968000e+01 1.86351000e-01 1.08725000e+00 -2.22455000e+01 2.21793000e-01 9.55239000e-01 -2.16192000e+01 8.63973000e-02 8.05568000e-01 -2.08180000e+01 -1.68205000e-01 6.89044000e-01 -1.99552000e+01 0.00000000e+00 5.44528000e-01 -1.42783000e+01 0.00000000e+00 1.19570000e+00 -1.43274000e+01 -1.47226000e-02 1.18579000e+00 -1.43222000e+01 4.86899000e-03 5.39079000e-01 -1.42738000e+01 0.00000000e+00 4.98605000e-01 -1.46716000e+01 0.00000000e+00 1.15123000e+00 -1.47446000e+01 1.78645000e-03 1.14171000e+00 -1.47367000e+01 1.58477000e-02 4.93317000e-01 -1.46642000e+01 -2.87965000e-02 1.15666000e+00 -1.43066000e+01 1.22073000e-02 5.23571000e-01 -1.42599000e+01 3.47851000e-03 1.11384000e+00 -1.47128000e+01 3.25803000e-02 4.78226000e-01 -1.46417000e+01 -4.17936000e-02 1.11017000e+00 -1.42797000e+01 2.39266000e-02 5.00117000e-01 -1.42359000e+01 5.08804000e-03 1.06972000e+00 -1.46719000e+01 5.14892000e-02 4.55745000e-01 -1.46029000e+01 -5.28066000e-02 1.04922000e+00 -1.42381000e+01 3.70256000e-02 4.66853000e-01 -1.41969000e+01 5.78124000e-03 1.01233000e+00 -1.46116000e+01 6.86668000e-02 4.30117000e-01 -1.45471000e+01 0.00000000e+00 4.55855000e-01 -1.50705000e+01 0.00000000e+00 1.10506000e+00 -1.51669000e+01 1.87344000e-02 1.09618000e+00 -1.51559000e+01 2.68637000e-02 4.51206000e-01 -1.50607000e+01 3.61759000e-02 1.07038000e+00 -1.51233000e+01 5.33534000e-02 4.37919000e-01 -1.50303000e+01 5.13633000e-02 1.02958000e+00 -1.50679000e+01 7.80597000e-02 4.18972000e-01 -1.49785000e+01 6.35039000e-02 9.78542000e-01 -1.49872000e+01 9.98349000e-02 3.99191000e-01 -1.49037000e+01 0.00000000e+00 1.88405000e+00 -1.43776000e+01 -3.79723000e-02 1.86950000e+00 -1.43720000e+01 0.00000000e+00 1.84244000e+00 -1.48145000e+01 -1.43000000e-02 1.82818000e+00 -1.48064000e+01 -7.48155000e-02 1.82592000e+00 -1.43555000e+01 -2.71236000e-02 1.78613000e+00 -1.47811000e+01 -1.10023000e-01 1.75434000e+00 -1.43272000e+01 -3.89939000e-02 1.71801000e+00 -1.47381000e+01 -1.39085000e-01 1.65990000e+00 -1.42854000e+01 -4.97403000e-02 1.62561000e+00 -1.46748000e+01 0.00000000e+00 1.79327000e+00 -1.52582000e+01 1.04400000e-02 1.77943000e+00 -1.52477000e+01 2.15944000e-02 1.73923000e+00 -1.52137000e+01 3.22734000e-02 1.67439000e+00 -1.51543000e+01 4.10715000e-02 1.58896000e+00 -1.50682000e+01 0.00000000e+00 2.60408000e+00 -1.44289000e+01 -6.02947000e-02 2.58439000e+00 -1.44242000e+01 0.00000000e+00 2.57166000e+00 -1.48845000e+01 -2.74207000e-02 2.55156000e+00 -1.48773000e+01 -1.17702000e-01 2.52552000e+00 -1.44084000e+01 -5.16091000e-02 2.49296000e+00 -1.48525000e+01 -1.74195000e-01 2.42539000e+00 -1.43806000e+01 -7.35378000e-02 2.39745000e+00 -1.48074000e+01 -2.24997000e-01 2.29231000e+00 -1.43380000e+01 -9.82234000e-02 2.26542000e+00 -1.47392000e+01 0.00000000e+00 2.52092000e+00 -1.53475000e+01 7.24227000e-03 2.50086000e+00 -1.53380000e+01 1.54534000e-02 2.44303000e+00 -1.53045000e+01 2.47941000e-02 2.35066000e+00 -1.52395000e+01 3.05904000e-02 2.22540000e+00 -1.51450000e+01 0.00000000e+00 3.34738000e+00 -1.44932000e+01 -7.75134000e-02 3.32131000e+00 -1.44891000e+01 0.00000000e+00 3.32688000e+00 -1.49624000e+01 -3.42794000e-02 3.30105000e+00 -1.49551000e+01 -1.54386000e-01 3.24392000e+00 -1.44748000e+01 -6.72712000e-02 3.22449000e+00 -1.49301000e+01 -2.34587000e-01 3.11128000e+00 -1.44462000e+01 -1.00067000e-01 3.09805000e+00 -1.48807000e+01 -3.08665000e-01 2.93456000e+00 -1.44013000e+01 -1.38593000e-01 2.92034000e+00 -1.48045000e+01 0.00000000e+00 3.27543000e+00 -1.54370000e+01 9.76093000e-03 3.24922000e+00 -1.54269000e+01 1.93421000e-02 3.17240000e+00 -1.53911000e+01 2.86060000e-02 3.04815000e+00 -1.53186000e+01 3.25932000e-02 2.87759000e+00 -1.52113000e+01 0.00000000e+00 4.09159000e+00 -1.45811000e+01 -9.34849000e-02 4.05756000e+00 -1.45773000e+01 0.00000000e+00 4.09063000e+00 -1.50480000e+01 -3.75546000e-02 4.05846000e+00 -1.50398000e+01 -1.89468000e-01 3.95728000e+00 -1.45632000e+01 -7.64023000e-02 3.96060000e+00 -1.50117000e+01 -2.93029000e-01 3.78657000e+00 -1.45329000e+01 -1.18539000e-01 3.79706000e+00 -1.49563000e+01 -3.90161000e-01 3.56042000e+00 -1.44841000e+01 -1.71299000e-01 3.56658000e+00 -1.48688000e+01 0.00000000e+00 4.03668000e+00 -1.55193000e+01 1.62693000e-02 4.00381000e+00 -1.55064000e+01 3.23358000e-02 3.90593000e+00 -1.54633000e+01 4.48522000e-02 3.74434000e+00 -1.53798000e+01 4.62180000e-02 3.52256000e+00 -1.52562000e+01 0.00000000e+00 1.45970000e-01 -1.39396000e+01 0.00000000e+00 1.64769000e-01 -1.40188000e+01 1.94984000e-02 1.62991000e-01 -1.40147000e+01 2.06369000e-02 1.44639000e-01 -1.39359000e+01 0.00000000e+00 -1.56185000e-01 -1.38914000e+01 0.00000000e+00 -1.53966000e-01 -1.40529000e+01 2.68172000e-02 -1.53901000e-01 -1.40488000e+01 2.63845000e-02 -1.56065000e-01 -1.38880000e+01 4.02871000e-02 1.57882000e-01 -1.40022000e+01 4.20031000e-02 1.40750000e-01 -1.39247000e+01 5.46106000e-02 -1.53700000e-01 -1.40366000e+01 5.32749000e-02 -1.55797000e-01 -1.38780000e+01 6.26225000e-02 1.50289000e-01 -1.39818000e+01 6.37801000e-02 1.34744000e-01 -1.39059000e+01 8.31965000e-02 -1.53514000e-01 -1.40170000e+01 8.04618000e-02 -1.55684000e-01 -1.38616000e+01 8.15635000e-02 1.38915000e-01 -1.39491000e+01 8.29563000e-02 1.26081000e-01 -1.38771000e+01 1.11493000e-01 -1.53339000e-01 -1.39900000e+01 1.07567000e-01 -1.55616000e-01 -1.38382000e+01 0.00000000e+00 -4.50992000e-01 -1.38695000e+01 0.00000000e+00 -4.66436000e-01 -1.41122000e+01 3.44609000e-02 -4.64653000e-01 -1.41075000e+01 3.22830000e-02 -4.49496000e-01 -1.38660000e+01 6.91722000e-02 -4.59643000e-01 -1.40939000e+01 6.45965000e-02 -4.45401000e-01 -1.38559000e+01 1.03898000e-01 -4.52138000e-01 -1.40723000e+01 9.71183000e-02 -4.39436000e-01 -1.38395000e+01 1.39050000e-01 -4.42420000e-01 -1.40428000e+01 1.29896000e-01 -4.31488000e-01 -1.38162000e+01 0.00000000e+00 2.06193000e-01 -1.40968000e+01 1.76636000e-02 2.03693000e-01 -1.40924000e+01 0.00000000e+00 -1.08917000e-01 -1.42198000e+01 2.63473000e-02 -1.09262000e-01 -1.42148000e+01 3.72725000e-02 1.96685000e-01 -1.40791000e+01 5.42169000e-02 -1.09993000e-01 -1.42000000e+01 5.94375000e-02 1.86536000e-01 -1.40572000e+01 8.35425000e-02 -1.10836000e-01 -1.41759000e+01 7.81388000e-02 1.71135000e-01 -1.40220000e+01 1.12126000e-01 -1.11689000e-01 -1.41436000e+01 0.00000000e+00 -4.14995000e-01 -1.43653000e+01 3.52767000e-02 -4.13431000e-01 -1.43592000e+01 7.12113000e-02 -4.08688000e-01 -1.43413000e+01 1.07287000e-01 -4.01165000e-01 -1.43129000e+01 1.43211000e-01 -3.91195000e-01 -1.42753000e+01 0.00000000e+00 2.68499000e-01 -1.41668000e+01 1.51640000e-02 2.65163000e-01 -1.41622000e+01 0.00000000e+00 -1.69690000e-02 -1.43796000e+01 2.49713000e-02 -1.81433000e-02 -1.43737000e+01 3.28243000e-02 2.55884000e-01 -1.41484000e+01 5.18713000e-02 -2.10641000e-02 -1.43560000e+01 5.39801000e-02 2.42659000e-01 -1.41254000e+01 8.09579000e-02 -2.46512000e-02 -1.43270000e+01 7.20309000e-02 2.22773000e-01 -1.40886000e+01 1.08675000e-01 -2.82171000e-02 -1.42882000e+01 0.00000000e+00 -2.91232000e-01 -1.46098000e+01 3.48329000e-02 -2.90559000e-01 -1.46024000e+01 7.07766000e-02 -2.88048000e-01 -1.45800000e+01 1.06998000e-01 -2.83110000e-01 -1.45438000e+01 1.42050000e-01 -2.75293000e-01 -1.44962000e+01 0.00000000e+00 3.48531000e-01 -1.42231000e+01 1.21015000e-02 3.44374000e-01 -1.42185000e+01 0.00000000e+00 1.20501000e-01 -1.45175000e+01 2.28267000e-02 1.18168000e-01 -1.45109000e+01 2.69327000e-02 3.32746000e-01 -1.42046000e+01 4.74899000e-02 1.11840000e-01 -1.44907000e+01 4.61431000e-02 3.16226000e-01 -1.41809000e+01 7.49715000e-02 1.03469000e-01 -1.44570000e+01 6.30845000e-02 2.91772000e-01 -1.41430000e+01 1.00634000e-01 9.49933000e-02 -1.44113000e+01 0.00000000e+00 -9.68164000e-02 -1.48230000e+01 3.33102000e-02 -9.75808000e-02 -1.48144000e+01 6.76956000e-02 -9.92337000e-02 -1.47882000e+01 1.02349000e-01 -9.99591000e-02 -1.47446000e+01 1.34758000e-01 -9.74991000e-02 -1.46862000e+01 0.00000000e+00 4.42288000e-01 -1.42615000e+01 8.59866000e-03 4.37401000e-01 -1.42569000e+01 0.00000000e+00 2.96318000e-01 -1.46188000e+01 1.98913000e-02 2.92592000e-01 -1.46117000e+01 1.98386000e-02 4.23585000e-01 -1.42430000e+01 4.11178000e-02 2.82098000e-01 -1.45899000e+01 3.60141000e-02 4.03634000e-01 -1.42190000e+01 6.52154000e-02 2.67173000e-01 -1.45527000e+01 5.13510000e-02 3.74579000e-01 -1.41804000e+01 8.75358000e-02 2.51339000e-01 -1.45009000e+01 0.00000000e+00 1.58257000e-01 -1.49827000e+01 3.06930000e-02 1.55653000e-01 -1.49732000e+01 6.19020000e-02 1.48517000e-01 -1.49443000e+01 9.26172000e-02 1.39350000e-01 -1.48951000e+01 1.20447000e-01 1.32505000e-01 -1.48267000e+01 0.00000000e+00 0.00000000e+00 -9.64907000e+00 0.00000000e+00 3.82518000e-02 -9.78008000e+00 -7.33008000e-05 3.82233000e-02 -9.77867000e+00 -3.74350000e-04 0.00000000e+00 -9.64765000e+00 0.00000000e+00 0.00000000e+00 -9.64769000e+00 0.00000000e+00 9.97411000e-03 -9.77840000e+00 2.17978000e-03 9.94312000e-03 -9.77699000e+00 1.89265000e-03 0.00000000e+00 -9.64627000e+00 -1.46627000e-04 3.81365000e-02 -9.77444000e+00 -7.46843000e-04 0.00000000e+00 -9.64339000e+00 4.35996000e-03 9.85002000e-03 -9.77276000e+00 3.78576000e-03 0.00000000e+00 -9.64201000e+00 -2.20296000e-04 3.79890000e-02 -9.76738000e+00 -1.11681000e-03 0.00000000e+00 -9.63631000e+00 6.54132000e-03 9.69551000e-03 -9.76570000e+00 5.68021000e-03 0.00000000e+00 -9.63492000e+00 -2.91152000e-04 3.77798000e-02 -9.75751000e+00 -1.47921000e-03 0.00000000e+00 -9.62639000e+00 8.72185000e-03 9.48119000e-03 -9.75582000e+00 7.57380000e-03 0.00000000e+00 -9.62500000e+00 0.00000000e+00 0.00000000e+00 -9.64683000e+00 0.00000000e+00 -1.82862000e-02 -9.77728000e+00 4.43209000e-03 -1.83196000e-02 -9.77587000e+00 4.15902000e-03 0.00000000e+00 -9.64541000e+00 8.86512000e-03 -1.84192000e-02 -9.77164000e+00 8.31724000e-03 0.00000000e+00 -9.64116000e+00 1.32991000e-02 -1.85824000e-02 -9.76458000e+00 1.24742000e-02 0.00000000e+00 -9.63406000e+00 1.77355000e-02 -1.88051000e-02 -9.75470000e+00 1.66293000e-02 0.00000000e+00 -9.62414000e+00 0.00000000e+00 6.78009000e-02 -1.00945000e+01 6.94136000e-04 6.77399000e-02 -1.00931000e+01 0.00000000e+00 1.49415000e-02 -1.00921000e+01 2.90906000e-03 1.48779000e-02 -1.00907000e+01 1.38497000e-03 6.75603000e-02 -1.00890000e+01 5.81960000e-03 1.46886000e-02 -1.00865000e+01 2.06661000e-03 6.72687000e-02 -1.00820000e+01 8.73378000e-03 1.43759000e-02 -1.00796000e+01 2.73509000e-03 6.68678000e-02 -1.00723000e+01 1.16488000e-02 1.39427000e-02 -1.00698000e+01 0.00000000e+00 -3.79241000e-02 -1.00903000e+01 5.12252000e-03 -3.79908000e-02 -1.00889000e+01 1.02523000e-02 -3.81901000e-02 -1.00847000e+01 1.53966000e-02 -3.85213000e-02 -1.00778000e+01 2.05608000e-02 -3.89794000e-02 -1.00681000e+01 0.00000000e+00 8.90541000e-02 -1.05083000e+01 1.84467000e-03 8.89595000e-02 -1.05070000e+01 0.00000000e+00 1.41995000e-02 -1.05049000e+01 3.97435000e-03 1.40907000e-02 -1.05035000e+01 3.67898000e-03 8.86729000e-02 -1.05030000e+01 7.95423000e-03 1.37678000e-02 -1.04995000e+01 5.49786000e-03 8.81895000e-02 -1.04962000e+01 1.19455000e-02 1.32437000e-02 -1.04928000e+01 7.28643000e-03 8.74870000e-02 -1.04867000e+01 1.59547000e-02 1.25386000e-02 -1.04833000e+01 0.00000000e+00 -6.05922000e-02 -1.05022000e+01 6.10142000e-03 -6.07141000e-02 -1.05008000e+01 1.22232000e-02 -6.10726000e-02 -1.04968000e+01 1.83772000e-02 -6.16406000e-02 -1.04901000e+01 2.45914000e-02 -6.23638000e-02 -1.04806000e+01 0.00000000e+00 1.02565000e-01 -1.09687000e+01 3.77173000e-03 1.02443000e-01 -1.09675000e+01 0.00000000e+00 7.62955000e-03 -1.09638000e+01 5.64434000e-03 7.46117000e-03 -1.09626000e+01 7.48697000e-03 1.02078000e-01 -1.09639000e+01 1.12582000e-02 6.95844000e-03 -1.09591000e+01 1.10714000e-02 1.01482000e-01 -1.09579000e+01 1.68684000e-02 6.13188000e-03 -1.09531000e+01 1.44988000e-02 1.00695000e-01 -1.09492000e+01 2.24178000e-02 5.00420000e-03 -1.09445000e+01 0.00000000e+00 -8.72391000e-02 -1.09598000e+01 7.48935000e-03 -8.74548000e-02 -1.09586000e+01 1.50174000e-02 -8.80974000e-02 -1.09551000e+01 2.25800000e-02 -8.91550000e-02 -1.09491000e+01 3.02838000e-02 -9.05977000e-02 -1.09405000e+01 0.00000000e+00 1.12423000e-01 -1.14498000e+01 6.75406000e-03 1.12249000e-01 -1.14488000e+01 0.00000000e+00 -4.07823000e-03 -1.14411000e+01 8.28500000e-03 -4.30389000e-03 -1.14401000e+01 1.34544000e-02 1.11722000e-01 -1.14459000e+01 1.65089000e-02 -4.97978000e-03 -1.14372000e+01 1.98286000e-02 1.10821000e-01 -1.14407000e+01 2.47203000e-02 -6.11007000e-03 -1.14324000e+01 2.55900000e-02 1.09514000e-01 -1.14329000e+01 3.24667000e-02 -7.67754000e-03 -1.14252000e+01 0.00000000e+00 -1.20266000e-01 -1.14350000e+01 9.76568000e-03 -1.20546000e-01 -1.14340000e+01 1.95506000e-02 -1.21380000e-01 -1.14311000e+01 2.92715000e-02 -1.22782000e-01 -1.14263000e+01 3.90049000e-02 -1.24699000e-01 -1.14195000e+01 0.00000000e+00 1.19646000e-01 -1.19398000e+01 1.02843000e-02 1.19435000e-01 -1.19389000e+01 0.00000000e+00 -2.11504000e-02 -1.19266000e+01 1.15974000e-02 -2.13930000e-02 -1.19258000e+01 2.04557000e-02 1.18781000e-01 -1.19364000e+01 2.30570000e-02 -2.21375000e-02 -1.19234000e+01 3.01318000e-02 1.17657000e-01 -1.19319000e+01 3.43740000e-02 -2.33907000e-02 -1.19192000e+01 3.87845000e-02 1.15991000e-01 -1.19247000e+01 4.50641000e-02 -2.52027000e-02 -1.19130000e+01 0.00000000e+00 -1.61646000e-01 -1.19179000e+01 1.28257000e-02 -1.61926000e-01 -1.19171000e+01 2.56236000e-02 -1.62766000e-01 -1.19147000e+01 3.82522000e-02 -1.64169000e-01 -1.19107000e+01 5.06686000e-02 -1.66159000e-01 -1.19049000e+01 0.00000000e+00 1.24211000e-01 -1.24334000e+01 1.40200000e-02 1.23961000e-01 -1.24326000e+01 0.00000000e+00 -4.42621000e-02 -1.24149000e+01 1.53404000e-02 -4.44867000e-02 -1.24141000e+01 2.78427000e-02 1.23215000e-01 -1.24300000e+01 3.04824000e-02 -4.51555000e-02 -1.24117000e+01 4.10744000e-02 1.21945000e-01 -1.24254000e+01 4.53500000e-02 -4.62893000e-02 -1.24076000e+01 5.28376000e-02 1.20044000e-01 -1.24178000e+01 5.95172000e-02 -4.80303000e-02 -1.24013000e+01 0.00000000e+00 -2.13076000e-01 -1.24033000e+01 1.65492000e-02 -2.13271000e-01 -1.24025000e+01 3.30457000e-02 -2.13835000e-01 -1.24002000e+01 4.93223000e-02 -2.14782000e-01 -1.23962000e+01 6.52155000e-02 -2.16206000e-01 -1.23904000e+01 0.00000000e+00 1.28122000e-01 -1.29289000e+01 1.75429000e-02 1.27796000e-01 -1.29278000e+01 0.00000000e+00 -7.42168000e-02 -1.29034000e+01 1.93151000e-02 -7.43624000e-02 -1.29024000e+01 3.47823000e-02 1.26784000e-01 -1.29243000e+01 3.83503000e-02 -7.48285000e-02 -1.28993000e+01 5.14233000e-02 1.25033000e-01 -1.29183000e+01 5.70203000e-02 -7.56264000e-02 -1.28939000e+01 6.62474000e-02 1.22524000e-01 -1.29085000e+01 7.51923000e-02 -7.68374000e-02 -1.28857000e+01 0.00000000e+00 -2.75865000e-01 -1.28886000e+01 2.09625000e-02 -2.75850000e-01 -1.28876000e+01 4.18338000e-02 -2.75783000e-01 -1.28846000e+01 6.25624000e-02 -2.75639000e-01 -1.28793000e+01 8.28518000e-02 -2.75797000e-01 -1.28715000e+01 0.00000000e+00 1.33018000e-01 -1.34300000e+01 2.01420000e-02 1.32479000e-01 -1.34280000e+01 0.00000000e+00 -1.09359000e-01 -1.33942000e+01 2.32101000e-02 -1.09379000e-01 -1.33925000e+01 4.00416000e-02 1.30780000e-01 -1.34219000e+01 4.61885000e-02 -1.09562000e-01 -1.33872000e+01 5.95094000e-02 1.27650000e-01 -1.34117000e+01 6.88394000e-02 -1.10103000e-01 -1.33782000e+01 7.69302000e-02 1.23760000e-01 -1.33957000e+01 9.14043000e-02 -1.11076000e-01 -1.33649000e+01 0.00000000e+00 -3.56041000e-01 -1.33759000e+01 2.62981000e-02 -3.55439000e-01 -1.33742000e+01 5.24403000e-02 -3.53820000e-01 -1.33689000e+01 7.85734000e-02 -3.51396000e-01 -1.33599000e+01 1.04542000e-01 -3.48355000e-01 -1.33467000e+01 -1.10330000e+00 1.58636000e+00 -1.37053000e+01 -1.51908000e+00 6.35863000e-01 -1.36545000e+01 -1.28429000e+00 1.63758000e+00 -1.42154000e+01 -1.57665000e+00 7.12776000e-01 -1.42831000e+01 -1.62084000e+00 6.42373000e-01 -1.31536000e+01 -1.89774000e+00 2.01404000e-01 -1.31065000e+01 -1.71878000e+00 6.58337000e-01 -1.33987000e+01 -1.93271000e+00 2.29000000e-01 -1.34110000e+01 -1.81397000e+00 2.31346000e-01 -1.25970000e+01 -2.02717000e+00 3.96731000e-02 -1.25700000e+01 -1.84098000e+00 2.37271000e-01 -1.27020000e+01 -2.02968000e+00 4.92110000e-02 -1.27059000e+01 -1.88160000e+00 9.00492000e-02 -1.19558000e+01 -2.08068000e+00 -8.47323000e-03 -1.19478000e+01 -1.89244000e+00 9.20630000e-02 -1.20111000e+01 -2.08122000e+00 -5.21461000e-03 -1.20160000e+01 -1.91907000e+00 3.35896000e-02 -1.12921000e+01 -2.11099000e+00 -2.02857000e-02 -1.12929000e+01 -1.92216000e+00 3.41513000e-02 -1.13239000e+01 -2.10852000e+00 -1.93791000e-02 -1.13290000e+01 -1.94433000e+00 7.00028000e-03 -1.06219000e+01 -2.13258000e+00 -2.16872000e-02 -1.06265000e+01 -1.94680000e+00 7.15627000e-03 -1.06398000e+01 -2.13163000e+00 -2.15466000e-02 -1.06446000e+01 -1.96737000e+00 -1.03095000e-02 -9.95000000e+00 -2.15327000e+00 -2.22513000e-02 -9.95698000e+00 -1.96896000e+00 -1.04950000e-02 -9.95835000e+00 -2.15246000e+00 -2.26082000e-02 -9.96334000e+00 -1.98922000e+00 -2.12254000e-02 -9.27635000e+00 -2.17371000e+00 -2.19904000e-02 -9.28466000e+00 -1.99049000e+00 -2.16219000e-02 -9.27831000e+00 -2.17340000e+00 -2.26258000e-02 -9.28341000e+00 -2.01110000e+00 -2.63735000e-02 -8.60066000e+00 -2.19479000e+00 -2.03151000e-02 -8.60956000e+00 -2.01155000e+00 -2.68574000e-02 -8.59856000e+00 -2.19433000e+00 -2.10541000e-02 -8.60375000e+00 -2.03266000e+00 -2.70519000e-02 -7.92284000e+00 -2.21603000e+00 -1.74202000e-02 -7.93186000e+00 -2.03277000e+00 -2.75691000e-02 -7.91853000e+00 -2.21566000e+00 -1.81832000e-02 -7.92379000e+00 -2.05436000e+00 -2.45135000e-02 -7.24298000e+00 -2.23770000e+00 -1.36288000e-02 -7.25180000e+00 -2.05398000e+00 -2.50134000e-02 -7.23776000e+00 -2.23716000e+00 -1.43582000e-02 -7.24307000e+00 -2.07599000e+00 -1.97223000e-02 -6.56118000e+00 -2.25952000e+00 -9.17968000e-03 -6.56964000e+00 -2.07539000e+00 -2.01852000e-02 -6.55599000e+00 -2.25893000e+00 -9.84722000e-03 -6.56133000e+00 -2.09772000e+00 -1.35176000e-02 -5.87754000e+00 -2.28154000e+00 -4.37077000e-03 -5.88554000e+00 -2.09685000e+00 -1.39243000e-02 -5.87299000e+00 -2.28082000e+00 -4.95743000e-03 -5.87835000e+00 -2.11944000e+00 -6.47129000e-03 -5.19216000e+00 -2.30363000e+00 6.08451000e-04 -5.19968000e+00 -2.11844000e+00 -6.81713000e-03 -5.18867000e+00 -2.30282000e+00 1.08890000e-04 -5.19405000e+00 -2.14121000e+00 1.10774000e-03 -4.50514000e+00 -2.32577000e+00 5.68169000e-03 -4.51219000e+00 -2.14001000e+00 8.27612000e-04 -4.50298000e+00 -2.32482000e+00 5.27179000e-03 -4.50837000e+00 -2.16293000e+00 9.20631000e-03 -3.81657000e+00 -2.34784000e+00 1.09269000e-02 -3.82320000e+00 -2.16155000e+00 8.99071000e-03 -3.81598000e+00 -2.34673000e+00 1.06039000e-02 -3.82140000e+00 -2.18456000e+00 1.80816000e-02 -3.12661000e+00 -2.36973000e+00 1.65580000e-02 -3.13290000e+00 -2.18289000e+00 1.79317000e-02 -3.12785000e+00 -2.36839000e+00 1.63186000e-02 -3.13331000e+00 -2.20589000e+00 2.80826000e-02 -2.43553000e+00 -2.39120000e+00 2.28149000e-02 -2.44159000e+00 -2.20387000e+00 2.79983000e-02 -2.43895000e+00 -2.38959000e+00 2.26536000e-02 -2.44448000e+00 -2.22653000e+00 3.90476000e-02 -1.74412000e+00 -2.41190000e+00 2.96468000e-02 -1.75011000e+00 -2.22423000e+00 3.90348000e-02 -1.75002000e+00 -2.41006000e+00 2.95638000e-02 -1.75566000e+00 -2.24601000e+00 4.97337000e-02 -1.05409000e+00 -2.43146000e+00 3.64421000e-02 -1.06010000e+00 -2.24380000e+00 4.97694000e-02 -1.06236000e+00 -2.42962000e+00 3.64146000e-02 -1.06813000e+00 -1.46745000e+00 1.59743000e+00 -1.47386000e+01 -1.62060000e+00 7.19648000e-01 -1.49406000e+01 -1.81140000e+00 6.49321000e-01 -1.36399000e+01 -1.95829000e+00 2.29574000e-01 -1.37295000e+01 -1.87024000e+00 2.28775000e-01 -1.28065000e+01 -2.03224000e+00 3.99004000e-02 -1.28519000e+01 -1.90262000e+00 9.00337000e-02 -1.20655000e+01 -2.08009000e+00 -7.66739000e-03 -1.20870000e+01 -1.92610000e+00 3.36214000e-02 -1.13555000e+01 -2.10665000e+00 -1.98119000e-02 -1.13657000e+01 -1.94873000e+00 7.15473000e-03 -1.06576000e+01 -2.12981000e+00 -2.14334000e-02 -1.06626000e+01 -1.97100000e+00 -1.01687000e-02 -9.96685000e+00 -2.15165000e+00 -2.23377000e-02 -9.96930000e+00 -1.99154000e+00 -2.11188000e-02 -9.28047000e+00 -2.17266000e+00 -2.22680000e-02 -9.28157000e+00 -2.01221000e+00 -2.62887000e-02 -8.59672000e+00 -2.19380000e+00 -2.06610000e-02 -8.59733000e+00 -2.03279000e+00 -2.70135000e-02 -7.91447000e+00 -2.21507000e+00 -1.78127000e-02 -7.91513000e+00 -2.05370000e+00 -2.45036000e-02 -7.23279000e+00 -2.23657000e+00 -1.40273000e-02 -7.23379000e+00 -2.07474000e+00 -1.97521000e-02 -6.55101000e+00 -2.25822000e+00 -9.57866000e-03 -6.55253000e+00 -2.09603000e+00 -1.35726000e-02 -5.86863000e+00 -2.28004000e+00 -4.75145000e-03 -5.87076000e+00 -2.11741000e+00 -6.54862000e-03 -5.18533000e+00 -2.30192000e+00 2.54058000e-04 -5.18808000e+00 -2.13885000e+00 1.02326000e-03 -4.50094000e+00 -2.32381000e+00 5.36691000e-03 -4.50430000e+00 -2.16017000e+00 9.12557000e-03 -3.81549000e+00 -2.34554000e+00 1.06617000e-02 -3.81940000e+00 -2.18123000e+00 1.80241000e-02 -3.12916000e+00 -2.36698000e+00 1.63567000e-02 -3.13358000e+00 -2.20184000e+00 2.80674000e-02 -2.44243000e+00 -2.38791000e+00 2.26920000e-02 -2.44726000e+00 -2.22194000e+00 3.90972000e-02 -1.75595000e+00 -2.40817000e+00 2.96210000e-02 -1.76110000e+00 -2.24158000e+00 4.98227000e-02 -1.07067000e+00 -2.42773000e+00 3.64858000e-02 -1.07605000e+00 -7.74320000e-01 2.28310000e+00 -1.38550000e+01 -1.05483000e+00 2.31587000e+00 -1.41960000e+01 -1.35912000e+00 9.62341000e-01 -1.32280000e+01 -1.50872000e+00 9.67815000e-01 -1.33994000e+01 -1.60845000e+00 3.68879000e-01 -1.26236000e+01 -1.65248000e+00 3.71611000e-01 -1.26983000e+01 -1.68670000e+00 1.66041000e-01 -1.19634000e+01 -1.70481000e+00 1.66965000e-01 -1.20060000e+01 -1.72885000e+00 7.95407000e-02 -1.12920000e+01 -1.73630000e+00 7.99237000e-02 -1.13190000e+01 -1.75728000e+00 3.42642000e-02 -1.06185000e+01 -1.76249000e+00 3.44471000e-02 -1.06351000e+01 -1.78217000e+00 4.12886000e-03 -9.94414000e+00 -1.78557000e+00 4.05657000e-03 -9.95369000e+00 -1.80526000e+00 -1.56831000e-02 -9.26902000e+00 -1.80765000e+00 -1.59397000e-02 -9.27357000e+00 -1.82775000e+00 -2.66380000e-02 -8.59258000e+00 -1.82878000e+00 -2.69817000e-02 -8.59374000e+00 -1.84956000e+00 -3.06829000e-02 -7.91450000e+00 -1.84988000e+00 -3.10696000e-02 -7.91362000e+00 -1.87124000e+00 -2.96907000e-02 -7.23470000e+00 -1.87079000e+00 -3.00705000e-02 -7.23276000e+00 -1.89268000e+00 -2.51565000e-02 -6.55316000e+00 -1.89184000e+00 -2.55117000e-02 -6.55092000e+00 -1.91411000e+00 -1.83147000e-02 -5.86990000e+00 -1.91290000e+00 -1.86247000e-02 -5.86785000e+00 -1.93547000e+00 -1.00189000e-02 -5.18494000e+00 -1.93407000e+00 -1.02791000e-02 -5.18347000e+00 -1.95687000e+00 -7.42048000e-04 -4.49834000e+00 -1.95525000e+00 -9.46205000e-04 -4.49772000e+00 -1.97827000e+00 9.45423000e-03 -3.81018000e+00 -1.97643000e+00 9.30565000e-03 -3.81066000e+00 -1.99969000e+00 2.09046000e-02 -3.12058000e+00 -1.99747000e+00 2.08145000e-02 -3.12246000e+00 -2.02092000e+00 3.41193000e-02 -2.42977000e+00 -2.01826000e+00 3.40901000e-02 -2.43347000e+00 -2.04153000e+00 4.88723000e-02 -1.73848000e+00 -2.03853000e+00 4.89119000e-02 -1.74441000e+00 -2.06087000e+00 6.32458000e-02 -1.04840000e+00 -2.05807000e+00 6.33283000e-02 -1.05658000e+00 -1.33553000e+00 2.25107000e+00 -1.45551000e+01 -1.65218000e+00 9.57374000e-01 -1.35684000e+01 -1.69846000e+00 3.66845000e-01 -1.27735000e+01 -1.72221000e+00 1.65616000e-01 -1.20485000e+01 -1.74441000e+00 7.93984000e-02 -1.13460000e+01 -1.76714000e+00 3.42870000e-02 -1.06518000e+01 -1.78935000e+00 4.22412000e-03 -9.96321000e+00 -1.80975000e+00 -1.56005000e-02 -9.27805000e+00 -1.83000000e+00 -2.65627000e-02 -8.59485000e+00 -1.85007000e+00 -3.06476000e-02 -7.91266000e+00 -1.87044000e+00 -2.96746000e-02 -7.23078000e+00 -1.89095000e+00 -2.51723000e-02 -6.54862000e+00 -1.91174000e+00 -1.83473000e-02 -5.86578000e+00 -1.93264000e+00 -1.00689000e-02 -5.18197000e+00 -1.95365000e+00 -7.96397000e-04 -4.49707000e+00 -1.97456000e+00 9.40180000e-03 -3.81112000e+00 -1.99527000e+00 2.08686000e-02 -3.12432000e+00 -2.01558000e+00 3.41107000e-02 -2.43716000e+00 -2.03555000e+00 4.89031000e-02 -1.75032000e+00 -2.05527000e+00 6.32855000e-02 -1.06473000e+00 -5.42943000e-01 2.68837000e+00 -1.40376000e+01 -8.80486000e-01 2.71199000e+00 -1.42073000e+01 -1.12596000e+00 1.16292000e+00 -1.33099000e+01 -1.30737000e+00 1.16117000e+00 -1.34122000e+01 -1.40869000e+00 4.63031000e-01 -1.26462000e+01 -1.46299000e+00 4.63986000e-01 -1.26977000e+01 -1.49547000e+00 2.23040000e-01 -1.19695000e+01 -1.51835000e+00 2.23551000e-01 -1.20017000e+01 -1.54063000e+00 1.17480000e-01 -1.12925000e+01 -1.55111000e+00 1.17794000e-01 -1.13145000e+01 -1.57124000e+00 5.88155000e-02 -1.06159000e+01 -1.57855000e+00 5.90011000e-02 -1.06306000e+01 -1.59760000e+00 1.93242000e-02 -9.93944000e+00 -1.60234000e+00 1.93284000e-02 -9.94905000e+00 -1.62150000e+00 -7.19665000e-03 -9.26285000e+00 -1.62480000e+00 -7.35410000e-03 -9.26877000e+00 -1.64446000e+00 -2.28381000e-02 -8.58558000e+00 -1.64600000e+00 -2.30776000e-02 -8.58881000e+00 -1.66639000e+00 -2.98621000e-02 -7.90711000e+00 -1.66696000e+00 -3.01484000e-02 -7.90858000e+00 -1.68800000e+00 -3.05108000e-02 -7.22724000e+00 -1.68758000e+00 -3.07972000e-02 -7.22764000e+00 -1.70920000e+00 -2.66312000e-02 -6.54584000e+00 -1.70828000e+00 -2.69006000e-02 -6.54572000e+00 -1.73033000e+00 -1.97275000e-02 -5.86283000e+00 -1.72894000e+00 -1.99594000e-02 -5.86261000e+00 -1.75134000e+00 -1.08429000e-02 -5.17820000e+00 -1.74971000e+00 -1.10326000e-02 -5.17817000e+00 -1.77240000e+00 -5.53418000e-04 -4.49195000e+00 -1.77049000e+00 -6.94056000e-04 -4.49237000e+00 -1.79350000e+00 1.10661000e-02 -3.80415000e+00 -1.79133000e+00 1.09746000e-02 -3.80527000e+00 -1.81472000e+00 2.44472000e-02 -3.11490000e+00 -1.81210000e+00 2.44087000e-02 -3.11702000e+00 -1.83590000e+00 4.03087000e-02 -2.42439000e+00 -1.83271000e+00 4.03270000e-02 -2.42795000e+00 -1.85652000e+00 5.84487000e-02 -1.73322000e+00 -1.85291000e+00 5.85342000e-02 -1.73874000e+00 -1.87572000e+00 7.62766000e-02 -1.04307000e+00 -1.87241000e+00 7.63992000e-02 -1.05069000e+00 -1.22342000e+00 2.64998000e+00 -1.43883000e+01 -1.48257000e+00 1.15374000e+00 -1.35112000e+01 -1.51970000e+00 4.61063000e-01 -1.27489000e+01 -1.54025000e+00 2.22518000e-01 -1.20337000e+01 -1.56236000e+00 1.17167000e-01 -1.13365000e+01 -1.58525000e+00 5.87304000e-02 -1.06453000e+01 -1.60749000e+00 1.93704000e-02 -9.95868000e+00 -1.62779000e+00 -7.14001000e-03 -9.27468000e+00 -1.64775000e+00 -2.27707000e-02 -8.59207000e+00 -1.66737000e+00 -2.98251000e-02 -7.91005000e+00 -1.68727000e+00 -3.04847000e-02 -7.22807000e+00 -1.70728000e+00 -2.66295000e-02 -6.54563000e+00 -1.72760000e+00 -1.97361000e-02 -5.86241000e+00 -1.74804000e+00 -1.08648000e-02 -5.17816000e+00 -1.76861000e+00 -5.78202000e-04 -4.49281000e+00 -1.78914000e+00 1.10411000e-02 -3.80640000e+00 -1.80949000e+00 2.44317000e-02 -3.11915000e+00 -1.82952000e+00 4.03063000e-02 -2.43152000e+00 -1.84932000e+00 5.84626000e-02 -1.74426000e+00 -1.86910000e+00 7.62692000e-02 -1.05829000e+00 -3.88116000e-01 2.82360000e+00 -1.42024000e+01 -7.43616000e-01 2.84322000e+00 -1.42249000e+01 -9.23413000e-01 1.25723000e+00 -1.33870000e+01 -1.11679000e+00 1.25138000e+00 -1.34291000e+01 -1.21351000e+00 5.22319000e-01 -1.26679000e+01 -1.27351000e+00 5.21962000e-01 -1.26996000e+01 -1.30752000e+00 2.63768000e-01 -1.19753000e+01 -1.33327000e+00 2.64086000e-01 -1.19980000e+01 -1.35420000e+00 1.47118000e-01 -1.12935000e+01 -1.36673000e+00 1.47365000e-01 -1.13103000e+01 -1.38625000e+00 7.95659000e-02 -1.06141000e+01 -1.39508000e+00 7.97594000e-02 -1.06262000e+01 -1.41361000e+00 3.38055000e-02 -9.93565000e+00 -1.41930000e+00 3.38950000e-02 -9.94447000e+00 -1.43804000e+00 2.64219000e-03 -9.25763000e+00 -1.44203000e+00 2.59877000e-03 -9.26401000e+00 -1.46127000e+00 -1.64959000e-02 -8.57944000e+00 -1.46324000e+00 -1.66104000e-02 -8.58389000e+00 -1.48322000e+00 -2.59690000e-02 -7.90050000e+00 -1.48403000e+00 -2.61329000e-02 -7.90353000e+00 -1.50468000e+00 -2.81871000e-02 -7.22045000e+00 -1.50436000e+00 -2.83580000e-02 -7.22250000e+00 -1.52562000e+00 -2.51899000e-02 -6.53907000e+00 -1.52470000e+00 -2.53538000e-02 -6.54051000e+00 -1.54642000e+00 -1.86425000e-02 -5.85624000e+00 -1.54496000e+00 -1.87794000e-02 -5.85734000e+00 -1.56708000e+00 -9.69533000e-03 -5.17185000e+00 -1.56534000e+00 -9.80080000e-03 -5.17285000e+00 -1.58780000e+00 1.02570000e-03 -4.48591000e+00 -1.58574000e+00 9.59371000e-04 -4.48701000e+00 -1.60861000e+00 1.34609000e-02 -3.79844000e+00 -1.60624000e+00 1.34347000e-02 -3.79987000e+00 -1.62964000e+00 2.81423000e-02 -3.10954000e+00 -1.62675000e+00 2.81613000e-02 -3.11157000e+00 -1.65079000e+00 4.60357000e-02 -2.41936000e+00 -1.64720000e+00 4.61060000e-02 -2.42242000e+00 -1.67147000e+00 6.71000000e-02 -1.72836000e+00 -1.66734000e+00 6.72365000e-02 -1.73305000e+00 -1.69056000e+00 8.81321000e-02 -1.03809000e+00 -1.68679000e+00 8.82993000e-02 -1.04471000e+00 -1.10570000e+00 2.80334000e+00 -1.42511000e+01 -1.30381000e+00 1.24881000e+00 -1.34689000e+01 -1.33603000e+00 5.19903000e-01 -1.27309000e+01 -1.35763000e+00 2.63177000e-01 -1.20204000e+01 -1.38025000e+00 1.46619000e-01 -1.13270000e+01 -1.40318000e+00 7.93836000e-02 -1.06383000e+01 -1.42545000e+00 3.38230000e-02 -9.95331000e+00 -1.44569000e+00 2.69954000e-03 -9.27038000e+00 -1.46543000e+00 -1.64026000e-02 -8.58836000e+00 -1.48468000e+00 -2.58961000e-02 -7.90657000e+00 -1.50415000e+00 -2.81178000e-02 -7.22457000e+00 -1.52370000e+00 -2.51417000e-02 -6.54196000e+00 -1.54356000e+00 -1.86033000e-02 -5.85845000e+00 -1.56356000e+00 -9.67047000e-03 -5.17386000e+00 -1.58371000e+00 1.04447000e-03 -4.48812000e+00 -1.60385000e+00 1.34731000e-02 -3.80130000e+00 -1.62387000e+00 2.81539000e-02 -3.11360000e+00 -1.64361000e+00 4.60446000e-02 -2.42549000e+00 -1.66322000e+00 6.71022000e-02 -1.73773000e+00 -1.68302000e+00 8.80798000e-02 -1.05132000e+00 -2.81081000e-01 2.74816000e+00 -1.43229000e+01 -6.23643000e-01 2.76579000e+00 -1.42371000e+01 -7.47264000e-01 1.26637000e+00 -1.34515000e+01 -9.35653000e-01 1.25884000e+00 -1.34458000e+01 -1.02407000e+00 5.51729000e-01 -1.26897000e+01 -1.08623000e+00 5.50575000e-01 -1.27035000e+01 -1.12229000e+00 2.89455000e-01 -1.19812000e+01 -1.14929000e+00 2.89753000e-01 -1.19947000e+01 -1.16953000e+00 1.67987000e-01 -1.12950000e+01 -1.18340000e+00 1.68218000e-01 -1.13062000e+01 -1.20230000e+00 9.56047000e-02 -1.06130000e+01 -1.21206000e+00 9.58090000e-02 -1.06219000e+01 -1.23024000e+00 4.63310000e-02 -9.93268000e+00 -1.23655000e+00 4.64939000e-02 -9.93993000e+00 -1.25494000e+00 1.24573000e-02 -9.25328000e+00 -1.25939000e+00 1.25143000e-02 -9.25926000e+00 -1.27823000e+00 -8.95459000e-03 -8.57414000e+00 -1.28053000e+00 -8.95815000e-03 -8.57895000e+00 -1.30009000e+00 -2.02431000e-02 -7.89463000e+00 -1.30111000e+00 -2.02964000e-02 -7.89846000e+00 -1.32132000e+00 -2.38217000e-02 -7.21432000e+00 -1.32114000e+00 -2.38872000e-02 -7.21732000e+00 -1.34196000e+00 -2.17933000e-02 -6.53289000e+00 -1.34111000e+00 -2.18596000e-02 -6.53526000e+00 -1.36241000e+00 -1.58862000e-02 -5.85013000e+00 -1.36099000e+00 -1.59347000e-02 -5.85202000e+00 -1.38270000e+00 -7.28596000e-03 -5.16593000e+00 -1.38096000e+00 -7.31239000e-03 -5.16749000e+00 -1.40308000e+00 3.37682000e-03 -4.48023000e+00 -1.40099000e+00 3.38044000e-03 -4.48161000e+00 -1.42360000e+00 1.60779000e-02 -3.79305000e+00 -1.42115000e+00 1.61137000e-02 -3.79444000e+00 -1.44442000e+00 3.14392000e-02 -3.10451000e+00 -1.44140000e+00 3.15128000e-02 -3.10610000e+00 -1.46554000e+00 5.06911000e-02 -2.41471000e+00 -1.46171000e+00 5.08104000e-02 -2.41689000e+00 -1.48635000e+00 7.41384000e-02 -1.72391000e+00 -1.48179000e+00 7.43246000e-02 -1.72733000e+00 -1.50537000e+00 9.81115000e-02 -1.03345000e+00 -1.50119000e+00 9.83219000e-02 -1.03863000e+00 -9.70896000e-01 2.75197000e+00 -1.41514000e+01 -1.11900000e+00 1.25967000e+00 -1.34391000e+01 -1.15028000e+00 5.48636000e-01 -1.27173000e+01 -1.17490000e+00 2.88780000e-01 -1.20081000e+01 -1.19828000e+00 1.67401000e-01 -1.13174000e+01 -1.22108000e+00 9.53349000e-02 -1.06308000e+01 -1.24331000e+00 4.63107000e-02 -9.94720000e+00 -1.26351000e+00 1.25048000e-02 -9.26522000e+00 -1.28305000e+00 -8.85091000e-03 -8.58378000e+00 -1.30199000e+00 -2.01472000e-02 -7.90227000e+00 -1.32107000e+00 -2.37212000e-02 -7.22034000e+00 -1.34019000e+00 -2.17088000e-02 -6.53763000e+00 -1.35961000e+00 -1.58081000e-02 -5.85393000e+00 -1.37918000e+00 -7.22188000e-03 -5.16907000e+00 -1.39892000e+00 3.43251000e-03 -4.48301000e+00 -1.41868000e+00 1.61220000e-02 -3.79583000e+00 -1.43839000e+00 3.14736000e-02 -3.10770000e+00 -1.45786000e+00 5.07086000e-02 -2.41907000e+00 -1.47725000e+00 7.41278000e-02 -1.73075000e+00 -1.49702000e+00 9.80106000e-02 -1.04380000e+00 -2.02072000e-01 2.53080000e+00 -1.43979000e+01 -5.10626000e-01 2.54674000e+00 -1.42409000e+01 -5.91312000e-01 1.21112000e+00 -1.35029000e+01 -7.63767000e-01 1.20354000e+00 -1.34600000e+01 -8.41573000e-01 5.53959000e-01 -1.27112000e+01 -9.02794000e-01 5.52585000e-01 -1.27083000e+01 -9.39638000e-01 3.00510000e-01 -1.19879000e+01 -9.66590000e-01 3.00866000e-01 -1.19921000e+01 -9.86544000e-01 1.79737000e-01 -1.12967000e+01 -1.00112000e+00 1.80029000e-01 -1.13021000e+01 -1.01935000e+00 1.06110000e-01 -1.06124000e+01 -1.02952000e+00 1.06335000e-01 -1.06176000e+01 -1.04750000e+00 5.57592000e-02 -9.93042000e+00 -1.05414000e+00 5.59938000e-02 -9.93540000e+00 -1.07223000e+00 2.09585000e-02 -9.24971000e+00 -1.07690000e+00 2.11162000e-02 -9.25449000e+00 -1.09537000e+00 -1.50575000e-03 -8.56961000e+00 -1.09791000e+00 -1.40143000e-03 -8.57399000e+00 -1.11703000e+00 -1.38980000e-02 -7.88948000e+00 -1.11823000e+00 -1.38411000e-02 -7.89334000e+00 -1.13796000e+00 -1.85093000e-02 -7.20883000e+00 -1.13794000e+00 -1.84699000e-02 -7.21210000e+00 -1.15825000e+00 -1.74069000e-02 -6.52725000e+00 -1.15753000e+00 -1.73751000e-02 -6.52996000e+00 -1.17832000e+00 -1.22964000e-02 -5.84451000e+00 -1.17700000e+00 -1.22561000e-02 -5.84667000e+00 -1.19823000e+00 -4.33836000e-03 -5.16041000e+00 -1.19657000e+00 -4.28512000e-03 -5.16210000e+00 -1.21825000e+00 5.86831000e-03 -4.47491000e+00 -1.21622000e+00 5.94224000e-03 -4.47619000e+00 -1.23846000e+00 1.83465000e-02 -3.78800000e+00 -1.23605000e+00 1.84446000e-02 -3.78898000e+00 -1.25906000e+00 3.37857000e-02 -3.09980000e+00 -1.25604000e+00 3.39142000e-02 -3.10062000e+00 -1.28013000e+00 5.36609000e-02 -2.41043000e+00 -1.27619000e+00 5.38284000e-02 -2.41135000e+00 -1.30110000e+00 7.88432000e-02 -1.71989000e+00 -1.29623000e+00 7.90806000e-02 -1.72159000e+00 -1.32013000e+00 1.05478000e-01 -1.02919000e+00 -1.31559000e+00 1.05735000e-01 -1.03245000e+00 -8.22277000e-01 2.55011000e+00 -1.40838000e+01 -9.32845000e-01 1.20552000e+00 -1.34177000e+01 -9.64766000e-01 5.50365000e-01 -1.27056000e+01 -9.92500000e-01 2.99832000e-01 -1.19962000e+01 -1.01646000e+00 1.79152000e-01 -1.13075000e+01 -1.03910000e+00 1.05775000e-01 -1.06227000e+01 -1.06115000e+00 5.57037000e-02 -9.94039000e+00 -1.08128000e+00 2.10037000e-02 -9.25926000e+00 -1.10063000e+00 -1.39182000e-03 -8.57839000e+00 -1.11929000e+00 -1.37761000e-02 -7.89720000e+00 -1.13800000e+00 -1.83761000e-02 -7.21540000e+00 -1.15673000e+00 -1.72836000e-02 -6.53268000e+00 -1.17573000e+00 -1.21778000e-02 -5.84885000e+00 -1.19488000e+00 -4.23360000e-03 -5.16380000e+00 -1.21422000e+00 5.96175000e-03 -4.47748000e+00 -1.23362000e+00 1.84233000e-02 -3.78998000e+00 -1.25303000e+00 3.38439000e-02 -3.10145000e+00 -1.27224000e+00 5.36890000e-02 -2.41227000e+00 -1.29138000e+00 7.88244000e-02 -1.72328000e+00 -1.31106000e+00 1.05331000e-01 -1.03571000e+00 -2.25811000e+00 -1.18462000e+00 -1.54306000e+01 -2.22792000e+00 -1.17092000e+00 -1.59600000e+01 -1.95259000e+00 -4.98479000e-01 -1.54753000e+01 -1.90691000e+00 -4.97725000e-01 -1.58324000e+01 -2.36593000e+00 -8.04323000e-01 -1.39487000e+01 -2.36207000e+00 -8.25487000e-01 -1.42588000e+01 -2.16390000e+00 -4.19418000e-01 -1.39987000e+01 -2.14959000e+00 -4.30150000e-01 -1.42047000e+01 -2.40725000e+00 -4.77522000e-01 -1.29523000e+01 -2.40808000e+00 -5.04708000e-01 -1.31154000e+01 -2.25188000e+00 -2.75814000e-01 -1.29808000e+01 -2.24352000e+00 -2.88138000e-01 -1.30896000e+01 -2.43419000e+00 -2.60106000e-01 -1.21359000e+01 -2.43890000e+00 -2.76375000e-01 -1.22152000e+01 -2.29761000e+00 -1.63127000e-01 -1.21504000e+01 -2.29634000e+00 -1.69917000e-01 -1.22024000e+01 -2.45308000e+00 -1.41264000e-01 -1.13904000e+01 -2.45976000e+00 -1.47959000e-01 -1.14264000e+01 -2.32746000e+00 -9.69103000e-02 -1.13966000e+01 -2.32930000e+00 -9.99506000e-02 -1.14204000e+01 -2.47205000e+00 -7.36545000e-02 -1.06760000e+01 -2.48030000e+00 -7.53993000e-02 -1.06898000e+01 -2.35064000e+00 -5.62319000e-02 -1.06767000e+01 -2.35445000e+00 -5.73848000e-02 -1.06857000e+01 -2.49047000e+00 -3.11581000e-02 -9.97714000e+00 -2.49985000e+00 -3.01182000e-02 -9.97783000e+00 -2.37260000e+00 -3.02129000e-02 -9.97422000e+00 -2.37765000e+00 -3.01622000e-02 -9.97446000e+00 -2.51039000e+00 -4.42655000e-03 -9.28631000e+00 -2.52037000e+00 -1.82755000e-03 -9.27922000e+00 -2.39385000e+00 -1.31712000e-02 -9.28113000e+00 -2.39971000e+00 -1.23622000e-02 -9.27618000e+00 -2.53057000e+00 1.20204000e-02 -8.60064000e+00 -2.54093000e+00 1.54095000e-02 -8.58943000e+00 -2.41552000e+00 -1.94496000e-03 -8.59426000e+00 -2.42189000e+00 -7.33267000e-04 -8.58659000e+00 -2.55174000e+00 2.13772000e-02 -7.91802000e+00 -2.56230000e+00 2.50029000e-02 -7.90513000e+00 -2.43716000e+00 5.25504000e-03 -7.91111000e+00 -2.44382000e+00 6.61799000e-03 -7.90234000e+00 -2.57330000e+00 2.59882000e-02 -7.23690000e+00 -2.58396000e+00 2.94857000e-02 -7.22399000e+00 -2.45919000e+00 9.79774000e-03 -7.22998000e+00 -2.46604000e+00 1.11415000e-02 -7.22123000e+00 -2.59543000e+00 2.74938000e-02 -6.55630000e+00 -2.60612000e+00 3.06411000e-02 -6.54447000e+00 -2.48135000e+00 1.25987000e-02 -6.54967000e+00 -2.48829000e+00 1.38146000e-02 -6.54167000e+00 -2.61781000e+00 2.70740000e-02 -5.87540000e+00 -2.62850000e+00 2.97521000e-02 -5.86531000e+00 -2.50372000e+00 1.42910000e-02 -5.86927000e+00 -2.51071000e+00 1.53182000e-02 -5.86245000e+00 -2.64040000e+00 2.55406000e-02 -5.19373000e+00 -2.65105000e+00 2.77032000e-02 -5.18571000e+00 -2.52612000e+00 1.53075000e-02 -5.18819000e+00 -2.53310000e+00 1.61177000e-02 -5.18277000e+00 -2.66297000e+00 2.34592000e-02 -4.51099000e+00 -2.67357000e+00 2.51076000e-02 -4.50520000e+00 -2.54848000e+00 1.59736000e-02 -4.50608000e+00 -2.55544000e+00 1.65595000e-02 -4.50217000e+00 -2.68537000e+00 2.12210000e-02 -3.82714000e+00 -2.69588000e+00 2.23873000e-02 -3.82363000e+00 -2.57065000e+00 1.65540000e-02 -3.82288000e+00 -2.57756000e+00 1.69199000e-02 -3.82050000e+00 -2.70735000e+00 1.91067000e-02 -3.14235000e+00 -2.71776000e+00 1.98425000e-02 -3.14113000e+00 -2.59244000e+00 1.72852000e-02 -3.13875000e+00 -2.59929000e+00 1.74400000e-02 -3.13791000e+00 -2.72867000e+00 1.73339000e-02 -2.45701000e+00 -2.73897000e+00 1.77057000e-02 -2.45809000e+00 -2.61365000e+00 1.83654000e-02 -2.45409000e+00 -2.62044000e+00 1.83195000e-02 -2.45479000e+00 -2.74907000e+00 1.60967000e-02 -1.77178000e+00 -2.75932000e+00 1.61756000e-02 -1.77507000e+00 -2.63406000e+00 1.99025000e-02 -1.76953000e+00 -2.64082000e+00 1.96690000e-02 -1.77171000e+00 -2.76842000e+00 1.55830000e-02 -1.08752000e+00 -2.77871000e+00 1.54213000e-02 -1.09280000e+00 -2.65358000e+00 2.18552000e-02 -1.08588000e+00 -2.66038000e+00 2.14548000e-02 -1.08939000e+00 -1.63284000e+00 1.82258000e-01 -1.55441000e+01 -1.57869000e+00 1.79240000e-01 -1.57183000e+01 -1.96569000e+00 -4.07935000e-02 -1.40686000e+01 -1.94203000e+00 -3.80772000e-02 -1.41702000e+01 -2.08917000e+00 -7.98439000e-02 -1.30286000e+01 -2.07400000e+00 -7.58733000e-02 -1.30837000e+01 -2.16280000e+00 -6.91266000e-02 -1.21737000e+01 -2.15588000e+00 -6.66272000e-02 -1.22009000e+01 -2.20012000e+00 -5.31276000e-02 -1.14052000e+01 -2.19772000e+00 -5.27828000e-02 -1.14178000e+01 -2.23023000e+00 -3.88391000e-02 -1.06778000e+01 -2.22978000e+00 -3.93266000e-02 -1.06822000e+01 -2.25408000e+00 -2.90405000e-02 -9.97092000e+00 -2.25503000e+00 -2.97641000e-02 -9.97058000e+00 -2.27780000e+00 -2.16668000e-02 -9.27534000e+00 -2.27970000e+00 -2.23363000e-02 -9.27229000e+00 -2.30040000e+00 -1.56506000e-02 -8.58716000e+00 -2.30291000e+00 -1.62192000e-02 -8.58267000e+00 -2.32292000e+00 -1.06165000e-02 -7.90347000e+00 -2.32572000e+00 -1.11205000e-02 -7.89844000e+00 -2.34517000e+00 -6.16533000e-03 -7.22235000e+00 -2.34823000e+00 -6.60125000e-03 -7.21737000e+00 -2.36752000e+00 -2.09824000e-03 -6.54241000e+00 -2.37069000e+00 -2.47935000e-03 -6.53788000e+00 -2.38976000e+00 1.67335000e-03 -5.86258000e+00 -2.39302000e+00 1.33832000e-03 -5.85872000e+00 -2.41202000e+00 5.20813000e-03 -5.18218000e+00 -2.41530000e+00 4.90718000e-03 -5.17909000e+00 -2.43414000e+00 8.59180000e-03 -4.50080000e+00 -2.43742000e+00 8.31276000e-03 -4.49853000e+00 -2.45607000e+00 1.19644000e-02 -3.81832000e+00 -2.45934000e+00 1.16908000e-02 -3.81689000e+00 -2.47766000e+00 1.55197000e-02 -3.13491000e+00 -2.48091000e+00 1.52282000e-02 -3.13430000e+00 -2.49875000e+00 1.94396000e-02 -2.45097000e+00 -2.50198000e+00 1.90977000e-02 -2.45115000e+00 -2.51915000e+00 2.37472000e-02 -1.76708000e+00 -2.52239000e+00 2.33230000e-02 -1.76802000e+00 -2.53884000e+00 2.81663000e-02 -1.08406000e+00 -2.54212000e+00 2.76537000e-02 -1.08566000e+00 -2.22423000e+00 -1.05460000e+00 -1.48997000e+01 -1.94942000e+00 -4.04634000e-01 -1.51241000e+01 -2.32535000e+00 -7.01656000e-01 -1.36589000e+01 -2.15092000e+00 -3.55038000e-01 -1.38059000e+01 -2.37568000e+00 -4.11022000e-01 -1.28086000e+01 -2.23800000e+00 -2.36472000e-01 -1.28839000e+01 -2.40220000e+00 -2.26778000e-01 -1.20671000e+01 -2.28004000e+00 -1.43873000e-01 -1.21041000e+01 -2.42088000e+00 -1.26363000e-01 -1.13580000e+01 -2.30842000e+00 -8.79397000e-02 -1.13748000e+01 -2.43912000e+00 -6.84480000e-02 -1.06623000e+01 -2.33017000e+00 -5.27397000e-02 -1.06677000e+01 -2.45704000e+00 -3.17151000e-02 -9.97472000e+00 -2.35146000e+00 -3.00867000e-02 -9.97298000e+00 -2.47658000e+00 -8.34668000e-03 -9.29072000e+00 -2.37213000e+00 -1.50979000e-02 -9.28452000e+00 -2.49661000e+00 6.35938000e-03 -8.60873000e+00 -2.39347000e+00 -4.97321000e-03 -8.60012000e+00 -2.51767000e+00 1.50609000e-02 -7.92770000e+00 -2.41492000e+00 1.78706000e-03 -7.91801000e+00 -2.53918000e+00 1.97586000e-02 -7.24670000e+00 -2.43681000e+00 6.33434000e-03 -7.23691000e+00 -2.56129000e+00 2.18242000e-02 -6.56527000e+00 -2.45890000e+00 9.43114000e-03 -6.55600000e+00 -2.58365000e+00 2.22367000e-02 -5.88296000e+00 -2.48121000e+00 1.15889000e-02 -5.87460000e+00 -2.60623000e+00 2.16684000e-02 -5.19955000e+00 -2.50358000e+00 1.31588000e-02 -5.19231000e+00 -2.62881000e+00 2.05947000e-02 -4.51492000e+00 -2.52594000e+00 1.44131000e-02 -4.50889000e+00 -2.65125000e+00 1.93570000e-02 -3.82910000e+00 -2.54812000e+00 1.55889000e-02 -3.82434000e+00 -2.67330000e+00 1.82110000e-02 -3.14229000e+00 -2.56995000e+00 1.69122000e-02 -3.13883000e+00 -2.69472000e+00 1.73591000e-02 -2.45488000e+00 -2.59121000e+00 1.85778000e-02 -2.45277000e+00 -2.71521000e+00 1.69699000e-02 -1.76758000e+00 -2.61164000e+00 2.06787000e-02 -1.76682000e+00 -2.73456000e+00 1.71970000e-02 -1.08147000e+00 -2.63116000e+00 2.31342000e-02 -1.08193000e+00 -1.66223000e+00 2.27509000e-01 -1.53745000e+01 -1.97836000e+00 -1.89263000e-02 -1.39717000e+01 -2.09379000e+00 -7.15734000e-02 -1.29774000e+01 -2.15975000e+00 -6.51891000e-02 -1.21485000e+01 -2.19413000e+00 -5.04273000e-02 -1.13936000e+01 -2.22230000e+00 -3.71466000e-02 -1.06735000e+01 -2.24527000e+00 -2.81766000e-02 -9.97084000e+00 -2.26811000e+00 -2.14613000e-02 -9.27771000e+00 -2.29018000e+00 -1.58966000e-02 -8.59079000e+00 -2.31241000e+00 -1.10785000e-02 -7.90760000e+00 -2.33446000e+00 -6.71033000e-03 -7.22644000e+00 -2.35667000e+00 -2.62431000e-03 -6.54612000e+00 -2.37884000e+00 1.22796000e-03 -5.86571000e+00 -2.40105000e+00 4.88570000e-03 -5.18462000e+00 -2.42314000e+00 8.41874000e-03 -4.50250000e+00 -2.44508000e+00 1.19641000e-02 -3.81928000e+00 -2.46667000e+00 1.57201000e-02 -3.13513000e+00 -2.48776000e+00 1.98781000e-02 -2.45045000e+00 -2.50814000e+00 2.44547000e-02 -1.76586000e+00 -2.52779000e+00 2.91299000e-02 -1.08221000e+00 -2.11708000e+00 -7.83436000e-01 -1.44124000e+01 -1.89807000e+00 -2.20079000e-01 -1.48046000e+01 -2.25134000e+00 -5.28938000e-01 -1.34147000e+01 -2.11664000e+00 -2.44482000e-01 -1.36413000e+01 -2.31482000e+00 -3.14196000e-01 -1.26943000e+01 -2.20406000e+00 -1.76707000e-01 -1.28056000e+01 -2.34546000e+00 -1.79979000e-01 -1.20123000e+01 -2.24614000e+00 -1.15196000e-01 -1.20664000e+01 -2.36581000e+00 -1.04706000e-01 -1.13309000e+01 -2.27379000e+00 -7.43166000e-02 -1.13564000e+01 -2.38402000e+00 -6.00631000e-02 -1.06496000e+01 -2.29493000e+00 -4.71315000e-02 -1.06595000e+01 -2.40211000e+00 -3.13641000e-02 -9.97087000e+00 -2.31591000e+00 -2.94214000e-02 -9.97087000e+00 -2.42146000e+00 -1.28073000e-02 -9.29232000e+00 -2.33621000e+00 -1.74790000e-02 -9.28615000e+00 -2.44162000e+00 -6.71816000e-04 -8.61341000e+00 -2.35740000e+00 -9.01735000e-03 -8.60381000e+00 -2.46260000e+00 6.98180000e-03 -7.93374000e+00 -2.37869000e+00 -2.95812000e-03 -7.92258000e+00 -2.48417000e+00 1.16746000e-02 -7.25297000e+00 -2.40052000e+00 1.54018000e-03 -7.24159000e+00 -2.50619000e+00 1.44121000e-02 -6.57099000e+00 -2.42249000e+00 5.01852000e-03 -6.56024000e+00 -2.52854000e+00 1.59002000e-02 -5.88766000e+00 -2.44476000e+00 7.81620000e-03 -5.87809000e+00 -2.55105000e+00 1.66176000e-02 -5.20294000e+00 -2.46706000e+00 1.01658000e-02 -5.19486000e+00 -2.57360000e+00 1.69205000e-02 -4.51686000e+00 -2.48939000e+00 1.22650000e-02 -4.51041000e+00 -2.59601000e+00 1.70844000e-02 -3.82950000e+00 -2.51154000e+00 1.43123000e-02 -3.82478000e+00 -2.61811000e+00 1.73428000e-02 -3.14105000e+00 -2.53339000e+00 1.65242000e-02 -3.13814000e+00 -2.63960000e+00 1.78867000e-02 -2.45193000e+00 -2.55467000e+00 1.90945000e-02 -2.45091000e+00 -2.66017000e+00 1.88436000e-02 -1.76287000e+00 -2.57514000e+00 2.20912000e-02 -1.76377000e+00 -2.67957000e+00 2.02688000e-02 -1.07515000e+00 -2.59465000e+00 2.53531000e-02 -1.07781000e+00 -1.67065000e+00 3.12330000e-01 -1.52204000e+01 -1.98128000e+00 2.41709000e-02 -1.38856000e+01 -2.08853000e+00 -5.29181000e-02 -1.29324000e+01 -2.14813000e+00 -5.57580000e-02 -1.21262000e+01 -2.18039000e+00 -4.50992000e-02 -1.13833000e+01 -2.20667000e+00 -3.43355000e-02 -1.06695000e+01 -2.22925000e+00 -2.71053000e-02 -9.97051000e+00 -2.25133000e+00 -2.15951000e-02 -9.27948000e+00 -2.27302000e+00 -1.67776000e-02 -8.59362000e+00 -2.29493000e+00 -1.23160000e-02 -7.91085000e+00 -2.31685000e+00 -8.04997000e-03 -7.22966000e+00 -2.33889000e+00 -3.89111000e-03 -6.54901000e+00 -2.36100000e+00 1.44606000e-04 -5.86811000e+00 -2.38313000e+00 4.05384000e-03 -5.18643000e+00 -2.40521000e+00 7.87953000e-03 -4.50369000e+00 -2.42710000e+00 1.17482000e-02 -3.81984000e+00 -2.44869000e+00 1.58619000e-02 -3.13505000e+00 -2.46975000e+00 2.04218000e-02 -2.44974000e+00 -2.49012000e+00 2.54338000e-02 -1.76453000e+00 -2.50974000e+00 3.05154000e-02 -1.08033000e+00 -1.94647000e+00 -3.84880000e-01 -1.40150000e+01 -1.80564000e+00 4.40906000e-02 -1.45439000e+01 -2.15094000e+00 -3.04746000e-01 -1.32349000e+01 -2.06656000e+00 -1.00006000e-01 -1.35171000e+01 -2.23053000e+00 -1.98661000e-01 -1.26155000e+01 -2.15360000e+00 -1.04181000e-01 -1.27496000e+01 -2.26917000e+00 -1.24557000e-01 -1.19738000e+01 -2.19947000e+00 -8.03844000e-02 -1.20390000e+01 -2.29183000e+00 -7.83854000e-02 -1.13105000e+01 -2.22606000e+00 -5.74010000e-02 -1.13424000e+01 -2.31104000e+00 -4.89591000e-02 -1.06389000e+01 -2.24787000e+00 -3.97270000e-02 -1.06526000e+01 -2.32948000e+00 -2.97232000e-02 -9.96611000e+00 -2.26835000e+00 -2.79861000e-02 -9.96822000e+00 -2.34913000e+00 -1.69313000e-02 -9.29140000e+00 -2.28886000e+00 -1.97634000e-02 -9.28621000e+00 -2.36940000e+00 -7.99951000e-03 -8.61473000e+00 -2.30979000e+00 -1.33939000e-02 -8.60538000e+00 -2.39050000e+00 -1.72076000e-03 -7.93613000e+00 -2.33113000e+00 -8.25937000e-03 -7.92485000e+00 -2.41205000e+00 2.82479000e-03 -7.25564000e+00 -2.35280000e+00 -3.89283000e-03 -7.24397000e+00 -2.43407000e+00 6.23757000e-03 -6.57338000e+00 -2.37475000e+00 -1.69799000e-05 -6.56237000e+00 -2.45631000e+00 8.89545000e-03 -5.88944000e+00 -2.39688000e+00 3.50133000e-03 -5.87972000e+00 -2.47874000e+00 1.10594000e-02 -5.20390000e+00 -2.41913000e+00 6.75435000e-03 -5.19586000e+00 -2.50117000e+00 1.29438000e-02 -4.51685000e+00 -2.44136000e+00 9.85102000e-03 -4.51070000e+00 -2.52353000e+00 1.47554000e-02 -3.82844000e+00 -2.46348000e+00 1.29467000e-02 -3.82430000e+00 -2.54560000e+00 1.67105000e-02 -3.13886000e+00 -2.48528000e+00 1.62515000e-02 -3.13685000e+00 -2.56714000e+00 1.90013000e-02 -2.44847000e+00 -2.50658000e+00 1.99651000e-02 -2.44874000e+00 -2.58778000e+00 2.17007000e-02 -1.75808000e+00 -2.52706000e+00 2.41221000e-02 -1.76070000e+00 -2.60724000e+00 2.46994000e-02 -1.06912000e+00 -2.54659000e+00 2.84386000e-02 -1.07390000e+00 -1.66029000e+00 4.30394000e-01 -1.50913000e+01 -1.97873000e+00 8.34083000e-02 -1.38148000e+01 -2.07422000e+00 -2.60812000e-02 -1.28955000e+01 -2.13015000e+00 -4.19948000e-02 -1.21081000e+01 -2.15964000e+00 -3.77241000e-02 -1.13750000e+01 -2.18505000e+00 -3.05991000e-02 -1.06662000e+01 -2.20717000e+00 -2.57763000e-02 -9.97005000e+00 -2.22870000e+00 -2.19144000e-02 -9.28065000e+00 -2.25006000e+00 -1.80520000e-02 -8.59562000e+00 -2.27179000e+00 -1.40574000e-02 -7.91316000e+00 -2.29351000e+00 -9.91969000e-03 -7.23194000e+00 -2.31545000e+00 -5.65856000e-03 -6.55103000e+00 -2.33744000e+00 -1.37163000e-03 -5.86973000e+00 -2.35952000e+00 2.87749000e-03 -5.18759000e+00 -2.38153000e+00 7.09769000e-03 -4.50435000e+00 -2.40340000e+00 1.13991000e-02 -3.82000000e+00 -2.42495000e+00 1.59884000e-02 -3.13471000e+00 -2.44599000e+00 2.10776000e-02 -2.44890000e+00 -2.46632000e+00 2.66578000e-02 -1.76321000e+00 -2.48591000e+00 3.22672000e-02 -1.07858000e+00 -1.73973000e+00 1.05571000e-01 -1.37519000e+01 -1.69170000e+00 3.64076000e-01 -1.43678000e+01 -2.02993000e+00 -5.28594000e-02 -1.31307000e+01 -2.00296000e+00 6.31149000e-02 -1.34400000e+01 -2.13204000e+00 -7.68820000e-02 -1.25747000e+01 -2.09343000e+00 -2.65663000e-02 -1.27170000e+01 -2.17866000e+00 -6.57452000e-02 -1.19523000e+01 -2.14296000e+00 -4.27372000e-02 -1.20224000e+01 -2.20486000e+00 -4.95135000e-02 -1.12977000e+01 -2.16955000e+00 -3.86250000e-02 -1.13332000e+01 -2.22512000e+00 -3.58530000e-02 -1.06310000e+01 -2.19205000e+00 -3.10028000e-02 -1.06475000e+01 -2.24456000e+00 -2.66444000e-02 -9.96122000e+00 -2.21255000e+00 -2.56699000e-02 -9.96551000e+00 -2.26450000e+00 -2.01140000e-02 -9.28861000e+00 -2.23325000e+00 -2.15236000e-02 -9.28509000e+00 -2.28517000e+00 -1.47675000e-02 -8.61323000e+00 -2.25416000e+00 -1.75069000e-02 -8.60516000e+00 -2.30631000e+00 -1.01126000e-02 -7.93531000e+00 -2.27548000e+00 -1.34564000e-02 -7.92506000e+00 -2.32793000e+00 -5.87216000e-03 -7.25508000e+00 -2.29708000e+00 -9.31954000e-03 -7.24430000e+00 -2.34985000e+00 -1.86802000e-03 -6.57278000e+00 -2.31893000e+00 -5.08986000e-03 -6.56258000e+00 -2.37201000e+00 1.93110000e-03 -5.88860000e+00 -2.34096000e+00 -8.57675000e-04 -5.87968000e+00 -2.39427000e+00 5.55864000e-03 -5.20268000e+00 -2.36309000e+00 3.32301000e-03 -5.19547000e+00 -2.41659000e+00 9.07997000e-03 -4.51518000e+00 -2.38522000e+00 7.46515000e-03 -4.50991000e+00 -2.43882000e+00 1.26345000e-02 -3.82623000e+00 -2.40724000e+00 1.16822000e-02 -3.82308000e+00 -2.46083000e+00 1.64312000e-02 -3.13603000e+00 -2.42900000e+00 1.61825000e-02 -3.13515000e+00 -2.48235000e+00 2.06784000e-02 -2.44491000e+00 -2.45026000e+00 2.11813000e-02 -2.44651000e+00 -2.50305000e+00 2.53873000e-02 -1.75369000e+00 -2.47075000e+00 2.66739000e-02 -1.75789000e+00 -2.52257000e+00 3.02215000e-02 -1.06395000e+00 -2.49029000e+00 3.22158000e-02 -1.07057000e+00 -1.64032000e+00 5.73930000e-01 -1.49951000e+01 -1.97083000e+00 1.53874000e-01 -1.37621000e+01 -2.05450000e+00 5.96584000e-03 -1.28683000e+01 -2.10676000e+00 -2.53423000e-02 -1.20949000e+01 -2.13437000e+00 -2.90235000e-02 -1.13691000e+01 -2.15884000e+00 -2.61892000e-02 -1.06639000e+01 -2.18066000e+00 -2.42001000e-02 -9.96961000e+00 -2.20180000e+00 -2.22319000e-02 -9.28131000e+00 -2.22304000e+00 -1.94740000e-02 -8.59682000e+00 -2.24452000e+00 -1.60308000e-02 -7.91457000e+00 -2.26614000e+00 -1.20514000e-02 -7.23329000e+00 -2.28792000e+00 -7.68121000e-03 -6.55219000e+00 -2.30984000e+00 -3.11219000e-03 -5.87060000e+00 -2.33181000e+00 1.52373000e-03 -5.18812000e+00 -2.35377000e+00 6.19520000e-03 -4.50454000e+00 -2.37558000e+00 1.09942000e-02 -3.81983000e+00 -2.39708000e+00 1.61323000e-02 -3.13420000e+00 -2.41807000e+00 2.18341000e-02 -2.44804000e+00 -2.43837000e+00 2.80728000e-02 -1.76203000e+00 -2.45794000e+00 3.42934000e-02 -1.07711000e+00 -9.71921000e-01 8.83158000e-04 -2.49485000e+01 -9.42476000e-01 0.00000000e+00 -2.51147000e+01 -4.84460000e-01 3.74671000e-02 -2.48897000e+01 -4.60918000e-01 0.00000000e+00 -2.50578000e+01 -1.34178000e+00 -2.70558000e-02 -2.21292000e+01 -1.30915000e+00 0.00000000e+00 -2.23195000e+01 -8.47005000e-01 1.46028000e-02 -2.20672000e+01 -8.16520000e-01 0.00000000e+00 -2.22584000e+01 -1.68768000e+00 -4.70484000e-02 -1.93087000e+01 -1.65659000e+00 0.00000000e+00 -1.95027000e+01 -1.20264000e+00 -4.60183000e-03 -1.92495000e+01 -1.17044000e+00 0.00000000e+00 -1.94436000e+01 -1.99334000e+00 -5.63408000e-02 -1.65824000e+01 -1.96859000e+00 0.00000000e+00 -1.67615000e+01 -1.53216000e+00 -1.73693000e-02 -1.65290000e+01 -1.50303000e+00 0.00000000e+00 -1.67074000e+01 -2.24203000e+00 -5.41031000e-02 -1.40317000e+01 -2.22659000e+00 0.00000000e+00 -1.41767000e+01 -1.81974000e+00 -2.27865000e-02 -1.39867000e+01 -1.79657000e+00 0.00000000e+00 -1.41301000e+01 -2.41026000e+00 -4.03582000e-02 -1.17692000e+01 -2.40623000e+00 0.00000000e+00 -1.18594000e+01 -2.05040000e+00 -2.09914000e-02 -1.17355000e+01 -2.03508000e+00 0.00000000e+00 -1.18238000e+01 -2.48630000e+00 -1.99063000e-02 -9.93570000e+00 -2.48999000e+00 0.00000000e+00 -9.95945000e+00 -2.21354000e+00 -1.50025000e-02 -9.91550000e+00 -2.20585000e+00 0.00000000e+00 -9.93741000e+00 -2.51162000e+00 -1.64405000e-03 -8.57407000e+00 -2.51544000e+00 0.00000000e+00 -8.54430000e+00 -2.31328000e+00 -8.16799000e-03 -8.56350000e+00 -2.31050000e+00 0.00000000e+00 -8.53291000e+00 -2.52770000e+00 1.02623000e-02 -7.55334000e+00 -2.53083000e+00 0.00000000e+00 -7.49366000e+00 -2.37166000e+00 -2.55324000e-03 -7.54668000e+00 -2.37125000e+00 0.00000000e+00 -7.48674000e+00 -2.53994000e+00 1.70997000e-02 -6.73543000e+00 -2.54161000e+00 0.00000000e+00 -6.66238000e+00 -2.41142000e+00 1.39744000e-03 -6.73073000e+00 -2.41197000e+00 0.00000000e+00 -6.65760000e+00 -2.55285000e+00 2.00928000e-02 -6.04415000e+00 -2.55340000e+00 0.00000000e+00 -5.96794000e+00 -2.44086000e+00 3.70778000e-03 -6.04054000e+00 -2.44142000e+00 0.00000000e+00 -5.96435000e+00 -2.56643000e+00 2.07092000e-02 -5.43274000e+00 -2.56607000e+00 0.00000000e+00 -5.35878000e+00 -2.46552000e+00 4.80605000e-03 -5.42984000e+00 -2.46592000e+00 0.00000000e+00 -5.35595000e+00 -2.58160000e+00 1.98755000e-02 -4.87100000e+00 -2.58053000e+00 0.00000000e+00 -4.80279000e+00 -2.48688000e+00 5.20536000e-03 -4.86852000e+00 -2.48704000e+00 0.00000000e+00 -4.80039000e+00 -2.59823000e+00 1.82237000e-02 -4.33522000e+00 -2.59663000e+00 0.00000000e+00 -4.27486000e+00 -2.50631000e+00 5.24165000e-03 -4.33298000e+00 -2.50620000e+00 0.00000000e+00 -4.27270000e+00 -2.61621000e+00 1.62168000e-02 -3.80797000e+00 -2.61423000e+00 0.00000000e+00 -3.75646000e+00 -2.52448000e+00 5.13999000e-03 -3.80582000e+00 -2.52408000e+00 0.00000000e+00 -3.75438000e+00 -2.63512000e+00 1.41668000e-02 -3.27738000e+00 -2.63289000e+00 0.00000000e+00 -3.23488000e+00 -2.54205000e+00 5.03392000e-03 -3.27521000e+00 -2.54136000e+00 0.00000000e+00 -3.23278000e+00 -2.65473000e+00 1.22698000e-02 -2.73615000e+00 -2.65232000e+00 0.00000000e+00 -2.70228000e+00 -2.55934000e+00 4.99684000e-03 -2.73389000e+00 -2.55837000e+00 0.00000000e+00 -2.70009000e+00 -2.67471000e+00 1.06388000e-02 -2.18055000e+00 -2.67217000e+00 0.00000000e+00 -2.15457000e+00 -2.57666000e+00 5.06727000e-03 -2.17816000e+00 -2.57542000e+00 0.00000000e+00 -2.15224000e+00 -2.69484000e+00 9.32913000e-03 -1.60947000e+00 -2.69221000e+00 0.00000000e+00 -1.59049000e+00 -2.59410000e+00 5.27141000e-03 -1.60692000e+00 -2.59261000e+00 0.00000000e+00 -1.58799000e+00 -2.71491000e+00 8.38803000e-03 -1.02366000e+00 -2.71218000e+00 0.00000000e+00 -1.01081000e+00 -2.61177000e+00 5.64144000e-03 -1.02096000e+00 -2.61004000e+00 0.00000000e+00 -1.00815000e+00 -4.72058000e-04 7.39368000e-02 -2.48260000e+01 1.72693000e-02 0.00000000e+00 -2.49960000e+01 -3.51699000e-01 5.61755000e-02 -2.20034000e+01 -3.23325000e-01 0.00000000e+00 -2.21956000e+01 -7.18667000e-01 3.78198000e-02 -1.91897000e+01 -6.85259000e-01 0.00000000e+00 -1.93839000e+01 -1.07053000e+00 2.15951000e-02 -1.64759000e+01 -1.03722000e+00 0.00000000e+00 -1.66534000e+01 -1.39686000e+00 8.54318000e-03 -1.39444000e+01 -1.36592000e+00 0.00000000e+00 -1.40861000e+01 -1.68923000e+00 -1.63934000e-03 -1.17091000e+01 -1.66275000e+00 0.00000000e+00 -1.17942000e+01 -1.93908000e+00 -1.00328000e-02 -9.90787000e+00 -1.92003000e+00 0.00000000e+00 -9.92830000e+00 -2.11397000e+00 -1.47218000e-02 -8.55846000e+00 -2.10435000e+00 0.00000000e+00 -8.52741000e+00 -2.21579000e+00 -1.54164000e-02 -7.54386000e+00 -2.21190000e+00 0.00000000e+00 -7.48395000e+00 -2.28247000e+00 -1.43369000e-02 -6.72825000e+00 -2.28188000e+00 0.00000000e+00 -6.65525000e+00 -2.32892000e+00 -1.26936000e-02 -6.03866000e+00 -2.32951000e+00 0.00000000e+00 -5.96259000e+00 -2.36442000e+00 -1.11117000e-02 -5.42827000e+00 -2.36556000e+00 0.00000000e+00 -5.35454000e+00 -2.39219000e+00 -9.47444000e-03 -4.86701000e+00 -2.39357000e+00 0.00000000e+00 -4.79904000e+00 -2.41430000e+00 -7.74647000e-03 -4.33140000e+00 -2.41567000e+00 0.00000000e+00 -4.27126000e+00 -2.43277000e+00 -5.94024000e-03 -3.80408000e+00 -2.43394000e+00 0.00000000e+00 -3.75278000e+00 -2.44893000e+00 -4.10073000e-03 -3.27328000e+00 -2.44979000e+00 0.00000000e+00 -3.23097000e+00 -2.46396000e+00 -2.27693000e-03 -2.73174000e+00 -2.46443000e+00 0.00000000e+00 -2.69804000e+00 -2.47859000e+00 -5.04689000e-04 -2.17579000e+00 -2.47864000e+00 0.00000000e+00 -2.14996000e+00 -2.49337000e+00 1.21329000e-03 -1.60435000e+00 -2.49301000e+00 0.00000000e+00 -1.58549000e+00 -2.50862000e+00 2.89425000e-03 -1.01820000e+00 -2.50787000e+00 0.00000000e+00 -1.00545000e+00 -1.04748000e+00 -9.99418000e-03 -2.45188000e+01 -5.46161000e-01 6.64085000e-02 -2.44551000e+01 -1.42335000e+00 -6.54685000e-02 -2.16451000e+01 -9.24487000e-01 1.95940000e-02 -2.15808000e+01 -1.76342000e+00 -1.01168000e-01 -1.88235000e+01 -1.28270000e+00 -1.68442000e-02 -1.87644000e+01 -2.05241000e+00 -1.12409000e-01 -1.61446000e+01 -1.60414000e+00 -3.75227000e-02 -1.60934000e+01 -2.27689000e+00 -9.98604000e-02 -1.36896000e+01 -1.87551000e+00 -4.27486000e-02 -1.36484000e+01 -2.41795000e+00 -6.84453000e-02 -1.15691000e+01 -2.08659000e+00 -3.65709000e-02 -1.15404000e+01 -2.47850000e+00 -2.93910000e-02 -9.89565000e+00 -2.23182000e+00 -2.44569000e-02 -9.87944000e+00 -2.50429000e+00 3.36070000e-04 -8.65224000e+00 -2.31994000e+00 -1.33316000e-02 -8.64328000e+00 -2.52202000e+00 1.94173000e-02 -7.69388000e+00 -2.37321000e+00 -3.85992000e-03 -7.68776000e+00 -2.53716000e+00 3.00139000e-02 -6.90299000e+00 -2.41078000e+00 2.66119000e-03 -6.89843000e+00 -2.55231000e+00 3.45311000e-02 -6.21743000e+00 -2.44011000e+00 6.35280000e-03 -6.21380000e+00 -2.56781000e+00 3.53060000e-02 -5.60009000e+00 -2.46505000e+00 8.17072000e-03 -5.59708000e+00 -2.58450000e+00 3.37150000e-02 -5.02465000e+00 -2.48689000e+00 8.86859000e-03 -5.02202000e+00 -2.60226000e+00 3.08051000e-02 -4.47053000e+00 -2.50689000e+00 8.99060000e-03 -4.46812000e+00 -2.62103000e+00 2.73495000e-02 -3.92283000e+00 -2.52569000e+00 8.89558000e-03 -3.92051000e+00 -2.64050000e+00 2.38654000e-02 -3.37156000e+00 -2.54390000e+00 8.79736000e-03 -3.36923000e+00 -2.66048000e+00 2.06751000e-02 -2.81067000e+00 -2.56182000e+00 8.81556000e-03 -2.80827000e+00 -2.68072000e+00 1.79587000e-02 -2.23718000e+00 -2.57974000e+00 9.01340000e-03 -2.23466000e+00 -2.70105000e+00 1.58010000e-02 -1.65027000e+00 -2.59776000e+00 9.43301000e-03 -1.64761000e+00 -2.72132000e+00 1.42598000e-02 -1.05066000e+00 -2.61595000e+00 1.01252000e-02 -1.04786000e+00 -4.83629000e-02 1.42578000e-01 -2.43865000e+01 -4.25211000e-01 1.04469000e-01 -2.15147000e+01 -8.03217000e-01 6.73214000e-02 -1.87048000e+01 -1.15509000e+00 3.73125000e-02 -1.60429000e+01 -1.47355000e+00 1.44030000e-02 -1.36108000e+01 -1.75371000e+00 -4.68746000e-03 -1.15215000e+01 -1.98345000e+00 -1.93765000e-02 -9.87423000e+00 -2.13511000e+00 -2.70673000e-02 -8.63895000e+00 -2.22442000e+00 -2.71760000e-02 -7.68470000e+00 -2.28409000e+00 -2.47084000e-02 -6.89567000e+00 -2.32796000e+00 -2.18396000e-02 -6.21163000e+00 -2.36212000e+00 -1.89736000e-02 -5.59514000e+00 -2.38929000e+00 -1.59822000e-02 -5.02014000e+00 -2.41144000e+00 -1.28251000e-02 -4.46620000e+00 -2.43035000e+00 -9.55767000e-03 -3.91847000e+00 -2.44725000e+00 -6.26915000e-03 -3.36703000e+00 -2.46317000e+00 -3.04226000e-03 -2.80589000e+00 -2.47875000e+00 6.96275000e-05 -2.23210000e+00 -2.49446000e+00 3.06595000e-03 -1.64487000e+00 -2.51058000e+00 5.99070000e-03 -1.04497000e+00 -1.15682000e+00 -3.98031000e-02 -2.38797000e+01 -6.38487000e-01 8.43770000e-02 -2.38087000e+01 -1.53918000e+00 -1.24720000e-01 -2.09446000e+01 -1.03719000e+00 9.33638000e-03 -2.08775000e+01 -1.86558000e+00 -1.68573000e-01 -1.81415000e+01 -1.39566000e+00 -4.00245000e-02 -1.80834000e+01 -2.12805000e+00 -1.68786000e-01 -1.55551000e+01 -1.70242000e+00 -6.04407000e-02 -1.55076000e+01 -2.31778000e+00 -1.35829000e-01 -1.32584000e+01 -1.94937000e+00 -5.97467000e-02 -1.32229000e+01 -2.42575000e+00 -8.27653000e-02 -1.13461000e+01 -2.13344000e+00 -4.62066000e-02 -1.13237000e+01 -2.47201000e+00 -3.07785000e-02 -9.87443000e+00 -2.25501000e+00 -2.95638000e-02 -9.86226000e+00 -2.49806000e+00 4.31776000e-03 -8.76192000e+00 -2.32871000e+00 -1.55590000e-02 -8.75446000e+00 -2.51770000e+00 2.62703000e-02 -7.86848000e+00 -2.37613000e+00 -4.05839000e-03 -7.86293000e+00 -2.53566000e+00 3.82765000e-02 -7.10450000e+00 -2.41137000e+00 3.72915000e-03 -7.10013000e+00 -2.55306000e+00 4.33149000e-02 -6.42368000e+00 -2.44036000e+00 8.07972000e-03 -6.42006000e+00 -2.57062000e+00 4.38989000e-02 -5.79770000e+00 -2.46538000e+00 1.02786000e-02 -5.79460000e+00 -2.58891000e+00 4.16796000e-02 -5.20461000e+00 -2.48767000e+00 1.11914000e-02 -5.20184000e+00 -2.60791000e+00 3.79354000e-02 -4.62766000e+00 -2.50827000e+00 1.14416000e-02 -4.62508000e+00 -2.62755000e+00 3.35977000e-02 -4.05497000e+00 -2.52780000e+00 1.14415000e-02 -4.05247000e+00 -2.64761000e+00 2.92887000e-02 -3.47873000e+00 -2.54676000e+00 1.14416000e-02 -3.47622000e+00 -2.66798000e+00 2.53959000e-02 -2.89434000e+00 -2.56542000e+00 1.15874000e-02 -2.89177000e+00 -2.68847000e+00 2.21303000e-02 -2.29961000e+00 -2.58403000e+00 1.19577000e-02 -2.29694000e+00 -2.70900000e+00 1.95837000e-02 -1.69402000e+00 -2.60269000e+00 1.26015000e-02 -1.69123000e+00 -2.72945000e+00 1.78023000e-02 -1.07822000e+00 -2.62148000e+00 1.35729000e-02 -1.07531000e+00 -1.23273000e-01 2.07839000e-01 -2.37330000e+01 -5.35581000e-01 1.43088000e-01 -2.08086000e+01 -9.26449000e-01 8.83396000e-02 -1.80248000e+01 -1.27594000e+00 4.78634000e-02 -1.54618000e+01 -1.58010000e+00 1.64445000e-02 -1.31936000e+01 -1.83952000e+00 -9.46683000e-03 -1.13127000e+01 -2.03667000e+00 -2.80981000e-02 -9.85827000e+00 -2.15925000e+00 -3.55428000e-02 -8.75049000e+00 -2.23445000e+00 -3.44309000e-02 -7.85951000e+00 -2.28691000e+00 -3.08339000e-02 -7.09712000e+00 -2.32764000e+00 -2.71756000e-02 -6.41752000e+00 -2.36004000e+00 -2.33541000e-02 -5.79223000e+00 -2.38642000e+00 -1.93044000e-02 -5.19954000e+00 -2.40860000e+00 -1.50560000e-02 -4.62276000e+00 -2.42807000e+00 -1.07161000e-02 -4.05007000e+00 -2.44588000e+00 -6.40584000e-03 -3.47371000e+00 -2.46288000e+00 -2.22095000e-03 -2.88913000e+00 -2.47959000e+00 1.78509000e-03 -2.29416000e+00 -2.49639000e+00 5.61860000e-03 -1.68830000e+00 -2.51351000e+00 9.34216000e-03 -1.07226000e+00 -1.29038000e+00 -9.64118000e-02 -2.30610000e+01 -7.55084000e-01 8.55860000e-02 -2.29814000e+01 -1.67709000e+00 -2.10806000e-01 -2.00757000e+01 -1.17630000e+00 -2.00968000e-02 -2.00057000e+01 -1.98197000e+00 -2.47289000e-01 -1.73307000e+01 -1.53285000e+00 -7.32606000e-02 -1.72747000e+01 -2.20805000e+00 -2.20926000e-01 -1.48963000e+01 -1.81621000e+00 -8.46095000e-02 -1.48541000e+01 -2.35606000e+00 -1.59473000e-01 -1.28183000e+01 -2.03043000e+00 -7.29742000e-02 -1.27898000e+01 -2.43234000e+00 -8.65833000e-02 -1.11512000e+01 -2.18184000e+00 -5.14405000e-02 -1.11348000e+01 -2.46914000e+00 -2.89698000e-02 -9.87929000e+00 -2.27850000e+00 -3.19254000e-02 -9.87010000e+00 -2.49464000e+00 7.86905000e-03 -8.88172000e+00 -2.33838000e+00 -1.59093000e-02 -8.87535000e+00 -2.51620000e+00 3.02917000e-02 -8.04340000e+00 -2.38060000e+00 -3.56225000e-03 -8.03840000e+00 -2.53632000e+00 4.24165000e-02 -7.30176000e+00 -2.41379000e+00 4.53831000e-03 -7.29760000e+00 -2.55552000e+00 4.74188000e-02 -6.62376000e+00 -2.44202000e+00 9.13666000e-03 -6.62019000e+00 -2.57481000e+00 4.76880000e-02 -5.98759000e+00 -2.46686000e+00 1.15229000e-02 -5.98443000e+00 -2.59447000e+00 4.50454000e-02 -5.37584000e+00 -2.48946000e+00 1.25991000e-02 -5.37295000e+00 -2.61453000e+00 4.08626000e-02 -4.77559000e+00 -2.51060000e+00 1.29939000e-02 -4.77287000e+00 -2.63492000e+00 3.61167000e-02 -4.17789000e+00 -2.53081000e+00 1.31243000e-02 -4.17522000e+00 -2.65551000e+00 3.14653000e-02 -3.57698000e+00 -2.55048000e+00 1.32549000e-02 -3.57431000e+00 -2.67620000e+00 2.73214000e-02 -2.96961000e+00 -2.56985000e+00 1.35489000e-02 -2.96689000e+00 -2.69688000e+00 2.39096000e-02 -2.35429000e+00 -2.58910000e+00 1.40988000e-02 -2.35147000e+00 -2.71753000e+00 2.13159000e-02 -1.73071000e+00 -2.60833000e+00 1.49555000e-02 -1.72779000e+00 -2.73808000e+00 1.95584000e-02 -1.09939000e+00 -2.62762000e+00 1.61641000e-02 -1.09637000e+00 -2.21960000e-01 2.66551000e-01 -2.28965000e+01 -6.77000000e-01 1.69944000e-01 -1.99341000e+01 -1.08336000e+00 1.00336000e-01 -1.72193000e+01 -1.42351000e+00 5.17185000e-02 -1.48157000e+01 -1.70355000e+00 1.38126000e-02 -1.27701000e+01 -1.92988000e+00 -1.59192000e-02 -1.11291000e+01 -2.08708000e+00 -3.46957000e-02 -9.86608000e+00 -2.18218000e+00 -3.97328000e-02 -8.87151000e+00 -2.24479000e+00 -3.74193000e-02 -8.03477000e+00 -2.29123000e+00 -3.33354000e-02 -7.29439000e+00 -2.32844000e+00 -2.91391000e-02 -6.61728000e+00 -2.35888000e+00 -2.46333000e-02 -5.98167000e+00 -2.38444000e+00 -1.98373000e-02 -5.37026000e+00 -2.40666000e+00 -1.48652000e-02 -4.77017000e+00 -2.42670000e+00 -9.85954000e-03 -4.17249000e+00 -2.44545000e+00 -4.94835000e-03 -3.57151000e+00 -2.46351000e+00 -2.17921000e-04 -2.96399000e+00 -2.48131000e+00 4.29254000e-03 -2.34847000e+00 -2.49914000e+00 8.59854000e-03 -1.72468000e+00 -2.51717000e+00 1.27722000e-02 -1.09316000e+00 -1.44187000e+00 -1.94196000e-01 -2.20821000e+01 -8.91449000e-01 6.01337000e-02 -2.19933000e+01 -1.82671000e+00 -3.23173000e-01 -1.90784000e+01 -1.33683000e+00 -6.84194000e-02 -1.90062000e+01 -2.09804000e+00 -3.29460000e-01 -1.64546000e+01 -1.68313000e+00 -1.13573000e-01 -1.64027000e+01 -2.27990000e+00 -2.63316000e-01 -1.42395000e+01 -1.93206000e+00 -1.08484000e-01 -1.42039000e+01 -2.38605000e+00 -1.71263000e-01 -1.24225000e+01 -2.10749000e+00 -8.27936000e-02 -1.24008000e+01 -2.43826000e+00 -8.48960000e-02 -1.10017000e+01 -2.22541000e+00 -5.41029000e-02 -1.09899000e+01 -2.46952000e+00 -2.69305000e-02 -9.90020000e+00 -2.29981000e+00 -3.26343000e-02 -9.89307000e+00 -2.49483000e+00 9.73786000e-03 -8.99376000e+00 -2.34906000e+00 -1.52818000e-02 -8.98831000e+00 -2.51754000e+00 3.16285000e-02 -8.19922000e+00 -2.38665000e+00 -2.77897000e-03 -8.19470000e+00 -2.53890000e+00 4.32980000e-02 -7.47504000e+00 -2.41771000e+00 5.15238000e-03 -7.47111000e+00 -2.55944000e+00 4.80036000e-02 -6.79799000e+00 -2.44492000e+00 9.79290000e-03 -6.79451000e+00 -2.57998000e+00 4.80240000e-02 -6.15132000e+00 -2.46942000e+00 1.22782000e-02 -6.14816000e+00 -2.60067000e+00 4.52104000e-02 -5.52195000e+00 -2.49217000e+00 1.34828000e-02 -5.51899000e+00 -2.62156000e+00 4.09296000e-02 -4.90037000e+00 -2.51374000e+00 1.40084000e-02 -4.89753000e+00 -2.64256000e+00 3.61379000e-02 -4.28015000e+00 -2.53454000e+00 1.42583000e-02 -4.27735000e+00 -2.66357000e+00 3.14849000e-02 -3.65728000e+00 -2.55484000e+00 1.45032000e-02 -3.65447000e+00 -2.68449000e+00 2.73884000e-02 -3.02960000e+00 -2.57481000e+00 1.49233000e-02 -3.02674000e+00 -2.70529000e+00 2.40817000e-02 -2.39620000e+00 -2.59458000e+00 1.56276000e-02 -2.39326000e+00 -2.72596000e+00 2.16483000e-02 -1.75694000e+00 -2.61425000e+00 1.66684000e-02 -1.75390000e+00 -2.74651000e+00 2.00781000e-02 -1.11215000e+00 -2.63390000e+00 1.80726000e-02 -1.10903000e+00 -3.43050000e-01 3.12314000e-01 -2.18972000e+01 -8.48831000e-01 1.84945000e-01 -1.89337000e+01 -1.26666000e+00 1.02104000e-01 -1.63534000e+01 -1.58320000e+00 4.66768000e-02 -1.41746000e+01 -1.82753000e+00 6.17590000e-03 -1.23894000e+01 -2.01144000e+00 -2.27532000e-02 -1.09863000e+01 -2.12978000e+00 -3.83219000e-02 -9.88894000e+00 -2.20337000e+00 -4.03486000e-02 -8.98446000e+00 -2.25556000e+00 -3.71813000e-02 -8.19093000e+00 -2.29655000e+00 -3.30010000e-02 -7.46770000e+00 -2.33033000e+00 -2.84222000e-02 -6.79128000e+00 -2.35887000e+00 -2.34710000e-02 -6.14505000e+00 -2.38366000e+00 -1.82467000e-02 -5.51596000e+00 -2.40592000e+00 -1.29142000e-02 -4.89453000e+00 -2.42652000e+00 -7.62239000e-03 -4.27433000e+00 -2.44612000e+00 -2.47961000e-03 -3.65141000e+00 -2.46513000e+00 2.45692000e-03 -3.02362000e+00 -2.48388000e+00 7.17195000e-03 -2.39007000e+00 -2.50255000e+00 1.16865000e-02 -1.75063000e+00 -2.52129000e+00 1.60646000e-02 -1.10568000e+00 -1.60593000e+00 -3.41009000e-01 -2.09618000e+01 -1.04763000e+00 1.13953000e-03 -2.08621000e+01 -1.97573000e+00 -4.51019000e-01 -1.80028000e+01 -1.51448000e+00 -1.32359000e-01 -1.79299000e+01 -2.20121000e+00 -4.04545000e-01 -1.55842000e+01 -1.83332000e+00 -1.58237000e-01 -1.55376000e+01 -2.33608000e+00 -2.91632000e-01 -1.36408000e+01 -2.03768000e+00 -1.29802000e-01 -1.36119000e+01 -2.40742000e+00 -1.73686000e-01 -1.20960000e+01 -2.17394000e+00 -8.96091000e-02 -1.20800000e+01 -2.44505000e+00 -8.16909000e-02 -1.08942000e+01 -2.26229000e+00 -5.55529000e-02 -1.08856000e+01 -2.47321000e+00 -2.56589000e-02 -9.92551000e+00 -2.31920000e+00 -3.23526000e-02 -9.91972000e+00 -2.49791000e+00 9.78050000e-03 -9.08839000e+00 -2.36036000e+00 -1.44307000e-02 -9.08364000e+00 -2.52096000e+00 3.07567000e-02 -8.32779000e+00 -2.39368000e+00 -2.06498000e-03 -8.32366000e+00 -2.54287000e+00 4.18255000e-02 -7.61687000e+00 -2.42263000e+00 5.62751000e-03 -7.61317000e+00 -2.56428000e+00 4.61945000e-02 -6.93942000e+00 -2.44869000e+00 1.02209000e-02 -6.93605000e+00 -2.58564000e+00 4.61187000e-02 -6.28300000e+00 -2.47276000e+00 1.27664000e-02 -6.27985000e+00 -2.60705000e+00 4.33776000e-02 -5.63825000e+00 -2.49555000e+00 1.40724000e-02 -5.63526000e+00 -2.62854000e+00 3.92664000e-02 -4.99853000e+00 -2.51744000e+00 1.47019000e-02 -4.99560000e+00 -2.65001000e+00 3.46844000e-02 -4.35938000e+00 -2.53872000e+00 1.50412000e-02 -4.35648000e+00 -2.67135000e+00 3.02490000e-02 -3.71818000e+00 -2.55955000e+00 1.53650000e-02 -3.71526000e+00 -2.69247000e+00 2.63709000e-02 -3.07363000e+00 -2.58002000e+00 1.58712000e-02 -3.07065000e+00 -2.71333000e+00 2.32945000e-02 -2.42524000e+00 -2.60020000e+00 1.66892000e-02 -2.42219000e+00 -2.73395000e+00 2.11119000e-02 -1.77301000e+00 -2.62016000e+00 1.78755000e-02 -1.76987000e+00 -2.75439000e+00 1.97990000e-02 -1.11714000e+00 -2.64001000e+00 1.94352000e-02 -1.11393000e+00 -4.91317000e-01 3.39941000e-01 -2.07538000e+01 -1.05357000e+00 1.84970000e-01 -1.78601000e+01 -1.46319000e+00 8.83939000e-02 -1.54964000e+01 -1.73803000e+00 3.26007000e-02 -1.35919000e+01 -1.93929000e+00 -4.89654000e-03 -1.20741000e+01 -2.07872000e+00 -2.88906000e-02 -1.08821000e+01 -2.16518000e+00 -3.90809000e-02 -9.91587000e+00 -2.22276000e+00 -3.85984000e-02 -9.07969000e+00 -2.26632000e+00 -3.48288000e-02 -8.31985000e+00 -2.30242000e+00 -3.05271000e-02 -7.60957000e+00 -2.33308000e+00 -2.57097000e-02 -6.93256000e+00 -2.35992000e+00 -2.05481000e-02 -6.27647000e+00 -2.38405000e+00 -1.52010000e-02 -5.63195000e+00 -2.40636000e+00 -9.83684000e-03 -4.99234000e+00 -2.42744000e+00 -4.58201000e-03 -4.35322000e+00 -2.44776000e+00 4.96185000e-04 -3.71199000e+00 -2.46758000e+00 5.38318000e-03 -3.06735000e+00 -2.48708000e+00 1.00935000e-02 -2.41884000e+00 -2.50639000e+00 1.46476000e-02 -1.76646000e+00 -2.52564000e+00 1.90794000e-02 -1.11046000e+00 -1.77831000e+00 -5.31137000e-01 -1.97304000e+01 -1.23108000e+00 -9.03097000e-02 -1.96189000e+01 -2.11105000e+00 -5.78237000e-01 -1.69184000e+01 -1.69879000e+00 -2.07637000e-01 -1.68471000e+01 -2.28331000e+00 -4.62483000e-01 -1.47840000e+01 -1.96995000e+00 -2.02478000e-01 -1.47437000e+01 -2.37630000e+00 -3.04636000e-01 -1.31343000e+01 -2.12695000e+00 -1.47011000e-01 -1.31114000e+01 -2.42282000e+00 -1.69725000e-01 -1.18431000e+01 -2.22776000e+00 -9.41244000e-02 -1.18312000e+01 -2.45285000e+00 -7.87978000e-02 -1.08181000e+01 -2.29230000e+00 -5.63270000e-02 -1.08115000e+01 -2.47889000e+00 -2.53554000e-02 -9.94804000e+00 -2.33661000e+00 -3.16642000e-02 -9.94314000e+00 -2.50282000e+00 8.27574000e-03 -9.16265000e+00 -2.37149000e+00 -1.35793000e-02 -9.15846000e+00 -2.52564000e+00 2.81732000e-02 -8.42798000e+00 -2.40118000e+00 -1.49843000e-03 -8.42421000e+00 -2.54766000e+00 3.86897000e-02 -7.72693000e+00 -2.42804000e+00 6.03784000e-03 -7.72346000e+00 -2.56952000e+00 4.28300000e-02 -7.04837000e+00 -2.45297000e+00 1.05762000e-02 -7.04512000e+00 -2.59136000e+00 4.28430000e-02 -6.38360000e+00 -2.47657000e+00 1.31580000e-02 -6.38050000e+00 -2.61324000e+00 4.03866000e-02 -5.72628000e+00 -2.49931000e+00 1.45351000e-02 -5.72327000e+00 -2.63516000e+00 3.66474000e-02 -5.07195000e+00 -2.52143000e+00 1.52325000e-02 -5.06897000e+00 -2.65699000e+00 3.24525000e-02 -4.41769000e+00 -2.54310000e+00 1.56229000e-02 -4.41471000e+00 -2.67862000e+00 2.83724000e-02 -3.76189000e+00 -2.56436000e+00 1.59839000e-02 -3.75887000e+00 -2.69990000e+00 2.48021000e-02 -3.10385000e+00 -2.58523000e+00 1.65309000e-02 -3.10077000e+00 -2.72080000e+00 2.19969000e-02 -2.44344000e+00 -2.60572000e+00 1.74155000e-02 -2.44029000e+00 -2.74133000e+00 2.00713000e-02 -1.78078000e+00 -2.62588000e+00 1.87034000e-02 -1.77756000e+00 -2.76157000e+00 1.90110000e-02 -1.11602000e+00 -2.64578000e+00 2.03784000e-02 -1.11273000e+00 -6.82966000e-01 3.45402000e-01 -1.95001000e+01 -1.28506000e+00 1.62935000e-01 -1.67842000e+01 -1.65414000e+00 5.88059000e-02 -1.47114000e+01 -1.87620000e+00 1.17214000e-02 -1.30994000e+01 -2.03184000e+00 -1.76432000e-02 -1.18277000e+01 -2.13142000e+00 -3.35792000e-02 -1.08079000e+01 -2.19444000e+00 -3.80202000e-02 -9.93936000e+00 -2.24007000e+00 -3.54311000e-02 -9.15446000e+00 -2.27674000e+00 -3.11897000e-02 -8.42033000e+00 -2.30842000e+00 -2.66360000e-02 -7.71968000e+00 -2.33642000e+00 -2.17020000e-02 -7.04143000e+00 -2.36182000e+00 -1.65510000e-02 -6.37690000e+00 -2.38540000e+00 -1.13388000e-02 -5.71975000e+00 -2.40774000e+00 -6.20280000e-03 -5.06551000e+00 -2.42922000e+00 -1.22481000e-03 -4.41128000e+00 -2.45012000e+00 3.57967000e-03 -3.75545000e+00 -2.47058000e+00 8.24607000e-03 -3.09733000e+00 -2.49066000e+00 1.28223000e-02 -2.43682000e+00 -2.51044000e+00 1.73250000e-02 -1.77404000e+00 -2.53000000e+00 2.17356000e-02 -1.10917000e+00 -1.94640000e+00 -7.48670000e-01 -1.84360000e+01 -1.44171000e+00 -2.10085000e-01 -1.83152000e+01 -2.22327000e+00 -6.88838000e-01 -1.58997000e+01 -1.87574000e+00 -2.87336000e-01 -1.58326000e+01 -2.34295000e+00 -4.98735000e-01 -1.40974000e+01 -2.08457000e+00 -2.41142000e-01 -1.40631000e+01 -2.40354000e+00 -3.04110000e-01 -1.27320000e+01 -2.19813000e+00 -1.59099000e-01 -1.27136000e+01 -2.43546000e+00 -1.62540000e-01 -1.16561000e+01 -2.27002000e+00 -9.69383000e-02 -1.16469000e+01 -2.46148000e+00 -7.66931000e-02 -1.07631000e+01 -2.31686000e+00 -5.67450000e-02 -1.07579000e+01 -2.48572000e+00 -2.60661000e-02 -9.96460000e+00 -2.35225000e+00 -3.09874000e-02 -9.96036000e+00 -2.50866000e+00 5.64972000e-03 -9.21743000e+00 -2.38189000e+00 -1.29376000e-02 -9.21365000e+00 -2.53082000e+00 2.45053000e-02 -8.50230000e+00 -2.40856000e+00 -1.13389000e-03 -8.49882000e+00 -2.55280000e+00 3.45762000e-02 -7.80851000e+00 -2.43354000e+00 6.31669000e-03 -7.80523000e+00 -2.57476000e+00 3.86619000e-02 -7.12871000e+00 -2.45743000e+00 1.08254000e-02 -7.12557000e+00 -2.59684000e+00 3.89314000e-02 -6.45733000e+00 -2.48056000e+00 1.34396000e-02 -6.45427000e+00 -2.61901000e+00 3.69080000e-02 -5.79028000e+00 -2.50321000e+00 1.48711000e-02 -5.78726000e+00 -2.64122000e+00 3.36675000e-02 -5.12473000e+00 -2.52549000e+00 1.56159000e-02 -5.12171000e+00 -2.66334000e+00 2.99603000e-02 -4.45889000e+00 -2.54745000e+00 1.60359000e-02 -4.45585000e+00 -2.68521000e+00 2.63052000e-02 -3.79185000e+00 -2.56906000e+00 1.64097000e-02 -3.78875000e+00 -2.70667000e+00 2.30732000e-02 -3.12332000e+00 -2.59027000e+00 1.69662000e-02 -3.12016000e+00 -2.72763000e+00 2.05254000e-02 -2.45344000e+00 -2.61101000e+00 1.78783000e-02 -2.45021000e+00 -2.74805000e+00 1.88073000e-02 -1.78246000e+00 -2.63127000e+00 1.92256000e-02 -1.77916000e+00 -2.76803000e+00 1.79407000e-02 -1.11061000e+00 -2.65112000e+00 2.09762000e-02 -1.10726000e+00 -9.32064000e-01 3.23277000e-01 -1.81915000e+01 -1.52636000e+00 1.15659000e-01 -1.57791000e+01 -1.82336000e+00 1.76963000e-02 -1.40400000e+01 -1.99184000e+00 -1.32219000e-02 -1.27073000e+01 -2.10384000e+00 -3.07592000e-02 -1.16440000e+01 -2.17233000e+00 -3.66933000e-02 -1.07545000e+01 -2.21874000e+00 -3.58214000e-02 -9.95647000e+00 -2.25519000e+00 -3.13549000e-02 -9.20963000e+00 -2.28630000e+00 -2.66193000e-02 -8.49485000e+00 -2.31435000e+00 -2.17903000e-02 -7.80130000e+00 -2.34012000e+00 -1.68732000e-02 -7.12172000e+00 -2.36434000e+00 -1.19327000e-02 -6.45050000e+00 -2.38745000e+00 -7.06567000e-03 -5.78357000e+00 -2.40980000e+00 -2.35480000e-03 -5.11809000e+00 -2.43158000e+00 2.17500000e-03 -4.45227000e+00 -2.45294000e+00 6.56290000e-03 -3.78520000e+00 -2.47388000e+00 1.08974000e-02 -3.11660000e+00 -2.49440000e+00 1.52637000e-02 -2.44663000e+00 -2.51449000e+00 1.96753000e-02 -1.77554000e+00 -2.53422000e+00 2.40435000e-02 -1.10360000e+00 -2.09640000e+00 -9.68104000e-01 -1.71506000e+01 -1.67176000e+00 -3.48691000e-01 -1.70249000e+01 -2.30800000e+00 -7.71348000e-01 -1.50045000e+01 -2.03081000e+00 -3.65150000e-01 -1.49439000e+01 -2.38175000e+00 -5.10827000e-01 -1.35414000e+01 -2.17430000e+00 -2.71577000e-01 -1.35123000e+01 -2.42253000e+00 -2.92111000e-01 -1.24299000e+01 -2.25331000e+00 -1.67012000e-01 -1.24149000e+01 -2.44756000e+00 -1.54413000e-01 -1.15217000e+01 -2.30326000e+00 -9.89269000e-02 -1.15146000e+01 -2.47067000e+00 -7.56144000e-02 -1.07221000e+01 -2.33720000e+00 -5.70983000e-02 -1.07176000e+01 -2.49302000e+00 -2.77850000e-02 -9.97439000e+00 -2.36600000e+00 -3.03531000e-02 -9.97061000e+00 -2.51471000e+00 2.05470000e-03 -9.25527000e+00 -2.39130000e+00 -1.23967000e-02 -9.25183000e+00 -2.53615000e+00 2.00044000e-02 -8.55473000e+00 -2.41556000e+00 -6.96345000e-04 -8.55152000e+00 -2.55790000e+00 2.97509000e-02 -7.86632000e+00 -2.43887000e+00 6.68983000e-03 -7.86322000e+00 -2.57976000e+00 3.39727000e-02 -7.18559000e+00 -2.46186000e+00 1.11853000e-02 -7.18257000e+00 -2.60194000e+00 3.46524000e-02 -6.50934000e+00 -2.48453000e+00 1.38108000e-02 -6.50634000e+00 -2.62425000e+00 3.31831000e-02 -5.83513000e+00 -2.50707000e+00 1.52601000e-02 -5.83213000e+00 -2.64667000e+00 3.05382000e-02 -5.16134000e+00 -2.52943000e+00 1.60143000e-02 -5.15830000e+00 -2.66900000e+00 2.73925000e-02 -4.48694000e+00 -2.55161000e+00 1.64275000e-02 -4.48385000e+00 -2.69110000e+00 2.42134000e-02 -3.81148000e+00 -2.57350000e+00 1.67797000e-02 -3.80832000e+00 -2.71276000e+00 2.13379000e-02 -3.13496000e+00 -2.59499000e+00 1.73097000e-02 -3.13173000e+00 -2.73381000e+00 1.90200000e-02 -2.45768000e+00 -2.61594000e+00 1.82085000e-02 -2.45438000e+00 -2.75415000e+00 1.74367000e-02 -1.78004000e+00 -2.63627000e+00 1.95720000e-02 -1.77668000e+00 -2.77382000e+00 1.66733000e-02 -1.10247000e+00 -2.65599000e+00 2.13587000e-02 -1.09907000e+00 -1.23664000e+00 2.69749000e-01 -1.69038000e+01 -1.75364000e+00 4.55313000e-02 -1.49005000e+01 -1.96202000e+00 -2.75547000e-02 -1.34986000e+01 -2.08430000e+00 -3.92804000e-02 -1.24117000e+01 -2.15772000e+00 -4.23914000e-02 -1.15120000e+01 -2.20428000e+00 -3.85227000e-02 -1.07141000e+01 -2.23859000e+00 -3.30075000e-02 -9.96661000e+00 -2.26813000e+00 -2.70294000e-02 -9.24774000e+00 -2.29483000e+00 -2.16298000e-02 -8.54739000e+00 -2.31997000e+00 -1.66139000e-02 -7.85911000e+00 -2.34393000e+00 -1.18348000e-02 -7.17854000e+00 -2.36720000e+00 -7.24299000e-03 -6.50240000e+00 -2.38989000e+00 -2.84792000e-03 -5.82829000e+00 -2.41223000e+00 1.33373000e-03 -5.15453000e+00 -2.43423000e+00 5.33349000e-03 -4.48014000e+00 -2.45592000e+00 9.24131000e-03 -3.80466000e+00 -2.47723000e+00 1.31962000e-02 -3.12808000e+00 -2.49808000e+00 1.73239000e-02 -2.45072000e+00 -2.51838000e+00 2.16401000e-02 -1.77298000e+00 -2.53817000e+00 2.59787000e-02 -1.09533000e+00 -7.02081000e-02 7.08843000e-01 -1.38961000e+01 7.18243000e-02 3.12111000e-01 -1.38670000e+01 4.39243000e-03 6.92900000e-01 -1.41469000e+01 1.12633000e-01 2.94791000e-01 -1.41146000e+01 -7.15227000e-02 3.95845000e-01 -1.33364000e+01 9.03248000e-02 1.70774000e-01 -1.33130000e+01 -1.94174000e-02 3.91473000e-01 -1.34724000e+01 1.21206000e-01 1.64680000e-01 -1.34616000e+01 -7.34991000e-02 2.16336000e-01 -1.26402000e+01 9.76885000e-02 8.90704000e-02 -1.26200000e+01 -4.99580000e-02 2.16590000e-01 -1.27139000e+01 1.12811000e-01 8.82175000e-02 -1.27087000e+01 -9.06875000e-02 1.31741000e-01 -1.19341000e+01 8.50851000e-02 4.98291000e-02 -1.19173000e+01 -7.77443000e-02 1.33060000e-01 -1.19796000e+01 9.45060000e-02 5.06188000e-02 -1.19757000e+01 -1.11822000e-01 8.18234000e-02 -1.12499000e+01 6.67238000e-02 2.44911000e-02 -1.12348000e+01 -1.03063000e-01 8.29034000e-02 -1.12809000e+01 7.34375000e-02 2.52935000e-02 -1.12765000e+01 -1.32515000e-01 4.63462000e-02 -1.05726000e+01 4.76512000e-02 4.80027000e-03 -1.05595000e+01 -1.26068000e-01 4.71853000e-02 -1.05948000e+01 5.27311000e-02 5.32122000e-03 -1.05903000e+01 -1.51947000e-01 2.11197000e-02 -9.89552000e+00 2.89699000e-02 -8.99784000e-03 -9.88378000e+00 -1.47570000e-01 2.18316000e-02 -9.91153000e+00 3.27663000e-02 -8.63662000e-03 -9.90669000e+00 -1.70370000e-01 4.57301000e-03 -9.21821000e+00 1.10784000e-02 -1.74486000e-02 -9.20750000e+00 -1.67564000e-01 5.13685000e-03 -9.22972000e+00 1.36972000e-02 -1.71800000e-02 -9.22469000e+00 -1.88242000e-01 -5.53036000e-03 -8.54012000e+00 -6.29868000e-03 -2.16733000e-02 -8.53016000e+00 -1.86541000e-01 -5.08812000e-03 -8.54832000e+00 -4.59706000e-03 -2.14726000e-02 -8.54320000e+00 -2.05580000e-01 -1.08999000e-02 -7.86105000e+00 -2.33152000e-02 -2.29174000e-02 -7.85166000e+00 -2.04730000e-01 -1.05578000e-02 -7.86698000e+00 -2.22398000e-02 -2.27783000e-02 -7.86174000e+00 -2.22638000e-01 -1.26684000e-02 -7.18072000e+00 -3.99942000e-02 -2.20802000e-02 -7.17178000e+00 -2.22383000e-01 -1.24031000e-02 -7.18526000e+00 -3.93592000e-02 -2.19924000e-02 -7.17992000e+00 -2.39597000e-01 -1.18641000e-02 -6.49892000e+00 -5.65739000e-02 -1.98729000e-02 -6.49036000e+00 -2.39750000e-01 -1.16573000e-02 -6.50277000e+00 -5.62040000e-02 -1.98234000e-02 -6.49736000e+00 -2.56621000e-01 -9.26026000e-03 -5.81554000e+00 -7.31821000e-02 -1.68002000e-02 -5.80729000e+00 -2.57027000e-01 -9.09361000e-03 -5.81925000e+00 -7.29698000e-02 -1.67770000e-02 -5.81377000e+00 -2.73810000e-01 -5.33147000e-03 -5.13052000e+00 -8.99762000e-02 -1.31600000e-02 -5.12249000e+00 -2.74402000e-01 -5.18748000e-03 -5.13451000e+00 -8.98448000e-02 -1.31489000e-02 -5.12900000e+00 -2.91274000e-01 -2.88358000e-04 -4.44385000e+00 -1.07072000e-01 -9.09375000e-03 -4.43594000e+00 -2.91996000e-01 -1.47859000e-04 -4.44850000e+00 -1.06976000e-01 -9.08168000e-03 -4.44296000e+00 -3.09079000e-01 5.98291000e-03 -3.75551000e+00 -1.24570000e-01 -4.53170000e-03 -3.74762000e+00 -3.09979000e-01 6.13864000e-03 -3.76124000e+00 -1.24506000e-01 -4.50467000e-03 -3.75571000e+00 -3.27287000e-01 1.39618000e-02 -3.06551000e+00 -1.42645000e-01 7.71805000e-04 -3.05747000e+00 -3.28417000e-01 1.41585000e-02 -3.07284000e+00 -1.42614000e-01 8.42027000e-04 -3.06730000e+00 -3.45863000e-01 2.46703000e-02 -2.37374000e+00 -1.61150000e-01 7.51570000e-03 -2.36533000e+00 -3.47448000e-01 2.49388000e-02 -2.38347000e+00 -1.61241000e-01 7.59316000e-03 -2.37795000e+00 -3.64480000e-01 4.15345000e-02 -1.67976000e+00 -1.80200000e-01 1.78018000e-02 -1.67043000e+00 -3.67337000e-01 4.18912000e-02 -1.69293000e+00 -1.81013000e-01 1.81030000e-02 -1.68755000e+00 -3.81424000e-01 7.10082000e-02 -9.83033000e-01 -1.98857000e-01 3.79090000e-02 -9.65634000e-01 -3.86953000e-01 7.26508000e-02 -9.99286000e-01 -2.01511000e-01 4.02526000e-02 -9.91863000e-01 7.92740000e-02 6.78930000e-01 -1.43987000e+01 1.55560000e-01 2.78873000e-01 -1.43645000e+01 3.26198000e-02 3.86354000e-01 -1.36109000e+01 1.52271000e-01 1.55656000e-01 -1.36108000e+01 -2.60342000e-02 2.12562000e-01 -1.27886000e+01 1.28350000e-01 8.18471000e-02 -1.27961000e+01 -6.48527000e-02 1.30090000e-01 -1.20259000e+01 1.03551000e-01 4.64403000e-02 -1.20329000e+01 -9.41785000e-02 8.10922000e-02 -1.13124000e+01 8.01738000e-02 2.26471000e-02 -1.13170000e+01 -1.19554000e-01 4.59385000e-02 -1.06175000e+01 5.77576000e-02 3.54474000e-03 -1.06201000e+01 -1.43127000e-01 2.09507000e-02 -9.92778000e+00 3.63481000e-02 -9.93406000e-03 -9.92881000e+00 -1.64707000e-01 4.43505000e-03 -9.24153000e+00 1.61909000e-02 -1.82027000e-02 -9.24120000e+00 -1.84808000e-01 -5.74064000e-03 -8.55676000e+00 -3.03759000e-03 -2.23965000e-02 -8.55564000e+00 -2.03832000e-01 -1.11513000e-02 -7.87313000e+00 -2.13088000e-02 -2.36164000e-02 -7.87131000e+00 -2.22099000e-01 -1.29532000e-02 -7.19000000e+00 -3.88722000e-02 -2.27621000e-02 -7.18762000e+00 -2.39858000e-01 -1.21685000e-02 -6.50681000e+00 -5.59865000e-02 -2.05315000e-02 -6.50397000e+00 -2.57408000e-01 -9.56987000e-03 -5.82311000e+00 -7.29151000e-02 -1.74297000e-02 -5.81992000e+00 -2.74949000e-01 -5.63404000e-03 -5.13864000e+00 -8.98753000e-02 -1.37542000e-02 -5.13521000e+00 -2.92696000e-01 -5.70458000e-04 -4.45328000e+00 -1.07050000e-01 -9.64956000e-03 -4.44971000e+00 -3.10825000e-01 5.73267000e-03 -3.76710000e+00 -1.24629000e-01 -5.04601000e-03 -3.76352000e+00 -3.29537000e-01 1.37503000e-02 -3.08030000e+00 -1.42770000e-01 3.02994000e-04 -3.07685000e+00 -3.48943000e-01 2.45250000e-02 -2.39333000e+00 -1.61604000e-01 7.03633000e-03 -2.39022000e+00 -3.70239000e-01 4.13857000e-02 -1.70637000e+00 -1.81976000e-01 1.74510000e-02 -1.70436000e+00 -3.92347000e-01 7.20114000e-02 -1.01614000e+00 -2.04608000e-01 3.92932000e-02 -1.01679000e+00 -2.15057000e-01 1.11042000e+00 -1.39262000e+01 -9.71212000e-02 1.09537000e+00 -1.41764000e+01 -2.36062000e-01 6.04777000e-01 -1.33547000e+01 -1.59948000e-01 6.01307000e-01 -1.34789000e+01 -2.47708000e-01 3.24196000e-01 -1.26567000e+01 -2.13950000e-01 3.24930000e-01 -1.27174000e+01 -2.69057000e-01 1.96457000e-01 -1.19483000e+01 -2.51929000e-01 1.97716000e-01 -1.19832000e+01 -2.91924000e-01 1.25026000e-01 -1.12629000e+01 -2.80664000e-01 1.26006000e-01 -1.12855000e+01 -3.13379000e-01 7.64540000e-02 -1.05842000e+01 -3.05454000e-01 7.72632000e-02 -1.05997000e+01 -3.33514000e-01 4.21957000e-02 -9.90607000e+00 -3.28071000e-01 4.28149000e-02 -9.91663000e+00 -3.52505000e-01 1.92343000e-02 -9.22790000e+00 -3.48994000e-01 1.97021000e-02 -9.23498000e+00 -3.70767000e-01 4.38233000e-03 -8.54919000e+00 -3.68544000e-01 4.72583000e-03 -8.55368000e+00 -3.88377000e-01 -4.18936000e-03 -7.86963000e+00 -3.87261000e-01 -3.93995000e-03 -7.87244000e+00 -4.05759000e-01 -7.82200000e-03 -7.18890000e+00 -4.05396000e-01 -7.63987000e-03 -7.19080000e+00 -4.23068000e-01 -7.84209000e-03 -6.50680000e+00 -4.23262000e-01 -7.70587000e-03 -6.50836000e+00 -4.40479000e-01 -5.27069000e-03 -5.82321000e+00 -4.41020000e-01 -5.16239000e-03 -5.82487000e+00 -4.58048000e-01 -7.63269000e-04 -5.13805000e+00 -4.58869000e-01 -6.66483000e-04 -5.14016000e+00 -4.75879000e-01 5.39116000e-03 -4.45132000e+00 -4.76907000e-01 5.49393000e-03 -4.45415000e+00 -4.93973000e-01 1.33278000e-02 -3.76304000e+00 -4.95297000e-01 1.34518000e-02 -3.76690000e+00 -5.12376000e-01 2.36747000e-02 -3.07324000e+00 -5.14066000e-01 2.38467000e-02 -3.07850000e+00 -5.31032000e-01 3.77703000e-02 -2.38191000e+00 -5.33442000e-01 3.80154000e-02 -2.38913000e+00 -5.49354000e-01 5.93750000e-02 -1.68890000e+00 -5.53324000e-01 5.97410000e-02 -1.69863000e+00 -5.66860000e-01 9.17550000e-02 -9.96440000e-01 -5.72712000e-01 9.26252000e-02 -1.00661000e+00 1.91464000e-02 1.08308000e+00 -1.44274000e+01 -8.26265000e-02 5.99826000e-01 -1.36048000e+01 -1.80058000e-01 3.22741000e-01 -1.27786000e+01 -2.34583000e-01 1.95654000e-01 -1.20181000e+01 -2.69560000e-01 1.24755000e-01 -1.13080000e+01 -2.97331000e-01 7.63956000e-02 -1.06150000e+01 -3.22683000e-01 4.21975000e-02 -9.92708000e+00 -3.45438000e-01 1.91371000e-02 -9.24200000e+00 -3.66360000e-01 4.20526000e-03 -8.55811000e+00 -3.86121000e-01 -4.40950000e-03 -7.87521000e+00 -4.05061000e-01 -8.07504000e-03 -7.19265000e+00 -4.23443000e-01 -8.11042000e-03 -6.50989000e+00 -4.41585000e-01 -5.54229000e-03 -5.82651000e+00 -4.59680000e-01 -1.02634000e-03 -5.14224000e+00 -4.77967000e-01 5.14886000e-03 -4.45697000e+00 -4.96602000e-01 1.31140000e-02 -3.77074000e+00 -5.15814000e-01 2.35018000e-02 -3.08374000e+00 -5.35796000e-01 3.76613000e-02 -2.39633000e+00 -5.57423000e-01 5.93036000e-02 -1.70830000e+00 -5.78427000e-01 9.21672000e-02 -1.01681000e+00 -3.63881000e-01 1.51014000e+00 -1.39585000e+01 -1.98329000e-01 1.49533000e+00 -1.42020000e+01 -4.02157000e-01 7.95238000e-01 -1.33706000e+01 -3.01839000e-01 7.92605000e-01 -1.34805000e+01 -4.23249000e-01 4.12532000e-01 -1.26707000e+01 -3.80271000e-01 4.14035000e-01 -1.27181000e+01 -4.48437000e-01 2.44923000e-01 -1.19612000e+01 -4.27966000e-01 2.46175000e-01 -1.19857000e+01 -4.72372000e-01 1.55283000e-01 -1.12752000e+01 -4.59363000e-01 1.56262000e-01 -1.12898000e+01 -4.94464000e-01 9.62778000e-02 -1.05950000e+01 -4.85596000e-01 9.70500000e-02 -1.06042000e+01 -5.15190000e-01 5.51518000e-02 -9.91579000e+00 -5.08989000e-01 5.56946000e-02 -9.92147000e+00 -5.34628000e-01 2.71764000e-02 -9.23689000e+00 -5.30636000e-01 2.75662000e-02 -9.23996000e+00 -5.53251000e-01 8.72675000e-03 -8.55762000e+00 -5.50699000e-01 8.98610000e-03 -8.55885000e+00 -5.71123000e-01 -2.11136000e-03 -7.87758000e+00 -5.69892000e-01 -1.93821000e-03 -7.87774000e+00 -5.88832000e-01 -6.89579000e-03 -7.19651000e+00 -5.88475000e-01 -6.78171000e-03 -7.19619000e+00 -6.06485000e-01 -7.21285000e-03 -6.51416000e+00 -6.06808000e-01 -7.13320000e-03 -6.51382000e+00 -6.24284000e-01 -4.31007000e-03 -5.83041000e+00 -6.25022000e-01 -4.24814000e-03 -5.83038000e+00 -6.42238000e-01 9.86843000e-04 -5.14517000e+00 -6.43325000e-01 1.04711000e-03 -5.14570000e+00 -6.60435000e-01 8.30413000e-03 -4.45846000e+00 -6.61789000e-01 8.37720000e-03 -4.45971000e+00 -6.78832000e-01 1.77744000e-02 -3.77029000e+00 -6.80557000e-01 1.78744000e-02 -3.77246000e+00 -6.97462000e-01 3.01063000e-02 -3.08075000e+00 -6.99666000e-01 3.02577000e-02 -3.08407000e+00 -7.16197000e-01 4.68722000e-02 -2.38989000e+00 -7.19285000e-01 4.70929000e-02 -2.39469000e+00 -7.34505000e-01 7.14542000e-02 -1.69810000e+00 -7.39210000e-01 7.18328000e-02 -1.70433000e+00 -7.53087000e-01 1.03592000e-01 -1.00752000e+00 -7.58552000e-01 1.04238000e-01 -1.01328000e+00 -3.59942000e-02 1.48330000e+00 -1.44465000e+01 -1.99554000e-01 7.94271000e-01 -1.35922000e+01 -3.37337000e-01 4.13256000e-01 -1.27661000e+01 -4.07050000e-01 2.44784000e-01 -1.20105000e+01 -4.46634000e-01 1.55368000e-01 -1.13044000e+01 -4.76427000e-01 9.64537000e-02 -1.06134000e+01 -5.02939000e-01 5.52160000e-02 -9.92719000e+00 -5.26517000e-01 2.70935000e-02 -9.24305000e+00 -5.48221000e-01 8.56066000e-03 -8.56010000e+00 -5.68600000e-01 -2.31565000e-03 -7.87791000e+00 -5.88155000e-01 -7.12809000e-03 -7.19589000e+00 -6.07096000e-01 -7.45390000e-03 -6.51351000e+00 -6.25784000e-01 -4.55136000e-03 -5.83038000e+00 -6.44389000e-01 7.56655000e-04 -5.14624000e+00 -6.63165000e-01 8.09333000e-03 -4.46099000e+00 -6.82259000e-01 1.75903000e-02 -3.77465000e+00 -7.01901000e-01 2.99608000e-02 -3.08740000e+00 -7.22341000e-01 4.67820000e-02 -2.39951000e+00 -7.43955000e-01 7.14293000e-02 -1.71058000e+00 -7.64032000e-01 1.03817000e-01 -1.01900000e+00 -5.15495000e-01 1.89599000e+00 -1.39941000e+01 -2.99731000e-01 1.88223000e+00 -1.42225000e+01 -5.73073000e-01 9.63335000e-01 -1.33854000e+01 -4.48249000e-01 9.60986000e-01 -1.34778000e+01 -6.01019000e-01 4.80639000e-01 -1.26831000e+01 -5.49944000e-01 4.82780000e-01 -1.27165000e+01 -6.29117000e-01 2.78079000e-01 -1.19731000e+01 -6.05831000e-01 2.79208000e-01 -1.19878000e+01 -6.53364000e-01 1.73785000e-01 -1.12865000e+01 -6.39008000e-01 1.74727000e-01 -1.12940000e+01 -6.75798000e-01 1.07077000e-01 -1.06049000e+01 -6.66325000e-01 1.07802000e-01 -1.06088000e+01 -6.97044000e-01 6.10859000e-02 -9.92470000e+00 -6.90345000e-01 6.15576000e-02 -9.92622000e+00 -7.16814000e-01 2.94185000e-02 -9.24508000e+00 -7.12494000e-01 2.97259000e-02 -9.24486000e+00 -7.35720000e-01 8.50470000e-03 -8.56528000e+00 -7.32980000e-01 8.68171000e-03 -8.56395000e+00 -7.53862000e-01 -3.69537000e-03 -7.88483000e+00 -7.52604000e-01 -3.59647000e-03 -7.88299000e+00 -7.71892000e-01 -8.97996000e-03 -7.20346000e+00 -7.71593000e-01 -8.93141000e-03 -7.20154000e+00 -7.89895000e-01 -9.15027000e-03 -6.52093000e+00 -7.90369000e-01 -9.12454000e-03 -6.51925000e+00 -8.08084000e-01 -5.64836000e-03 -5.83708000e+00 -8.09019000e-01 -5.63049000e-03 -5.83586000e+00 -8.26428000e-01 5.50430000e-04 -5.15184000e+00 -8.27758000e-01 5.76195000e-04 -5.15120000e+00 -8.44996000e-01 8.98876000e-03 -4.46520000e+00 -8.46630000e-01 9.03355000e-03 -4.46524000e+00 -8.63714000e-01 1.97746000e-02 -3.77720000e+00 -8.65761000e-01 1.98521000e-02 -3.77800000e+00 -8.82594000e-01 3.36454000e-02 -3.08796000e+00 -8.85188000e-01 3.37742000e-02 -3.08961000e+00 -9.01422000e-01 5.22811000e-02 -2.39764000e+00 -9.04999000e-01 5.24820000e-02 -2.40025000e+00 -9.19971000e-01 7.82460000e-02 -1.70694000e+00 -9.24973000e-01 7.86003000e-02 -1.71008000e+00 -9.39131000e-01 1.08991000e-01 -1.01764000e+00 -9.44302000e-01 1.09581000e-01 -1.01977000e+00 -8.74098000e-02 1.86951000e+00 -1.44517000e+01 -3.21080000e-01 9.65411000e-01 -1.35717000e+01 -4.98915000e-01 4.83118000e-01 -1.27503000e+01 -5.82008000e-01 2.78352000e-01 -1.20027000e+01 -6.25057000e-01 1.74117000e-01 -1.13013000e+01 -6.56514000e-01 1.07408000e-01 -1.06125000e+01 -6.83864000e-01 6.11778000e-02 -9.92777000e+00 -7.08000000e-01 2.93688000e-02 -9.24463000e+00 -7.30354000e-01 8.36992000e-03 -8.56264000e+00 -7.51260000e-01 -3.86369000e-03 -7.88115000e+00 -7.71352000e-01 -9.17224000e-03 -7.19963000e+00 -7.90799000e-01 -9.34628000e-03 -6.51758000e+00 -8.09987000e-01 -5.84360000e-03 -5.83464000e+00 -8.29063000e-01 3.67251000e-04 -5.15058000e+00 -8.48285000e-01 8.82197000e-03 -4.46530000e+00 -8.67791000e-01 1.96324000e-02 -3.77881000e+00 -8.87803000e-01 3.35363000e-02 -3.09127000e+00 -9.08565000e-01 5.22221000e-02 -2.40287000e+00 -9.29997000e-01 7.82586000e-02 -1.71322000e+00 -9.49481000e-01 1.09222000e-01 -1.02190000e+00 -6.68771000e-01 2.25129000e+00 -1.40347000e+01 -4.02982000e-01 2.24037000e+00 -1.42360000e+01 -7.50064000e-01 1.10284000e+00 -1.34005000e+01 -6.01602000e-01 1.10064000e+00 -1.34709000e+01 -7.81426000e-01 5.27125000e-01 -1.26945000e+01 -7.23945000e-01 5.29519000e-01 -1.27130000e+01 -8.10592000e-01 2.96312000e-01 -1.19846000e+01 -7.85444000e-01 2.97381000e-01 -1.19899000e+01 -8.34782000e-01 1.81474000e-01 -1.12973000e+01 -8.19661000e-01 1.82399000e-01 -1.12981000e+01 -8.57329000e-01 1.09953000e-01 -1.06141000e+01 -8.47592000e-01 1.10596000e-01 -1.06132000e+01 -8.79045000e-01 6.09580000e-02 -9.93289000e+00 -8.72070000e-01 6.13448000e-02 -9.93085000e+00 -8.99044000e-01 2.70115000e-02 -9.25254000e+00 -8.94588000e-01 2.72231000e-02 -9.24970000e+00 -9.18177000e-01 4.77249000e-03 -8.57221000e+00 -9.15384000e-01 4.85758000e-03 -8.56899000e+00 -9.36585000e-01 -7.92850000e-03 -7.89138000e+00 -9.35387000e-01 -7.91104000e-03 -7.88819000e+00 -9.54945000e-01 -1.31274000e-02 -7.20976000e+00 -9.54749000e-01 -1.31499000e-02 -7.20684000e+00 -9.73306000e-01 -1.27967000e-02 -6.52711000e+00 -9.73944000e-01 -1.28296000e-02 -6.52463000e+00 -9.91893000e-01 -8.52670000e-03 -5.84324000e+00 -9.93012000e-01 -8.55694000e-03 -5.84128000e+00 -1.01063000e+00 -1.41246000e-03 -5.15805000e+00 -1.01217000e+00 -1.42526000e-03 -5.15667000e+00 -1.02958000e+00 8.01471000e-03 -4.47154000e+00 -1.03144000e+00 8.02743000e-03 -4.47073000e+00 -1.04864000e+00 1.98207000e-02 -3.78377000e+00 -1.05092000e+00 1.98706000e-02 -3.78351000e+00 -1.06777000e+00 3.47355000e-02 -3.09486000e+00 -1.07064000e+00 3.48357000e-02 -3.09513000e+00 -1.08677000e+00 5.43957000e-02 -2.40512000e+00 -1.09063000e+00 5.45684000e-02 -2.40580000e+00 -1.10561000e+00 8.04512000e-02 -1.71535000e+00 -1.11064000e+00 8.07610000e-02 -1.71583000e+00 -1.12511000e+00 1.09268000e-01 -1.02701000e+00 -1.12997000e+00 1.09764000e-01 -1.02617000e+00 -1.40218000e-01 2.22618000e+00 -1.44378000e+01 -4.50592000e-01 1.10711000e+00 -1.35424000e+01 -6.66598000e-01 5.30592000e-01 -1.27317000e+01 -7.59576000e-01 2.96850000e-01 -1.19951000e+01 -8.05067000e-01 1.81971000e-01 -1.12988000e+01 -8.37408000e-01 1.10311000e-01 -1.06122000e+01 -8.65381000e-01 6.10372000e-02 -9.92882000e+00 -8.89909000e-01 2.69654000e-02 -9.24684000e+00 -9.12740000e-01 4.64834000e-03 -8.56579000e+00 -9.34079000e-01 -8.07524000e-03 -7.88500000e+00 -9.54629000e-01 -1.32918000e-02 -7.20394000e+00 -9.74526000e-01 -1.29578000e-02 -6.52216000e+00 -9.94171000e-01 -8.68485000e-03 -5.83935000e+00 -1.01368000e+00 -1.55733000e-03 -5.15530000e+00 -1.03332000e+00 7.88387000e-03 -4.46993000e+00 -1.05319000e+00 1.97109000e-02 -3.78325000e+00 -1.07352000e+00 3.46523000e-02 -3.09540000e+00 -1.09448000e+00 5.43536000e-02 -2.40649000e+00 -1.11568000e+00 8.04710000e-02 -1.71632000e+00 -1.13484000e+00 1.09462000e-01 -1.02532000e+00 1.43456000e-01 8.31348000e-02 -1.36746000e+01 1.43554000e-01 7.66285000e-02 -1.36145000e+01 2.11435000e-01 -1.44850000e-01 -1.37153000e+01 2.04910000e-01 -1.49722000e-01 -1.35950000e+01 1.62752000e-01 3.40514000e-02 -1.31759000e+01 1.60735000e-01 3.20196000e-02 -1.31320000e+01 2.67644000e-01 -1.26547000e-01 -1.32065000e+01 2.61877000e-01 -1.32870000e-01 -1.31204000e+01 1.72983000e-01 8.43105000e-03 -1.25274000e+01 1.70704000e-01 8.13419000e-03 -1.24974000e+01 2.88453000e-01 -9.96467000e-02 -1.25484000e+01 2.85566000e-01 -1.05496000e-01 -1.24899000e+01 1.73216000e-01 -3.81741000e-03 -1.18501000e+01 1.72470000e-01 -3.59474000e-03 -1.18286000e+01 2.87167000e-01 -7.98855000e-02 -1.18653000e+01 2.87289000e-01 -8.48535000e-02 -1.18238000e+01 1.63623000e-01 -1.39084000e-02 -1.11833000e+01 1.64306000e-01 -1.35594000e-02 -1.11671000e+01 2.75890000e-01 -7.03880000e-02 -1.11943000e+01 2.78170000e-01 -7.44531000e-02 -1.11632000e+01 1.49172000e-01 -2.33695000e-02 -1.05196000e+01 1.50849000e-01 -2.29803000e-02 -1.05070000e+01 2.61646000e-01 -6.61446000e-02 -1.05272000e+01 2.65396000e-01 -6.92581000e-02 -1.05036000e+01 1.33412000e-01 -2.96701000e-02 -9.85263000e+00 1.35540000e-01 -2.92544000e-02 -9.84280000e+00 2.45964000e-01 -6.24921000e-02 -9.85765000e+00 2.50680000e-01 -6.49005000e-02 -9.83961000e+00 1.16918000e-01 -3.25956000e-02 -9.18224000e+00 1.19366000e-01 -3.21237000e-02 -9.17443000e+00 2.29851000e-01 -5.83243000e-02 -9.18550000e+00 2.35282000e-01 -6.02131000e-02 -9.17125000e+00 1.00544000e-01 -3.29080000e-02 -8.50926000e+00 1.03199000e-01 -3.24174000e-02 -8.50295000e+00 2.13646000e-01 -5.34298000e-02 -8.51117000e+00 2.19542000e-01 -5.49435000e-02 -8.49975000e+00 8.42697000e-02 -3.13939000e-02 -7.83394000e+00 8.70794000e-02 -3.09046000e-02 -7.82874000e+00 1.97732000e-01 -4.80583000e-02 -7.83481000e+00 2.04012000e-01 -4.92819000e-02 -7.82548000e+00 6.81917000e-02 -2.87748000e-02 -7.15634000e+00 7.10895000e-02 -2.83115000e-02 -7.15196000e+00 1.81925000e-01 -4.27026000e-02 -7.15647000e+00 1.88435000e-01 -4.37176000e-02 -7.14863000e+00 5.20492000e-02 -2.55726000e-02 -6.47650000e+00 5.50122000e-02 -2.51525000e-02 -6.47268000e+00 1.66179000e-01 -3.76604000e-02 -6.47612000e+00 1.72867000e-01 -3.85307000e-02 -6.46929000e+00 3.58353000e-02 -2.21147000e-02 -5.79440000e+00 3.88148000e-02 -2.17482000e-02 -5.79093000e+00 1.50293000e-01 -3.31062000e-02 -5.79371000e+00 1.57066000e-01 -3.38879000e-02 -5.78749000e+00 1.92914000e-02 -1.85969000e-02 -5.11005000e+00 2.22853000e-02 -1.82900000e-02 -5.10674000e+00 1.34196000e-01 -2.91457000e-02 -5.10922000e+00 1.41049000e-01 -2.98913000e-02 -5.10325000e+00 2.44246000e-03 -1.51192000e-02 -4.42341000e+00 5.39580000e-03 -1.48737000e-02 -4.42010000e+00 1.17687000e-01 -2.58565000e-02 -4.42263000e+00 1.24517000e-01 -2.66142000e-02 -4.41657000e+00 -1.50415000e-02 -1.16526000e-02 -3.73444000e+00 -1.21135000e-02 -1.14764000e-02 -3.73090000e+00 1.00737000e-01 -2.32708000e-02 -3.73388000e+00 1.07617000e-01 -2.40993000e-02 -3.72735000e+00 -3.30440000e-02 -8.11236000e-03 -3.04290000e+00 -3.02418000e-02 -8.00260000e-03 -3.03891000e+00 8.31091000e-02 -2.14768000e-02 -3.04280000e+00 8.98256000e-02 -2.24397000e-02 -3.03534000e+00 -5.21529000e-02 -4.04848000e-03 -2.34821000e+00 -4.94629000e-02 -4.04680000e-03 -2.34334000e+00 6.48269000e-02 -2.04796000e-02 -2.34888000e+00 7.16450000e-02 -2.16695000e-02 -2.33973000e+00 -7.26988000e-02 1.88997000e-03 -1.64858000e+00 -7.03803000e-02 1.87338000e-03 -1.64227000e+00 4.54885000e-02 -2.01638000e-02 -1.65086000e+00 5.16827000e-02 -2.18662000e-02 -1.63861000e+00 -1.01923000e-01 1.26030000e-02 -9.25996000e-01 -1.02275000e-01 1.18689000e-02 -9.15719000e-01 2.38717000e-02 -2.20341000e-02 -9.31748000e-01 2.95713000e-02 -2.46889000e-02 -9.11569000e-01 2.81398000e-01 -3.72759000e-01 -1.37563000e+01 2.67153000e-01 -3.74024000e-01 -1.35766000e+01 3.71521000e-01 -2.87785000e-01 -1.32329000e+01 3.61228000e-01 -2.96937000e-01 -1.31048000e+01 4.04405000e-01 -2.08737000e-01 -1.25661000e+01 4.00098000e-01 -2.19856000e-01 -1.24787000e+01 4.00766000e-01 -1.56866000e-01 -1.18777000e+01 4.01437000e-01 -1.67051000e-01 -1.18157000e+01 3.88284000e-01 -1.27613000e-01 -1.12031000e+01 3.91862000e-01 -1.36203000e-01 -1.11566000e+01 3.74106000e-01 -1.09322000e-01 -1.05333000e+01 3.79656000e-01 -1.16348000e-01 -1.04980000e+01 3.58834000e-01 -9.55657000e-02 -9.86162000e+00 3.66110000e-01 -1.01229000e-01 -9.83456000e+00 3.42799000e-01 -8.43301000e-02 -9.18785000e+00 3.51101000e-01 -8.90034000e-02 -9.16660000e+00 3.26961000e-01 -7.41836000e-02 -8.51223000e+00 3.35979000e-01 -7.81240000e-02 -8.49523000e+00 3.11257000e-01 -6.49242000e-02 -7.83493000e+00 3.20928000e-01 -6.82260000e-02 -7.82105000e+00 2.95816000e-01 -5.68054000e-02 -7.15593000e+00 3.05879000e-01 -5.96236000e-02 -7.14427000e+00 2.80376000e-01 -4.99010000e-02 -6.47515000e+00 2.90737000e-01 -5.23475000e-02 -6.46499000e+00 2.64897000e-01 -4.42317000e-02 -5.79249000e+00 2.75448000e-01 -4.64147000e-02 -5.78323000e+00 2.49148000e-01 -3.98153000e-02 -5.10792000e+00 2.59820000e-01 -4.18391000e-02 -5.09903000e+00 2.33092000e-01 -3.67048000e-02 -4.42140000e+00 2.43841000e-01 -3.86710000e-02 -4.41236000e+00 2.16514000e-01 -3.49971000e-02 -3.73290000e+00 2.27294000e-01 -3.70230000e-02 -3.72315000e+00 1.99465000e-01 -3.49578000e-02 -3.04227000e+00 2.10253000e-01 -3.71690000e-02 -3.03112000e+00 1.81724000e-01 -3.70296000e-02 -2.34911000e+00 1.92551000e-01 -3.96245000e-02 -2.33540000e+00 1.63618000e-01 -4.25030000e-02 -1.65238000e+00 1.74364000e-01 -4.58957000e-02 -1.63429000e+00 1.48849000e-01 -5.82104000e-02 -9.36008000e-01 1.59697000e-01 -6.21447000e-02 -9.05686000e-01 1.38622000e-01 1.05104000e-01 -1.37328000e+01 2.08991000e-01 -1.08482000e-01 -1.38332000e+01 1.58707000e-01 4.67166000e-02 -1.32173000e+01 2.60323000e-01 -9.80272000e-02 -1.32875000e+01 1.68431000e-01 1.56483000e-02 -1.25552000e+01 2.76395000e-01 -7.89479000e-02 -1.26021000e+01 1.66730000e-01 8.24778000e-04 -1.18699000e+01 2.71714000e-01 -6.45349000e-02 -1.19030000e+01 1.55450000e-01 -1.06485000e-02 -1.11983000e+01 2.58206000e-01 -5.86962000e-02 -1.12223000e+01 1.39984000e-01 -2.10319000e-02 -1.05310000e+01 2.42472000e-01 -5.72650000e-02 -1.05484000e+01 1.23690000e-01 -2.79938000e-02 -9.86151000e+00 2.25783000e-01 -5.56624000e-02 -9.87397000e+00 1.06846000e-01 -3.14359000e-02 -9.18933000e+00 2.08936000e-01 -5.29746000e-02 -9.19835000e+00 9.02446000e-02 -3.21110000e-02 -8.51500000e+00 1.92229000e-01 -4.91637000e-02 -8.52148000e+00 7.37943000e-02 -3.08442000e-02 -7.83868000e+00 1.75912000e-01 -4.46069000e-02 -7.84327000e+00 5.75993000e-02 -2.83748000e-02 -7.16037000e+00 1.59828000e-01 -3.98312000e-02 -7.16364000e+00 4.13728000e-02 -2.52448000e-02 -6.48004000e+00 1.43868000e-01 -3.51814000e-02 -6.48243000e+00 2.51111000e-02 -2.17992000e-02 -5.79764000e+00 1.27851000e-01 -3.08611000e-02 -5.79952000e+00 8.53422000e-03 -1.82461000e-02 -5.11316000e+00 1.11627000e-01 -2.69953000e-02 -5.11485000e+00 -8.31583000e-03 -1.46882000e-02 -4.42656000e+00 9.50850000e-02 -2.36630000e-02 -4.42837000e+00 -2.57754000e-02 -1.10944000e-02 -3.73781000e+00 7.80310000e-02 -2.08881000e-02 -3.74008000e+00 -4.37442000e-02 -7.36061000e-03 -3.04669000e+00 6.04904000e-02 -1.87128000e-02 -3.04988000e+00 -6.26539000e-02 -3.02094000e-03 -2.35283000e+00 4.20185000e-02 -1.70718000e-02 -2.35751000e+00 -8.27753000e-02 3.30944000e-03 -1.65457000e+00 2.31511000e-02 -1.55136000e-02 -1.66221000e+00 -1.09943000e-01 1.52236000e-02 -9.36149000e-01 1.43260000e-03 -1.44414000e-02 -9.50660000e-01 2.81190000e-01 -3.22702000e-01 -1.39341000e+01 3.60594000e-01 -2.44985000e-01 -1.33542000e+01 3.84547000e-01 -1.75686000e-01 -1.26457000e+01 3.76003000e-01 -1.31690000e-01 -1.19331000e+01 3.60878000e-01 -1.08159000e-01 -1.12441000e+01 3.44703000e-01 -9.43346000e-02 -1.05643000e+01 3.28028000e-01 -8.38838000e-02 -9.88539000e+00 3.10984000e-01 -7.49939000e-02 -9.20650000e+00 2.94326000e-01 -6.66232000e-02 -8.52716000e+00 2.78022000e-01 -5.87269000e-02 -7.84717000e+00 2.62131000e-01 -5.16025000e-02 -7.16628000e+00 2.46370000e-01 -4.53963000e-02 -6.48426000e+00 2.30655000e-01 -4.01704000e-02 -5.80090000e+00 2.14722000e-01 -3.59691000e-02 -5.11609000e+00 1.98548000e-01 -3.28458000e-02 -4.42977000e+00 1.81834000e-01 -3.08840000e-02 -3.74197000e+00 1.64749000e-01 -3.02798000e-02 -3.05267000e+00 1.46770000e-01 -3.13439000e-02 -2.36180000e+00 1.28693000e-01 -3.48477000e-02 -1.66912000e+00 1.12375000e-01 -4.63446000e-02 -9.64247000e-01 1.28906000e-01 1.41562000e-01 -1.37846000e+01 1.97166000e-01 -4.13283000e-02 -1.39399000e+01 1.48690000e-01 6.88216000e-02 -1.32536000e+01 2.40176000e-01 -4.99757000e-02 -1.33576000e+01 1.57713000e-01 2.87795000e-02 -1.25794000e+01 2.50362000e-01 -4.61562000e-02 -1.26470000e+01 1.53556000e-01 9.57141000e-03 -1.18872000e+01 2.42108000e-01 -4.11087000e-02 -1.19340000e+01 1.40475000e-01 -4.36792000e-03 -1.12114000e+01 2.26461000e-01 -4.12332000e-02 -1.12452000e+01 1.24020000e-01 -1.64265000e-02 -1.05411000e+01 2.09259000e-01 -4.41307000e-02 -1.05658000e+01 1.07063000e-01 -2.45622000e-02 -9.86936000e+00 1.91539000e-01 -4.56721000e-02 -9.88737000e+00 8.98599000e-02 -2.89132000e-02 -9.19561000e+00 1.74007000e-01 -4.52290000e-02 -9.20891000e+00 7.30252000e-02 -3.02471000e-02 -8.52011000e+00 1.56798000e-01 -4.30560000e-02 -8.52998000e+00 5.64035000e-02 -2.94393000e-02 -7.84294000e+00 1.40092000e-01 -3.97072000e-02 -7.85030000e+00 4.00610000e-02 -2.72674000e-02 -7.16404000e+00 1.23705000e-01 -3.57783000e-02 -7.16965000e+00 2.37612000e-02 -2.43040000e-02 -6.48330000e+00 1.07534000e-01 -3.16838000e-02 -6.48778000e+00 7.39483000e-03 -2.09230000e-02 -5.80065000e+00 9.13205000e-02 -2.76793000e-02 -5.80452000e+00 -9.18563000e-03 -1.73503000e-02 -5.11606000e+00 7.49860000e-02 -2.39200000e-02 -5.11974000e+00 -2.61296000e-02 -1.36935000e-02 -4.42949000e+00 5.82941000e-02 -2.04920000e-02 -4.43341000e+00 -4.35016000e-02 -9.91583000e-03 -3.74093000e+00 4.12066000e-02 -1.74041000e-02 -3.74554000e+00 -6.15767000e-02 -5.88603000e-03 -3.05019000e+00 2.35126000e-02 -1.46284000e-02 -3.05609000e+00 -8.02044000e-02 -1.08747000e-03 -2.35702000e+00 5.09916000e-03 -1.20024000e-02 -2.36501000e+00 -1.00084000e-01 5.90861000e-03 -1.65998000e+00 -1.39354000e-02 -8.58684000e-03 -1.67193000e+00 -1.25256000e-01 1.95232000e-02 -9.45461000e-01 -3.53492000e-02 -2.86134000e-03 -9.66997000e-01 2.67165000e-01 -2.25188000e-01 -1.40962000e+01 3.30263000e-01 -1.72123000e-01 -1.34592000e+01 3.43276000e-01 -1.24441000e-01 -1.27116000e+01 3.30007000e-01 -9.45310000e-02 -1.19781000e+01 3.12414000e-01 -8.01695000e-02 -1.12771000e+01 2.94348000e-01 -7.30726000e-02 -1.05893000e+01 2.76128000e-01 -6.75822000e-02 -9.90456000e+00 2.58063000e-01 -6.22130000e-02 -9.22156000e+00 2.40619000e-01 -5.64469000e-02 -8.53925000e+00 2.23733000e-01 -5.04876000e-02 -7.85713000e+00 2.07370000e-01 -4.47427000e-02 -7.17479000e+00 1.91278000e-01 -3.94656000e-02 -6.49185000e+00 1.75258000e-01 -3.47942000e-02 -5.80801000e+00 1.59133000e-01 -3.08158000e-02 -5.12310000e+00 1.42721000e-01 -2.75937000e-02 -4.43703000e+00 1.25898000e-01 -2.51859000e-02 -3.74986000e+00 1.08554000e-01 -2.36843000e-02 -3.06169000e+00 9.04725000e-02 -2.32192000e-02 -2.37271000e+00 7.18969000e-02 -2.38192000e-02 -1.68333000e+00 5.37775000e-02 -2.80499000e-02 -9.87665000e-01 1.14280000e-01 1.90406000e-01 -1.38262000e+01 1.76251000e-01 5.28337000e-02 -1.40268000e+01 1.33320000e-01 9.85602000e-02 -1.32827000e+01 2.08677000e-01 1.34119000e-02 -1.34118000e+01 1.41675000e-01 4.65194000e-02 -1.25988000e+01 2.12435000e-01 -4.79331000e-03 -1.26804000e+01 1.34642000e-01 2.14878000e-02 -1.19013000e+01 2.00550000e-01 -1.22988000e-02 -1.19567000e+01 1.19708000e-01 4.22247000e-03 -1.12221000e+01 1.82912000e-01 -2.00828000e-02 -1.12620000e+01 1.02292000e-01 -1.00843000e-02 -1.05494000e+01 1.64341000e-01 -2.83311000e-02 -1.05787000e+01 8.46695000e-02 -1.98506000e-02 -9.87581000e+00 1.45701000e-01 -3.37370000e-02 -9.89731000e+00 6.71350000e-02 -2.54295000e-02 -9.20081000e+00 1.27539000e-01 -3.60747000e-02 -9.21681000e+00 5.00961000e-02 -2.76356000e-02 -8.52441000e+00 1.09891000e-01 -3.59242000e-02 -8.53641000e+00 3.32977000e-02 -2.74438000e-02 -7.84658000e+00 9.28066000e-02 -3.40438000e-02 -7.85569000e+00 1.68311000e-02 -2.56764000e-02 -7.16720000e+00 7.61472000e-02 -3.11267000e-02 -7.17434000e+00 4.25832000e-04 -2.29449000e-02 -6.48614000e+00 5.97320000e-02 -2.76741000e-02 -6.49204000e+00 -1.60221000e-02 -1.96622000e-02 -5.80330000e+00 4.33373000e-02 -2.40149000e-02 -5.80856000e+00 -3.26635000e-02 -1.60746000e-02 -5.11863000e+00 2.68292000e-02 -2.03418000e-02 -5.12375000e+00 -4.96650000e-02 -1.22997000e-02 -4.43209000e+00 1.00024000e-02 -1.67579000e-02 -4.43756000e+00 -6.70380000e-02 -8.28947000e-03 -3.74366000e+00 -7.20622000e-03 -1.32443000e-02 -3.75002000e+00 -8.51560000e-02 -3.88150000e-03 -3.05323000e+00 -2.50419000e-02 -9.70037000e-03 -3.06114000e+00 -1.03634000e-01 1.51504000e-03 -2.36059000e+00 -4.34771000e-02 -5.82587000e-03 -2.37101000e+00 -1.23271000e-01 9.42098000e-03 -1.66455000e+00 -6.27826000e-02 -1.55480000e-04 -1.67951000e+00 -1.46271000e-01 2.51036000e-02 -9.53736000e-01 -8.39497000e-02 1.12413000e-02 -9.79508000e-01 2.39905000e-01 -8.55405000e-02 -1.42289000e+01 2.82767000e-01 -7.55072000e-02 -1.35401000e+01 2.83625000e-01 -6.03932000e-02 -1.27598000e+01 2.65925000e-01 -4.95668000e-02 -1.20102000e+01 2.46149000e-01 -4.68803000e-02 -1.13006000e+01 2.26376000e-01 -4.80543000e-02 -1.06071000e+01 2.06787000e-01 -4.86239000e-02 -9.91827000e+00 1.87808000e-01 -4.75606000e-02 -9.23239000e+00 1.69664000e-01 -4.49446000e-02 -8.54802000e+00 1.52229000e-01 -4.12869000e-02 -7.86445000e+00 1.35428000e-01 -3.71463000e-02 -7.18116000e+00 1.18972000e-01 -3.29086000e-02 -6.49766000e+00 1.02658000e-01 -2.88187000e-02 -5.81357000e+00 8.62609000e-02 -2.50198000e-02 -5.12866000e+00 6.96255000e-02 -2.15989000e-02 -4.44283000e+00 5.25673000e-02 -1.85696000e-02 -3.75618000e+00 3.49993000e-02 -1.59184000e-02 -3.06885000e+00 1.66553000e-02 -1.35296000e-02 -2.38127000e+00 -2.44796000e-03 -1.06237000e-02 -1.69417000e+00 -2.26670000e-02 -5.66146000e-03 -1.00459000e+00 9.50610000e-02 2.48502000e-01 -1.38544000e+01 1.47407000e-01 1.67678000e-01 -1.40867000e+01 1.13518000e-01 1.33561000e-01 -1.33028000e+01 1.68087000e-01 8.68394000e-02 -1.34469000e+01 1.21300000e-01 6.73494000e-02 -1.26125000e+01 1.65438000e-01 4.11851000e-02 -1.27009000e+01 1.11261000e-01 3.54809000e-02 -1.19114000e+01 1.50074000e-01 1.90561000e-02 -1.19705000e+01 9.45083000e-02 1.42832000e-02 -1.12300000e+01 1.30623000e-01 2.64428000e-03 -1.12723000e+01 7.62194000e-02 -2.65296000e-03 -1.05556000e+01 1.10907000e-01 -1.14471000e-02 -1.05867000e+01 5.80276000e-02 -1.43805000e-02 -9.88065000e+00 9.15086000e-02 -2.11002000e-02 -9.90363000e+00 4.02640000e-02 -2.13955000e-02 -9.20480000e+00 7.28312000e-02 -2.65021000e-02 -9.22197000e+00 2.30319000e-02 -2.46058000e-02 -8.52778000e+00 5.48048000e-02 -2.85587000e-02 -8.54072000e+00 6.10224000e-03 -2.51282000e-02 -7.84951000e+00 3.74079000e-02 -2.82666000e-02 -7.85942000e+00 -1.04844000e-02 -2.38279000e-02 -7.16980000e+00 2.04921000e-02 -2.64225000e-02 -7.17769000e+00 -2.69834000e-02 -2.13637000e-02 -6.48852000e+00 3.85116000e-03 -2.36269000e-02 -6.49517000e+00 -4.35158000e-02 -1.81940000e-02 -5.80554000e+00 -1.27354000e-02 -2.02948000e-02 -5.81160000e+00 -6.02322000e-02 -1.45888000e-02 -5.12079000e+00 -2.94276000e-02 -1.66664000e-02 -5.12680000e+00 -7.72821000e-02 -1.06776000e-02 -4.43426000e+00 -4.64041000e-02 -1.28645000e-02 -4.44072000e+00 -9.47084000e-02 -6.40025000e-03 -3.74592000e+00 -6.37696000e-02 -8.84214000e-03 -3.75339000e+00 -1.12814000e-01 -1.55577000e-03 -3.05569000e+00 -8.17446000e-02 -4.42063000e-03 -3.06487000e+00 -1.31277000e-01 4.51694000e-03 -2.36339000e+00 -1.00263000e-01 8.60757000e-04 -2.37532000e+00 -1.50631000e-01 1.35246000e-02 -1.66808000e+00 -1.19832000e-01 8.97638000e-03 -1.68470000e+00 -1.71406000e-01 3.13995000e-02 -9.60574000e-01 -1.40744000e-01 2.61994000e-02 -9.87697000e-01 2.00951000e-01 8.66297000e-02 -1.43209000e+01 2.21182000e-01 3.67248000e-02 -1.35916000e+01 2.09517000e-01 1.03873000e-02 -1.27882000e+01 1.88064000e-01 -1.16653000e-03 -1.20286000e+01 1.66535000e-01 -1.15704000e-02 -1.13139000e+01 1.45363000e-01 -2.17437000e-02 -1.06174000e+01 1.24858000e-01 -2.88249000e-02 -9.92635000e+00 1.05219000e-01 -3.24473000e-02 -9.23890000e+00 8.64484000e-02 -3.32497000e-02 -8.55345000e+00 6.85646000e-02 -3.20532000e-02 -7.86915000e+00 5.13495000e-02 -2.95910000e-02 -7.18542000e+00 3.45554000e-02 -2.64001000e-02 -6.50169000e+00 1.79302000e-02 -2.28509000e-02 -5.81754000e+00 1.25138000e-03 -1.91588000e-02 -5.13271000e+00 -1.56406000e-02 -1.54380000e-02 -4.44709000e+00 -3.29638000e-02 -1.16578000e-02 -3.76077000e+00 -5.07927000e-02 -7.68848000e-03 -3.07395000e+00 -6.94122000e-02 -3.15280000e-03 -2.38716000e+00 -8.91341000e-02 3.54272000e-03 -1.70121000e+00 -1.11014000e-01 1.76548000e-02 -1.01417000e+00 -5.18746000e-04 3.61018000e-02 -9.67594000e+00 -2.95732000e-03 0.00000000e+00 -9.54478000e+00 1.87990000e-02 7.78923000e-03 -9.67423000e+00 1.63426000e-02 0.00000000e+00 -9.54335000e+00 -7.34409000e-04 3.33722000e-02 -9.53523000e+00 -4.25267000e-03 0.00000000e+00 -9.40476000e+00 2.88206000e-02 5.20395000e-03 -9.53348000e+00 2.50933000e-02 0.00000000e+00 -9.40328000e+00 -9.56341000e-04 2.98666000e-02 -9.33631000e+00 -5.33561000e-03 0.00000000e+00 -9.20795000e+00 3.85851000e-02 2.14635000e-03 -9.33449000e+00 3.37019000e-02 0.00000000e+00 -9.20638000e+00 -1.24852000e-03 2.59048000e-02 -9.08139000e+00 -6.25521000e-03 0.00000000e+00 -8.95694000e+00 4.77649000e-02 -9.76901000e-04 -9.07948000e+00 4.19289000e-02 0.00000000e+00 -8.95526000e+00 -1.74341000e-03 2.18478000e-02 -8.77404000e+00 -7.19144000e-03 0.00000000e+00 -8.65525000e+00 5.60127000e-02 -3.81932000e-03 -8.77204000e+00 4.94613000e-02 0.00000000e+00 -8.65345000e+00 -2.71319000e-03 1.80466000e-02 -8.41880000e+00 -8.42872000e-03 0.00000000e+00 -8.30697000e+00 6.29570000e-02 -6.12149000e-03 -8.41668000e+00 5.59538000e-02 0.00000000e+00 -8.30504000e+00 -4.52407000e-03 1.47350000e-02 -8.02033000e+00 -1.03460000e-02 0.00000000e+00 -7.91627000e+00 6.82671000e-02 -7.76108000e-03 -8.01810000e+00 6.10595000e-02 0.00000000e+00 -7.91420000e+00 -7.56197000e-03 1.20199000e-02 -7.58291000e+00 -1.33479000e-02 0.00000000e+00 -7.48697000e+00 7.16620000e-02 -8.72637000e-03 -7.58056000e+00 6.44619000e-02 0.00000000e+00 -7.48476000e+00 -1.21658000e-02 9.90433000e-03 -7.11015000e+00 -1.78122000e-02 0.00000000e+00 -7.02232000e+00 7.29279000e-02 -9.09425000e-03 -7.10767000e+00 6.58963000e-02 0.00000000e+00 -7.01997000e+00 -1.86029000e-02 8.32683000e-03 -6.60496000e+00 -2.40410000e-02 0.00000000e+00 -6.52493000e+00 7.19156000e-02 -8.98833000e-03 -6.60235000e+00 6.51649000e-02 0.00000000e+00 -6.52243000e+00 -2.70469000e-02 7.19111000e-03 -6.06964000e+00 -3.22434000e-02 0.00000000e+00 -5.99689000e+00 6.85421000e-02 -8.55216000e-03 -6.06688000e+00 6.21378000e-02 0.00000000e+00 -5.99423000e+00 -3.75819000e-02 6.39184000e-03 -5.50604000e+00 -4.25268000e-02 0.00000000e+00 -5.43992000e+00 6.27840000e-02 -7.92182000e-03 -5.50313000e+00 5.67538000e-02 0.00000000e+00 -5.43709000e+00 -5.02027000e-02 5.82311000e-03 -4.91580000e+00 -5.48963000e-02 0.00000000e+00 -4.85558000e+00 5.46693000e-02 -7.21468000e-03 -4.91272000e+00 4.90137000e-02 0.00000000e+00 -4.85258000e+00 -6.48184000e-02 5.38300000e-03 -4.30048000e+00 -6.92590000e-02 0.00000000e+00 -4.24551000e+00 4.42753000e-02 -6.52308000e-03 -4.29724000e+00 3.89798000e-02 0.00000000e+00 -4.24233000e+00 -8.12449000e-02 4.97596000e-03 -3.66190000e+00 -8.54222000e-02 0.00000000e+00 -3.61164000e+00 3.17254000e-02 -5.91391000e-03 -3.65849000e+00 2.67711000e-02 0.00000000e+00 -3.60828000e+00 -9.92034000e-02 4.52169000e-03 -3.00232000e+00 -1.03106000e-01 0.00000000e+00 -2.95639000e+00 1.71992000e-02 -5.43015000e-03 -2.99875000e+00 1.25674000e-02 0.00000000e+00 -2.95288000e+00 -1.18322000e-01 3.97342000e-03 -2.32466000e+00 -1.21961000e-01 0.00000000e+00 -2.28284000e+00 9.31120000e-04 -5.09370000e-03 -2.32095000e+00 -3.39820000e-03 0.00000000e+00 -2.27918000e+00 -1.38179000e-01 3.33745000e-03 -1.63263000e+00 -1.41615000e-01 0.00000000e+00 -1.59460000e+00 -1.67828000e-02 -4.91088000e-03 -1.62881000e+00 -2.08405000e-02 0.00000000e+00 -1.59084000e+00 -1.58376000e-01 2.67411000e-03 -9.30494000e-01 -1.61731000e-01 0.00000000e+00 -8.95679000e-01 -3.56163000e-02 -4.88285000e-03 -9.26623000e-01 -3.94547000e-02 0.00000000e+00 -8.91850000e-01 -1.78653000e-01 2.07019000e-03 -2.22529000e-01 -1.82079000e-01 0.00000000e+00 -1.89902000e-01 -5.52287000e-02 -5.02032000e-03 -2.18640000e-01 -5.89236000e-02 0.00000000e+00 -1.86044000e-01 3.81065000e-02 -2.05116000e-02 -9.67308000e+00 3.56339000e-02 0.00000000e+00 -9.54248000e+00 5.83702000e-02 -2.29532000e-02 -9.53229000e+00 5.44360000e-02 0.00000000e+00 -9.40236000e+00 7.81177000e-02 -2.55672000e-02 -9.33324000e+00 7.27317000e-02 0.00000000e+00 -9.20539000e+00 9.67727000e-02 -2.78560000e-02 -9.07814000e+00 9.01103000e-02 0.00000000e+00 -8.95417000e+00 1.13764000e-01 -2.94854000e-02 -8.77059000e+00 1.06112000e-01 0.00000000e+00 -8.65225000e+00 1.28627000e-01 -3.02925000e-02 -8.41511000e+00 1.20338000e-01 0.00000000e+00 -8.30370000e+00 1.41060000e-01 -3.02639000e-02 -8.01638000e+00 1.32469000e-01 0.00000000e+00 -7.91270000e+00 1.50890000e-01 -2.94791000e-02 -7.57868000e+00 1.42278000e-01 0.00000000e+00 -7.48308000e+00 1.58028000e-01 -2.80983000e-02 -7.10563000e+00 1.49613000e-01 0.00000000e+00 -7.01810000e+00 1.62440000e-01 -2.63081000e-02 -6.60012000e+00 1.54380000e-01 0.00000000e+00 -6.52036000e+00 1.64138000e-01 -2.42991000e-02 -6.06445000e+00 1.56528000e-01 0.00000000e+00 -5.99195000e+00 1.63156000e-01 -2.22382000e-02 -5.50051000e+00 1.56043000e-01 0.00000000e+00 -5.43460000e+00 1.59548000e-01 -2.02545000e-02 -4.90989000e+00 1.52932000e-01 0.00000000e+00 -4.84987000e+00 1.53374000e-01 -1.84305000e-02 -4.29422000e+00 1.47226000e-01 0.00000000e+00 -4.23941000e+00 1.44702000e-01 -1.68047000e-02 -3.65529000e+00 1.38973000e-01 0.00000000e+00 -3.60517000e+00 1.33607000e-01 -1.53826000e-02 -2.99538000e+00 1.28248000e-01 0.00000000e+00 -2.94960000e+00 1.20192000e-01 -1.41612000e-02 -2.31746000e+00 1.15174000e-01 0.00000000e+00 -2.27577000e+00 1.04620000e-01 -1.31596000e-02 -1.62524000e+00 9.99417000e-02 0.00000000e+00 -1.58733000e+00 8.71554000e-02 -1.24403000e-02 -9.23017000e-01 8.28343000e-02 0.00000000e+00 -8.88296000e-01 6.82056000e-02 -1.21117000e-02 -2.15033000e-01 6.42421000e-02 0.00000000e+00 -1.82472000e-01 5.67995000e-03 6.35182000e-02 -9.99063000e+00 2.51010000e-02 1.06178000e-02 -9.98822000e+00 8.11273000e-03 5.81276000e-02 -9.84747000e+00 3.83759000e-02 5.70156000e-03 -9.84507000e+00 9.97883000e-03 5.12837000e-02 -9.64192000e+00 5.10610000e-02 1.06934000e-04 -9.63951000e+00 1.12360000e-02 4.37146000e-02 -9.37560000e+00 6.26033000e-02 -5.38482000e-03 -9.37317000e+00 1.17103000e-02 3.61407000e-02 -9.05277000e+00 7.24298000e-02 -1.02031000e-02 -9.05029000e+00 1.12082000e-02 2.91571000e-02 -8.67918000e+00 8.02201000e-02 -1.39766000e-02 -8.67666000e+00 9.46681000e-03 2.32144000e-02 -8.26086000e+00 8.57574000e-02 -1.64821000e-02 -8.25828000e+00 6.18716000e-03 1.84677000e-02 -7.80321000e+00 8.89013000e-02 -1.77657000e-02 -7.80056000e+00 1.11664000e-03 1.48788000e-02 -7.31066000e+00 8.95669000e-02 -1.79966000e-02 -7.30793000e+00 -5.90719000e-03 1.22930000e-02 -6.78674000e+00 8.77393000e-02 -1.74319000e-02 -6.78391000e+00 -1.49766000e-02 1.05178000e-02 -6.23422000e+00 8.34433000e-02 -1.63384000e-02 -6.23127000e+00 -2.61222000e-02 9.35066000e-03 -5.65525000e+00 7.67435000e-02 -1.49634000e-02 -5.65217000e+00 -3.93163000e-02 8.60226000e-03 -5.05153000e+00 6.77248000e-02 -1.35098000e-02 -5.04831000e+00 -5.44803000e-02 8.09495000e-03 -4.42454000e+00 5.64932000e-02 -1.21329000e-02 -4.42117000e+00 -7.14660000e-02 7.65703000e-03 -3.77573000e+00 4.31734000e-02 -1.09439000e-02 -3.77220000e+00 -9.00308000e-02 7.12121000e-03 -3.10683000e+00 2.79289000e-02 -1.00148000e-02 -3.10315000e+00 -1.09783000e-01 6.35208000e-03 -2.42031000e+00 1.09800000e-02 -9.38231000e-03 -2.41650000e+00 -1.30185000e-01 5.31257000e-03 -1.71979000e+00 -7.36424000e-03 -9.05147000e-03 -1.71587000e+00 -1.50639000e-01 4.12187000e-03 -1.01017000e+00 -2.67243000e-02 -9.00760000e-03 -1.00620000e+00 -1.70731000e-01 3.02174000e-03 -2.97009000e-01 -4.66833000e-02 -9.24683000e-03 -2.93051000e-01 4.45139000e-02 -4.22862000e-02 -9.98641000e+00 6.86264000e-02 -4.67370000e-02 -9.84323000e+00 9.21271000e-02 -5.10811000e-02 -9.63761000e+00 1.13958000e-01 -5.44968000e-02 -9.37121000e+00 1.33139000e-01 -5.65668000e-02 -9.04827000e+00 1.49222000e-01 -5.71261000e-02 -8.67456000e+00 1.62045000e-01 -5.61870000e-02 -8.25608000e+00 1.71613000e-01 -5.40089000e-02 -7.79825000e+00 1.78018000e-01 -5.08806000e-02 -7.30548000e+00 1.81386000e-01 -4.71638000e-02 -6.78131000e+00 1.81865000e-01 -4.31999000e-02 -6.22852000e+00 1.79609000e-01 -3.92813000e-02 -5.64925000e+00 1.74767000e-01 -3.56244000e-02 -5.04523000e+00 1.67466000e-01 -3.23625000e-02 -4.41792000e+00 1.57814000e-01 -2.95461000e-02 -3.76879000e+00 1.45889000e-01 -2.71520000e-02 -3.09960000e+00 1.31748000e-01 -2.51180000e-02 -2.41283000e+00 1.15460000e-01 -2.34170000e-02 -1.71214000e+00 9.72008000e-02 -2.21383000e-02 -1.00247000e+00 7.73743000e-02 -2.15153000e-02 -2.89367000e-01 1.48863000e-02 8.23678000e-02 -1.04051000e+01 3.45042000e-02 7.35955000e-03 -1.04017000e+01 2.09596000e-02 7.42590000e-02 -1.02569000e+01 5.26886000e-02 3.05355000e-04 -1.02536000e+01 2.54608000e-02 6.41138000e-02 -1.00385000e+01 6.94682000e-02 -7.15546000e-03 -1.00353000e+01 2.85017000e-02 5.31552000e-02 -9.75181000e+00 8.39073000e-02 -1.39581000e-02 -9.74872000e+00 3.00556000e-02 4.25646000e-02 -9.40372000e+00 9.54399000e-02 -1.95459000e-02 -9.40070000e+00 2.98282000e-02 3.31331000e-02 -9.00240000e+00 1.03754000e-01 -2.36670000e-02 -8.99944000e+00 2.77523000e-02 2.52692000e-02 -8.55565000e+00 1.08958000e-01 -2.62146000e-02 -8.55271000e+00 2.37789000e-02 1.92143000e-02 -8.07008000e+00 1.11238000e-01 -2.71199000e-02 -8.06713000e+00 1.78404000e-02 1.48213000e-02 -7.55105000e+00 1.10720000e-01 -2.66991000e-02 -7.54807000e+00 9.88269000e-03 1.18300000e-02 -7.00277000e+00 1.07548000e-01 -2.53163000e-02 -6.99972000e+00 -8.23608000e-05 9.92999000e-03 -6.42845000e+00 1.01879000e-01 -2.33531000e-02 -6.42533000e+00 -1.20262000e-02 8.83408000e-03 -5.83051000e+00 9.38786000e-02 -2.11320000e-02 -5.82728000e+00 -2.58990000e-02 8.28963000e-03 -5.21071000e+00 8.36878000e-02 -1.89067000e-02 -5.20736000e+00 -4.16447000e-02 8.07627000e-03 -4.57031000e+00 7.14348000e-02 -1.68634000e-02 -4.56683000e+00 -5.91799000e-02 7.98529000e-03 -3.91034000e+00 5.72281000e-02 -1.51326000e-02 -3.90671000e+00 -7.83679000e-02 7.78847000e-03 -3.23175000e+00 4.11867000e-02 -1.38015000e-02 -3.22798000e+00 -9.88983000e-02 7.22465000e-03 -2.53600000e+00 2.34706000e-02 -1.29189000e-02 -2.53208000e+00 -1.20137000e-01 6.09472000e-03 -1.82597000e+00 4.36370000e-03 -1.24903000e-02 -1.82194000e+00 -1.41121000e-01 4.49736000e-03 -1.10707000e+00 -1.56908000e-02 -1.24706000e-02 -1.10298000e+00 -1.61020000e-01 2.91424000e-03 -3.86998000e-01 -3.61288000e-02 -1.27967000e-02 -3.82953000e-01 5.40940000e-02 -6.75789000e-02 -1.03989000e+01 8.43734000e-02 -7.35621000e-02 -1.02508000e+01 1.13455000e-01 -7.83485000e-02 -1.00325000e+01 1.39283000e-01 -8.10162000e-02 -9.74596000e+00 1.60815000e-01 -8.16170000e-02 -9.39797000e+00 1.77662000e-01 -8.04601000e-02 -8.99671000e+00 1.90152000e-01 -7.77064000e-02 -8.54995000e+00 1.98684000e-01 -7.34554000e-02 -8.06431000e+00 2.03594000e-01 -6.82204000e-02 -7.54517000e+00 2.05203000e-01 -6.24620000e-02 -6.99673000e+00 2.03835000e-01 -5.66344000e-02 -6.42221000e+00 1.99775000e-01 -5.10953000e-02 -5.82405000e+00 1.93269000e-01 -4.60995000e-02 -5.20399000e+00 1.84506000e-01 -4.17991000e-02 -4.56333000e+00 1.73631000e-01 -3.82464000e-02 -3.90307000e+00 1.60735000e-01 -3.53876000e-02 -3.22422000e+00 1.45839000e-01 -3.30592000e-02 -2.52822000e+00 1.28864000e-01 -3.10729000e-02 -1.81803000e+00 1.09749000e-01 -2.94380000e-02 -1.09911000e+00 8.87732000e-02 -2.85096000e-02 -3.79187000e-01 2.76597000e-02 9.39173000e-02 -1.08686000e+01 4.75872000e-02 -2.15413000e-03 -1.08641000e+01 3.72558000e-02 8.28645000e-02 -1.07116000e+01 7.16665000e-02 -1.10076000e-02 -1.07073000e+01 4.41713000e-02 6.95242000e-02 -1.04714000e+01 9.29663000e-02 -1.90430000e-02 -1.04673000e+01 4.86616000e-02 5.55231000e-02 -1.01535000e+01 1.10039000e-01 -2.57620000e-02 -1.01497000e+01 5.07969000e-02 4.24231000e-02 -9.77000000e+00 1.22413000e-01 -3.08608000e-02 -9.76647000e+00 5.04750000e-02 3.12687000e-02 -9.33304000e+00 1.30498000e-01 -3.42021000e-02 -9.32971000e+00 4.75940000e-02 2.22831000e-02 -8.85210000e+00 1.34563000e-01 -3.59159000e-02 -8.84888000e+00 4.24281000e-02 1.55297000e-02 -8.33449000e+00 1.35233000e-01 -3.59924000e-02 -8.33132000e+00 3.52282000e-02 1.09327000e-02 -7.78616000e+00 1.32931000e-01 -3.45804000e-02 -7.78300000e+00 2.60661000e-02 8.03646000e-03 -7.21176000e+00 1.27975000e-01 -3.22005000e-02 -7.20857000e+00 1.50504000e-02 6.42442000e-03 -6.61478000e+00 1.20639000e-01 -2.93002000e-02 -6.61153000e+00 2.24609000e-03 5.72678000e-03 -5.99771000e+00 1.11168000e-01 -2.62453000e-02 -5.99438000e+00 -1.22763000e-02 5.64573000e-03 -5.36223000e+00 9.97353000e-02 -2.33073000e-02 -5.35880000e+00 -2.84884000e-02 5.94968000e-03 -4.70942000e+00 8.64770000e-02 -2.06752000e-02 -4.70588000e+00 -4.63759000e-02 6.43614000e-03 -4.03988000e+00 7.14683000e-02 -1.84781000e-02 -4.03621000e+00 -6.59442000e-02 6.88064000e-03 -3.35385000e+00 5.47652000e-02 -1.68063000e-02 -3.35003000e+00 -8.71120000e-02 6.95290000e-03 -2.65145000e+00 3.64184000e-02 -1.57229000e-02 -2.64748000e+00 -1.09385000e-01 6.17114000e-03 -1.93378000e+00 1.66003000e-02 -1.52512000e-02 -1.92966000e+00 -1.31348000e-01 4.32002000e-03 -1.20564000e+00 -4.22835000e-03 -1.53312000e-02 -1.20142000e+00 -1.51251000e-01 2.12860000e-03 -4.77373000e-01 -2.52669000e-02 -1.57826000e-02 -4.73223000e-01 6.75050000e-02 -9.81680000e-02 -1.08600000e+01 1.06012000e-01 -1.04832000e-01 -1.07032000e+01 1.41746000e-01 -1.07580000e-01 -1.04634000e+01 1.71359000e-01 -1.07026000e-01 -1.01461000e+01 1.94019000e-01 -1.04122000e-01 -9.76297000e+00 2.10490000e-01 -9.96531000e-02 -9.32635000e+00 2.21517000e-01 -9.41225000e-02 -8.84559000e+00 2.28006000e-01 -8.75280000e-02 -8.32803000e+00 2.30623000e-01 -8.01027000e-02 -7.77969000e+00 2.29862000e-01 -7.24452000e-02 -7.20520000e+00 2.26217000e-01 -6.50300000e-02 -6.60809000e+00 2.20070000e-01 -5.82207000e-02 -5.99086000e+00 2.11735000e-01 -5.22622000e-02 -5.35519000e+00 2.01425000e-01 -4.73008000e-02 -4.70216000e+00 1.89301000e-01 -4.33925000e-02 -4.03239000e+00 1.75459000e-01 -4.04937000e-02 -3.34610000e+00 1.59942000e-01 -3.84001000e-02 -2.64346000e+00 1.42579000e-01 -3.66765000e-02 -1.92558000e+00 1.22900000e-01 -3.49864000e-02 -1.19741000e+00 1.00730000e-01 -3.36960000e-02 -4.69382000e-01 4.43973000e-02 9.99832000e-02 -1.13522000e+01 6.50231000e-02 -1.72740000e-02 -1.13462000e+01 5.60244000e-02 8.52078000e-02 -1.11796000e+01 9.50050000e-02 -2.73997000e-02 -1.11740000e+01 6.46842000e-02 6.86158000e-02 -1.09053000e+01 1.20597000e-01 -3.43789000e-02 -1.09003000e+01 7.01240000e-02 5.22571000e-02 -1.05440000e+01 1.39347000e-01 -3.89744000e-02 -1.05396000e+01 7.22948000e-02 3.73905000e-02 -1.01163000e+01 1.51348000e-01 -4.24624000e-02 -1.01124000e+01 7.12044000e-02 2.52030000e-02 -9.63836000e+00 1.57982000e-01 -4.43940000e-02 -9.63478000e+00 6.70658000e-02 1.58650000e-02 -9.12041000e+00 1.60131000e-01 -4.46784000e-02 -9.11703000e+00 6.03287000e-02 9.00525000e-03 -8.56974000e+00 1.58534000e-01 -4.36371000e-02 -8.56646000e+00 5.15813000e-02 4.63836000e-03 -7.99234000e+00 1.53988000e-01 -4.11529000e-02 -7.98909000e+00 4.10795000e-02 2.20394000e-03 -7.39288000e+00 1.46996000e-01 -3.77862000e-02 -7.38961000e+00 2.89694000e-02 1.15950000e-03 -6.77482000e+00 1.37880000e-01 -3.40235000e-02 -6.77151000e+00 1.53326000e-02 1.05416000e-03 -6.14048000e+00 1.26936000e-01 -3.02473000e-02 -6.13710000e+00 2.57508000e-04 1.56645000e-03 -5.49134000e+00 1.14334000e-01 -2.67199000e-02 -5.48788000e+00 -1.62596000e-02 2.47416000e-03 -4.82829000e+00 1.00201000e-01 -2.36154000e-02 -4.82473000e+00 -3.42551000e-02 3.60763000e-03 -4.15162000e+00 8.45690000e-02 -2.10499000e-02 -4.14795000e+00 -5.38533000e-02 4.79723000e-03 -3.46110000e+00 6.74378000e-02 -1.91060000e-02 -3.45730000e+00 -7.52198000e-02 5.78153000e-03 -2.75586000e+00 4.87326000e-02 -1.78594000e-02 -2.75190000e+00 -9.84165000e-02 5.92174000e-03 -2.03458000e+00 2.84255000e-02 -1.73740000e-02 -2.03042000e+00 -1.21989000e-01 4.21365000e-03 -1.29901000e+00 6.81343000e-03 -1.76321000e-02 -1.29467000e+00 -1.42478000e-01 1.11072000e-03 -5.61313000e-01 -1.49894000e-02 -1.83343000e-02 -5.57034000e-01 8.57018000e-02 -1.34397000e-01 -1.13404000e+01 1.33893000e-01 -1.39810000e-01 -1.11683000e+01 1.76479000e-01 -1.37189000e-01 -1.08951000e+01 2.08485000e-01 -1.30099000e-01 -1.05350000e+01 2.30379000e-01 -1.22254000e-01 -1.01082000e+01 2.44695000e-01 -1.13927000e-01 -9.63084000e+00 2.53188000e-01 -1.05179000e-01 -9.11328000e+00 2.56684000e-01 -9.62696000e-02 -8.56278000e+00 2.56380000e-01 -8.69263000e-02 -7.98544000e+00 2.52873000e-01 -7.77605000e-02 -7.38595000e+00 2.46774000e-01 -6.91906000e-02 -6.76782000e+00 2.38507000e-01 -6.15335000e-02 -6.13336000e+00 2.28395000e-01 -5.49914000e-02 -5.48408000e+00 2.16633000e-01 -4.96907000e-02 -4.82085000e+00 2.03378000e-01 -4.56934000e-02 -4.14400000e+00 1.88702000e-01 -4.29957000e-02 -3.45325000e+00 1.72674000e-01 -4.14876000e-02 -2.74776000e+00 1.55249000e-01 -4.06594000e-02 -2.02621000e+00 1.35625000e-01 -3.94736000e-02 -1.29051000e+00 1.12513000e-01 -3.77857000e-02 -5.53116000e-01 6.42240000e-02 1.02416000e-01 -1.18388000e+01 8.68254000e-02 -3.67968000e-02 -1.18307000e+01 7.61593000e-02 8.21798000e-02 -1.16389000e+01 1.22324000e-01 -4.75143000e-02 -1.16320000e+01 8.57013000e-02 6.26041000e-02 -1.13160000e+01 1.51140000e-01 -5.11953000e-02 -1.13101000e+01 9.16436000e-02 4.46992000e-02 -1.08999000e+01 1.70180000e-01 -5.21621000e-02 -1.08951000e+01 9.34530000e-02 2.90635000e-02 -1.04223000e+01 1.80511000e-01 -5.29019000e-02 -1.04181000e+01 9.09153000e-02 1.65499000e-02 -9.90153000e+00 1.84540000e-01 -5.31377000e-02 -9.89785000e+00 8.49684000e-02 7.36998000e-03 -9.34684000e+00 1.83944000e-01 -5.19301000e-02 -9.34342000e+00 7.64236000e-02 9.22531000e-04 -8.76464000e+00 1.79682000e-01 -4.96582000e-02 -8.76135000e+00 6.60314000e-02 -2.91038000e-03 -8.16055000e+00 1.72671000e-01 -4.62227000e-02 -8.15730000e+00 5.41725000e-02 -4.63417000e-03 -7.53889000e+00 1.63582000e-01 -4.20082000e-02 -7.53562000e+00 4.10139000e-02 -4.95509000e-03 -6.90271000e+00 1.52740000e-01 -3.75489000e-02 -6.89939000e+00 2.66357000e-02 -4.37926000e-03 -6.25392000e+00 1.40450000e-01 -3.32156000e-02 -6.25054000e+00 1.11304000e-02 -3.23189000e-03 -5.59373000e+00 1.26838000e-01 -2.92467000e-02 -5.59028000e+00 -5.54596000e-03 -1.71916000e-03 -4.92284000e+00 1.12009000e-01 -2.57941000e-02 -4.91929000e+00 -2.34486000e-02 2.63030000e-05 -4.24138000e+00 9.59430000e-02 -2.29590000e-02 -4.23775000e+00 -4.27881000e-02 1.90602000e-03 -3.54891000e+00 7.86178000e-02 -2.08112000e-02 -3.54516000e+00 -6.38238000e-02 3.79937000e-03 -2.84413000e+00 5.98531000e-02 -1.94244000e-02 -2.84024000e+00 -8.72709000e-02 5.29650000e-03 -2.12420000e+00 3.94269000e-02 -1.89105000e-02 -2.12011000e+00 -1.12911000e-01 4.70775000e-03 -1.38546000e+00 1.71706000e-02 -1.93745000e-02 -1.38105000e+00 -1.35391000e-01 3.93875000e-04 -6.37157000e-01 -5.70039000e-03 -2.05420000e-02 -6.32701000e-01 1.09589000e-01 -1.75798000e-01 -1.18229000e+01 1.68323000e-01 -1.76985000e-01 -1.16245000e+01 2.16574000e-01 -1.64834000e-01 -1.13035000e+01 2.48558000e-01 -1.48891000e-01 -1.08895000e+01 2.67541000e-01 -1.34833000e-01 -1.04133000e+01 2.78059000e-01 -1.22809000e-01 -9.89345000e+00 2.82901000e-01 -1.11214000e-01 -9.33929000e+00 2.82853000e-01 -1.00265000e-01 -8.75738000e+00 2.79296000e-01 -8.95571000e-02 -8.15339000e+00 2.72933000e-01 -7.94008000e-02 -7.53174000e+00 2.64448000e-01 -7.01576000e-02 -6.89551000e+00 2.54216000e-01 -6.20637000e-02 -6.24663000e+00 2.42529000e-01 -5.52709000e-02 -5.58634000e+00 2.29520000e-01 -4.98764000e-02 -4.91531000e+00 2.15323000e-01 -4.59504000e-02 -4.23371000e+00 1.99978000e-01 -4.35335000e-02 -3.54105000e+00 1.83526000e-01 -4.26537000e-02 -2.83605000e+00 1.66080000e-01 -4.31261000e-02 -2.11581000e+00 1.47272000e-01 -4.34692000e-02 -1.37675000e+00 1.23984000e-01 -4.14921000e-02 -6.28687000e-01 8.52433000e-02 1.01495000e-01 -1.23167000e+01 1.12226000e-01 -6.02857000e-02 -1.23062000e+01 9.67548000e-02 7.48451000e-02 -1.20738000e+01 1.53095000e-01 -6.97089000e-02 -1.20656000e+01 1.06478000e-01 5.25519000e-02 -1.16873000e+01 1.83559000e-01 -6.80521000e-02 -1.16807000e+01 1.12676000e-01 3.43369000e-02 -1.12084000e+01 2.01239000e-01 -6.38604000e-02 -1.12033000e+01 1.13454000e-01 1.88771000e-02 -1.06790000e+01 2.08433000e-01 -6.16287000e-02 -1.06748000e+01 1.09002000e-01 6.71756000e-03 -1.01169000e+01 2.09125000e-01 -5.99389000e-02 -1.01132000e+01 1.00795000e-01 -2.01086000e-03 -9.52810000e+00 2.05141000e-01 -5.74940000e-02 -9.52474000e+00 9.02705000e-02 -7.72823000e-03 -8.91771000e+00 1.97978000e-01 -5.41210000e-02 -8.91446000e+00 7.82681000e-02 -1.08038000e-02 -8.29062000e+00 1.88477000e-01 -4.99276000e-02 -8.28740000e+00 6.51190000e-02 -1.16943000e-02 -7.65050000e+00 1.77395000e-01 -4.50634000e-02 -7.64725000e+00 5.10239000e-02 -1.12425000e-02 -6.99962000e+00 1.65002000e-01 -4.00955000e-02 -6.99632000e+00 3.60319000e-02 -9.97244000e-03 -6.33942000e+00 1.51568000e-01 -3.53682000e-02 -6.33606000e+00 2.02203000e-02 -8.20259000e-03 -5.67079000e+00 1.37140000e-01 -3.10909000e-02 -5.66736000e+00 3.49123000e-03 -6.12723000e-03 -4.99425000e+00 1.21800000e-01 -2.73964000e-02 -4.99074000e+00 -1.41899000e-02 -3.85122000e-03 -4.30986000e+00 1.05463000e-01 -2.43719000e-02 -4.30628000e+00 -3.31048000e-02 -1.41095000e-03 -3.61719000e+00 8.81177000e-02 -2.20798000e-02 -3.61351000e+00 -5.34753000e-02 1.19182000e-03 -2.91492000e+00 6.95188000e-02 -2.05815000e-02 -2.91113000e+00 -7.61993000e-02 3.97477000e-03 -2.20013000e+00 4.93982000e-02 -1.99895000e-02 -2.19619000e+00 -1.03164000e-01 5.71274000e-03 -1.46511000e+00 2.69122000e-02 -2.05915000e-02 -1.46076000e+00 -1.30196000e-01 1.34732000e-03 -7.07003000e-01 2.65086000e-03 -2.23665000e-02 -7.02269000e-01 1.39491000e-01 -2.21929000e-01 -1.22962000e+01 2.09213000e-01 -2.13851000e-01 -1.20562000e+01 2.60646000e-01 -1.88286000e-01 -1.16727000e+01 2.89535000e-01 -1.61815000e-01 -1.11968000e+01 3.03391000e-01 -1.41916000e-01 -1.06694000e+01 3.09072000e-01 -1.26480000e-01 -1.01084000e+01 3.09472000e-01 -1.12855000e-01 -9.52031000e+00 3.05574000e-01 -1.00441000e-01 -8.91027000e+00 2.98668000e-01 -8.89937000e-02 -8.28330000e+00 2.89593000e-01 -7.83770000e-02 -7.64320000e+00 2.78961000e-01 -6.88986000e-02 -6.99230000e+00 2.67037000e-01 -6.07183000e-02 -6.33203000e+00 2.54049000e-01 -5.39376000e-02 -5.66332000e+00 2.40039000e-01 -4.86268000e-02 -4.98668000e+00 2.25123000e-01 -4.48560000e-02 -4.30218000e+00 2.09253000e-01 -4.27122000e-02 -3.60937000e+00 1.92545000e-01 -4.23182000e-02 -2.90691000e+00 1.74881000e-01 -4.39122000e-02 -2.19186000e+00 1.57062000e-01 -4.68687000e-02 -1.45632000e+00 1.35419000e-01 -4.60908000e-02 -6.98129000e-01 1.06049000e-01 9.70724000e-02 -1.27768000e+01 1.40679000e-01 -8.74806000e-02 -1.27638000e+01 1.17180000e-01 6.36694000e-02 -1.24725000e+01 1.86686000e-01 -9.23266000e-02 -1.24631000e+01 1.26877000e-01 3.97072000e-02 -1.20099000e+01 2.16827000e-01 -8.31832000e-02 -1.20027000e+01 1.32908000e-01 2.22515000e-02 -1.14647000e+01 2.31314000e-01 -7.33368000e-02 -1.14594000e+01 1.32105000e-01 7.89123000e-03 -1.08857000e+01 2.34392000e-01 -6.80316000e-02 -1.08815000e+01 1.25050000e-01 -3.53962000e-03 -1.02858000e+01 2.30969000e-01 -6.47304000e-02 -1.02822000e+01 1.14362000e-01 -1.15618000e-02 -9.66706000e+00 2.23323000e-01 -6.12949000e-02 -9.66382000e+00 1.01825000e-01 -1.64124000e-02 -9.03276000e+00 2.13213000e-01 -5.71531000e-02 -9.02961000e+00 8.83214000e-02 -1.85742000e-02 -8.38690000e+00 2.01381000e-01 -5.24181000e-02 -8.38376000e+00 7.40038000e-02 -1.86023000e-02 -7.73216000e+00 1.88515000e-01 -4.71172000e-02 -7.72897000e+00 5.91302000e-02 -1.73863000e-02 -7.06993000e+00 1.74816000e-01 -4.18244000e-02 -7.06667000e+00 4.36623000e-02 -1.54388000e-02 -6.40113000e+00 1.60466000e-01 -3.68472000e-02 -6.39781000e+00 2.76504000e-02 -1.30772000e-02 -5.72638000e+00 1.45414000e-01 -3.23752000e-02 -5.72299000e+00 1.09465000e-02 -1.04878000e-02 -5.04600000e+00 1.29732000e-01 -2.85256000e-02 -5.04254000e+00 -6.46128000e-03 -7.76387000e-03 -4.36004000e+00 1.13242000e-01 -2.53767000e-02 -4.35652000e+00 -2.48875000e-02 -4.89905000e-03 -3.66816000e+00 9.60051000e-02 -2.29830000e-02 -3.66456000e+00 -4.44614000e-02 -1.82721000e-03 -2.96934000e+00 7.76423000e-02 -2.14119000e-02 -2.96567000e+00 -6.60116000e-02 1.76995000e-03 -2.26120000e+00 5.81772000e-02 -2.07204000e-02 -2.25740000e+00 -9.18814000e-02 6.03274000e-03 -1.53635000e+00 3.61026000e-02 -2.12804000e-02 -1.53227000e+00 -1.25224000e-01 5.25777000e-03 -7.76449000e-01 1.07232000e-02 -2.37477000e-02 -7.71538000e-01 1.75786000e-01 -2.71509000e-01 -1.27512000e+01 2.55855000e-01 -2.47832000e-01 -1.24518000e+01 3.06782000e-01 -2.05870000e-01 -1.19936000e+01 3.29384000e-01 -1.68949000e-01 -1.14523000e+01 3.36642000e-01 -1.43981000e-01 -1.08757000e+01 3.36633000e-01 -1.25996000e-01 -1.02772000e+01 3.32250000e-01 -1.11104000e-01 -9.65916000e+00 3.24468000e-01 -9.80074000e-02 -9.02526000e+00 3.14427000e-01 -8.63843000e-02 -8.37954000e+00 3.02937000e-01 -7.57324000e-02 -7.72481000e+00 2.90491000e-01 -6.63509000e-02 -7.06255000e+00 2.77190000e-01 -5.83318000e-02 -6.39370000e+00 2.63186000e-01 -5.17398000e-02 -5.71888000e+00 2.48421000e-01 -4.66218000e-02 -5.03844000e+00 2.32995000e-01 -4.30428000e-02 -4.35240000e+00 2.16746000e-01 -4.11154000e-02 -3.66042000e+00 1.99884000e-01 -4.10469000e-02 -2.96146000e+00 1.82100000e-01 -4.32552000e-02 -2.25311000e+00 1.64352000e-01 -4.86655000e-02 -1.52779000e+00 1.46274000e-01 -5.27486000e-02 -7.67087000e-01 1.25433000e-01 8.86297000e-02 -1.32114000e+01 1.71772000e-01 -1.17293000e-01 -1.31955000e+01 1.37192000e-01 4.94338000e-02 -1.28268000e+01 2.22554000e-01 -1.13942000e-01 -1.28164000e+01 1.47105000e-01 2.50346000e-02 -1.22800000e+01 2.50544000e-01 -9.61015000e-02 -1.22724000e+01 1.52491000e-01 9.84645000e-03 -1.16700000e+01 2.60177000e-01 -8.05945000e-02 -1.16649000e+01 1.49067000e-01 -2.89738000e-03 -1.10462000e+01 2.57930000e-01 -7.24810000e-02 -1.10423000e+01 1.38832000e-01 -1.33987000e-02 -1.04135000e+01 2.49812000e-01 -6.79451000e-02 -1.04101000e+01 1.25643000e-01 -2.06035000e-02 -9.76956000e+00 2.38500000e-01 -6.38586000e-02 -9.76651000e+00 1.11206000e-01 -2.44957000e-02 -9.11598000e+00 2.25575000e-01 -5.92965000e-02 -9.11297000e+00 9.63109000e-02 -2.57086000e-02 -8.45553000e+00 2.11620000e-01 -5.41973000e-02 -8.45249000e+00 8.10090000e-02 -2.49406000e-02 -7.78963000e+00 1.97267000e-01 -4.86212000e-02 -7.78652000e+00 6.55344000e-02 -2.30187000e-02 -7.11894000e+00 1.82522000e-01 -4.31246000e-02 -7.11575000e+00 4.97129000e-02 -2.04489000e-02 -6.44397000e+00 1.67465000e-01 -3.79869000e-02 -6.44069000e+00 3.35972000e-02 -1.75501000e-02 -5.76499000e+00 1.51973000e-01 -3.33863000e-02 -5.76165000e+00 1.69588000e-02 -1.45095000e-02 -5.08219000e+00 1.36067000e-01 -2.94318000e-02 -5.07878000e+00 -1.48110000e-04 -1.14128000e-02 -4.39558000e+00 1.19535000e-01 -2.61931000e-02 -4.39212000e+00 -1.81390000e-02 -8.24716000e-03 -3.70496000e+00 1.02443000e-01 -2.37270000e-02 -3.70144000e+00 -3.68350000e-02 -4.89716000e-03 -3.00972000e+00 8.43891000e-02 -2.21001000e-02 -3.00617000e+00 -5.73960000e-02 -9.69480000e-04 -2.30823000e+00 6.55824000e-02 -2.13686000e-02 -2.30459000e+00 -8.01950000e-02 4.75363000e-03 -1.59577000e+00 4.45426000e-02 -2.17360000e-02 -1.59202000e+00 -1.16285000e-01 1.01049000e-02 -8.48172000e-01 1.95023000e-02 -2.46191000e-02 -8.43598000e-01 2.19225000e-01 -3.23327000e-01 -1.31801000e+01 3.07358000e-01 -2.76010000e-01 -1.28031000e+01 3.53933000e-01 -2.16272000e-01 -1.22622000e+01 3.67406000e-01 -1.70284000e-01 -1.16572000e+01 3.66733000e-01 -1.41524000e-01 -1.10361000e+01 3.60467000e-01 -1.22053000e-01 -1.04048000e+01 3.51318000e-01 -1.06708000e-01 -9.76166000e+00 3.39761000e-01 -9.37496000e-02 -9.10852000e+00 3.26899000e-01 -8.23928000e-02 -8.44818000e+00 3.13393000e-01 -7.20337000e-02 -7.78227000e+00 2.99475000e-01 -6.29946000e-02 -7.11155000e+00 2.85093000e-01 -5.53145000e-02 -6.43652000e+00 2.70335000e-01 -4.90350000e-02 -5.75749000e+00 2.55024000e-01 -4.41841000e-02 -5.07464000e+00 2.39268000e-01 -4.08159000e-02 -4.38798000e+00 2.22774000e-01 -3.90553000e-02 -3.69730000e+00 2.05816000e-01 -3.91494000e-02 -3.00198000e+00 1.88036000e-01 -4.16030000e-02 -2.30031000e+00 1.69911000e-01 -4.80014000e-02 -1.58766000e+00 1.54270000e-01 -5.92170000e-02 -8.38336000e-01 -2.25408000e+00 5.38118000e-02 -7.55101000e-01 -2.43959000e+00 3.91284000e-02 -7.61116000e-01 -2.25203000e+00 5.38842000e-02 -7.64226000e-01 -2.43783000e+00 3.91383000e-02 -7.70034000e-01 -2.26193000e+00 5.72695000e-02 -4.57045000e-01 -2.44753000e+00 4.15402000e-02 -4.63030000e-01 -2.26013000e+00 5.73558000e-02 -4.66805000e-01 -2.44590000e+00 4.15668000e-02 -4.72640000e-01 -2.26969000e+00 5.99978000e-02 -1.60051000e-01 -2.45539000e+00 4.36217000e-02 -1.65951000e-01 -2.26816000e+00 6.00975000e-02 -1.70184000e-01 -2.45390000e+00 4.36653000e-02 -1.76021000e-01 -2.27745000e+00 6.20398000e-02 1.35861000e-01 -2.46325000e+00 4.54134000e-02 1.30101000e-01 -2.27618000e+00 6.21425000e-02 1.25612000e-01 -2.46189000e+00 4.54653000e-02 1.19800000e-01 -2.24999000e+00 5.39380000e-02 -7.73372000e-01 -2.43602000e+00 3.92230000e-02 -7.78852000e-01 -2.25834000e+00 5.73992000e-02 -4.76581000e-01 -2.44423000e+00 4.16481000e-02 -4.82156000e-01 -2.26665000e+00 6.01275000e-02 -1.80330000e-01 -2.45237000e+00 4.37396000e-02 -1.86009000e-01 -2.27491000e+00 6.21511000e-02 1.15357000e-01 -2.46050000e+00 4.55196000e-02 1.09561000e-01 -2.06879000e+00 6.86302000e-02 -7.49402000e-01 -2.06630000e+00 6.87497000e-02 -7.58377000e-01 -2.07647000e+00 7.30181000e-02 -4.51367000e-01 -2.07440000e+00 7.31494000e-02 -4.60911000e-01 -2.08402000e+00 7.62285000e-02 -1.54452000e-01 -2.08241000e+00 7.63721000e-02 -1.64276000e-01 -2.09159000e+00 7.83055000e-02 1.41315000e-01 -2.09041000e+00 7.84497000e-02 1.31503000e-01 -2.06381000e+00 6.86936000e-02 -7.67324000e-01 -2.07232000e+00 7.30778000e-02 -4.70427000e-01 -2.08080000e+00 7.62854000e-02 -1.74072000e-01 -2.08922000e+00 7.83477000e-02 1.21715000e-01 -1.88348000e+00 8.28807000e-02 -7.44035000e-01 -1.88061000e+00 8.30412000e-02 -7.52400000e-01 -1.89093000e+00 8.80846000e-02 -4.45999000e-01 -1.88867000e+00 8.82548000e-02 -4.54874000e-01 -1.89822000e+00 9.16155000e-02 -1.49154000e-01 -1.89663000e+00 9.17970000e-02 -1.58220000e-01 -1.90555000e+00 9.35173000e-02 1.46465000e-01 -1.90458000e+00 9.36972000e-02 1.37531000e-01 -1.87774000e+00 8.28846000e-02 -7.60753000e-01 -1.88641000e+00 8.80769000e-02 -4.63734000e-01 -1.89504000e+00 9.16023000e-02 -1.67270000e-01 -1.90361000e+00 9.34924000e-02 1.28611000e-01 -1.69814000e+00 9.58784000e-02 -7.38969000e-01 -1.69495000e+00 9.60853000e-02 -7.46305000e-01 -1.70532000e+00 1.01792000e-01 -4.40905000e-01 -1.70294000e+00 1.02006000e-01 -4.48696000e-01 -1.71231000e+00 1.05484000e-01 -1.44124000e-01 -1.71083000e+00 1.05708000e-01 -1.52019000e-01 -1.71936000e+00 1.06998000e-01 1.51329000e-01 -1.71871000e+00 1.07216000e-01 1.43690000e-01 -1.69176000e+00 9.58244000e-02 -7.53625000e-01 -1.70057000e+00 1.01717000e-01 -4.56470000e-01 -1.70936000e+00 1.05399000e-01 -1.59895000e-01 -1.71807000e+00 1.06903000e-01 1.36068000e-01 -1.51275000e+00 1.06940000e-01 -7.34210000e-01 -1.50930000e+00 1.07193000e-01 -7.40074000e-01 -1.51962000e+00 1.13470000e-01 -4.36081000e-01 -1.51721000e+00 1.13726000e-01 -4.42359000e-01 -1.52626000e+00 1.17163000e-01 -1.39359000e-01 -1.52501000e+00 1.17428000e-01 -1.45653000e-01 -1.53300000e+00 1.18065000e-01 1.55903000e-01 -1.53281000e+00 1.18321000e-01 1.49993000e-01 -1.50585000e+00 1.06823000e-01 -7.45924000e-01 -1.51480000e+00 1.13320000e-01 -4.48618000e-01 -1.52376000e+00 1.16999000e-01 -1.51927000e-01 -1.53262000e+00 1.17893000e-01 1.44102000e-01 -1.32731000e+00 1.15354000e-01 -7.29757000e-01 -1.32364000e+00 1.15658000e-01 -7.33696000e-01 -1.33383000e+00 1.22427000e-01 -4.31518000e-01 -1.33145000e+00 1.22730000e-01 -4.35842000e-01 -1.34007000e+00 1.25959000e-01 -1.34854000e-01 -1.33915000e+00 1.26269000e-01 -1.39105000e-01 -1.34647000e+00 1.26008000e-01 1.60174000e-01 -1.34687000e+00 1.26303000e-01 1.56450000e-01 -1.31997000e+00 1.15174000e-01 -7.37620000e-01 -1.32908000e+00 1.22199000e-01 -4.40146000e-01 -1.33824000e+00 1.25711000e-01 -1.43335000e-01 -1.34726000e+00 1.25753000e-01 1.52748000e-01 -2.77650000e+00 1.56471000e-02 -7.90615000e-01 -2.78685000e+00 1.53958000e-02 -7.96608000e-01 -2.66181000e+00 2.28150000e-02 -7.89190000e-01 -2.66866000e+00 2.23537000e-02 -7.93169000e-01 -2.78447000e+00 1.59014000e-02 -4.94154000e-01 -2.79489000e+00 1.55575000e-02 -5.00756000e-01 -2.66993000e+00 2.38189000e-02 -4.92923000e-01 -2.67683000e+00 2.33038000e-02 -4.97308000e-01 -2.79236000e+00 1.63658000e-02 -1.98202000e-01 -2.80287000e+00 1.59265000e-02 -2.05289000e-01 -2.67800000e+00 2.48794000e-02 -1.97119000e-01 -2.68495000e+00 2.43176000e-02 -2.01830000e-01 -2.80025000e+00 1.70606000e-02 9.72240000e-02 -2.81084000e+00 1.65222000e-02 8.97682000e-02 -2.68606000e+00 2.60186000e-02 9.81907000e-02 -2.69307000e+00 2.54182000e-02 9.32325000e-02 -2.54720000e+00 3.00228000e-02 -7.87582000e-01 -2.55051000e+00 2.94794000e-02 -7.89425000e-01 -2.55547000e+00 3.17748000e-02 -4.91513000e-01 -2.55882000e+00 3.12134000e-02 -4.93565000e-01 -2.56370000e+00 3.34263000e-02 -1.95872000e-01 -2.56708000e+00 3.28612000e-02 -1.98098000e-01 -2.57193000e+00 3.50005000e-02 9.93019000e-02 -2.57535000e+00 3.44469000e-02 9.69358000e-02 -2.74262000e+00 1.75277000e-02 -7.83889000e-01 -2.63936000e+00 2.42756000e-02 -7.84787000e-01 -2.75055000e+00 1.80222000e-02 -4.86875000e-01 -2.64744000e+00 2.54349000e-02 -4.88146000e-01 -2.75839000e+00 1.86934000e-02 -1.90497000e-01 -2.65546000e+00 2.66215000e-02 -1.92052000e-01 -2.76624000e+00 1.95653000e-02 1.05226000e-01 -2.66348000e+00 2.78585000e-02 1.03466000e-01 -2.53613000e+00 3.10783000e-02 -7.85511000e-01 -2.54437000e+00 3.28982000e-02 -4.89249000e-01 -2.55256000e+00 3.45916000e-02 -1.93452000e-01 -2.56076000e+00 3.61803000e-02 1.01843000e-01 -2.68763000e+00 2.10295000e-02 -7.76992000e-01 -2.60284000e+00 2.67849000e-02 -7.80281000e-01 -2.69553000e+00 2.18929000e-02 -4.79513000e-01 -2.61090000e+00 2.81863000e-02 -4.83324000e-01 -2.70336000e+00 2.28608000e-02 -1.82799000e-01 -2.61889000e+00 2.95601000e-02 -1.86997000e-01 -2.71119000e+00 2.39619000e-02 1.13136000e-01 -2.62689000e+00 3.09308000e-02 1.08675000e-01 -2.51806000e+00 3.26104000e-02 -7.83435000e-01 -2.52627000e+00 3.45425000e-02 -4.87003000e-01 -2.53444000e+00 3.63102000e-02 -1.91073000e-01 -2.54260000e+00 3.79347000e-02 1.04324000e-01 -2.61532000e+00 2.60237000e-02 -7.70518000e-01 -2.55478000e+00 3.02500000e-02 -7.76075000e-01 -2.62323000e+00 2.73548000e-02 -4.72695000e-01 -2.56283000e+00 3.19602000e-02 -4.78880000e-01 -2.63106000e+00 2.86780000e-02 -1.75748000e-01 -2.57081000e+00 3.35624000e-02 -1.82386000e-01 -2.63889000e+00 3.00272000e-02 1.20306000e-01 -2.57880000e+00 3.50830000e-02 1.13384000e-01 -2.49422000e+00 3.45527000e-02 -7.81526000e-01 -2.50242000e+00 3.66317000e-02 -4.84962000e-01 -2.51056000e+00 3.84977000e-02 -1.88926000e-01 -2.51870000e+00 4.01715000e-02 1.06550000e-01 -2.53068000e+00 3.22039000e-02 -7.65061000e-01 -2.49849000e+00 3.44675000e-02 -7.72550000e-01 -2.53861000e+00 3.40650000e-02 -4.67033000e-01 -2.50654000e+00 3.65285000e-02 -4.75208000e-01 -2.54645000e+00 3.57703000e-02 -1.69965000e-01 -2.51453000e+00 3.83781000e-02 -1.78618000e-01 -2.55431000e+00 3.73583000e-02 1.26124000e-01 -2.52251000e+00 4.00451000e-02 1.17197000e-01 -2.46624000e+00 3.67997000e-02 -7.79954000e-01 -2.47443000e+00 3.90487000e-02 -4.83300000e-01 -2.48257000e+00 4.10274000e-02 -1.87191000e-01 -2.49070000e+00 4.27573000e-02 1.08344000e-01 -2.72360000e+00 8.08060000e-03 -7.64761000e-01 -2.72083000e+00 0.00000000e+00 -7.54321000e-01 -2.61952000e+00 5.86533000e-03 -7.61983000e-01 -2.61768000e+00 0.00000000e+00 -7.51583000e-01 -2.73223000e+00 7.86791000e-03 -5.03604000e-01 -2.72944000e+00 0.00000000e+00 -4.95414000e-01 -2.62730000e+00 6.13670000e-03 -5.00762000e-01 -2.62537000e+00 0.00000000e+00 -4.92608000e-01 -2.74080000e+00 7.74404000e-03 -2.40441000e-01 -2.73798000e+00 0.00000000e+00 -2.34342000e-01 -2.63513000e+00 6.46364000e-03 -2.37537000e-01 -2.63311000e+00 0.00000000e+00 -2.31471000e-01 -2.74930000e+00 7.71549000e-03 2.44688000e-02 -2.74646000e+00 0.00000000e+00 2.86317000e-02 -2.64298000e+00 6.85586000e-03 2.74368000e-02 -2.64089000e+00 0.00000000e+00 3.15704000e-02 -2.51543000e+00 3.64926000e-03 -7.59139000e-01 -2.51452000e+00 0.00000000e+00 -7.48793000e-01 -2.52237000e+00 4.40449000e-03 -4.97849000e-01 -2.52130000e+00 0.00000000e+00 -4.89744000e-01 -2.52944000e+00 5.18204000e-03 -2.34558000e-01 -2.52823000e+00 0.00000000e+00 -2.28535000e-01 -2.53666000e+00 5.99481000e-03 3.04757000e-02 -2.53531000e+00 0.00000000e+00 3.45712000e-02 -2.73008000e+00 1.37844000e-02 -7.86357000e-01 -2.62392000e+00 1.05290000e-02 -7.83493000e-01 -2.73877000e+00 1.34521000e-02 -5.20160000e-01 -2.63191000e+00 1.10110000e-02 -5.17240000e-01 -2.74740000e+00 1.32657000e-02 -2.52304000e-01 -2.63992000e+00 1.15853000e-02 -2.49329000e-01 -2.75596000e+00 1.32390000e-02 1.69727000e-02 -2.64796000e+00 1.22692000e-02 2.00030000e-02 -2.51775000e+00 7.27331000e-03 -7.80527000e-01 -2.52504000e+00 8.56913000e-03 -5.14218000e-01 -2.53244000e+00 9.90352000e-03 -2.46252000e-01 -2.53997000e+00 1.12973000e-02 2.31288000e-02 -2.73827000e+00 1.72663000e-02 -8.07612000e-01 -2.62968000e+00 1.41167000e-02 -8.04644000e-01 -2.74704000e+00 1.68980000e-02 -5.35519000e-01 -2.63790000e+00 1.47531000e-02 -5.32504000e-01 -2.75574000e+00 1.67031000e-02 -2.62149000e-01 -2.64614000e+00 1.54996000e-02 -2.59088000e-01 -2.76436000e+00 1.66989000e-02 1.22833000e-02 -2.65438000e+00 1.63788000e-02 1.53898000e-02 -2.52109000e+00 1.09651000e-02 -8.01536000e-01 -2.52876000e+00 1.26056000e-02 -5.29351000e-01 -2.53653000e+00 1.42930000e-02 -2.55895000e-01 -2.54440000e+00 1.60551000e-02 1.86200000e-02 -2.74695000e+00 1.90503000e-02 -8.22737000e-01 -2.63603000e+00 1.68154000e-02 -8.19666000e-01 -2.75577000e+00 1.87115000e-02 -5.44980000e-01 -2.64445000e+00 1.75614000e-02 -5.41870000e-01 -2.76453000e+00 1.85498000e-02 -2.66293000e-01 -2.65287000e+00 1.84210000e-02 -2.63145000e-01 -2.77321000e+00 1.85847000e-02 1.31396000e-02 -2.66129000e+00 1.94195000e-02 1.63248000e-02 -2.52511000e+00 1.45820000e-02 -8.16418000e-01 -2.53313000e+00 1.64121000e-02 -5.38588000e-01 -2.54121000e+00 1.82920000e-02 -2.59834000e-01 -2.54938000e+00 2.02527000e-02 1.96596000e-02 -2.75539000e+00 1.96531000e-02 -8.30253000e-01 -2.64245000e+00 1.88062000e-02 -8.27087000e-01 -2.76422000e+00 1.93883000e-02 -5.47571000e-01 -2.65099000e+00 1.96291000e-02 -5.44371000e-01 -2.77300000e+00 1.92913000e-02 -2.64240000e-01 -2.65954000e+00 2.05593000e-02 -2.61009000e-01 -2.78170000e+00 1.93811000e-02 1.95852000e-02 -2.66809000e+00 2.16231000e-02 2.28451000e-02 -2.52951000e+00 1.79563000e-02 -8.23711000e-01 -2.53777000e+00 1.98662000e-02 -5.40973000e-01 -2.54609000e+00 2.18231000e-02 -2.57592000e-01 -2.55448000e+00 2.38603000e-02 2.62762000e-02 -2.76322000e+00 1.94836000e-02 -8.30941000e-01 -2.64862000e+00 2.02320000e-02 -8.27691000e-01 -2.77201000e+00 1.93173000e-02 -5.44218000e-01 -2.65722000e+00 2.11085000e-02 -5.40941000e-01 -2.78075000e+00 1.93057000e-02 -2.57072000e-01 -2.66582000e+00 2.20809000e-02 -2.53768000e-01 -2.78943000e+00 1.94662000e-02 3.03764000e-02 -2.67441000e+00 2.31760000e-02 3.37041000e-02 -2.53403000e+00 2.09878000e-02 -8.24203000e-01 -2.54245000e+00 2.29063000e-02 -5.37437000e-01 -2.55090000e+00 2.48614000e-02 -2.50254000e-01 -2.55940000e+00 2.68887000e-02 3.72213000e-02 -2.77030000e+00 1.88075000e-02 -8.26400000e-01 -2.65438000e+00 2.12225000e-02 -8.23080000e-01 -2.77899000e+00 1.87468000e-02 -5.36476000e-01 -2.66297000e+00 2.21353000e-02 -5.33132000e-01 -2.78763000e+00 1.88331000e-02 -2.46321000e-01 -2.67154000e+00 2.31303000e-02 -2.42956000e-01 -2.79623000e+00 1.90825000e-02 4.39749000e-02 -2.68010000e+00 2.42345000e-02 4.73590000e-02 -2.53848000e+00 2.36277000e-02 -8.19496000e-01 -2.54696000e+00 2.55139000e-02 -5.29540000e-01 -2.55546000e+00 2.74178000e-02 -2.39360000e-01 -2.56399000e+00 2.93771000e-02 5.09497000e-02 -2.77660000e+00 1.78320000e-02 -8.18290000e-01 -2.65965000e+00 2.18536000e-02 -8.14906000e-01 -2.78511000e+00 1.78680000e-02 -5.25876000e-01 -2.66815000e+00 2.27897000e-02 -5.22474000e-01 -2.79359000e+00 1.80542000e-02 -2.33419000e-01 -2.67663000e+00 2.37963000e-02 -2.30000000e-01 -2.80204000e+00 1.84056000e-02 5.90230000e-02 -2.68510000e+00 2.49004000e-02 6.24557000e-02 -2.54272000e+00 2.59077000e-02 -8.11237000e-01 -2.55120000e+00 2.77425000e-02 -5.18802000e-01 -2.55968000e+00 2.95667000e-02 -2.26330000e-01 -2.56818000e+00 3.14179000e-02 6.61105000e-02 -2.78218000e+00 1.66280000e-02 -8.08012000e-01 -2.66441000e+00 2.22547000e-02 -8.04576000e-01 -2.79047000e+00 1.67410000e-02 -5.13669000e-01 -2.67277000e+00 2.32013000e-02 -5.10220000e-01 -2.79871000e+00 1.70251000e-02 -2.19482000e-01 -2.68109000e+00 2.42098000e-02 -2.16021000e-01 -2.80693000e+00 1.74965000e-02 7.45108000e-02 -2.68941000e+00 2.53054000e-02 7.79788000e-02 -2.54665000e+00 2.78177000e-02 -8.00825000e-01 -2.55508000e+00 2.95999000e-02 -5.06471000e-01 -2.56348000e+00 3.13367000e-02 -2.12282000e-01 -2.57190000e+00 3.30632000e-02 8.16916000e-02 -3.89613000e-01 8.67434000e-02 -6.82140000e-01 -2.07712000e-01 4.93541000e-02 -6.55729000e-01 -3.94427000e-01 8.98747000e-02 -6.97680000e-01 -2.09309000e-01 5.72143000e-02 -6.87353000e-01 -4.00575000e-01 9.65778000e-02 -3.82543000e-01 -2.17361000e-01 5.80042000e-02 -3.50344000e-01 -4.01735000e-01 1.00857000e-01 -3.97668000e-01 -2.16446000e-01 6.93403000e-02 -3.85315000e-01 -4.12412000e-01 9.51193000e-02 -8.48113000e-02 -2.27226000e-01 5.61960000e-02 -5.63540000e-02 -4.08945000e-01 9.89643000e-02 -1.01065000e-01 -2.23255000e-01 6.44274000e-02 -9.01438000e-02 -4.22308000e-01 8.48854000e-02 2.09883000e-01 -2.36460000e-01 4.72536000e-02 2.29447000e-01 -4.16587000e-01 8.72629000e-02 1.91929000e-01 -2.31043000e-01 5.02773000e-02 1.99673000e-01 -3.99746000e-01 8.91544000e-02 -7.13624000e-01 -2.13360000e-01 5.56387000e-02 -7.14888000e-01 -4.02812000e-01 1.00254000e-01 -4.12806000e-01 -2.15972000e-01 6.75601000e-02 -4.13171000e-01 -4.04928000e-01 9.82863000e-02 -1.17769000e-01 -2.17698000e-01 6.28644000e-02 -1.18813000e-01 -4.10566000e-01 8.65968000e-02 1.73255000e-01 -2.24912000e-01 4.92108000e-02 1.71885000e-01 -5.75641000e-01 1.06570000e-01 -6.97285000e-01 -5.80447000e-01 1.07855000e-01 -7.06158000e-01 -5.86061000e-01 1.15876000e-01 -3.98923000e-01 -5.87748000e-01 1.17566000e-01 -4.07071000e-01 -5.97075000e-01 1.16189000e-01 -1.01243000e-01 -5.94940000e-01 1.17965000e-01 -1.10298000e-01 -6.07146000e-01 1.08764000e-01 1.95098000e-01 -6.02569000e-01 1.10104000e-01 1.83976000e-01 -5.85227000e-01 1.07306000e-01 -7.15197000e-01 -5.89356000e-01 1.17038000e-01 -4.15337000e-01 -5.92675000e-01 1.17435000e-01 -1.19440000e-01 -5.97912000e-01 1.09646000e-01 1.72918000e-01 -7.62100000e-01 1.16875000e-01 -7.08644000e-01 -7.66384000e-01 1.17690000e-01 -7.13505000e-01 -7.71965000e-01 1.25461000e-01 -4.10640000e-01 -7.73829000e-01 1.26397000e-01 -4.14919000e-01 -7.82191000e-01 1.27195000e-01 -1.13324000e-01 -7.81145000e-01 1.28188000e-01 -1.18118000e-01 -7.91986000e-01 1.22508000e-01 1.83020000e-01 -7.88738000e-01 1.23450000e-01 1.76810000e-01 -7.70722000e-01 1.17212000e-01 -7.18254000e-01 -7.75717000e-01 1.25952000e-01 -4.19087000e-01 -7.80111000e-01 1.27732000e-01 -1.22798000e-01 -7.85489000e-01 1.23007000e-01 1.70691000e-01 -9.48169000e-01 1.20968000e-01 -7.19049000e-01 -9.52213000e-01 1.21706000e-01 -7.20418000e-01 -9.57713000e-01 1.28952000e-01 -4.21198000e-01 -9.59802000e-01 1.29769000e-01 -4.22151000e-01 -9.67443000e-01 1.31559000e-01 -1.24094000e-01 -9.67261000e-01 1.32420000e-01 -1.25357000e-01 -9.76914000e-01 1.28961000e-01 1.72095000e-01 -9.74852000e-01 1.29792000e-01 1.69867000e-01 -9.56273000e-01 1.21280000e-01 -7.21795000e-01 -9.61901000e-01 1.29357000e-01 -4.23096000e-01 -9.67084000e-01 1.32001000e-01 -1.26607000e-01 -9.72781000e-01 1.29406000e-01 1.67655000e-01 -1.13410000e+00 1.20146000e-01 -7.28677000e-01 -1.13795000e+00 1.20749000e-01 -7.27156000e-01 -1.14340000e+00 1.27649000e-01 -4.31016000e-01 -1.14566000e+00 1.28313000e-01 -4.29121000e-01 -1.15279000e+00 1.30816000e-01 -1.34073000e-01 -1.15324000e+00 1.31514000e-01 -1.32353000e-01 -1.16202000e+00 1.29725000e-01 1.62054000e-01 -1.16089000e+00 1.30405000e-01 1.63068000e-01 -1.14181000e+00 1.20396000e-01 -7.25611000e-01 -1.14793000e+00 1.27965000e-01 -4.27196000e-01 -1.15370000e+00 1.31159000e-01 -1.30602000e-01 -1.15975000e+00 1.30070000e-01 1.64115000e-01 -1.20586000e-01 1.90023000e-02 -5.92326000e-01 -1.25303000e-01 1.73964000e-02 -5.77685000e-01 1.06169000e-02 -2.19706000e-02 -6.01707000e-01 1.32733000e-02 -2.66532000e-02 -5.72984000e-01 -1.17288000e-01 2.16698000e-02 -2.39906000e-01 -1.17483000e-01 1.68894000e-02 -2.07351000e-01 2.85427000e-04 -1.39744000e-02 -2.48257000e-01 3.79491000e-04 -2.34922000e-02 -1.76400000e-01 -1.07648000e-01 2.61075000e-02 1.00911000e-02 -1.01613000e-01 2.42686000e-02 2.50901000e-02 -4.73286000e-03 -1.86373000e-02 -1.42287000e-03 1.39619000e-03 -2.31563000e-02 2.88117000e-02 -1.21527000e-01 1.79111000e-02 2.73101000e-01 -1.17320000e-01 1.67215000e-02 2.84794000e-01 -1.53292000e-02 -2.12668000e-02 2.65653000e-01 -9.89111000e-03 -2.42457000e-02 2.87737000e-01 1.39902000e-01 -7.00954000e-02 -6.10811000e-01 1.51718000e-01 -7.27321000e-02 -5.74528000e-01 1.19276000e-01 -6.36090000e-02 -2.75853000e-01 1.24817000e-01 -6.33113000e-02 -1.55111000e-01 1.00535000e-01 -6.76596000e-02 -1.34325000e-02 1.04700000e-01 -7.09079000e-02 2.64785000e-02 9.10871000e-02 -6.14661000e-02 2.59227000e-01 9.81425000e-02 -6.58120000e-02 2.92273000e-01 -1.24390000e-01 2.30098000e-02 -6.07791000e-01 -8.73791000e-03 -1.13612000e-02 -6.29292000e-01 -1.24630000e-01 2.90146000e-02 -2.74672000e-01 -1.72315000e-02 1.70543000e-04 -3.10539000e-01 -1.21416000e-01 3.03758000e-02 -5.71563000e-03 -2.59577000e-02 -7.82038000e-03 -3.03827000e-02 -1.33066000e-01 2.12992000e-02 2.61964000e-01 -3.55902000e-02 -1.26411000e-02 2.44914000e-01 1.03143000e-01 -5.39504000e-02 -6.48719000e-01 8.85378000e-02 -4.64642000e-02 -3.41303000e-01 7.25315000e-02 -5.12630000e-02 -5.15758000e-02 6.21952000e-02 -4.82113000e-02 2.28265000e-01 -1.36281000e-01 2.87388000e-02 -6.23270000e-01 -4.44055000e-02 4.22078000e-03 -6.52294000e-01 -1.39710000e-01 3.76187000e-02 -3.04878000e-01 -5.23537000e-02 1.57076000e-02 -3.43551000e-01 -1.41806000e-01 3.61125000e-02 -2.16877000e-02 -6.07951000e-02 8.39840000e-03 -5.39473000e-02 -1.51593000e-01 2.64832000e-02 2.51912000e-01 -6.99245000e-02 6.10475000e-04 2.26865000e-01 4.34924000e-02 -2.85375000e-02 -6.80930000e-01 3.32779000e-02 -2.01242000e-02 -3.76536000e-01 2.34824000e-02 -2.52910000e-02 -8.40682000e-02 1.25134000e-02 -2.76443000e-02 2.02607000e-01 -1.56055000e-01 3.52277000e-02 -6.36163000e-01 -9.26859000e-02 2.26127000e-02 -6.69725000e-01 -1.61792000e-01 4.49499000e-02 -3.24522000e-01 -1.00155000e-01 3.43456000e-02 -3.64273000e-01 -1.67080000e-01 4.24749000e-02 -3.51708000e-02 -1.07411000e-01 2.78858000e-02 -7.19085000e-02 -1.76162000e-01 3.29072000e-02 2.42899000e-01 -1.16049000e-01 1.68577000e-02 2.13062000e-01 -3.30788000e-02 9.47793000e-04 -7.02856000e-01 -3.93457000e-02 1.10648000e-02 -4.00376000e-01 -4.47719000e-02 5.16723000e-03 -1.06563000e-01 -5.48460000e-02 -2.29003000e-03 1.84165000e-01 -1.80578000e-01 4.19138000e-02 -6.47070000e-01 -1.49053000e-01 4.14264000e-02 -6.81219000e-01 -1.88466000e-01 5.10228000e-02 -3.39013000e-01 -1.56192000e-01 5.38486000e-02 -3.77843000e-01 -1.96131000e-01 4.88775000e-02 -4.68755000e-02 -1.62798000e-01 4.78953000e-02 -8.37663000e-02 -2.05172000e-01 3.99382000e-02 2.35248000e-01 -1.71005000e-01 3.41756000e-02 2.04100000e-01 -1.20921000e-01 3.02659000e-02 -7.13616000e-01 -1.24497000e-01 4.16159000e-02 -4.11795000e-01 -1.27023000e-01 3.59127000e-02 -1.17565000e-01 -1.35822000e-01 2.43321000e-02 1.74066000e-01 -1.87498000e-01 1.83956000e-03 8.62875000e-02 -1.91020000e-01 0.00000000e+00 1.18391000e-01 -6.39353000e-02 -5.13827000e-03 9.01682000e-02 -6.75965000e-02 0.00000000e+00 1.22246000e-01 -1.96358000e-01 1.64001000e-03 3.95358000e-01 -2.00000000e-01 0.00000000e+00 4.27266000e-01 -7.27227000e-02 -5.29829000e-03 3.99230000e-01 -7.63707000e-02 0.00000000e+00 4.31121000e-01 -2.05248000e-01 1.46617000e-03 7.04566000e-01 -2.09031000e-01 0.00000000e+00 7.36617000e-01 -8.15701000e-02 -5.50617000e-03 7.08427000e-01 -8.52243000e-02 0.00000000e+00 7.40467000e-01 -2.14189000e-01 1.30777000e-03 1.01387000e+00 -2.18125000e-01 0.00000000e+00 1.04639000e+00 -9.04706000e-02 -5.76827000e-03 1.01772000e+00 -9.41494000e-02 0.00000000e+00 1.05023000e+00 5.96372000e-02 -1.21180000e-02 9.37548000e-02 5.58362000e-02 0.00000000e+00 1.25808000e-01 5.09253000e-02 -1.22382000e-02 4.02803000e-01 4.72721000e-02 0.00000000e+00 4.34677000e-01 4.21181000e-02 -1.24784000e-02 7.11982000e-01 3.85925000e-02 0.00000000e+00 7.44013000e-01 3.32596000e-02 -1.28431000e-02 1.02125000e+00 2.98374000e-02 0.00000000e+00 1.05377000e+00 -1.79332000e-01 2.63258000e-03 1.29998000e-02 -5.54676000e-02 -9.44784000e-03 1.69367000e-02 -1.87869000e-01 2.31727000e-03 3.22425000e-01 -6.42809000e-02 -9.71857000e-03 3.26334000e-01 -1.96387000e-01 2.07134000e-03 6.31114000e-01 -7.31038000e-02 -1.00706000e-02 6.34993000e-01 -2.04931000e-01 1.87624000e-03 9.39050000e-01 -8.19335000e-02 -1.05192000e-02 9.42895000e-01 6.84071000e-02 -2.15251000e-02 2.05745000e-02 5.93220000e-02 -2.17515000e-02 3.29937000e-01 5.01911000e-02 -2.22136000e-02 6.38556000e-01 4.10766000e-02 -2.29178000e-02 9.46424000e-01 -1.69247000e-01 2.39350000e-03 -7.54240000e-02 -4.50175000e-02 -1.30417000e-02 -7.14178000e-02 -1.77272000e-01 2.03002000e-03 2.34295000e-01 -5.38569000e-02 -1.33700000e-02 2.38244000e-01 -1.85193000e-01 1.83867000e-03 5.41908000e-01 -6.26291000e-02 -1.38023000e-02 5.45798000e-01 -1.93121000e-01 1.77018000e-03 8.47455000e-01 -7.13390000e-02 -1.43604000e-02 8.51283000e-01 7.92256000e-02 -2.84846000e-02 -6.77378000e-02 6.95752000e-02 -2.87771000e-02 2.41856000e-01 5.99499000e-02 -2.94410000e-02 5.49340000e-01 5.04581000e-02 -3.04840000e-02 8.54768000e-01 -1.58989000e-01 1.42900000e-03 -1.63769000e-01 -3.42922000e-02 -1.60480000e-02 -1.59674000e-01 -1.66264000e-01 1.06044000e-03 1.46227000e-01 -4.31576000e-02 -1.63753000e-02 1.50221000e-01 -1.73316000e-01 1.03097000e-03 4.52135000e-01 -5.18509000e-02 -1.68027000e-02 4.56027000e-01 -1.80393000e-01 1.27898000e-03 7.54108000e-01 -6.03876000e-02 -1.73867000e-02 7.57894000e-01 9.04242000e-02 -3.35156000e-02 -1.55978000e-01 7.99723000e-02 -3.38002000e-02 1.53799000e-01 6.96356000e-02 -3.46451000e-02 4.59493000e-01 5.96379000e-02 -3.60662000e-02 7.61282000e-01 -1.49635000e-01 9.20334000e-05 -2.44750000e-01 -2.42096000e-02 -1.85782000e-02 -2.40530000e-01 -1.55841000e-01 -3.47072000e-04 6.57996000e-02 -3.31124000e-02 -1.88345000e-02 6.98523000e-02 -1.61606000e-01 6.05180000e-07 3.69325000e-01 -4.16862000e-02 -1.91882000e-02 3.73226000e-01 -1.67562000e-01 8.22742000e-04 6.66299000e-01 -4.99898000e-02 -1.97143000e-02 6.70025000e-01 1.01250000e-01 -3.72769000e-02 -2.36848000e-01 8.96436000e-02 -3.73555000e-02 7.33587000e-02 7.82649000e-02 -3.83593000e-02 3.76554000e-01 6.76105000e-02 -4.02266000e-02 6.73257000e-01 -1.41889000e-01 -1.31222000e-03 -3.16198000e-01 -1.52296000e-02 -2.08773000e-02 -3.11776000e-01 -1.46471000e-01 -1.79382000e-03 -4.29914000e-03 -2.41605000e-02 -2.09692000e-02 -9.87197000e-05 -1.50374000e-01 -9.88199000e-04 2.96198000e-01 -3.25835000e-02 -2.10109000e-02 3.00111000e-01 -1.54796000e-01 8.49002000e-04 5.86311000e-01 -4.05550000e-02 -2.13908000e-02 5.89965000e-01 1.11485000e-01 -4.04210000e-02 -3.08165000e-01 9.82312000e-02 -4.00902000e-02 3.17228000e-03 8.52738000e-02 -4.11074000e-02 3.03176000e-01 7.37110000e-02 -4.36768000e-02 5.92964000e-01 -1.36985000e-01 -2.83006000e-03 -3.78186000e-01 -7.72621000e-03 -2.30147000e-02 -3.73500000e-01 -1.39117000e-01 -4.11604000e-03 -6.32271000e-02 -1.67119000e-02 -2.28840000e-02 -5.89660000e-02 -1.38844000e-01 -1.43311000e-03 2.32973000e-01 -2.47250000e-02 -2.24412000e-02 2.37072000e-01 -1.41665000e-01 2.68661000e-03 5.12389000e-01 -3.19801000e-02 -2.26258000e-02 5.15958000e-01 1.21815000e-01 -4.32892000e-02 -3.69877000e-01 1.05495000e-01 -4.18262000e-02 -5.56056000e-02 8.96135000e-02 -4.31623000e-02 2.39780000e-01 7.76700000e-02 -4.78754000e-02 5.18639000e-01 -1.36784000e-01 -1.41985000e-03 -4.33673000e-01 -1.43249000e-03 -2.48037000e-02 -4.28331000e-01 -1.33498000e-01 -9.72212000e-03 -1.08877000e-01 -1.07331000e-02 -2.59157000e-02 -1.02725000e-01 -1.24051000e-01 1.54723000e-03 1.76198000e-01 -1.71148000e-02 -2.30443000e-02 1.81022000e-01 -1.28745000e-01 7.72744000e-03 4.38421000e-01 -2.37222000e-02 -2.34377000e-02 4.41733000e-01 1.34303000e-01 -4.84123000e-02 -4.24957000e-01 1.11190000e-01 -4.16634000e-02 -1.01856000e-01 8.98560000e-02 -4.78008000e-02 1.82787000e-01 8.12724000e-02 -5.47699000e-02 4.44321000e-01 -1.37948000e-01 7.61848000e-03 -4.95954000e-01 4.57155000e-03 -2.62965000e-02 -4.89977000e-01 -1.27448000e-01 -7.21165000e-03 -1.42781000e-01 -5.70067000e-03 -3.06777000e-02 -1.27344000e-01 -1.07077000e-01 1.39006000e-02 1.12500000e-01 -8.03312000e-03 -2.35128000e-02 1.17235000e-01 -1.19559000e-01 1.41075000e-02 3.60221000e-01 -1.60548000e-02 -2.41375000e-02 3.63045000e-01 1.48478000e-01 -6.09448000e-02 -4.88737000e-01 1.17266000e-01 -4.98039000e-02 -1.27935000e-01 9.00687000e-02 -5.97987000e-02 1.15702000e-01 8.81691000e-02 -6.21708000e-02 3.66535000e-01 -2.28937000e+00 6.42337000e-02 5.77931000e-01 -2.47528000e+00 4.78040000e-02 5.72462000e-01 -2.28831000e+00 6.43414000e-02 5.67898000e-01 -2.47402000e+00 4.78681000e-02 5.62161000e-01 -2.30179000e+00 6.62009000e-02 1.01846000e+00 -2.48777000e+00 5.03334000e-02 1.01333000e+00 -2.30069000e+00 6.63101000e-02 1.00889000e+00 -2.48645000e+00 5.04082000e-02 1.00325000e+00 -2.31475000e+00 6.89502000e-02 1.45836000e+00 -2.50071000e+00 5.35517000e-02 1.45353000e+00 -2.31333000e+00 6.90603000e-02 1.44918000e+00 -2.49917000e+00 5.36440000e-02 1.44361000e+00 -2.32818000e+00 7.34406000e-02 1.89848000e+00 -2.51398000e+00 5.79388000e-02 1.89380000e+00 -2.32614000e+00 7.35518000e-02 1.88938000e+00 -2.51202000e+00 5.80389000e-02 1.88380000e+00 -2.28726000e+00 6.43184000e-02 5.57865000e-01 -2.47274000e+00 4.78935000e-02 5.51886000e-01 -2.29959000e+00 6.62500000e-02 9.99326000e-01 -2.48510000e+00 5.03925000e-02 9.93155000e-01 -2.31190000e+00 6.89716000e-02 1.44001000e+00 -2.49764000e+00 5.36007000e-02 1.43363000e+00 -2.32409000e+00 7.34480000e-02 1.88030000e+00 -2.51005000e+00 5.79792000e-02 1.87371000e+00 -2.10329000e+00 7.99125000e-02 5.83073000e-01 -2.10250000e+00 8.00612000e-02 5.73709000e-01 -2.11562000e+00 8.09060000e-02 1.02325000e+00 -2.11483000e+00 8.10535000e-02 1.01460000e+00 -2.12865000e+00 8.28357000e-02 1.46284000e+00 -2.12743000e+00 8.29805000e-02 1.45480000e+00 -2.14228000e+00 8.71691000e-02 1.90279000e+00 -2.14024000e+00 8.73137000e-02 1.89497000e+00 -2.10172000e+00 7.99431000e-02 5.64361000e-01 -2.11404000e+00 8.09223000e-02 1.00594000e+00 -2.12621000e+00 8.28455000e-02 1.44674000e+00 -2.13820000e+00 8.71765000e-02 1.88714000e+00 -1.91701000e+00 9.41648000e-02 5.87885000e-01 -1.91662000e+00 9.43493000e-02 5.79617000e-01 -1.92927000e+00 9.38181000e-02 1.02769000e+00 -1.92891000e+00 9.40003000e-02 1.02035000e+00 -1.94241000e+00 9.46358000e-02 1.46695000e+00 -1.94150000e+00 9.48164000e-02 1.46040000e+00 -1.95629000e+00 9.85895000e-02 1.90670000e+00 -1.95432000e+00 9.87753000e-02 1.90050000e+00 -1.91623000e+00 9.41434000e-02 5.71360000e-01 -1.92855000e+00 9.38034000e-02 1.01301000e+00 -1.94058000e+00 9.46368000e-02 1.45385000e+00 -1.95235000e+00 9.86077000e-02 1.89430000e+00 -1.73055000e+00 1.06318000e-01 5.92367000e-01 -1.73068000e+00 1.06539000e-01 5.85613000e-01 -1.74278000e+00 1.04291000e-01 1.03176000e+00 -1.74295000e+00 1.04508000e-01 1.02613000e+00 -1.75607000e+00 1.03740000e-01 1.47066000e+00 -1.75554000e+00 1.03955000e-01 1.46599000e+00 -1.77023000e+00 1.07115000e-01 1.91017000e+00 -1.76840000e+00 1.07344000e-01 1.90597000e+00 -1.73082000e+00 1.06241000e-01 5.78872000e-01 -1.74312000e+00 1.04243000e-01 1.02051000e+00 -1.75501000e+00 1.03730000e-01 1.46132000e+00 -1.76657000e+00 1.07147000e-01 1.90176000e+00 -1.54394000e+00 1.15684000e-01 5.96495000e-01 -1.54472000e+00 1.15943000e-01 5.91693000e-01 -1.55619000e+00 1.11662000e-01 1.03544000e+00 -1.55699000e+00 1.11913000e-01 1.03195000e+00 -1.56969000e+00 1.09521000e-01 1.47395000e+00 -1.56961000e+00 1.09772000e-01 1.47156000e+00 -1.58412000e+00 1.12139000e-01 1.91317000e+00 -1.58250000e+00 1.12416000e-01 1.91134000e+00 -1.54549000e+00 1.15550000e-01 5.86905000e-01 -1.55779000e+00 1.11580000e-01 1.02846000e+00 -1.56952000e+00 1.09504000e-01 1.46916000e+00 -1.58088000e+00 1.12196000e-01 1.90950000e+00 -1.35720000e+00 1.21543000e-01 6.00238000e-01 -1.35875000e+00 1.21840000e-01 5.97851000e-01 -1.36956000e+00 1.15251000e-01 1.03870000e+00 -1.37106000e+00 1.15536000e-01 1.03777000e+00 -1.38330000e+00 1.11362000e-01 1.47684000e+00 -1.38373000e+00 1.11650000e-01 1.47709000e+00 -1.39802000e+00 1.13080000e-01 1.91572000e+00 -1.39668000e+00 1.13406000e-01 1.91661000e+00 -1.36028000e+00 1.21351000e-01 5.95480000e-01 -1.37255000e+00 1.15138000e-01 1.03685000e+00 -1.38415000e+00 1.11343000e-01 1.47734000e+00 -1.39532000e+00 1.13170000e-01 1.91749000e+00 -2.81222000e+00 1.85795000e-02 5.39381000e-01 -2.82289000e+00 1.78826000e-02 5.31548000e-01 -2.69826000e+00 2.79889000e-02 5.40235000e-01 -2.70534000e+00 2.73410000e-02 5.35020000e-01 -2.82446000e+00 2.07095000e-02 9.80510000e-01 -2.83514000e+00 1.98490000e-02 9.72404000e-01 -2.71068000e+00 3.04357000e-02 9.81291000e-01 -2.71780000e+00 2.97463000e-02 9.75885000e-01 -2.83698000e+00 2.34086000e-02 1.42081000e+00 -2.84761000e+00 2.23814000e-02 1.41238000e+00 -2.72334000e+00 3.35288000e-02 1.42149000e+00 -2.73046000e+00 3.28002000e-02 1.41587000e+00 -2.84977000e+00 2.67219000e-02 1.86049000e+00 -2.86031000e+00 2.55654000e-02 1.85161000e+00 -2.73616000e+00 3.72945000e-02 1.86107000e+00 -2.74328000e+00 3.65272000e-02 1.85510000e+00 -2.58435000e+00 3.74076000e-02 5.41197000e-01 -2.58783000e+00 3.68955000e-02 5.38672000e-01 -2.59694000e+00 4.01508000e-02 9.82133000e-01 -2.60049000e+00 3.96948000e-02 9.79473000e-01 -2.60973000e+00 4.36195000e-02 1.42220000e+00 -2.61332000e+00 4.32257000e-02 1.41939000e+00 -2.62254000e+00 4.78369000e-02 1.86163000e+00 -2.62621000e+00 4.74767000e-02 1.85860000e+00 -2.77818000e+00 2.13069000e-02 5.47639000e-01 -2.67563000e+00 2.99326000e-02 5.45700000e-01 -2.79045000e+00 2.36352000e-02 9.88909000e-01 -2.68804000e+00 3.24599000e-02 9.86874000e-01 -2.80307000e+00 2.65476000e-02 1.42939000e+00 -2.70072000e+00 3.56380000e-02 1.42722000e+00 -2.81597000e+00 3.00754000e-02 1.86940000e+00 -2.71356000e+00 3.95120000e-02 1.86706000e+00 -2.57312000e+00 3.85689000e-02 5.43867000e-01 -2.58566000e+00 4.12692000e-02 9.84902000e-01 -2.59841000e+00 4.46892000e-02 1.42508000e+00 -2.61113000e+00 4.89088000e-02 1.86471000e+00 -2.72314000e+00 2.59450000e-02 5.55679000e-01 -2.63902000e+00 3.31261000e-02 5.51022000e-01 -2.73547000e+00 2.84559000e-02 9.96961000e-01 -2.65143000e+00 3.57284000e-02 9.92236000e-01 -2.74820000e+00 3.15718000e-02 1.43749000e+00 -2.66413000e+00 3.89899000e-02 1.43265000e+00 -2.76120000e+00 3.53521000e-02 1.87771000e+00 -2.67698000e+00 4.30075000e-02 1.87268000e+00 -2.55492000e+00 4.03199000e-02 5.46453000e-01 -2.56740000e+00 4.29829000e-02 9.87566000e-01 -2.58010000e+00 4.63602000e-02 1.42784000e+00 -2.59274000e+00 5.06091000e-02 1.86763000e+00 -2.65087000e+00 3.22205000e-02 5.62862000e-01 -2.59092000e+00 3.73861000e-02 5.55776000e-01 -2.66327000e+00 3.48448000e-02 1.00405000e+00 -2.60334000e+00 4.00262000e-02 9.96968000e-01 -2.67610000e+00 3.80981000e-02 1.44452000e+00 -2.61607000e+00 4.33357000e-02 1.43739000e+00 -2.68920000e+00 4.21241000e-02 1.88483000e+00 -2.62893000e+00 4.75020000e-02 1.87752000e+00 -2.53098000e+00 4.25595000e-02 5.48761000e-01 -2.54342000e+00 4.51816000e-02 9.89933000e-01 -2.55607000e+00 4.85137000e-02 1.43028000e+00 -2.56863000e+00 5.28072000e-02 1.87020000e+00 -2.56632000e+00 3.96954000e-02 5.68609000e-01 -2.53464000e+00 4.24196000e-02 5.59584000e-01 -2.57878000e+00 4.23313000e-02 1.00964000e+00 -2.54706000e+00 4.50387000e-02 1.00072000e+00 -2.59169000e+00 4.56233000e-02 1.44998000e+00 -2.55980000e+00 4.83394000e-02 1.44111000e+00 -2.60488000e+00 4.98576000e-02 1.89031000e+00 -2.57266000e+00 5.26355000e-02 1.88129000e+00 -2.50295000e+00 4.51461000e-02 5.50618000e-01 -2.51534000e+00 4.77177000e-02 9.91840000e-01 -2.52794000e+00 5.09967000e-02 1.43225000e+00 -2.54043000e+00 5.53380000e-02 1.87227000e+00 -2.76190000e+00 7.88390000e-03 4.24476000e-01 -2.75904000e+00 0.00000000e+00 4.25998000e-01 -2.65484000e+00 7.59220000e-03 4.27524000e-01 -2.65264000e+00 0.00000000e+00 4.29021000e-01 -2.77434000e+00 8.32968000e-03 8.26837000e-01 -2.77145000e+00 0.00000000e+00 8.25991000e-01 -2.66678000e+00 8.54686000e-03 8.29959000e-01 -2.66449000e+00 0.00000000e+00 8.29094000e-01 -2.78660000e+00 9.07800000e-03 1.23056000e+00 -2.78369000e+00 0.00000000e+00 1.22758000e+00 -2.67882000e+00 9.77206000e-03 1.23375000e+00 -2.67646000e+00 0.00000000e+00 1.23075000e+00 -2.79873000e+00 1.02843000e-02 1.63467000e+00 -2.79581000e+00 0.00000000e+00 1.62972000e+00 -2.69099000e+00 1.13263000e-02 1.63791000e+00 -2.68857000e+00 0.00000000e+00 1.63295000e+00 -2.54777000e+00 7.29872000e-03 4.30640000e-01 -2.54623000e+00 0.00000000e+00 4.32106000e-01 -2.55921000e+00 8.76184000e-03 8.33143000e-01 -2.55752000e+00 0.00000000e+00 8.32252000e-01 -2.57103000e+00 1.04635000e-02 1.23699000e+00 -2.56921000e+00 0.00000000e+00 1.23397000e+00 -2.58323000e+00 1.23652000e-02 1.64120000e+00 -2.58131000e+00 0.00000000e+00 1.63622000e+00 -2.76863000e+00 1.35418000e-02 4.22971000e-01 -2.66006000e+00 1.35478000e-02 4.26068000e-01 -2.78112000e+00 1.43235000e-02 8.30727000e-01 -2.67220000e+00 1.52064000e-02 8.33887000e-01 -2.79342000e+00 1.56355000e-02 1.23935000e+00 -2.68440000e+00 1.73470000e-02 1.24256000e+00 -2.80558000e+00 1.77583000e-02 1.64796000e+00 -2.69668000e+00 2.00819000e-02 1.65122000e+00 -2.55148000e+00 1.35506000e-02 4.29256000e-01 -2.56327000e+00 1.60850000e-02 8.37129000e-01 -2.57537000e+00 1.90529000e-02 1.24585000e+00 -2.58776000e+00 2.23988000e-02 1.65454000e+00 -2.77713000e+00 1.71074000e-02 4.25406000e-01 -2.66675000e+00 1.80107000e-02 4.28566000e-01 -2.78969000e+00 1.81133000e-02 8.39634000e-01 -2.67913000e+00 2.01254000e-02 8.42842000e-01 -2.80204000e+00 1.98019000e-02 1.25417000e+00 -2.69151000e+00 2.28717000e-02 1.25742000e+00 -2.81423000e+00 2.25662000e-02 1.66827000e+00 -2.70392000e+00 2.64243000e-02 1.67154000e+00 -2.55638000e+00 1.89092000e-02 4.31841000e-01 -2.56857000e+00 2.21315000e-02 8.46153000e-01 -2.58097000e+00 2.59341000e-02 1.26076000e+00 -2.59360000e+00 3.02734000e-02 1.67490000e+00 -2.78606000e+00 1.90710000e-02 4.33226000e-01 -2.67391000e+00 2.12530000e-02 4.36451000e-01 -2.79869000e+00 2.02040000e-02 8.53840000e-01 -2.68650000e+00 2.36192000e-02 8.57099000e-01 -2.81109000e+00 2.21009000e-02 1.27428000e+00 -2.69905000e+00 2.67065000e-02 1.27756000e+00 -2.82332000e+00 2.52490000e-02 1.69388000e+00 -2.71158000e+00 3.07515000e-02 1.69718000e+00 -2.56177000e+00 2.34315000e-02 4.39813000e-01 -2.57431000e+00 2.70284000e-02 8.60478000e-01 -2.58701000e+00 3.13032000e-02 1.28095000e+00 -2.59984000e+00 3.62424000e-02 1.70057000e+00 -2.79460000e+00 1.99354000e-02 4.45841000e-01 -2.68088000e+00 2.35522000e-02 4.49130000e-01 -2.80728000e+00 2.11343000e-02 8.72176000e-01 -2.69363000e+00 2.60236000e-02 8.75486000e-01 -2.81974000e+00 2.31146000e-02 1.29795000e+00 -2.70632000e+00 2.92496000e-02 1.30127000e+00 -2.83201000e+00 2.64291000e-02 1.72263000e+00 -2.71895000e+00 3.35155000e-02 1.72594000e+00 -2.56716000e+00 2.71631000e-02 4.52572000e-01 -2.57999000e+00 3.09054000e-02 8.78928000e-01 -2.59291000e+00 3.53747000e-02 1.30471000e+00 -2.60589000e+00 4.05889000e-02 1.72937000e+00 -2.80232000e+00 2.00997000e-02 4.61761000e-01 -2.68728000e+00 2.51365000e-02 4.65109000e-01 -2.81501000e+00 2.13479000e-02 8.92906000e-01 -2.70012000e+00 2.76267000e-02 8.96265000e-01 -2.82750000e+00 2.33464000e-02 1.32324000e+00 -2.71291000e+00 3.08619000e-02 1.32659000e+00 -2.83983000e+00 2.66657000e-02 1.75230000e+00 -2.72561000e+00 3.51423000e-02 1.75564000e+00 -2.57226000e+00 3.01732000e-02 4.68622000e-01 -2.58525000e+00 3.39010000e-02 8.99761000e-01 -2.59832000e+00 3.83680000e-02 1.33006000e+00 -2.61140000e+00 4.36047000e-02 1.75908000e+00 -2.80901000e+00 1.98293000e-02 4.79397000e-01 -2.69295000e+00 2.61905000e-02 4.82797000e-01 -2.82166000e+00 2.11574000e-02 9.14367000e-01 -2.70579000e+00 2.86570000e-02 9.17771000e-01 -2.83417000e+00 2.31773000e-02 1.34838000e+00 -2.71862000e+00 3.18374000e-02 1.35177000e+00 -2.84656000e+00 2.64099000e-02 1.78108000e+00 -2.73137000e+00 3.59968000e-02 1.78445000e+00 -2.57689000e+00 3.25425000e-02 4.86369000e-01 -2.58993000e+00 3.61478000e-02 9.21310000e-01 -2.60307000e+00 4.04883000e-02 1.35527000e+00 -2.61619000e+00 4.55718000e-02 1.78791000e+00 -2.81465000e+00 1.93086000e-02 4.97447000e-01 -2.69782000e+00 2.68401000e-02 5.00890000e-01 -2.82719000e+00 2.07738000e-02 9.35267000e-01 -2.71059000e+00 2.92758000e-02 9.38711000e-01 -2.83970000e+00 2.28687000e-02 1.37209000e+00 -2.72340000e+00 3.23947000e-02 1.37551000e+00 -2.85217000e+00 2.59964000e-02 1.80768000e+00 -2.73619000e+00 3.63753000e-02 1.81107000e+00 -2.58101000e+00 3.43861000e-02 5.04512000e-01 -2.59399000e+00 3.77819000e-02 9.42284000e-01 -2.60711000e+00 4.19142000e-02 1.37903000e+00 -2.62022000e+00 4.67406000e-02 1.81454000e+00 -2.81927000e+00 1.86134000e-02 5.15009000e-01 -2.70194000e+00 2.72212000e-02 5.18483000e-01 -2.83167000e+00 2.03013000e-02 9.54762000e-01 -2.71456000e+00 2.96208000e-02 9.58236000e-01 -2.84414000e+00 2.25751000e-02 1.39355000e+00 -2.72731000e+00 3.26858000e-02 1.39701000e+00 -2.85672000e+00 2.56681000e-02 1.83131000e+00 -2.74012000e+00 3.64934000e-02 1.83474000e+00 -2.58461000e+00 3.57889000e-02 5.22145000e-01 -2.59747000e+00 3.89154000e-02 9.61829000e-01 -2.61049000e+00 4.27873000e-02 1.40054000e+00 -2.62353000e+00 4.73229000e-02 1.83821000e+00 -4.35088000e-01 6.72088000e-02 6.47379000e-01 -2.49562000e-01 3.26661000e-02 6.59429000e-01 -4.29868000e-01 6.80762000e-02 6.28884000e-01 -2.45172000e-01 3.33211000e-02 6.34369000e-01 -4.47795000e-01 5.33049000e-02 1.08409000e+00 -2.63063000e-01 2.18894000e-02 1.09397000e+00 -4.43849000e-01 5.38869000e-02 1.06646000e+00 -2.59440000e-01 2.22101000e-02 1.07177000e+00 -4.59865000e-01 4.43712000e-02 1.52162000e+00 -2.75591000e-01 1.44220000e-02 1.53077000e+00 -4.57222000e-01 4.47366000e-02 1.50447000e+00 -2.72817000e-01 1.46049000e-02 1.50988000e+00 -4.71092000e-01 4.13800000e-02 1.95941000e+00 -2.87193000e-01 1.06819000e-02 1.96746000e+00 -4.70249000e-01 4.15365000e-02 1.94183000e+00 -2.85822000e-01 1.06932000e-02 1.94669000e+00 -4.24564000e-01 6.74949000e-02 6.10060000e-01 -2.40496000e-01 3.24984000e-02 6.09977000e-01 -4.39923000e-01 5.34044000e-02 1.04866000e+00 -2.55812000e-01 2.15490000e-02 1.05007000e+00 -4.54529000e-01 4.43029000e-02 1.48717000e+00 -2.70034000e-01 1.40499000e-02 1.48942000e+00 -4.69368000e-01 4.10264000e-02 1.92414000e+00 -2.84379000e-01 1.01441000e-02 1.92623000e+00 -6.20298000e-01 9.25932000e-02 6.35930000e-01 -6.15269000e-01 9.34076000e-02 6.22767000e-01 -6.32612000e-01 7.81596000e-02 1.07424000e+00 -6.28692000e-01 7.87343000e-02 1.06081000e+00 -6.44334000e-01 6.89532000e-02 1.51261000e+00 -6.41952000e-01 6.93164000e-02 1.49893000e+00 -6.55342000e-01 6.68272000e-02 1.95105000e+00 -6.55037000e-01 6.70338000e-02 1.93682000e+00 -6.10201000e-01 9.29203000e-02 6.09751000e-01 -6.24770000e-01 7.83084000e-02 1.04743000e+00 -6.39531000e-01 6.89084000e-02 1.48530000e+00 -6.54715000e-01 6.65436000e-02 1.92262000e+00 -8.05255000e-01 1.09537000e-01 6.24789000e-01 -8.00981000e-01 1.10316000e-01 6.16600000e-01 -8.17484000e-01 9.63392000e-02 1.06444000e+00 -8.13935000e-01 9.68802000e-02 1.05515000e+00 -8.28994000e-01 8.78009000e-02 1.50355000e+00 -8.27018000e-01 8.81660000e-02 1.49350000e+00 -8.39908000e-01 8.66420000e-02 1.94254000e+00 -8.40106000e-01 8.68686000e-02 1.93186000e+00 -7.96680000e-01 1.09864000e-01 6.08420000e-01 -8.10370000e-01 9.64848000e-02 1.04586000e+00 -8.25015000e-01 8.77753000e-02 1.48345000e+00 -8.40276000e-01 8.64043000e-02 1.92117000e+00 -9.90175000e-01 1.19258000e-01 6.14375000e-01 -9.86842000e-01 1.19944000e-01 6.10334000e-01 -1.00242000e+00 1.08176000e-01 1.05489000e+00 -9.99471000e-01 1.08685000e-01 1.04939000e+00 -1.01386000e+00 1.00952000e-01 1.49460000e+00 -1.01238000e+00 1.01311000e-01 1.48806000e+00 -1.02479000e+00 1.00802000e-01 1.93407000e+00 -1.02543000e+00 1.01045000e-01 1.92685000e+00 -9.83487000e-01 1.19560000e-01 6.06314000e-01 -9.96509000e-01 1.08332000e-01 1.04392000e+00 -1.01087000e+00 1.00955000e-01 1.48152000e+00 -1.02604000e+00 1.00624000e-01 1.91963000e+00 -1.17517000e+00 1.22872000e-01 6.04623000e-01 -1.17278000e+00 1.23459000e-01 6.04071000e-01 -1.18743000e+00 1.14231000e-01 1.04567000e+00 -1.18520000e+00 1.14688000e-01 1.04360000e+00 -1.19892000e+00 1.08665000e-01 1.48584000e+00 -1.19797000e+00 1.09002000e-01 1.48259000e+00 -1.20994000e+00 1.09527000e-01 1.92570000e+00 -1.21097000e+00 1.09771000e-01 1.92178000e+00 -1.17037000e+00 1.23120000e-01 6.03540000e-01 -1.18296000e+00 1.14369000e-01 1.04153000e+00 -1.19700000e+00 1.08679000e-01 1.47935000e+00 -1.21197000e+00 1.09396000e-01 1.91785000e+00 -1.38744000e-01 7.89320000e-03 6.89872000e-01 -1.35282000e-01 7.33549000e-03 6.98945000e-01 -2.77488000e-02 -2.34474000e-02 6.84927000e-01 -2.15168000e-02 -2.58229000e-02 7.02333000e-01 -1.52402000e-01 5.77165000e-04 1.12027000e+00 -1.49003000e-01 2.65894000e-04 1.12820000e+00 -4.00542000e-02 -2.66165000e-02 1.11644000e+00 -3.38423000e-02 -2.86026000e-02 1.13148000e+00 -1.65284000e-01 -5.25512000e-03 1.55506000e+00 -1.62011000e-01 -5.49030000e-03 1.56232000e+00 -5.23702000e-02 -3.02772000e-02 1.55182000e+00 -4.59291000e-02 -3.20530000e-02 1.56567000e+00 -1.76974000e-01 -9.73311000e-03 1.98978000e+00 -1.73649000e-01 -1.01170000e-02 1.99655000e+00 -6.50661000e-02 -3.38719000e-02 1.98680000e+00 -5.85238000e-02 -3.56716000e-02 1.99989000e+00 8.29609000e-02 -5.50553000e-02 6.80564000e-01 9.14725000e-02 -5.92144000e-02 7.06174000e-01 7.24738000e-02 -5.40513000e-02 1.11318000e+00 8.15427000e-02 -5.78397000e-02 1.13558000e+00 6.03779000e-02 -5.54463000e-02 1.54896000e+00 6.98536000e-02 -5.89437000e-02 1.56957000e+00 4.71549000e-02 -5.80483000e-02 1.98412000e+00 5.68279000e-02 -6.14742000e-02 2.00371000e+00 -1.49829000e-01 1.05086000e-02 6.81258000e-01 -4.90794000e-02 -1.67738000e-02 6.68774000e-01 -1.63438000e-01 2.63621000e-03 1.11282000e+00 -6.15679000e-02 -2.09166000e-02 1.10244000e+00 -1.76271000e-01 -3.38786000e-03 1.54821000e+00 -7.42275000e-02 -2.50966000e-02 1.53888000e+00 -1.87958000e-01 -7.74344000e-03 1.98340000e+00 -8.69573000e-02 -2.88077000e-02 1.97452000e+00 5.16761000e-02 -4.45078000e-02 6.56889000e-01 4.03575000e-02 -4.48578000e-02 1.09255000e+00 2.77280000e-02 -4.70390000e-02 1.52992000e+00 1.43480000e-02 -4.99712000e-02 1.96590000e+00 -1.67722000e-01 1.48065000e-02 6.73625000e-01 -8.40246000e-02 -6.61544000e-03 6.55064000e-01 -1.81468000e-01 6.21188000e-03 1.10615000e+00 -9.70950000e-02 -1.22602000e-02 1.09045000e+00 -1.94137000e-01 -1.13660000e-04 1.54208000e+00 -1.09950000e-01 -1.71993000e-02 1.52774000e+00 -2.05934000e-01 -4.35342000e-03 1.97770000e+00 -1.22838000e-01 -2.10802000e-02 1.96386000e+00 -1.52447000e-04 -2.86699000e-02 6.36938000e-01 -1.27350000e-02 -3.12611000e-02 1.07509000e+00 -2.57947000e-02 -3.46129000e-02 1.51368000e+00 -3.94570000e-02 -3.79813000e-02 1.95020000e+00 -1.91369000e-01 2.02979000e-02 6.67342000e-01 -1.30512000e-01 5.94287000e-03 6.44575000e-01 -2.05187000e-01 1.09417000e-02 1.10063000e+00 -1.44113000e-01 -1.54058000e-03 1.08115000e+00 -2.17772000e-01 4.23074000e-03 1.53699000e+00 -1.57218000e-01 -7.37749000e-03 1.51900000e+00 -2.29577000e-01 1.24364000e-04 1.97300000e+00 -1.70179000e-01 -1.13839000e-02 1.95543000e+00 -6.93451000e-02 -9.25297000e-03 6.22096000e-01 -8.30816000e-02 -1.46535000e-02 1.06188000e+00 -9.66622000e-02 -1.94071000e-02 1.50121000e+00 -1.10519000e-01 -2.31509000e-02 1.93798000e+00 -2.19267000e-01 2.64546000e-02 6.62564000e-01 -1.85442000e-01 1.96405000e-02 6.37721000e-01 -2.33007000e-01 1.63919000e-02 1.09652000e+00 -1.99481000e-01 1.02281000e-02 1.07494000e+00 -2.45552000e-01 9.26152000e-03 1.53317000e+00 -2.12773000e-01 3.47988000e-03 1.51304000e+00 -2.57297000e-01 5.31808000e-03 1.96954000e+00 -2.25785000e-01 -5.42624000e-04 1.94967000e+00 -1.51267000e-01 1.18157000e-02 6.13052000e-01 -1.65984000e-01 3.47269000e-03 1.05345000e+00 -1.79977000e-01 -2.72648000e-03 1.49302000e+00 -1.94056000e-01 -6.66469000e-03 1.92984000e+00 -2.27744000e-01 1.07018000e-03 1.47812000e+00 -2.31904000e-01 0.00000000e+00 1.51189000e+00 -1.03900000e-01 -6.27980000e-03 1.48195000e+00 -1.07644000e-01 0.00000000e+00 1.51572000e+00 -2.41556000e-01 7.72815000e-04 1.94314000e+00 -2.45928000e-01 0.00000000e+00 1.97869000e+00 -1.17413000e-01 -6.96043000e-03 1.94695000e+00 -1.21247000e-01 0.00000000e+00 1.98251000e+00 -2.55719000e-01 3.78373000e-04 2.40974000e+00 -2.60272000e-01 0.00000000e+00 2.44744000e+00 -1.31011000e-01 -7.84130000e-03 2.41355000e+00 -1.34951000e-01 0.00000000e+00 2.45127000e+00 -2.70286000e-01 -3.15334000e-04 2.87902000e+00 -2.74982000e-01 0.00000000e+00 2.91907000e+00 -1.44700000e-01 -8.95270000e-03 2.88284000e+00 -1.48753000e-01 0.00000000e+00 2.92291000e+00 1.99561000e-02 -1.36285000e-02 1.48546000e+00 1.66283000e-02 0.00000000e+00 1.51924000e+00 6.74049000e-03 -1.46926000e-02 1.95046000e+00 3.44376000e-03 0.00000000e+00 1.98603000e+00 -6.29397000e-03 -1.60599000e-02 2.41706000e+00 -9.62130000e-03 0.00000000e+00 2.45479000e+00 -1.91067000e-02 -1.75888000e-02 2.88638000e+00 -2.25163000e-02 0.00000000e+00 2.92646000e+00 -2.17905000e-01 1.61347000e-03 1.39986000e+00 -9.51867000e-02 -1.14076000e-02 1.40367000e+00 -2.31195000e-01 1.24949000e-03 1.86014000e+00 -1.08463000e-01 -1.26074000e-02 1.86392000e+00 -2.44924000e-01 6.99204000e-04 2.32115000e+00 -1.21792000e-01 -1.41793000e-02 2.32492000e+00 -2.59146000e-01 -4.43288000e-04 2.78440000e+00 -1.35201000e-01 -1.61839000e-02 2.78819000e+00 2.75444000e-02 -2.44308000e-02 1.40716000e+00 1.42793000e-02 -2.64648000e-02 1.86739000e+00 1.34967000e-03 -2.90573000e-02 2.32841000e+00 -1.12489000e-02 -3.19233000e-02 2.79170000e+00 -2.05254000e-01 1.75809000e-03 1.30267000e+00 -8.43140000e-02 -1.54914000e-02 1.30643000e+00 -2.17866000e-01 1.58583000e-03 1.75567000e+00 -9.72363000e-02 -1.70598000e-02 1.75939000e+00 -2.31070000e-01 1.09076000e-03 2.20853000e+00 -1.10179000e-01 -1.91516000e-02 2.21225000e+00 -2.44852000e-01 -3.13617000e-04 2.66330000e+00 -1.23198000e-01 -2.18509000e-02 2.66704000e+00 3.66404000e-02 -3.27348000e-02 1.30986000e+00 2.34047000e-02 -3.57003000e-02 1.76280000e+00 1.07229000e-02 -3.93885000e-02 2.21567000e+00 -1.53598000e-03 -4.33822000e-02 2.67050000e+00 -1.91524000e-01 1.81551000e-03 1.20145000e+00 -7.29888000e-02 -1.86469000e-02 1.20514000e+00 -2.03516000e-01 2.02638000e-03 1.64505000e+00 -8.54715000e-02 -2.04782000e-02 1.64868000e+00 -2.16331000e-01 1.62651000e-03 2.08828000e+00 -9.79706000e-02 -2.29644000e-02 2.09191000e+00 -2.29700000e-01 -2.16328000e-05 2.53359000e+00 -1.10566000e-01 -2.61867000e-02 2.53726000e+00 4.55644000e-02 -3.91166000e-02 1.20846000e+00 3.25850000e-02 -4.29861000e-02 1.65200000e+00 2.04007000e-02 -4.75565000e-02 2.09528000e+00 8.57556000e-03 -5.23515000e-02 2.54067000e+00 -1.77705000e-01 2.20903000e-03 1.10343000e+00 -6.21262000e-02 -2.10233000e-02 1.10702000e+00 -1.89470000e-01 2.80281000e-03 1.53625000e+00 -7.41199000e-02 -2.30627000e-02 1.53978000e+00 -2.02287000e-01 2.18795000e-03 1.97007000e+00 -8.62071000e-02 -2.58524000e-02 1.97362000e+00 -2.15356000e-01 6.56272000e-05 2.40696000e+00 -9.84487000e-02 -2.94523000e-02 2.41056000e+00 5.34731000e-02 -4.42416000e-02 1.11020000e+00 4.12406000e-02 -4.89158000e-02 1.54303000e+00 2.98825000e-02 -5.38801000e-02 1.97696000e+00 1.84631000e-02 -5.89573000e-02 2.41396000e+00 -1.64415000e-01 3.45211000e-03 1.01066000e+00 -5.20879000e-02 -2.27701000e-02 1.01413000e+00 -1.76843000e-01 3.88129000e-03 1.43307000e+00 -6.36215000e-02 -2.49881000e-02 1.43649000e+00 -1.90069000e-01 2.36421000e-03 1.86010000e+00 -7.54609000e-02 -2.79984000e-02 1.86357000e+00 -2.02883000e-01 -5.51465000e-04 2.29142000e+00 -8.75079000e-02 -3.18603000e-02 2.29493000e+00 6.02701000e-02 -4.90106000e-02 1.01717000e+00 4.95982000e-02 -5.38700000e-02 1.43975000e+00 3.91550000e-02 -5.83684000e-02 1.86695000e+00 2.78612000e-02 -6.31745000e-02 2.29836000e+00 -1.52600000e-01 5.82982000e-03 9.22201000e-01 -4.28700000e-02 -2.40937000e-02 9.25553000e-01 -1.66597000e-01 4.73537000e-03 1.33815000e+00 -5.42057000e-02 -2.64265000e-02 1.34148000e+00 -1.80182000e-01 1.72985000e-03 1.76279000e+00 -6.60360000e-02 -2.95775000e-02 1.76619000e+00 -1.92659000e-01 -2.11532000e-03 2.19187000e+00 -7.80508000e-02 -3.36097000e-02 2.19528000e+00 6.69212000e-02 -5.39737000e-02 9.28592000e-01 5.81634000e-02 -5.75475000e-02 1.34485000e+00 4.81088000e-02 -6.08461000e-02 1.76967000e+00 3.65481000e-02 -6.50678000e-02 2.19879000e+00 -1.43869000e-01 8.18898000e-03 8.38203000e-01 -3.44995000e-02 -2.50001000e-02 8.41462000e-01 -1.58939000e-01 4.53406000e-03 1.25450000e+00 -4.61082000e-02 -2.74257000e-02 1.25776000e+00 -1.72513000e-01 6.88817000e-05 1.68069000e+00 -5.80196000e-02 -3.06839000e-02 1.68403000e+00 -1.84601000e-01 -4.55647000e-03 2.11023000e+00 -7.01301000e-02 -3.47795000e-02 2.11356000e+00 7.48390000e-02 -5.82643000e-02 8.44683000e-01 6.67474000e-02 -5.94434000e-02 1.26132000e+00 5.64092000e-02 -6.14889000e-02 1.68764000e+00 4.43682000e-02 -6.50336000e-02 2.11716000e+00 -1.38679000e-01 8.93071000e-03 7.62611000e-01 -2.73086000e-02 -2.56486000e-02 7.65799000e-01 -1.53265000e-01 3.05073000e-03 1.18439000e+00 -3.94188000e-02 -2.82392000e-02 1.18756000e+00 -1.66659000e-01 -2.36773000e-03 1.61431000e+00 -5.13470000e-02 -3.15770000e-02 1.61758000e+00 -1.78374000e-01 -7.37356000e-03 2.04593000e+00 -6.36573000e-02 -3.55252000e-02 2.04920000e+00 8.36628000e-02 -6.00156000e-02 7.69261000e-01 7.46536000e-02 -5.93317000e-02 1.19135000e+00 6.37688000e-02 -6.06193000e-02 1.62131000e+00 5.11965000e-02 -6.35266000e-02 2.05290000e+00 6.78133000e-04 -4.14000000e-04 -1.98221000e+01 6.38599000e-04 -2.32508000e-04 -1.98220000e+01 6.03079000e-04 9.89522000e-03 -1.98218000e+01 5.77581000e-04 1.20580000e-02 -1.98221000e+01 2.18630000e-05 -2.07257000e-04 -1.98855000e+01 2.27710000e-05 -1.85049000e-04 -1.98852000e+01 -1.75264000e-04 9.27805000e-03 -1.98852000e+01 -2.99998000e-04 1.15192000e-02 -1.98854000e+01 4.94295000e-04 1.92511000e-02 -1.98214000e+01 3.28526000e-04 2.38256000e-02 -1.98219000e+01 -3.42236000e-04 1.79542000e-02 -1.98851000e+01 -5.63730000e-04 2.25217000e-02 -1.98852000e+01 3.47697000e-04 2.69433000e-02 -1.98209000e+01 -1.47281000e-04 3.41511000e-02 -1.98214000e+01 -4.26812000e-04 2.49550000e-02 -1.98849000e+01 -6.87167000e-04 3.20666000e-02 -1.98849000e+01 2.76792000e-04 3.20900000e-02 -1.98197000e+01 -7.93591000e-04 4.25847000e-02 -1.98203000e+01 -3.71259000e-04 2.93883000e-02 -1.98848000e+01 -5.84592000e-04 3.93601000e-02 -1.98847000e+01 -9.94511000e-06 3.54664000e-02 -1.98184000e+01 -1.48712000e-03 4.85421000e-02 -1.98163000e+01 -2.01567000e-04 3.19349000e-02 -1.98848000e+01 -2.97745000e-04 4.37583000e-02 -1.98846000e+01 0.00000000e+00 3.70223000e-02 -1.98179000e+01 0.00000000e+00 5.02828000e-02 -1.98175000e+01 0.00000000e+00 3.33396000e-02 -1.98847000e+01 0.00000000e+00 4.53908000e-02 -1.98845000e+01 5.23499000e-04 -1.14503000e-04 -1.98217000e+01 5.44475000e-04 8.51448000e-03 -1.98214000e+01 2.29400000e-05 -1.81349000e-04 -1.98850000e+01 -9.70814000e-05 7.87505000e-03 -1.98850000e+01 5.24996000e-04 1.64158000e-02 -1.98210000e+01 -2.07598000e-04 1.52059000e-02 -1.98850000e+01 4.65616000e-04 2.22910000e-02 -1.98206000e+01 -2.79098000e-04 2.06107000e-02 -1.98849000e+01 3.74999000e-04 2.35449000e-02 -1.98201000e+01 -2.25260000e-04 2.16596000e-02 -1.98848000e+01 2.35659000e-04 2.44119000e-02 -1.98195000e+01 -1.17172000e-04 2.22761000e-02 -1.98848000e+01 0.00000000e+00 2.41465000e-02 -1.98194000e+01 0.00000000e+00 2.20437000e-02 -1.98848000e+01 4.14914000e-04 1.56557000e-02 -1.98206000e+01 -1.26921000e-04 1.44013000e-02 -1.98849000e+01 2.28713000e-04 1.48473000e-02 -1.98204000e+01 -5.98032000e-05 1.35747000e-02 -1.98848000e+01 0.00000000e+00 1.19186000e-02 -1.98206000e+01 0.00000000e+00 1.08709000e-02 -1.98848000e+01 3.85610000e-04 7.90049000e-03 -1.98211000e+01 -4.97310000e-05 7.21918000e-03 -1.98849000e+01 2.11282000e-04 7.55035000e-03 -1.98209000e+01 -2.01134000e-05 6.84819000e-03 -1.98848000e+01 0.00000000e+00 -2.92593000e-05 -1.98214000e+01 0.00000000e+00 -1.97076000e-04 -1.98848000e+01 2.97857000e-04 -4.79871000e-05 -1.98214000e+01 1.40825000e-05 -1.89981000e-04 -1.98849000e+01 -8.21171000e-06 -3.23916000e-05 -1.99429000e+01 -8.73007000e-06 -4.10947000e-05 -1.99423000e+01 -4.21650000e-04 7.66321000e-03 -1.99422000e+01 -6.98751000e-04 9.53845000e-03 -1.99427000e+01 -7.27563000e-04 1.47106000e-02 -1.99419000e+01 -1.20486000e-03 1.83882000e-02 -1.99422000e+01 -8.51396000e-04 2.03610000e-02 -1.99416000e+01 -1.38922000e-03 2.58620000e-02 -1.99416000e+01 -7.20243000e-04 2.39954000e-02 -1.99412000e+01 -1.20307000e-03 3.15223000e-02 -1.99409000e+01 -4.14137000e-04 2.62946000e-02 -1.99409000e+01 -7.01860000e-04 3.51315000e-02 -1.99404000e+01 0.00000000e+00 2.73469000e-02 -1.99408000e+01 0.00000000e+00 3.62822000e-02 -1.99402000e+01 -7.07414000e-06 -4.21856000e-05 -1.99419000e+01 -2.49945000e-04 6.49915000e-03 -1.99419000e+01 -4.53047000e-04 1.24476000e-02 -1.99417000e+01 -5.81406000e-04 1.68285000e-02 -1.99416000e+01 -4.48979000e-04 1.76936000e-02 -1.99414000e+01 -2.43241000e-04 1.82626000e-02 -1.99412000e+01 0.00000000e+00 1.80450000e-02 -1.99412000e+01 -2.83647000e-04 1.18038000e-02 -1.99416000e+01 -1.34993000e-04 1.11606000e-02 -1.99415000e+01 0.00000000e+00 8.94839000e-03 -1.99415000e+01 -1.36260000e-04 5.97343000e-03 -1.99417000e+01 -5.81219000e-05 5.68773000e-03 -1.99416000e+01 0.00000000e+00 -3.96885000e-05 -1.99416000e+01 -3.41150000e-06 -4.02012000e-05 -1.99416000e+01 3.39512000e-06 -9.45055000e-06 -1.99853000e+01 3.35052000e-06 -9.30162000e-06 -1.99841000e+01 -6.54934000e-04 4.24459000e-03 -1.99838000e+01 -1.10669000e-03 5.33678000e-03 -1.99849000e+01 -1.14559000e-03 8.17666000e-03 -1.99833000e+01 -1.90509000e-03 1.04247000e-02 -1.99839000e+01 -1.34742000e-03 1.14025000e-02 -1.99826000e+01 -2.18027000e-03 1.49711000e-02 -1.99825000e+01 -1.14531000e-03 1.34642000e-02 -1.99819000e+01 -1.86270000e-03 1.85955000e-02 -1.99812000e+01 -6.51729000e-04 1.46851000e-02 -1.99814000e+01 -1.05866000e-03 2.09011000e-02 -1.99802000e+01 0.00000000e+00 1.53400000e-02 -1.99812000e+01 0.00000000e+00 2.17396000e-02 -1.99799000e+01 2.01972000e-06 -1.02823000e-05 -1.99833000e+01 -3.84049000e-04 3.58223000e-03 -1.99832000e+01 -7.10335000e-04 6.87581000e-03 -1.99830000e+01 -9.15928000e-04 9.34484000e-03 -1.99827000e+01 -7.11940000e-04 9.80117000e-03 -1.99824000e+01 -3.82511000e-04 1.00661000e-02 -1.99821000e+01 0.00000000e+00 9.94921000e-03 -1.99821000e+01 -4.44892000e-04 6.49198000e-03 -1.99827000e+01 -2.12245000e-04 6.10954000e-03 -1.99826000e+01 0.00000000e+00 4.89528000e-03 -1.99826000e+01 -2.08460000e-04 3.27752000e-03 -1.99829000e+01 -9.02796000e-05 3.10867000e-03 -1.99828000e+01 0.00000000e+00 -1.01190000e-05 -1.99828000e+01 6.48289000e-07 -1.07346000e-05 -1.99829000e+01 5.42993000e-06 0.00000000e+00 -2.00000000e+01 4.07659000e-06 0.00000000e+00 -2.00000000e+01 -7.34897000e-04 0.00000000e+00 -2.00000000e+01 -1.24428000e-03 0.00000000e+00 -2.00000000e+01 -1.29604000e-03 0.00000000e+00 -2.00000000e+01 -2.19010000e-03 0.00000000e+00 -2.00000000e+01 -1.53554000e-03 0.00000000e+00 -2.00000000e+01 -2.57303000e-03 0.00000000e+00 -2.00000000e+01 -1.30269000e-03 0.00000000e+00 -2.00000000e+01 -2.25429000e-03 0.00000000e+00 -2.00000000e+01 -7.42433000e-04 0.00000000e+00 -2.00000000e+01 -1.31236000e-03 0.00000000e+00 -2.00000000e+01 0.00000000e+00 0.00000000e+00 -2.00000000e+01 0.00000000e+00 0.00000000e+00 -2.00000000e+01 3.18814000e-06 0.00000000e+00 -2.00000000e+01 -4.28775000e-04 0.00000000e+00 -2.00000000e+01 -7.99351000e-04 0.00000000e+00 -2.00000000e+01 -1.03427000e-03 0.00000000e+00 -2.00000000e+01 -7.98559000e-04 0.00000000e+00 -2.00000000e+01 -4.29742000e-04 0.00000000e+00 -2.00000000e+01 0.00000000e+00 0.00000000e+00 -2.00000000e+01 -5.00847000e-04 0.00000000e+00 -2.00000000e+01 -2.38798000e-04 0.00000000e+00 -2.00000000e+01 0.00000000e+00 0.00000000e+00 -2.00000000e+01 -2.33641000e-04 0.00000000e+00 -2.00000000e+01 -1.03304000e-04 0.00000000e+00 -2.00000000e+01 0.00000000e+00 0.00000000e+00 -2.00000000e+01 1.80513000e-06 0.00000000e+00 -2.00000000e+01 0.00000000e+00 -4.76749000e-02 -1.98222000e+01 0.00000000e+00 -3.58833000e-02 -1.98222000e+01 1.68013000e-04 -3.44346000e-02 -1.98222000e+01 1.34967000e-04 -4.60841000e-02 -1.98222000e+01 0.00000000e+00 -4.54529000e-02 -1.98844000e+01 0.00000000e+00 -3.35130000e-02 -1.98846000e+01 1.78309000e-04 -3.21750000e-02 -1.98847000e+01 2.87594000e-04 -4.39032000e-02 -1.98844000e+01 3.16821000e-04 -3.15264000e-02 -1.98222000e+01 2.78335000e-04 -4.14210000e-02 -1.98222000e+01 3.14307000e-04 -2.94914000e-02 -1.98848000e+01 5.03083000e-04 -3.93656000e-02 -1.98846000e+01 4.37108000e-04 -2.67707000e-02 -1.98222000e+01 4.28835000e-04 -3.39848000e-02 -1.98222000e+01 3.74863000e-04 -2.50778000e-02 -1.98849000e+01 5.89448000e-04 -3.21472000e-02 -1.98849000e+01 5.33399000e-04 -1.94067000e-02 -1.98222000e+01 5.68351000e-04 -2.42269000e-02 -1.98221000e+01 3.29461000e-04 -1.81804000e-02 -1.98850000e+01 5.23082000e-04 -2.27734000e-02 -1.98852000e+01 6.07091000e-04 -1.02411000e-02 -1.98221000e+01 6.61823000e-04 -1.27809000e-02 -1.98222000e+01 2.03949000e-04 -9.59100000e-03 -1.98852000e+01 3.19005000e-04 -1.18895000e-02 -1.98854000e+01 0.00000000e+00 -2.37610000e-02 -1.98221000e+01 1.67339000e-04 -2.39998000e-02 -1.98221000e+01 0.00000000e+00 -2.23546000e-02 -1.98848000e+01 1.10993000e-04 -2.25687000e-02 -1.98848000e+01 3.07887000e-04 -2.32681000e-02 -1.98221000e+01 2.05267000e-04 -2.18789000e-02 -1.98848000e+01 3.99995000e-04 -2.21193000e-02 -1.98221000e+01 2.63606000e-04 -2.07964000e-02 -1.98849000e+01 4.43992000e-04 -1.64027000e-02 -1.98221000e+01 2.13833000e-04 -1.54499000e-02 -1.98850000e+01 4.90238000e-04 -8.65241000e-03 -1.98219000e+01 1.29596000e-04 -8.18622000e-03 -1.98850000e+01 3.19378000e-04 -1.55828000e-02 -1.98220000e+01 1.37983000e-04 -1.46901000e-02 -1.98849000e+01 3.31297000e-04 -7.95982000e-03 -1.98218000e+01 7.73542000e-05 -7.56498000e-03 -1.98849000e+01 1.72606000e-04 -1.47457000e-02 -1.98219000e+01 6.70130000e-05 -1.39149000e-02 -1.98848000e+01 1.75038000e-04 -7.56752000e-03 -1.98217000e+01 3.62257000e-05 -7.21625000e-03 -1.98849000e+01 0.00000000e+00 -1.18796000e-02 -1.98218000e+01 0.00000000e+00 -1.12472000e-02 -1.98848000e+01 0.00000000e+00 -3.64789000e-02 -1.99403000e+01 0.00000000e+00 -2.74553000e-02 -1.99408000e+01 4.19352000e-04 -2.63534000e-02 -1.99409000e+01 7.03289000e-04 -3.52744000e-02 -1.99405000e+01 7.32478000e-04 -2.41136000e-02 -1.99412000e+01 1.21836000e-03 -3.17268000e-02 -1.99410000e+01 8.57099000e-04 -2.04650000e-02 -1.99416000e+01 1.40138000e-03 -2.60296000e-02 -1.99416000e+01 7.21480000e-04 -1.47821000e-02 -1.99419000e+01 1.20230000e-03 -1.84940000e-02 -1.99423000e+01 4.06418000e-04 -7.73104000e-03 -1.99422000e+01 6.85977000e-04 -9.61397000e-03 -1.99427000e+01 0.00000000e+00 -1.81169000e-02 -1.99412000e+01 2.45431000e-04 -1.83105000e-02 -1.99412000e+01 4.53478000e-04 -1.77573000e-02 -1.99414000e+01 5.81640000e-04 -1.68917000e-02 -1.99416000e+01 4.46700000e-04 -1.24974000e-02 -1.99417000e+01 2.37502000e-04 -6.55679000e-03 -1.99419000e+01 2.79947000e-04 -1.18537000e-02 -1.99416000e+01 1.28427000e-04 -6.03127000e-03 -1.99417000e+01 1.33247000e-04 -1.12139000e-02 -1.99415000e+01 5.45920000e-05 -5.74814000e-03 -1.99416000e+01 0.00000000e+00 -9.02082000e-03 -1.99415000e+01 0.00000000e+00 -2.17566000e-02 -1.99799000e+01 0.00000000e+00 -1.53853000e-02 -1.99812000e+01 6.50681000e-04 -1.47418000e-02 -1.99814000e+01 1.05656000e-03 -2.09408000e-02 -1.99803000e+01 1.14151000e-03 -1.34806000e-02 -1.99819000e+01 1.85729000e-03 -1.86042000e-02 -1.99812000e+01 1.34638000e-03 -1.14072000e-02 -1.99826000e+01 2.18000000e-03 -1.49845000e-02 -1.99826000e+01 1.14722000e-03 -8.18469000e-03 -1.99833000e+01 1.90946000e-03 -1.04475000e-02 -1.99839000e+01 6.58882000e-04 -4.25140000e-03 -1.99839000e+01 1.11260000e-03 -5.35626000e-03 -1.99849000e+01 0.00000000e+00 -9.99004000e-03 -1.99821000e+01 3.82367000e-04 -1.01060000e-02 -1.99822000e+01 7.10171000e-04 -9.81589000e-03 -1.99824000e+01 9.15138000e-04 -9.34737000e-03 -1.99827000e+01 7.10748000e-04 -6.87852000e-03 -1.99830000e+01 3.86052000e-04 -3.58784000e-03 -1.99832000e+01 4.44895000e-04 -6.50237000e-03 -1.99827000e+01 2.09407000e-04 -3.29094000e-03 -1.99829000e+01 2.12551000e-04 -6.13418000e-03 -1.99826000e+01 9.06191000e-05 -3.12812000e-03 -1.99828000e+01 0.00000000e+00 -4.92323000e-03 -1.99826000e+01 0.00000000e+00 0.00000000e+00 -2.00000000e+01 0.00000000e+00 0.00000000e+00 -2.00000000e+01 7.50816000e-04 0.00000000e+00 -2.00000000e+01 1.31474000e-03 0.00000000e+00 -2.00000000e+01 1.31388000e-03 0.00000000e+00 -2.00000000e+01 2.26020000e-03 0.00000000e+00 -2.00000000e+01 1.54351000e-03 0.00000000e+00 -2.00000000e+01 2.57771000e-03 0.00000000e+00 -2.00000000e+01 1.30176000e-03 0.00000000e+00 -2.00000000e+01 2.19706000e-03 0.00000000e+00 -2.00000000e+01 7.40105000e-04 0.00000000e+00 -2.00000000e+01 1.25431000e-03 0.00000000e+00 -2.00000000e+01 0.00000000e+00 0.00000000e+00 -2.00000000e+01 4.36556000e-04 0.00000000e+00 -2.00000000e+01 8.08838000e-04 0.00000000e+00 -2.00000000e+01 1.04221000e-03 0.00000000e+00 -2.00000000e+01 8.03906000e-04 0.00000000e+00 -2.00000000e+01 4.32957000e-04 0.00000000e+00 -2.00000000e+01 5.06505000e-04 0.00000000e+00 -2.00000000e+01 2.37931000e-04 0.00000000e+00 -2.00000000e+01 2.42241000e-04 0.00000000e+00 -2.00000000e+01 1.05924000e-04 0.00000000e+00 -2.00000000e+01 0.00000000e+00 0.00000000e+00 -2.00000000e+01 7.92981000e-01 -6.59720000e-05 -8.24605000e-02 7.92970000e-01 -1.02128000e-05 -8.25009000e-02 7.92950000e-01 -4.59617000e-03 -8.24671000e-02 7.92967000e-01 -5.70187000e-03 -8.24586000e-02 7.92778000e-01 -4.16773000e-05 -5.36540000e-02 7.92778000e-01 -2.92705000e-05 -5.37720000e-02 7.92842000e-01 -4.36180000e-03 -5.37867000e-02 7.92887000e-01 -5.40577000e-03 -5.36892000e-02 7.92917000e-01 -8.77872000e-03 -8.24506000e-02 7.92926000e-01 -1.09285000e-02 -8.24610000e-02 7.92883000e-01 -8.31258000e-03 -5.38250000e-02 7.92958000e-01 -1.04057000e-02 -5.37725000e-02 7.92878000e-01 -1.21510000e-02 -8.24456000e-02 7.92870000e-01 -1.53891000e-02 -8.24566000e-02 7.92893000e-01 -1.14841000e-02 -5.38782000e-02 7.92975000e-01 -1.47155000e-02 -5.38824000e-02 7.92830000e-01 -1.43157000e-02 -8.24436000e-02 7.92810000e-01 -1.87930000e-02 -8.24444000e-02 7.92861000e-01 -1.35072000e-02 -5.39308000e-02 7.92932000e-01 -1.80353000e-02 -5.39899000e-02 7.92773000e-01 -1.56526000e-02 -8.24421000e-02 7.92755000e-01 -2.09291000e-02 -8.24314000e-02 7.92798000e-01 -1.47375000e-02 -5.39684000e-02 7.92838000e-01 -2.01241000e-02 -5.40667000e-02 7.92708000e-01 -1.63110000e-02 -8.24392000e-02 7.92705000e-01 -2.16599000e-02 -8.24239000e-02 7.92718000e-01 -1.53489000e-02 -5.39831000e-02 7.92715000e-01 -2.08380000e-02 -5.40931000e-02 7.92929000e-01 3.51088000e-05 -8.26019000e-02 7.92908000e-01 -3.88672000e-03 -8.25200000e-02 7.92772000e-01 -2.69262000e-05 -5.38690000e-02 7.92807000e-01 -3.72304000e-03 -5.38567000e-02 7.92885000e-01 -7.43661000e-03 -8.24746000e-02 7.92834000e-01 -7.07040000e-03 -5.38651000e-02 7.92865000e-01 -1.00457000e-02 -8.24561000e-02 7.92848000e-01 -9.52797000e-03 -5.38825000e-02 7.92830000e-01 -1.05600000e-02 -8.24584000e-02 7.92820000e-01 -1.00192000e-02 -5.39071000e-02 7.92775000e-01 -1.08919000e-02 -8.24629000e-02 7.92774000e-01 -1.03294000e-02 -5.39282000e-02 7.92711000e-01 -1.07771000e-02 -8.24634000e-02 7.92721000e-01 -1.02245000e-02 -5.39317000e-02 7.92838000e-01 -7.05175000e-03 -8.25002000e-02 7.92797000e-01 -6.71509000e-03 -5.38964000e-02 7.92781000e-01 -6.66014000e-03 -8.25245000e-02 7.92760000e-01 -6.35109000e-03 -5.39171000e-02 7.92714000e-01 -5.34600000e-03 -8.25570000e-02 7.92724000e-01 -5.11674000e-03 -5.39216000e-02 7.92847000e-01 -3.55930000e-03 -8.25726000e-02 7.92777000e-01 -3.43201000e-03 -5.39017000e-02 7.92786000e-01 -3.37878000e-03 -8.26035000e-02 7.92751000e-01 -3.26881000e-03 -5.39232000e-02 7.92717000e-01 7.37658000e-05 -8.27351000e-02 7.92727000e-01 -3.47638000e-05 -5.39529000e-02 7.92840000e-01 6.48257000e-05 -8.27085000e-02 7.92754000e-01 -3.01858000e-05 -5.39364000e-02 7.92732000e-01 -1.19537000e-05 -2.70372000e-02 7.92732000e-01 -1.27095000e-05 -2.72895000e-02 7.92917000e-01 -3.59815000e-03 -2.73427000e-02 7.93040000e-01 -4.47217000e-03 -2.71147000e-02 7.93055000e-01 -6.88269000e-03 -2.74639000e-02 7.93267000e-01 -8.60437000e-03 -2.73228000e-02 7.93114000e-01 -9.52467000e-03 -2.76251000e-02 7.93354000e-01 -1.21080000e-02 -2.76096000e-02 7.93056000e-01 -1.12166000e-02 -2.77896000e-02 7.93270000e-01 -1.47570000e-02 -2.78988000e-02 7.92915000e-01 -1.22507000e-02 -2.79140000e-02 7.93040000e-01 -1.64056000e-02 -2.81102000e-02 7.92728000e-01 -1.27601000e-02 -2.79660000e-02 7.92726000e-01 -1.69668000e-02 -2.81870000e-02 7.92732000e-01 -1.43679000e-05 -2.74753000e-02 7.92841000e-01 -3.05316000e-03 -2.74925000e-02 7.92933000e-01 -5.82059000e-03 -2.75554000e-02 7.92992000e-01 -7.86404000e-03 -2.76280000e-02 7.92934000e-01 -8.26084000e-03 -2.77029000e-02 7.92840000e-01 -8.50826000e-03 -2.77674000e-02 7.92730000e-01 -8.41167000e-03 -2.77808000e-02 7.92858000e-01 -5.51647000e-03 -2.76266000e-02 7.92792000e-01 -5.21160000e-03 -2.76689000e-02 7.92732000e-01 -4.18607000e-03 -2.76561000e-02 7.92792000e-01 -2.80686000e-03 -2.75807000e-02 7.92758000e-01 -2.67261000e-03 -2.76200000e-02 7.92734000e-01 -1.81829000e-05 -2.76102000e-02 7.92733000e-01 -1.70263000e-05 -2.75850000e-02 7.92737000e-01 9.95928000e-08 -7.03644000e-03 7.92737000e-01 -1.04758000e-06 -7.60986000e-03 7.93043000e-01 -2.00457000e-03 -7.71633000e-03 7.93254000e-01 -2.52264000e-03 -7.21203000e-03 7.93270000e-01 -3.85747000e-03 -7.96119000e-03 7.93625000e-01 -4.92336000e-03 -7.68199000e-03 7.93362000e-01 -5.37534000e-03 -8.28978000e-03 7.93750000e-01 -7.06361000e-03 -8.32177000e-03 7.93265000e-01 -6.34635000e-03 -8.61101000e-03 7.93599000e-01 -8.76973000e-03 -8.95105000e-03 7.93037000e-01 -6.93614000e-03 -8.84634000e-03 7.93226000e-01 -9.87159000e-03 -9.40104000e-03 7.92735000e-01 -7.23595000e-03 -8.94843000e-03 7.92734000e-01 -1.02556000e-02 -9.56504000e-03 7.92737000e-01 -1.00846000e-06 -7.97511000e-03 7.92916000e-01 -1.69180000e-03 -8.00365000e-03 7.93067000e-01 -3.24320000e-03 -8.12435000e-03 7.93161000e-01 -4.40624000e-03 -8.26874000e-03 7.93065000e-01 -4.62062000e-03 -8.40061000e-03 7.92913000e-01 -4.75098000e-03 -8.50916000e-03 7.92736000e-01 -4.69156000e-03 -8.52818000e-03 7.92943000e-01 -3.06105000e-03 -8.24565000e-03 7.92835000e-01 -2.88199000e-03 -8.31398000e-03 7.92737000e-01 -2.30837000e-03 -8.28883000e-03 7.92834000e-01 -1.54740000e-03 -8.16010000e-03 7.92779000e-01 -1.46814000e-03 -8.22521000e-03 7.92738000e-01 -2.96022000e-07 -8.21454000e-03 7.92738000e-01 -1.28562000e-07 -8.16706000e-03 7.92739000e-01 0.00000000e+00 0.00000000e+00 7.92740000e-01 0.00000000e+00 0.00000000e+00 7.93088000e-01 0.00000000e+00 0.00000000e+00 7.93329000e-01 0.00000000e+00 0.00000000e+00 7.93352000e-01 0.00000000e+00 0.00000000e+00 7.93774000e-01 0.00000000e+00 0.00000000e+00 7.93465000e-01 0.00000000e+00 0.00000000e+00 7.93955000e-01 0.00000000e+00 0.00000000e+00 7.93356000e-01 0.00000000e+00 0.00000000e+00 7.93806000e-01 0.00000000e+00 0.00000000e+00 7.93090000e-01 0.00000000e+00 0.00000000e+00 7.93359000e-01 0.00000000e+00 0.00000000e+00 7.92738000e-01 0.00000000e+00 0.00000000e+00 7.92738000e-01 0.00000000e+00 0.00000000e+00 7.92739000e-01 0.00000000e+00 0.00000000e+00 7.92943000e-01 0.00000000e+00 0.00000000e+00 7.93118000e-01 0.00000000e+00 0.00000000e+00 7.93229000e-01 0.00000000e+00 0.00000000e+00 7.93118000e-01 0.00000000e+00 0.00000000e+00 7.92942000e-01 0.00000000e+00 0.00000000e+00 7.92738000e-01 0.00000000e+00 0.00000000e+00 7.92976000e-01 0.00000000e+00 0.00000000e+00 7.92852000e-01 0.00000000e+00 0.00000000e+00 7.92739000e-01 0.00000000e+00 0.00000000e+00 7.92850000e-01 0.00000000e+00 0.00000000e+00 7.92788000e-01 0.00000000e+00 0.00000000e+00 7.92739000e-01 0.00000000e+00 0.00000000e+00 7.92739000e-01 0.00000000e+00 0.00000000e+00 7.92727000e-01 2.29743000e-02 -8.61119000e-02 7.92724000e-01 1.69962000e-02 -8.43468000e-02 7.92999000e-01 1.61337000e-02 -8.38607000e-02 7.92442000e-01 2.17313000e-02 -8.35969000e-02 7.92744000e-01 2.08193000e-02 -5.48343000e-02 7.92737000e-01 1.52550000e-02 -5.43579000e-02 7.92718000e-01 1.47582000e-02 -5.42656000e-02 7.92544000e-01 2.02456000e-02 -5.42780000e-02 7.92906000e-01 1.46112000e-02 -8.31471000e-02 7.92574000e-01 1.91732000e-02 -8.30203000e-02 7.92628000e-01 1.35427000e-02 -5.40607000e-02 7.92466000e-01 1.81625000e-02 -5.41052000e-02 7.92900000e-01 1.22938000e-02 -8.28490000e-02 7.92772000e-01 1.55349000e-02 -8.26871000e-02 7.92605000e-01 1.14834000e-02 -5.39490000e-02 7.92481000e-01 1.47626000e-02 -5.39145000e-02 7.92942000e-01 8.82879000e-03 -8.26759000e-02 7.92888000e-01 1.09176000e-02 -8.25459000e-02 7.92642000e-01 8.27581000e-03 -5.38580000e-02 7.92546000e-01 1.03838000e-02 -5.37713000e-02 7.92967000e-01 4.58047000e-03 -8.25703000e-02 7.92958000e-01 5.60093000e-03 -8.24807000e-02 7.92706000e-01 4.30146000e-03 -5.37998000e-02 7.92655000e-01 5.33786000e-03 -5.36808000e-02 7.92722000e-01 1.11146000e-02 -8.34955000e-02 7.92863000e-01 1.11807000e-02 -8.34307000e-02 7.92733000e-01 1.01619000e-02 -5.41445000e-02 7.92713000e-01 1.02947000e-02 -5.41311000e-02 7.92959000e-01 1.07767000e-02 -8.31703000e-02 7.92698000e-01 9.99208000e-03 -5.40550000e-02 7.92949000e-01 1.01863000e-02 -8.29319000e-02 7.92670000e-01 9.49346000e-03 -5.39713000e-02 7.92958000e-01 7.52461000e-03 -8.28272000e-02 7.92697000e-01 7.01474000e-03 -5.39326000e-02 7.92947000e-01 3.94391000e-03 -8.27036000e-02 7.92733000e-01 3.65764000e-03 -5.38917000e-02 7.92916000e-01 7.20386000e-03 -8.29900000e-02 7.92719000e-01 6.65708000e-03 -5.39985000e-02 7.92886000e-01 3.68356000e-03 -8.28266000e-02 7.92741000e-01 3.36505000e-03 -5.39550000e-02 7.92833000e-01 6.85212000e-03 -8.30915000e-02 7.92730000e-01 6.29136000e-03 -5.40380000e-02 7.92811000e-01 3.52792000e-03 -8.28880000e-02 7.92738000e-01 3.20000000e-03 -5.39855000e-02 7.92719000e-01 5.53419000e-03 -8.30340000e-02 7.92730000e-01 5.04973000e-03 -5.40251000e-02 7.92742000e-01 1.70142000e-02 -2.80507000e-02 7.92741000e-01 1.27762000e-02 -2.79098000e-02 7.92547000e-01 1.22126000e-02 -2.78770000e-02 7.92449000e-01 1.63714000e-02 -2.80940000e-02 7.92411000e-01 1.11690000e-02 -2.77772000e-02 7.92210000e-01 1.47090000e-02 -2.78986000e-02 7.92353000e-01 9.48259000e-03 -2.76196000e-02 7.92115000e-01 1.20750000e-02 -2.76130000e-02 7.92410000e-01 6.84288000e-03 -2.74605000e-02 7.92197000e-01 8.57779000e-03 -2.73251000e-02 7.92548000e-01 3.56409000e-03 -2.73411000e-02 7.92424000e-01 4.44842000e-03 -2.71155000e-02 7.92738000e-01 8.39184000e-03 -2.77559000e-02 7.92627000e-01 8.46538000e-03 -2.77423000e-02 7.92531000e-01 8.21270000e-03 -2.76856000e-02 7.92474000e-01 7.81629000e-03 -2.76176000e-02 7.92532000e-01 5.77405000e-03 -2.75474000e-02 7.92624000e-01 3.01300000e-03 -2.74882000e-02 7.92608000e-01 5.46969000e-03 -2.76142000e-02 7.92674000e-01 2.76552000e-03 -2.75744000e-02 7.92675000e-01 5.16908000e-03 -2.76549000e-02 7.92709000e-01 2.63192000e-03 -2.76132000e-02 7.92736000e-01 4.15353000e-03 -2.76450000e-02 7.92743000e-01 1.02151000e-02 -9.59839000e-03 7.92742000e-01 7.21719000e-03 -8.95930000e-03 7.92436000e-01 6.93466000e-03 -8.85256000e-03 7.92241000e-01 9.86623000e-03 -9.40718000e-03 7.92208000e-01 6.34042000e-03 -8.61326000e-03 7.91873000e-01 8.76923000e-03 -8.95378000e-03 7.92113000e-01 5.36172000e-03 -8.29037000e-03 7.91725000e-01 7.05928000e-03 -8.32490000e-03 7.92206000e-01 3.84508000e-03 -7.96184000e-03 7.91851000e-01 4.92067000e-03 -7.68487000e-03 7.92433000e-01 1.99501000e-03 -7.71686000e-03 7.92221000e-01 2.52134000e-03 -7.21369000e-03 7.92740000e-01 4.68572000e-03 -8.53127000e-03 7.92561000e-01 4.74940000e-03 -8.51232000e-03 7.92409000e-01 4.61146000e-03 -8.40196000e-03 7.92314000e-01 4.39018000e-03 -8.26892000e-03 7.92409000e-01 3.22809000e-03 -8.12443000e-03 7.92559000e-01 1.68086000e-03 -8.00392000e-03 7.92532000e-01 3.05126000e-03 -8.24639000e-03 7.92641000e-01 1.54108000e-03 -8.16057000e-03 7.92640000e-01 2.87873000e-03 -8.31533000e-03 7.92696000e-01 1.46497000e-03 -8.22573000e-03 7.92739000e-01 2.30652000e-03 -8.28992000e-03 7.92741000e-01 0.00000000e+00 0.00000000e+00 7.92741000e-01 0.00000000e+00 0.00000000e+00 7.92392000e-01 0.00000000e+00 0.00000000e+00 7.92127000e-01 0.00000000e+00 0.00000000e+00 7.92124000e-01 0.00000000e+00 0.00000000e+00 7.91676000e-01 0.00000000e+00 0.00000000e+00 7.92014000e-01 0.00000000e+00 0.00000000e+00 7.91524000e-01 0.00000000e+00 0.00000000e+00 7.92128000e-01 0.00000000e+00 0.00000000e+00 7.91705000e-01 0.00000000e+00 0.00000000e+00 7.92393000e-01 0.00000000e+00 0.00000000e+00 7.92150000e-01 0.00000000e+00 0.00000000e+00 7.92740000e-01 0.00000000e+00 0.00000000e+00 7.92536000e-01 0.00000000e+00 0.00000000e+00 7.92361000e-01 0.00000000e+00 0.00000000e+00 7.92251000e-01 0.00000000e+00 0.00000000e+00 7.92363000e-01 0.00000000e+00 0.00000000e+00 7.92537000e-01 0.00000000e+00 0.00000000e+00 7.92503000e-01 0.00000000e+00 0.00000000e+00 7.92629000e-01 0.00000000e+00 0.00000000e+00 7.92627000e-01 0.00000000e+00 0.00000000e+00 7.92690000e-01 0.00000000e+00 0.00000000e+00 7.92740000e-01 0.00000000e+00 0.00000000e+00 7.92644000e-01 -1.56436000e-02 -8.24367000e-02 7.92655000e-01 -2.09334000e-02 -8.24248000e-02 7.92639000e-01 -1.47173000e-02 -5.39632000e-02 7.92594000e-01 -2.01269000e-02 -5.40606000e-02 7.92588000e-01 -1.42988000e-02 -8.24332000e-02 7.92603000e-01 -1.88006000e-02 -8.24316000e-02 7.92578000e-01 -1.34743000e-02 -5.39208000e-02 7.92502000e-01 -1.80413000e-02 -5.39783000e-02 7.92543000e-01 -1.21283000e-02 -8.24311000e-02 7.92547000e-01 -1.53999000e-02 -8.24383000e-02 7.92548000e-01 -1.14481000e-02 -5.38646000e-02 7.92462000e-01 -1.47239000e-02 -5.38658000e-02 7.92507000e-01 -8.76667000e-03 -8.24335000e-02 7.92496000e-01 -1.09412000e-02 -8.24384000e-02 7.92562000e-01 -8.28604000e-03 -5.38092000e-02 7.92484000e-01 -1.04167000e-02 -5.37521000e-02 7.92479000e-01 -4.59419000e-03 -8.24481000e-02 7.92461000e-01 -5.71649000e-03 -8.24335000e-02 7.92607000e-01 -4.35170000e-03 -5.37695000e-02 7.92561000e-01 -5.41795000e-03 -5.36662000e-02 7.92465000e-01 -2.14249000e-05 -8.24808000e-02 7.92453000e-01 -8.13535000e-05 -8.24343000e-02 7.92676000e-01 -3.90231000e-05 -5.37539000e-02 7.92676000e-01 -5.46855000e-05 -5.36298000e-02 7.92646000e-01 -1.08771000e-02 -8.24583000e-02 7.92668000e-01 -1.03012000e-02 -5.39238000e-02 7.92592000e-01 -1.05393000e-02 -8.24496000e-02 7.92623000e-01 -9.97477000e-03 -5.38987000e-02 7.92557000e-01 -1.00174000e-02 -8.24441000e-02 7.92595000e-01 -9.47905000e-03 -5.38711000e-02 7.92540000e-01 -7.41544000e-03 -8.24620000e-02 7.92612000e-01 -7.02951000e-03 -5.38532000e-02 7.92522000e-01 -3.87366000e-03 -8.25068000e-02 7.92643000e-01 -3.70227000e-03 -5.38445000e-02 7.92506000e-01 2.74472000e-05 -8.25881000e-02 7.92682000e-01 -3.30677000e-05 -5.38568000e-02 7.92645000e-01 -6.65102000e-03 -8.25203000e-02 7.92686000e-01 -6.32765000e-03 -5.39131000e-02 7.92588000e-01 -7.03496000e-03 -8.24919000e-02 7.92650000e-01 -6.68028000e-03 -5.38885000e-02 7.92644000e-01 -3.36997000e-03 -8.25995000e-02 7.92699000e-01 -3.25271000e-03 -5.39194000e-02 7.92583000e-01 -3.55410000e-03 -8.25645000e-02 7.92673000e-01 -3.41450000e-03 -5.38943000e-02 7.92593000e-01 6.12095000e-05 -8.27014000e-02 7.92700000e-01 -3.34256000e-05 -5.39303000e-02 7.92541000e-01 -1.22318000e-02 -2.79093000e-02 7.92413000e-01 -1.64082000e-02 -2.81059000e-02 7.92401000e-01 -1.11857000e-02 -2.77810000e-02 7.92184000e-01 -1.47616000e-02 -2.78907000e-02 7.92346000e-01 -9.49200000e-03 -2.76140000e-02 7.92103000e-01 -1.21148000e-02 -2.75980000e-02 7.92408000e-01 -6.85601000e-03 -2.74517000e-02 7.92192000e-01 -8.61179000e-03 -2.73085000e-02 7.92549000e-01 -3.58657000e-03 -2.73303000e-02 7.92424000e-01 -4.48059000e-03 -2.70984000e-02 7.92736000e-01 -1.89375000e-05 -2.72767000e-02 7.92736000e-01 -2.03863000e-05 -2.70201000e-02 7.92620000e-01 -8.48168000e-03 -2.77632000e-02 7.92527000e-01 -8.21807000e-03 -2.76951000e-02 7.92470000e-01 -7.81883000e-03 -2.76182000e-02 7.92531000e-01 -5.78172000e-03 -2.75459000e-02 7.92625000e-01 -3.03365000e-03 -2.74836000e-02 7.92736000e-01 -1.88474000e-05 -2.74669000e-02 7.92671000e-01 -5.18883000e-03 -2.76654000e-02 7.92605000e-01 -5.48266000e-03 -2.76200000e-02 7.92708000e-01 -2.65730000e-03 -2.76170000e-02 7.92674000e-01 -2.78945000e-03 -2.75751000e-02 7.92735000e-01 -1.90994000e-05 -2.75808000e-02 7.92433000e-01 -6.92702000e-03 -8.84267000e-03 7.92242000e-01 -9.87130000e-03 -9.39907000e-03 7.92205000e-01 -6.33141000e-03 -8.60443000e-03 7.91869000e-01 -8.77032000e-03 -8.94715000e-03 7.92111000e-01 -5.35898000e-03 -8.28176000e-03 7.91719000e-01 -7.06486000e-03 -8.31591000e-03 7.92204000e-01 -3.84474000e-03 -7.95334000e-03 7.91847000e-01 -4.92603000e-03 -7.67429000e-03 7.92432000e-01 -1.99832000e-03 -7.70911000e-03 7.92219000e-01 -2.52561000e-03 -7.20297000e-03 7.92738000e-01 -3.40692000e-06 -7.60280000e-03 7.92738000e-01 -3.17757000e-06 -7.02679000e-03 7.92559000e-01 -4.73885000e-03 -8.50569000e-03 7.92407000e-01 -4.60149000e-03 -8.39442000e-03 7.92313000e-01 -4.38511000e-03 -8.26122000e-03 7.92408000e-01 -3.22574000e-03 -8.11776000e-03 7.92560000e-01 -1.68221000e-03 -7.99831000e-03 7.92739000e-01 -2.15472000e-06 -7.97049000e-03 7.92639000e-01 -2.87215000e-03 -8.31144000e-03 7.92531000e-01 -3.04609000e-03 -8.24097000e-03 7.92696000e-01 -1.46188000e-03 -8.22335000e-03 7.92641000e-01 -1.53976000e-03 -8.15675000e-03 7.92738000e-01 -7.71877000e-07 -8.16477000e-03 7.92385000e-01 0.00000000e+00 0.00000000e+00 7.92116000e-01 0.00000000e+00 0.00000000e+00 7.92120000e-01 0.00000000e+00 0.00000000e+00 7.91670000e-01 0.00000000e+00 0.00000000e+00 7.92012000e-01 0.00000000e+00 0.00000000e+00 7.91521000e-01 0.00000000e+00 0.00000000e+00 7.92127000e-01 0.00000000e+00 0.00000000e+00 7.91702000e-01 0.00000000e+00 0.00000000e+00 7.92391000e-01 0.00000000e+00 0.00000000e+00 7.92148000e-01 0.00000000e+00 0.00000000e+00 7.92739000e-01 0.00000000e+00 0.00000000e+00 7.92738000e-01 0.00000000e+00 0.00000000e+00 7.92533000e-01 0.00000000e+00 0.00000000e+00 7.92359000e-01 0.00000000e+00 0.00000000e+00 7.92249000e-01 0.00000000e+00 0.00000000e+00 7.92361000e-01 0.00000000e+00 0.00000000e+00 7.92536000e-01 0.00000000e+00 0.00000000e+00 7.92739000e-01 0.00000000e+00 0.00000000e+00 7.92625000e-01 0.00000000e+00 0.00000000e+00 7.92501000e-01 0.00000000e+00 0.00000000e+00 7.92689000e-01 0.00000000e+00 0.00000000e+00 7.92628000e-01 0.00000000e+00 0.00000000e+00 7.92739000e-01 0.00000000e+00 0.00000000e+00 7.92473000e-01 4.58129000e-03 -8.25510000e-02 7.92482000e-01 5.58533000e-03 -8.24551000e-02 7.92754000e-01 4.30309000e-03 -5.37827000e-02 7.92805000e-01 5.32541000e-03 -5.36571000e-02 7.92502000e-01 8.82429000e-03 -8.26583000e-02 7.92558000e-01 1.09036000e-02 -8.25226000e-02 7.92822000e-01 8.27881000e-03 -5.38424000e-02 7.92920000e-01 1.03719000e-02 -5.37496000e-02 7.92547000e-01 1.22986000e-02 -8.28344000e-02 7.92678000e-01 1.55217000e-02 -8.26670000e-02 7.92863000e-01 1.14872000e-02 -5.39357000e-02 7.92991000e-01 1.47534000e-02 -5.38961000e-02 7.92543000e-01 1.46014000e-02 -8.31339000e-02 7.92879000e-01 1.91624000e-02 -8.30040000e-02 7.92843000e-01 1.35411000e-02 -5.40503000e-02 7.93011000e-01 1.81555000e-02 -5.40913000e-02 7.92449000e-01 1.61285000e-02 -8.38527000e-02 7.93012000e-01 2.17222000e-02 -8.35766000e-02 7.92755000e-01 1.47566000e-02 -5.42597000e-02 7.92938000e-01 2.02431000e-02 -5.42684000e-02 7.92491000e-01 3.95534000e-03 -8.26902000e-02 7.92725000e-01 3.66566000e-03 -5.38799000e-02 7.92484000e-01 7.53180000e-03 -8.28144000e-02 7.92765000e-01 7.02442000e-03 -5.39215000e-02 7.92496000e-01 1.01993000e-02 -8.29201000e-02 7.92796000e-01 9.50363000e-03 -5.39607000e-02 7.92486000e-01 1.07761000e-02 -8.31613000e-02 7.92767000e-01 9.99610000e-03 -5.40472000e-02 7.92582000e-01 1.11801000e-02 -8.34256000e-02 7.92753000e-01 1.02955000e-02 -5.41266000e-02 7.92552000e-01 3.68487000e-03 -8.28181000e-02 7.92717000e-01 3.36988000e-03 -5.39476000e-02 7.92525000e-01 7.19976000e-03 -8.29808000e-02 7.92742000e-01 6.66100000e-03 -5.39909000e-02 7.92627000e-01 3.52995000e-03 -8.28837000e-02 7.92720000e-01 3.20336000e-03 -5.39817000e-02 7.92608000e-01 6.85190000e-03 -8.30867000e-02 7.92732000e-01 6.29340000e-03 -5.40339000e-02 7.92924000e-01 3.56624000e-03 -2.73299000e-02 7.93049000e-01 4.44031000e-03 -2.70988000e-02 7.93065000e-01 6.84835000e-03 -2.74511000e-02 7.93279000e-01 8.57140000e-03 -2.73099000e-02 7.93123000e-01 9.48618000e-03 -2.76117000e-02 7.93365000e-01 1.20693000e-02 -2.76005000e-02 7.93067000e-01 1.11712000e-02 -2.77713000e-02 7.93273000e-01 1.47058000e-02 -2.78898000e-02 7.92932000e-01 1.22120000e-02 -2.78737000e-02 7.93035000e-01 1.63692000e-02 -2.80901000e-02 7.92848000e-01 3.01853000e-03 -2.74806000e-02 7.92942000e-01 5.78290000e-03 -2.75409000e-02 7.93001000e-01 7.82270000e-03 -2.76116000e-02 7.92944000e-01 8.21758000e-03 -2.76809000e-02 7.92849000e-01 8.46630000e-03 -2.77395000e-02 7.92797000e-01 2.77077000e-03 -2.75696000e-02 7.92866000e-01 5.47626000e-03 -2.76096000e-02 7.92762000e-01 2.63519000e-03 -2.76107000e-02 7.92798000e-01 5.17167000e-03 -2.76523000e-02 7.93045000e-01 1.99705000e-03 -7.71196000e-03 7.93257000e-01 2.51789000e-03 -7.20443000e-03 7.93273000e-01 3.84694000e-03 -7.95864000e-03 7.93629000e-01 4.91641000e-03 -7.67647000e-03 7.93366000e-01 5.36408000e-03 -8.28799000e-03 7.93757000e-01 7.05596000e-03 -8.31784000e-03 7.93272000e-01 6.34059000e-03 -8.61108000e-03 7.93611000e-01 8.76625000e-03 -8.94857000e-03 7.93045000e-01 6.93464000e-03 -8.85085000e-03 7.93244000e-01 9.86535000e-03 -9.40434000e-03 7.92918000e-01 1.68560000e-03 -8.00100000e-03 7.93069000e-01 3.23263000e-03 -8.12276000e-03 7.93165000e-01 4.39501000e-03 -8.26767000e-03 7.93070000e-01 4.61371000e-03 -8.40060000e-03 7.92918000e-01 4.75040000e-03 -8.51108000e-03 7.92836000e-01 1.54397000e-03 -8.15855000e-03 7.92946000e-01 3.05332000e-03 -8.24479000e-03 7.92781000e-01 1.46664000e-03 -8.22456000e-03 7.92838000e-01 2.87942000e-03 -8.31412000e-03 7.93087000e-01 0.00000000e+00 0.00000000e+00 7.93329000e-01 0.00000000e+00 0.00000000e+00 7.93351000e-01 0.00000000e+00 0.00000000e+00 7.93775000e-01 0.00000000e+00 0.00000000e+00 7.93465000e-01 0.00000000e+00 0.00000000e+00 7.93956000e-01 0.00000000e+00 0.00000000e+00 7.93355000e-01 0.00000000e+00 0.00000000e+00 7.93805000e-01 0.00000000e+00 0.00000000e+00 7.93088000e-01 0.00000000e+00 0.00000000e+00 7.93355000e-01 0.00000000e+00 0.00000000e+00 7.92943000e-01 0.00000000e+00 0.00000000e+00 7.93117000e-01 0.00000000e+00 0.00000000e+00 7.93229000e-01 0.00000000e+00 0.00000000e+00 7.93118000e-01 0.00000000e+00 0.00000000e+00 7.92943000e-01 0.00000000e+00 0.00000000e+00 7.92851000e-01 0.00000000e+00 0.00000000e+00 7.92976000e-01 0.00000000e+00 0.00000000e+00 7.92789000e-01 0.00000000e+00 0.00000000e+00 7.92853000e-01 0.00000000e+00 0.00000000e+00
        </DataArray>
        <DataArray type="Float64" Name="PEEQ" format="ascii">
          9.86550000e-02 2.30995000e-02 3.02705000e-02 9.69284000e-02 1.66582000e-01 9.79247000e-02 9.00892000e-02 1.50928000e-01 4.40025000e-02 1.00027000e-01 8.27208000e-02 1.33639000e-01 5.82856000e-02 9.12971000e-02 8.24505000e-02 1.11506000e-01 7.44765000e-02 8.18710000e-02 7.67095000e-02 7.84876000e-02 3.01260000e-01 2.67486000e-01 2.65806000e-01 2.95664000e-01 2.58527000e-01 2.85540000e-01 2.50555000e-01 2.73508000e-01 2.02323000e-01 2.10325000e-01 5.01037000e-02 5.40258000e-02 5.40551000e-02 5.29742000e-02 5.76570000e-02 5.62382000e-02 6.47597000e-02 6.43775000e-02 7.08307000e-02 6.59460000e-02 2.57462000e-01 2.55038000e-01 2.46784000e-01 2.35997000e-01 1.94674000e-01 8.65489000e-02 8.70101000e-02 2.35896000e-02 2.58772000e-02 8.31508000e-02 3.42721000e-02 7.87133000e-02 4.39169000e-02 6.81058000e-02 5.03024000e-02 2.35702000e-01 2.33129000e-01 2.24548000e-01 2.10874000e-01 1.73396000e-01 8.32181000e-02 8.23396000e-02 1.74157000e-02 1.78053000e-02 7.74054000e-02 2.19473000e-02 7.20567000e-02 2.81439000e-02 5.90062000e-02 3.61182000e-02 1.90762000e-01 1.88140000e-01 1.79409000e-01 1.65993000e-01 1.36127000e-01 5.45025000e-02 5.40904000e-02 9.20873000e-03 9.41023000e-03 5.20696000e-02 1.20920000e-02 5.10589000e-02 1.76501000e-02 4.42280000e-02 2.52284000e-02 1.24342000e-01 1.23353000e-01 1.19075000e-01 1.12668000e-01 9.32843000e-02 2.38008000e-02 2.50561000e-02 8.49218000e-03 8.82154000e-03 2.74412000e-02 9.87095000e-03 3.12315000e-02 1.36687000e-02 3.09097000e-02 1.83176000e-02 7.23272000e-02 7.29948000e-02 7.32691000e-02 7.31479000e-02 5.96425000e-02 2.95660000e-01 2.92153000e-01 2.71929000e-01 2.72600000e-01 9.35565000e-02 1.60619000e-01 1.35850000e-01 7.50694000e-02 2.52952000e-01 2.15655000e-01 1.29539000e-01 7.86098000e-02 1.95801000e-01 1.67773000e-01 1.34945000e-01 9.44608000e-02 8.05738000e-02 7.20401000e-02 8.63829000e-02 7.13594000e-02 2.33622000e-01 2.82528000e-01 2.45768000e-01 1.99075000e-01 2.16090000e-01 1.55111000e-01 1.76568000e-01 1.25774000e-01 1.61394000e-01 1.28836000e-01 3.40054000e-01 3.21078000e-01 2.40392000e-01 2.15052000e-01 2.84237000e-01 1.71874000e-01 2.08772000e-01 1.54460000e-01 9.61427000e-02 1.00588000e-01 3.18110000e-01 2.75372000e-01 2.41597000e-01 2.19023000e-01 1.87442000e-01 3.59800000e-01 3.37330000e-01 2.84819000e-01 2.71911000e-01 2.93516000e-01 2.17193000e-01 2.21630000e-01 1.82320000e-01 1.00778000e-01 1.00932000e-01 3.20800000e-01 2.95197000e-01 2.60673000e-01 2.44172000e-01 2.04735000e-01 2.99921000e-01 2.71007000e-01 2.86520000e-01 2.72700000e-01 2.59205000e-01 2.36382000e-01 1.99827000e-01 1.85912000e-01 8.55198000e-02 9.21040000e-02 3.59787000e-01 3.39004000e-01 2.99976000e-01 2.69153000e-01 2.12268000e-01 1.85399000e-01 1.56260000e-01 2.40779000e-01 2.17272000e-01 1.47964000e-01 1.90220000e-01 1.20886000e-01 1.46558000e-01 8.02467000e-02 8.42209000e-02 3.41272000e-01 3.37896000e-01 3.22515000e-01 2.90495000e-01 2.15469000e-01 6.67923000e-02 6.96806000e-02 6.67160000e-02 6.40589000e-02 -1.42127000e-03 -1.16587000e-03 -1.17771000e-03 -1.44879000e-03 5.80891000e-02 5.61298000e-02 -1.22652000e-03 -1.48466000e-03 4.41817000e-02 4.29795000e-02 5.26764000e-04 3.05467000e-04 1.52329000e-02 1.48761000e-02 -1.76463000e-03 -2.17271000e-03 4.71987000e-02 4.81708000e-02 4.60881000e-02 4.52286000e-02 4.06721000e-02 4.01760000e-02 3.03769000e-02 3.04184000e-02 1.06928000e-02 1.08323000e-02 7.72226000e-02 7.36788000e-02 3.28499000e-05 7.12087000e-05 6.32367000e-02 -1.71936000e-05 4.74569000e-02 1.71259000e-03 1.61876000e-02 -3.96698000e-04 5.12431000e-02 4.87720000e-02 4.21196000e-02 3.02590000e-02 1.07312000e-02 8.83093000e-02 8.40281000e-02 3.41483000e-03 3.49642000e-03 7.10267000e-02 3.29756000e-03 5.26353000e-02 4.37619000e-03 1.75311000e-02 1.39908000e-03 5.42106000e-02 5.12332000e-02 4.29162000e-02 3.02289000e-02 1.18299000e-02 1.02447000e-01 9.73447000e-02 9.92774000e-03 9.84942000e-03 8.10689000e-02 8.77172000e-03 5.95263000e-02 7.85378000e-03 1.90483000e-02 3.23366000e-03 5.53146000e-02 5.20990000e-02 4.27559000e-02 3.10840000e-02 1.41391000e-02 1.19235000e-01 1.13364000e-01 1.74023000e-02 1.72653000e-02 9.28236000e-02 1.48819000e-02 6.74761000e-02 1.19056000e-02 2.04512000e-02 5.09819000e-03 5.82376000e-02 5.45808000e-02 4.41514000e-02 3.34508000e-02 1.78189000e-02 1.39083000e-01 1.32559000e-01 2.44986000e-02 2.46103000e-02 1.05880000e-01 2.01031000e-02 7.54873000e-02 1.52956000e-02 2.24650000e-02 7.19777000e-03 6.55613000e-02 6.05933000e-02 4.86255000e-02 3.78163000e-02 2.30660000e-02 1.63138000e-01 1.56417000e-01 2.75926000e-02 3.00763000e-02 1.21001000e-01 2.32949000e-02 8.41749000e-02 1.79489000e-02 2.81788000e-02 1.12888000e-02 8.35857000e-02 7.40132000e-02 5.87116000e-02 4.57629000e-02 3.26801000e-02 1.95858000e-01 1.88960000e-01 2.09611000e-02 3.14520000e-02 1.42046000e-01 2.42123000e-02 9.90416000e-02 2.28241000e-02 3.94335000e-02 2.17050000e-02 1.21438000e-01 9.74894000e-02 7.30104000e-02 5.71798000e-02 5.02379000e-02 2.41504000e-01 2.37163000e-01 3.56648000e-02 3.23641000e-02 1.77269000e-01 3.14914000e-02 1.31140000e-01 4.13415000e-02 5.58119000e-02 4.17113000e-02 1.76430000e-01 1.41029000e-01 9.62449000e-02 7.14027000e-02 7.77185000e-02 6.31684000e-03 4.80480000e-03 4.97485000e-03 6.82094000e-03 2.94944000e-03 -1.63700000e-03 -1.71730000e-03 3.18134000e-03 5.50667000e-03 8.25256000e-03 -1.95249000e-03 4.01599000e-03 6.21207000e-03 9.80857000e-03 -1.88197000e-03 5.08120000e-03 4.58772000e-03 6.90494000e-03 7.31285000e-04 4.89525000e-03 1.05241000e-02 6.21792000e-03 6.53872000e-03 1.07942000e-02 7.52801000e-03 1.16545000e-02 9.45286000e-03 1.32164000e-02 1.45683000e-02 1.61154000e-02 1.38810000e-02 1.37079000e-02 3.06217000e-03 2.13371000e-03 1.34927000e-02 7.04119000e-04 1.27571000e-02 -2.16090000e-05 8.36730000e-03 1.65928000e-03 3.14702000e-04 1.62668000e-03 4.88454000e-03 8.53869000e-03 1.50587000e-02 2.27252000e-02 2.20379000e-02 9.05403000e-03 7.72641000e-03 2.10385000e-02 4.90519000e-03 2.10321000e-02 4.36045000e-03 1.50389000e-02 5.21627000e-03 -2.52845000e-03 -1.01337000e-03 4.19400000e-03 9.38642000e-03 1.56364000e-02 3.14945000e-02 3.14910000e-02 1.15806000e-02 1.07052000e-02 3.16319000e-02 8.35325000e-03 3.29244000e-02 8.51458000e-03 2.48998000e-02 9.24478000e-03 -2.36205000e-03 -6.43776000e-04 5.25828000e-03 1.19928000e-02 1.79235000e-02 4.47381000e-02 4.57215000e-02 1.15875000e-02 1.11857000e-02 4.72340000e-02 1.00249000e-02 4.91574000e-02 1.15926000e-02 3.84931000e-02 1.34805000e-02 4.05653000e-03 6.34942000e-03 1.20697000e-02 1.86026000e-02 2.25020000e-02 2.31336000e-02 2.66940000e-02 2.60102000e-02 2.27858000e-02 5.94101000e-03 5.49006000e-03 5.87097000e-03 6.14004000e-03 2.40464000e-02 2.15932000e-02 6.61717000e-03 6.51468000e-03 2.06507000e-02 1.92745000e-02 7.40378000e-03 6.96504000e-03 1.26773000e-02 1.41785000e-02 7.95918000e-03 7.36185000e-03 1.70639000e-02 1.82305000e-02 1.81601000e-02 1.69525000e-02 1.78217000e-02 1.66605000e-02 1.72417000e-02 1.62669000e-02 1.71562000e-02 1.62767000e-02 2.64673000e-02 2.56757000e-02 5.34787000e-03 5.92011000e-03 2.35468000e-02 7.08704000e-03 2.01849000e-02 8.10961000e-03 1.15712000e-02 8.38490000e-03 1.78486000e-02 1.79560000e-02 1.79587000e-02 1.75226000e-02 1.73074000e-02 2.37514000e-02 2.30438000e-02 5.10711000e-03 5.76627000e-03 2.11832000e-02 7.31586000e-03 1.85224000e-02 8.48112000e-03 1.05088000e-02 8.18750000e-03 1.66831000e-02 1.69735000e-02 1.74810000e-02 1.73434000e-02 1.69483000e-02 1.89790000e-02 1.85346000e-02 4.75603000e-03 5.33847000e-03 1.74143000e-02 7.00135000e-03 1.60348000e-02 8.35522000e-03 9.31397000e-03 7.48423000e-03 1.48749000e-02 1.52311000e-02 1.60959000e-02 1.64574000e-02 1.60947000e-02 1.32013000e-02 1.31498000e-02 4.19481000e-03 4.60952000e-03 1.31769000e-02 5.92744000e-03 1.33717000e-02 7.33262000e-03 8.14095000e-03 6.34701000e-03 1.27666000e-02 1.31043000e-02 1.39538000e-02 1.47652000e-02 1.52615000e-02 0.00000000e+00 0.00000000e+00 0.00000000e+00 0.00000000e+00 0.00000000e+00 0.00000000e+00 0.00000000e+00 0.00000000e+00 0.00000000e+00 0.00000000e+00 0.00000000e+00 0.00000000e+00 0.00000000e+00 0.00000000e+00 0.00000000e+00 0.00000000e+00 0.00000000e+00 0.00000000e+00 0.00000000e+00 0.00000000e+00 0.00000000e+00 0.00000000e+00 0.00000000e+00 0.00000000e+00 0.00000000e+00 0.00000000e+00 0.00000000e+00 0.00000000e+00 0.00000000e+00 0.00000000e+00 0.00000000e+00 0.00000000e+00 0.00000000e+00 0.00000000e+00 0.00000000e+00 0.00000000e+00 0.00000000e+00 6.34226000e-08 0.00000000e+00 1.13623000e-06 0.00000000e+00 0.00000000e+00 0.00000000e+00 -4.73531000e-07 -8.48234000e-06 -9.67278000e-06 -6.88773000e-06 -5.94159000e-06 -6.81155000e-06 -1.07745000e-06 -9.07077000e-06 0.00000000e+00 -1.19838000e-05 0.00000000e+00 -1.95273000e-05 5.40043000e-05 5.77127000e-05 6.87653000e-05 8.94296000e-05 1.49190000e-04 3.14116000e-04 2.96524000e-04 -1.95304000e-04 -1.99776000e-04 2.54085000e-04 -1.97732000e-04 2.23545000e-04 -2.03091000e-04 1.21123000e-04 -2.03335000e-04 8.79787000e-04 8.86916000e-04 9.08636000e-04 9.61799000e-04 1.04275000e-03 2.10124000e-03 2.07911000e-03 8.59393000e-04 8.39833000e-04 2.00943000e-03 8.36836000e-04 1.80588000e-03 7.63405000e-04 1.28012000e-03 5.01086000e-04 1.90192000e-03 1.90311000e-03 1.90510000e-03 1.92377000e-03 1.96076000e-03 4.08291000e-03 4.04849000e-03 2.12461000e-03 2.09147000e-03 3.94457000e-03 2.05711000e-03 3.66416000e-03 1.95721000e-03 2.89594000e-03 1.59966000e-03 3.35956000e-03 3.35147000e-03 3.32380000e-03 3.28751000e-03 3.31773000e-03 6.51429000e-03 6.45809000e-03 3.45393000e-03 3.41411000e-03 6.28659000e-03 3.34594000e-03 5.88231000e-03 3.25297000e-03 4.72871000e-03 2.86293000e-03 5.33872000e-03 5.32340000e-03 5.27417000e-03 5.18192000e-03 5.26395000e-03 9.51921000e-03 9.42633000e-03 4.73279000e-03 4.68775000e-03 9.12644000e-03 4.59104000e-03 8.53473000e-03 4.58844000e-03 6.99080000e-03 4.33238000e-03 8.24261000e-03 8.19813000e-03 8.10411000e-03 7.94440000e-03 8.11484000e-03 1.46972000e-02 1.45300000e-02 5.70487000e-03 5.70102000e-03 1.39421000e-02 5.66667000e-03 1.28306000e-02 5.82393000e-03 1.02129000e-02 5.89187000e-03 1.24995000e-02 1.23903000e-02 1.21621000e-02 1.18918000e-02 1.21106000e-02 7.08280000e-02 6.38228000e-02 4.88068000e-02 4.17227000e-02 3.16970000e-02 2.80092000e-02 6.84199000e-03 2.03432000e-03 1.18295000e-02 1.29570000e-02 9.49109000e-05 -3.07329000e-04 3.28522000e-03 4.19631000e-03 -1.23980000e-03 -1.77308000e-03 -7.47023000e-05 4.37044000e-05 -1.14307000e-05 -1.86436000e-04 0.00000000e+00 0.00000000e+00 -2.20349000e-07 1.31366000e-06 0.00000000e+00 0.00000000e+00 0.00000000e+00 0.00000000e+00 0.00000000e+00 0.00000000e+00 0.00000000e+00 0.00000000e+00 0.00000000e+00 0.00000000e+00 0.00000000e+00 0.00000000e+00 0.00000000e+00 0.00000000e+00 0.00000000e+00 0.00000000e+00 0.00000000e+00 0.00000000e+00 0.00000000e+00 0.00000000e+00 0.00000000e+00 0.00000000e+00 0.00000000e+00 0.00000000e+00 0.00000000e+00 0.00000000e+00 0.00000000e+00 0.00000000e+00 0.00000000e+00 0.00000000e+00 0.00000000e+00 0.00000000e+00 0.00000000e+00 0.00000000e+00 0.00000000e+00 0.00000000e+00 0.00000000e+00 0.00000000e+00 0.00000000e+00 0.00000000e+00 0.00000000e+00 0.00000000e+00 0.00000000e+00 0.00000000e+00 0.00000000e+00 0.00000000e+00 0.00000000e+00 0.00000000e+00 0.00000000e+00 0.00000000e+00 0.00000000e+00 0.00000000e+00 0.00000000e+00 0.00000000e+00 0.00000000e+00 0.00000000e+00 9.87172000e-02 9.78910000e-02 2.74683000e-02 3.33061000e-02 1.21136000e-02 1.91742000e-02 3.45668000e-03 6.45204000e-03 1.59924000e-04 1.34770000e-03 1.64428000e-06 -9.82397000e-06 0.00000000e+00 0.00000000e+00 0.00000000e+00 0.00000000e+00 0.00000000e+00 0.00000000e+00 0.00000000e+00 0.00000000e+00 0.00000000e+00 0.00000000e+00 0.00000000e+00 0.00000000e+00 0.00000000e+00 0.00000000e+00 0.00000000e+00 0.00000000e+00 0.00000000e+00 0.00000000e+00 0.00000000e+00 0.00000000e+00 0.00000000e+00 0.00000000e+00 0.00000000e+00 0.00000000e+00 0.00000000e+00 0.00000000e+00 0.00000000e+00 0.00000000e+00 6.88019000e-02 4.65176000e-02 3.26135000e-02 1.03742000e-02 9.88472000e-03 3.48316000e-04 2.36147000e-03 -7.75879000e-04 -1.19597000e-04 3.12696000e-05 0.00000000e+00 0.00000000e+00 0.00000000e+00 0.00000000e+00 0.00000000e+00 0.00000000e+00 0.00000000e+00 0.00000000e+00 0.00000000e+00 0.00000000e+00 0.00000000e+00 0.00000000e+00 0.00000000e+00 0.00000000e+00 0.00000000e+00 0.00000000e+00 0.00000000e+00 0.00000000e+00 0.00000000e+00 0.00000000e+00 0.00000000e+00 0.00000000e+00 0.00000000e+00 0.00000000e+00 0.00000000e+00 0.00000000e+00 0.00000000e+00 0.00000000e+00 0.00000000e+00 0.00000000e+00 9.50390000e-02 2.25332000e-02 6.83141000e-03 1.66975000e-03 -1.13858000e-04 0.00000000e+00 0.00000000e+00 0.00000000e+00 0.00000000e+00 0.00000000e+00 0.00000000e+00 0.00000000e+00 0.00000000e+00 0.00000000e+00 0.00000000e+00 0.00000000e+00 0.00000000e+00 0.00000000e+00 0.00000000e+00 0.00000000e+00 6.00393000e-02 3.75419000e-02 3.20286000e-02 1.21469000e-02 9.14760000e-03 1.24840000e-03 1.99965000e-03 -5.59619000e-04 -4.08347000e-05 1.38424000e-05 0.00000000e+00 0.00000000e+00 0.00000000e+00 0.00000000e+00 0.00000000e+00 0.00000000e+00 0.00000000e+00 0.00000000e+00 0.00000000e+00 0.00000000e+00 0.00000000e+00 0.00000000e+00 0.00000000e+00 0.00000000e+00 0.00000000e+00 0.00000000e+00 0.00000000e+00 0.00000000e+00 0.00000000e+00 0.00000000e+00 0.00000000e+00 0.00000000e+00 0.00000000e+00 0.00000000e+00 0.00000000e+00 0.00000000e+00 0.00000000e+00 0.00000000e+00 0.00000000e+00 0.00000000e+00 7.96618000e-02 1.55652000e-02 3.28612000e-03 6.95622000e-04 -6.25200000e-05 0.00000000e+00 0.00000000e+00 0.00000000e+00 0.00000000e+00 0.00000000e+00 0.00000000e+00 0.00000000e+00 0.00000000e+00 0.00000000e+00 0.00000000e+00 0.00000000e+00 0.00000000e+00 0.00000000e+00 0.00000000e+00 0.00000000e+00 4.92595000e-02 2.73773000e-02 3.08218000e-02 1.23089000e-02 9.43669000e-03 2.38600000e-03 2.03916000e-03 -3.94545000e-04 8.12290000e-05 -1.05034000e-05 0.00000000e+00 0.00000000e+00 0.00000000e+00 0.00000000e+00 0.00000000e+00 0.00000000e+00 0.00000000e+00 0.00000000e+00 0.00000000e+00 0.00000000e+00 0.00000000e+00 0.00000000e+00 0.00000000e+00 0.00000000e+00 0.00000000e+00 0.00000000e+00 0.00000000e+00 0.00000000e+00 0.00000000e+00 0.00000000e+00 0.00000000e+00 0.00000000e+00 0.00000000e+00 0.00000000e+00 0.00000000e+00 0.00000000e+00 0.00000000e+00 0.00000000e+00 0.00000000e+00 0.00000000e+00 5.61094000e-02 7.71757000e-03 8.70472000e-04 9.12985000e-05 -2.86215000e-06 0.00000000e+00 0.00000000e+00 0.00000000e+00 0.00000000e+00 0.00000000e+00 0.00000000e+00 0.00000000e+00 0.00000000e+00 0.00000000e+00 0.00000000e+00 0.00000000e+00 0.00000000e+00 0.00000000e+00 0.00000000e+00 0.00000000e+00 4.00082000e-02 1.91378000e-02 2.94347000e-02 1.19419000e-02 1.00112000e-02 3.44766000e-03 2.31439000e-03 -1.37811000e-04 2.03368000e-04 -4.58747000e-05 0.00000000e+00 0.00000000e+00 0.00000000e+00 0.00000000e+00 0.00000000e+00 0.00000000e+00 0.00000000e+00 0.00000000e+00 0.00000000e+00 0.00000000e+00 0.00000000e+00 0.00000000e+00 0.00000000e+00 0.00000000e+00 0.00000000e+00 0.00000000e+00 0.00000000e+00 0.00000000e+00 0.00000000e+00 0.00000000e+00 0.00000000e+00 0.00000000e+00 0.00000000e+00 0.00000000e+00 0.00000000e+00 0.00000000e+00 0.00000000e+00 0.00000000e+00 0.00000000e+00 0.00000000e+00 3.29897000e-02 1.91113000e-03 -1.68488000e-04 -1.08592000e-04 0.00000000e+00 0.00000000e+00 0.00000000e+00 0.00000000e+00 0.00000000e+00 0.00000000e+00 0.00000000e+00 0.00000000e+00 0.00000000e+00 0.00000000e+00 0.00000000e+00 0.00000000e+00 0.00000000e+00 0.00000000e+00 0.00000000e+00 0.00000000e+00 3.40666000e-02 1.40328000e-02 2.80294000e-02 1.16104000e-02 1.04850000e-02 4.27189000e-03 2.76547000e-03 2.21507000e-04 4.07098000e-04 -1.13498000e-04 -2.36884000e-05 3.17329000e-06 0.00000000e+00 0.00000000e+00 0.00000000e+00 0.00000000e+00 0.00000000e+00 0.00000000e+00 0.00000000e+00 0.00000000e+00 0.00000000e+00 0.00000000e+00 0.00000000e+00 0.00000000e+00 0.00000000e+00 0.00000000e+00 0.00000000e+00 0.00000000e+00 0.00000000e+00 0.00000000e+00 0.00000000e+00 0.00000000e+00 0.00000000e+00 0.00000000e+00 0.00000000e+00 0.00000000e+00 0.00000000e+00 0.00000000e+00 0.00000000e+00 0.00000000e+00 1.74134000e-02 -8.09241000e-04 -3.90029000e-05 -1.46511000e-04 0.00000000e+00 0.00000000e+00 0.00000000e+00 0.00000000e+00 0.00000000e+00 0.00000000e+00 0.00000000e+00 0.00000000e+00 0.00000000e+00 0.00000000e+00 0.00000000e+00 0.00000000e+00 0.00000000e+00 0.00000000e+00 0.00000000e+00 0.00000000e+00 1.90990000e-02 2.19350000e-02 1.26718000e-02 1.65794000e-02 1.92136000e-02 1.87968000e-02 -2.11469000e-03 -2.30230000e-03 1.56123000e-02 1.65122000e-02 -2.85655000e-04 -5.14111000e-04 6.76385000e-03 8.65000000e-03 -2.25969000e-03 -2.07481000e-03 9.98473000e-04 1.78750000e-03 -6.79404000e-04 -8.06209000e-04 0.00000000e+00 -6.03673000e-05 -2.11941000e-04 -1.65152000e-04 0.00000000e+00 0.00000000e+00 -1.09966000e-04 -6.89527000e-05 0.00000000e+00 0.00000000e+00 -4.10870000e-05 -2.32952000e-05 0.00000000e+00 0.00000000e+00 -2.50626000e-06 -2.66177000e-06 0.00000000e+00 0.00000000e+00 0.00000000e+00 0.00000000e+00 0.00000000e+00 0.00000000e+00 0.00000000e+00 0.00000000e+00 0.00000000e+00 0.00000000e+00 0.00000000e+00 0.00000000e+00 0.00000000e+00 0.00000000e+00 0.00000000e+00 0.00000000e+00 0.00000000e+00 0.00000000e+00 0.00000000e+00 0.00000000e+00 0.00000000e+00 0.00000000e+00 0.00000000e+00 0.00000000e+00 0.00000000e+00 0.00000000e+00 0.00000000e+00 0.00000000e+00 0.00000000e+00 0.00000000e+00 0.00000000e+00 0.00000000e+00 0.00000000e+00 0.00000000e+00 0.00000000e+00 0.00000000e+00 0.00000000e+00 0.00000000e+00 0.00000000e+00 0.00000000e+00 0.00000000e+00 0.00000000e+00 0.00000000e+00 0.00000000e+00 5.17556000e-02 5.32604000e-02 2.73990000e-02 2.34354000e-02 2.05849000e-02 1.78575000e-02 1.10619000e-02 1.04302000e-02 3.99942000e-03 3.94944000e-03 1.58183000e-03 1.29297000e-03 8.20750000e-04 5.14637000e-04 3.06661000e-04 1.73871000e-04 1.87055000e-05 1.98676000e-05 0.00000000e+00 0.00000000e+00 0.00000000e+00 0.00000000e+00 0.00000000e+00 0.00000000e+00 0.00000000e+00 0.00000000e+00 0.00000000e+00 0.00000000e+00 0.00000000e+00 0.00000000e+00 0.00000000e+00 0.00000000e+00 0.00000000e+00 0.00000000e+00 0.00000000e+00 0.00000000e+00 0.00000000e+00 0.00000000e+00 0.00000000e+00 0.00000000e+00 2.05493000e-02 1.31142000e-02 2.01031000e-02 -1.40994000e-03 1.47102000e-02 -3.89985000e-04 5.88788000e-03 -2.18793000e-03 7.46410000e-04 -6.02667000e-04 0.00000000e+00 -1.73863000e-04 0.00000000e+00 -1.10034000e-04 0.00000000e+00 -4.68711000e-05 0.00000000e+00 -3.16123000e-06 0.00000000e+00 0.00000000e+00 0.00000000e+00 0.00000000e+00 0.00000000e+00 0.00000000e+00 0.00000000e+00 0.00000000e+00 0.00000000e+00 0.00000000e+00 0.00000000e+00 0.00000000e+00 0.00000000e+00 0.00000000e+00 0.00000000e+00 0.00000000e+00 0.00000000e+00 0.00000000e+00 0.00000000e+00 0.00000000e+00 0.00000000e+00 0.00000000e+00 5.36155000e-02 2.94978000e-02 2.17168000e-02 1.06667000e-02 3.72785000e-03 1.29762000e-03 8.21256000e-04 3.49832000e-04 2.35927000e-05 0.00000000e+00 0.00000000e+00 0.00000000e+00 0.00000000e+00 0.00000000e+00 0.00000000e+00 0.00000000e+00 0.00000000e+00 0.00000000e+00 0.00000000e+00 0.00000000e+00 2.80383000e-02 1.73667000e-02 2.09940000e-02 -4.14208000e-04 1.39067000e-02 -5.48620000e-04 5.38599000e-03 -2.08078000e-03 4.78043000e-04 -5.12933000e-04 0.00000000e+00 -1.21743000e-04 0.00000000e+00 -1.00817000e-04 0.00000000e+00 -3.38757000e-05 0.00000000e+00 -3.38667000e-06 0.00000000e+00 0.00000000e+00 0.00000000e+00 0.00000000e+00 0.00000000e+00 0.00000000e+00 0.00000000e+00 0.00000000e+00 0.00000000e+00 0.00000000e+00 0.00000000e+00 0.00000000e+00 0.00000000e+00 0.00000000e+00 0.00000000e+00 0.00000000e+00 0.00000000e+00 0.00000000e+00 0.00000000e+00 0.00000000e+00 0.00000000e+00 0.00000000e+00 6.13109000e-02 3.14497000e-02 2.27809000e-02 1.00548000e-02 3.35048000e-03 9.08612000e-04 7.52473000e-04 2.52835000e-04 2.52761000e-05 0.00000000e+00 0.00000000e+00 0.00000000e+00 0.00000000e+00 0.00000000e+00 0.00000000e+00 0.00000000e+00 0.00000000e+00 0.00000000e+00 0.00000000e+00 0.00000000e+00 3.96653000e-02 2.54741000e-02 2.24818000e-02 2.84868000e-04 1.31617000e-02 -5.39479000e-04 4.83564000e-03 -1.96450000e-03 2.43740000e-04 -4.20121000e-04 0.00000000e+00 -8.02768000e-05 0.00000000e+00 -7.12065000e-05 0.00000000e+00 -1.46031000e-05 0.00000000e+00 -1.20473000e-06 0.00000000e+00 0.00000000e+00 0.00000000e+00 0.00000000e+00 0.00000000e+00 0.00000000e+00 0.00000000e+00 0.00000000e+00 0.00000000e+00 0.00000000e+00 0.00000000e+00 0.00000000e+00 0.00000000e+00 0.00000000e+00 0.00000000e+00 0.00000000e+00 0.00000000e+00 0.00000000e+00 0.00000000e+00 0.00000000e+00 0.00000000e+00 0.00000000e+00 7.32344000e-02 3.36657000e-02 2.30143000e-02 9.20693000e-03 2.89180000e-03 5.99123000e-04 5.31467000e-04 1.08990000e-04 8.99168000e-06 0.00000000e+00 0.00000000e+00 0.00000000e+00 0.00000000e+00 0.00000000e+00 0.00000000e+00 0.00000000e+00 0.00000000e+00 0.00000000e+00 0.00000000e+00 0.00000000e+00 5.20862000e-02 3.37739000e-02 2.50354000e-02 8.99869000e-04 1.30018000e-02 -4.83266000e-04 4.46941000e-03 -1.87954000e-03 1.18877000e-04 -3.38719000e-04 0.00000000e+00 -3.23861000e-05 0.00000000e+00 -2.16944000e-05 0.00000000e+00 -4.36294000e-06 0.00000000e+00 0.00000000e+00 0.00000000e+00 0.00000000e+00 0.00000000e+00 0.00000000e+00 0.00000000e+00 0.00000000e+00 0.00000000e+00 0.00000000e+00 0.00000000e+00 0.00000000e+00 0.00000000e+00 0.00000000e+00 0.00000000e+00 0.00000000e+00 0.00000000e+00 0.00000000e+00 0.00000000e+00 0.00000000e+00 0.00000000e+00 0.00000000e+00 0.00000000e+00 0.00000000e+00 8.53409000e-02 3.45446000e-02 2.23986000e-02 8.19824000e-03 2.40910000e-03 2.41685000e-04 1.61921000e-04 3.25631000e-05 0.00000000e+00 0.00000000e+00 0.00000000e+00 0.00000000e+00 0.00000000e+00 0.00000000e+00 0.00000000e+00 0.00000000e+00 0.00000000e+00 0.00000000e+00 0.00000000e+00 0.00000000e+00 2.31566000e-03 2.42555000e-03 -8.53395000e-04 -9.89494000e-04 -2.88624000e-05 1.50546000e-05 -1.08503000e-04 -4.02893000e-05 1.37768000e-04 -8.23866000e-05 -3.82970000e-07 1.65783000e-05 1.20350000e-03 8.59923000e-04 -1.95061000e-04 -1.23768000e-04 2.06585000e-03 1.85297000e-03 -6.03295000e-04 -4.53049000e-04 2.95140000e-03 2.92147000e-03 -1.11416000e-03 -1.33205000e-03 2.61768000e-03 2.96220000e-03 6.98891000e-05 1.13404000e-05 5.77251000e-04 7.59019000e-04 -8.75424000e-04 -9.37960000e-04 0.00000000e+00 0.00000000e+00 -2.59353000e-04 -2.96106000e-04 0.00000000e+00 0.00000000e+00 -2.87707000e-05 -4.04928000e-05 0.00000000e+00 0.00000000e+00 0.00000000e+00 0.00000000e+00 0.00000000e+00 0.00000000e+00 0.00000000e+00 0.00000000e+00 0.00000000e+00 0.00000000e+00 0.00000000e+00 0.00000000e+00 0.00000000e+00 0.00000000e+00 0.00000000e+00 0.00000000e+00 0.00000000e+00 0.00000000e+00 0.00000000e+00 0.00000000e+00 0.00000000e+00 0.00000000e+00 0.00000000e+00 0.00000000e+00 0.00000000e+00 0.00000000e+00 0.00000000e+00 0.00000000e+00 0.00000000e+00 0.00000000e+00 0.00000000e+00 0.00000000e+00 0.00000000e+00 0.00000000e+00 0.00000000e+00 0.00000000e+00 0.00000000e+00 0.00000000e+00 0.00000000e+00 0.00000000e+00 3.18510000e-03 3.01575000e-03 6.73492000e-04 2.61911000e-04 -1.34953000e-04 -4.13728000e-05 2.52344000e-04 6.38229000e-05 2.20826000e-03 1.58649000e-03 5.88120000e-03 5.00847000e-03 8.87065000e-03 8.92807000e-03 4.32511000e-03 4.56157000e-03 1.93573000e-03 2.21004000e-03 2.14721000e-04 3.02210000e-04 0.00000000e+00 0.00000000e+00 0.00000000e+00 0.00000000e+00 0.00000000e+00 0.00000000e+00 0.00000000e+00 0.00000000e+00 0.00000000e+00 0.00000000e+00 0.00000000e+00 0.00000000e+00 0.00000000e+00 0.00000000e+00 0.00000000e+00 0.00000000e+00 0.00000000e+00 0.00000000e+00 0.00000000e+00 0.00000000e+00 1.97326000e-03 -4.89525000e-04 -9.28835000e-05 -3.00901000e-04 9.13024000e-04 -2.25876000e-04 2.02098000e-03 -4.41225000e-04 2.60133000e-03 -1.11853000e-03 2.96029000e-03 -4.08350000e-04 1.82517000e-03 6.71131000e-05 1.75669000e-04 -7.03942000e-04 0.00000000e+00 -1.70726000e-04 0.00000000e+00 -4.07623000e-06 0.00000000e+00 0.00000000e+00 0.00000000e+00 0.00000000e+00 0.00000000e+00 0.00000000e+00 0.00000000e+00 0.00000000e+00 0.00000000e+00 0.00000000e+00 0.00000000e+00 0.00000000e+00 0.00000000e+00 0.00000000e+00 0.00000000e+00 0.00000000e+00 0.00000000e+00 0.00000000e+00 0.00000000e+00 0.00000000e+00 3.83667000e-03 1.62711000e-03 7.72805000e-04 1.36091000e-03 3.87400000e-03 7.76241000e-03 8.28510000e-03 3.64091000e-03 1.27423000e-03 3.04108000e-05 0.00000000e+00 0.00000000e+00 0.00000000e+00 0.00000000e+00 0.00000000e+00 0.00000000e+00 0.00000000e+00 0.00000000e+00 0.00000000e+00 0.00000000e+00 1.41479000e-03 1.01423000e-05 8.10105000e-04 -6.15071000e-04 2.51935000e-03 -7.11812000e-04 2.97958000e-03 -9.92146000e-04 3.20545000e-03 -7.83398000e-04 2.80327000e-03 1.31064000e-04 8.98372000e-04 -1.35360000e-04 -4.41642000e-05 -5.02779000e-04 0.00000000e+00 -6.86896000e-05 0.00000000e+00 3.22780000e-06 0.00000000e+00 0.00000000e+00 0.00000000e+00 0.00000000e+00 0.00000000e+00 0.00000000e+00 0.00000000e+00 0.00000000e+00 0.00000000e+00 0.00000000e+00 0.00000000e+00 0.00000000e+00 0.00000000e+00 0.00000000e+00 0.00000000e+00 0.00000000e+00 0.00000000e+00 0.00000000e+00 0.00000000e+00 0.00000000e+00 5.25429000e-03 3.10126000e-03 2.57441000e-03 3.53937000e-03 6.16892000e-03 9.24675000e-03 6.79287000e-03 2.64525000e-03 5.12657000e-04 -2.40963000e-05 0.00000000e+00 0.00000000e+00 0.00000000e+00 0.00000000e+00 0.00000000e+00 0.00000000e+00 0.00000000e+00 0.00000000e+00 0.00000000e+00 0.00000000e+00 1.50449000e-03 4.99586000e-04 2.98730000e-03 -2.76515000e-04 4.01888000e-03 -1.63201000e-04 4.05607000e-03 -7.22238000e-04 3.85209000e-03 -3.64797000e-04 2.51859000e-03 2.15702000e-04 4.95073000e-04 -4.90941000e-04 0.00000000e+00 -2.76652000e-04 0.00000000e+00 -2.68629000e-05 0.00000000e+00 0.00000000e+00 0.00000000e+00 0.00000000e+00 0.00000000e+00 0.00000000e+00 0.00000000e+00 0.00000000e+00 0.00000000e+00 0.00000000e+00 0.00000000e+00 0.00000000e+00 0.00000000e+00 0.00000000e+00 0.00000000e+00 0.00000000e+00 0.00000000e+00 0.00000000e+00 0.00000000e+00 0.00000000e+00 0.00000000e+00 0.00000000e+00 7.59552000e-03 5.58632000e-03 5.16310000e-03 5.82837000e-03 8.43823000e-03 9.16433000e-03 4.82095000e-03 1.67587000e-03 2.00483000e-04 0.00000000e+00 0.00000000e+00 0.00000000e+00 0.00000000e+00 0.00000000e+00 0.00000000e+00 0.00000000e+00 0.00000000e+00 0.00000000e+00 0.00000000e+00 0.00000000e+00 3.93833000e-03 1.46613000e-03 5.24807000e-03 1.76288000e-03 5.77204000e-03 8.98818000e-04 5.37182000e-03 -3.49003000e-04 4.47627000e-03 -1.61483000e-04 2.07284000e-03 -9.17727000e-05 1.15569000e-04 -6.34322000e-04 0.00000000e+00 -1.10205000e-04 0.00000000e+00 2.97546000e-06 0.00000000e+00 0.00000000e+00 0.00000000e+00 0.00000000e+00 0.00000000e+00 0.00000000e+00 0.00000000e+00 0.00000000e+00 0.00000000e+00 0.00000000e+00 0.00000000e+00 0.00000000e+00 0.00000000e+00 0.00000000e+00 0.00000000e+00 0.00000000e+00 0.00000000e+00 0.00000000e+00 0.00000000e+00 0.00000000e+00 0.00000000e+00 0.00000000e+00 1.11594000e-02 9.73321000e-03 8.16764000e-03 8.06656000e-03 9.64918000e-03 7.59847000e-03 3.16157000e-03 8.79357000e-04 -2.22190000e-05 0.00000000e+00 0.00000000e+00 0.00000000e+00 0.00000000e+00 0.00000000e+00 0.00000000e+00 0.00000000e+00 0.00000000e+00 0.00000000e+00 0.00000000e+00 0.00000000e+00 7.52283000e-03 4.55269000e-03 7.50885000e-03 4.43973000e-03 7.64889000e-03 1.21444000e-03 6.79023000e-03 -2.61372000e-04 4.78841000e-03 -2.65540000e-04 1.40105000e-03 -5.32418000e-04 -4.40941000e-05 -3.60287000e-04 0.00000000e+00 -4.50128000e-05 0.00000000e+00 2.56759000e-07 0.00000000e+00 0.00000000e+00 0.00000000e+00 0.00000000e+00 0.00000000e+00 0.00000000e+00 0.00000000e+00 0.00000000e+00 0.00000000e+00 0.00000000e+00 0.00000000e+00 0.00000000e+00 0.00000000e+00 0.00000000e+00 0.00000000e+00 0.00000000e+00 0.00000000e+00 0.00000000e+00 0.00000000e+00 0.00000000e+00 0.00000000e+00 0.00000000e+00 1.69842000e-02 1.51234000e-02 1.05760000e-02 9.76358000e-03 9.48343000e-03 5.45510000e-03 2.02528000e-03 3.35943000e-04 -1.91783000e-06 0.00000000e+00 0.00000000e+00 0.00000000e+00 0.00000000e+00 0.00000000e+00 0.00000000e+00 0.00000000e+00 0.00000000e+00 0.00000000e+00 0.00000000e+00 0.00000000e+00 1.14330000e-02 1.02306000e-02 1.01020000e-02 5.99473000e-03 9.74107000e-03 7.01682000e-04 8.14061000e-03 -4.23807000e-04 4.65754000e-03 -7.50057000e-04 9.06793000e-04 -8.23460000e-04 0.00000000e+00 -1.56121000e-04 0.00000000e+00 -2.03338000e-05 0.00000000e+00 0.00000000e+00 0.00000000e+00 0.00000000e+00 0.00000000e+00 0.00000000e+00 0.00000000e+00 0.00000000e+00 0.00000000e+00 0.00000000e+00 0.00000000e+00 0.00000000e+00 0.00000000e+00 0.00000000e+00 0.00000000e+00 0.00000000e+00 0.00000000e+00 0.00000000e+00 0.00000000e+00 0.00000000e+00 0.00000000e+00 0.00000000e+00 0.00000000e+00 0.00000000e+00 2.59680000e-02 1.98932000e-02 1.20226000e-02 1.06665000e-02 8.03779000e-03 3.67713000e-03 1.20965000e-03 1.51756000e-04 0.00000000e+00 0.00000000e+00 0.00000000e+00 0.00000000e+00 0.00000000e+00 0.00000000e+00 0.00000000e+00 0.00000000e+00 0.00000000e+00 0.00000000e+00 0.00000000e+00 0.00000000e+00 1.60344000e-02 1.70698000e-02 1.31876000e-02 5.11928000e-03 1.20777000e-02 -2.52151000e-04 9.22342000e-03 -9.12449000e-04 4.09215000e-03 -1.30349000e-03 4.56764000e-04 -4.45415000e-04 0.00000000e+00 -8.46167000e-05 0.00000000e+00 -1.30871000e-06 0.00000000e+00 0.00000000e+00 0.00000000e+00 0.00000000e+00 0.00000000e+00 0.00000000e+00 0.00000000e+00 0.00000000e+00 0.00000000e+00 0.00000000e+00 0.00000000e+00 0.00000000e+00 0.00000000e+00 0.00000000e+00 0.00000000e+00 0.00000000e+00 0.00000000e+00 0.00000000e+00 0.00000000e+00 0.00000000e+00 0.00000000e+00 0.00000000e+00 0.00000000e+00 0.00000000e+00 3.78050000e-02 2.22012000e-02 1.29347000e-02 1.04591000e-02 6.12937000e-03 2.39996000e-03 6.31535000e-04 9.76205000e-06 0.00000000e+00 0.00000000e+00 0.00000000e+00 0.00000000e+00 0.00000000e+00 0.00000000e+00 0.00000000e+00 0.00000000e+00 0.00000000e+00 0.00000000e+00 0.00000000e+00 0.00000000e+00 2.04634000e-02 2.02819000e-02 1.64683000e-02 1.96972000e-03 1.48094000e-02 -6.96384000e-04 9.58802000e-03 -1.70581000e-03 3.04170000e-03 -1.17640000e-03 3.76870000e-06 -1.86369000e-04 0.00000000e+00 -3.84924000e-05 0.00000000e+00 6.74956000e-07 0.00000000e+00 0.00000000e+00 0.00000000e+00 0.00000000e+00 0.00000000e+00 0.00000000e+00 0.00000000e+00 0.00000000e+00 0.00000000e+00 0.00000000e+00 0.00000000e+00 0.00000000e+00 0.00000000e+00 0.00000000e+00 0.00000000e+00 0.00000000e+00 0.00000000e+00 0.00000000e+00 0.00000000e+00 0.00000000e+00 0.00000000e+00 0.00000000e+00 0.00000000e+00 0.00000000e+00 4.85571000e-02 2.24178000e-02 1.43846000e-02 9.70005000e-03 4.51464000e-03 1.43675000e-03 2.87284000e-04 -5.03873000e-06 0.00000000e+00 0.00000000e+00 0.00000000e+00 0.00000000e+00 0.00000000e+00 0.00000000e+00 0.00000000e+00 0.00000000e+00 0.00000000e+00 0.00000000e+00 0.00000000e+00 0.00000000e+00 -3.45815000e-05 6.30215000e-04 4.14706000e-03 4.17094000e-03 5.38202000e-05 3.50657000e-03 7.47935000e-03 6.55704000e-03 2.65646000e-03 5.15039000e-03 5.48796000e-03 5.81348000e-03 1.55821000e-03 3.28409000e-03 2.29160000e-03 2.59802000e-03 4.91626000e-04 1.63719000e-03 2.61121000e-04 4.97500000e-04 3.52127000e-05 5.80434000e-04 -1.79414000e-04 -1.98667000e-04 0.00000000e+00 8.38745000e-05 -3.61490000e-05 -5.41996000e-05 0.00000000e+00 0.00000000e+00 1.05752000e-06 2.42757000e-06 0.00000000e+00 0.00000000e+00 0.00000000e+00 0.00000000e+00 0.00000000e+00 0.00000000e+00 0.00000000e+00 0.00000000e+00 0.00000000e+00 0.00000000e+00 0.00000000e+00 0.00000000e+00 0.00000000e+00 0.00000000e+00 0.00000000e+00 0.00000000e+00 0.00000000e+00 0.00000000e+00 0.00000000e+00 0.00000000e+00 0.00000000e+00 0.00000000e+00 0.00000000e+00 0.00000000e+00 0.00000000e+00 0.00000000e+00 0.00000000e+00 0.00000000e+00 0.00000000e+00 0.00000000e+00 0.00000000e+00 0.00000000e+00 0.00000000e+00 0.00000000e+00 0.00000000e+00 0.00000000e+00 0.00000000e+00 -2.56225000e-05 0.00000000e+00 3.43242000e-06 -1.02686000e-04 4.34496000e-04 1.37530000e-05 -6.02967000e-05 1.79490000e-03 4.56390000e-03 -2.82693000e-04 -7.57691000e-04 1.58121000e-02 1.26465000e-02 1.68526000e-02 1.27739000e-02 1.02937000e-02 9.53080000e-03 5.41141000e-03 5.22772000e-03 2.38869000e-03 2.51649000e-03 1.13777000e-03 1.16561000e-03 2.69795000e-04 3.20650000e-04 -7.89476000e-06 -1.81211000e-05 0.00000000e+00 0.00000000e+00 0.00000000e+00 0.00000000e+00 0.00000000e+00 0.00000000e+00 0.00000000e+00 0.00000000e+00 0.00000000e+00 0.00000000e+00 0.00000000e+00 0.00000000e+00 0.00000000e+00 0.00000000e+00 0.00000000e+00 0.00000000e+00 0.00000000e+00 0.00000000e+00 0.00000000e+00 0.00000000e+00 0.00000000e+00 0.00000000e+00 -1.53103000e-05 8.99311000e-05 1.08881000e-03 5.62939000e-03 -6.98931000e-04 8.89280000e-03 1.78609000e-03 5.34553000e-03 9.45435000e-04 2.02023000e-03 1.23231000e-04 8.31165000e-05 0.00000000e+00 -1.28295000e-04 0.00000000e+00 -1.23893000e-05 0.00000000e+00 0.00000000e+00 0.00000000e+00 0.00000000e+00 0.00000000e+00 0.00000000e+00 0.00000000e+00 0.00000000e+00 0.00000000e+00 0.00000000e+00 0.00000000e+00 0.00000000e+00 0.00000000e+00 0.00000000e+00 0.00000000e+00 0.00000000e+00 0.00000000e+00 0.00000000e+00 0.00000000e+00 0.00000000e+00 0.00000000e+00 0.00000000e+00 -5.13309000e-05 6.87610000e-06 2.89431000e-04 -3.82383000e-05 2.04167000e-02 2.04771000e-02 1.05336000e-02 5.07195000e-03 1.94058000e-03 8.34843000e-04 9.24610000e-05 0.00000000e+00 0.00000000e+00 0.00000000e+00 0.00000000e+00 0.00000000e+00 0.00000000e+00 0.00000000e+00 0.00000000e+00 0.00000000e+00 0.00000000e+00 0.00000000e+00 0.00000000e+00 0.00000000e+00 2.27090000e-03 7.16437000e-03 -8.79837000e-04 1.00224000e-02 1.48177000e-03 5.36818000e-03 5.83596000e-04 1.63820000e-03 3.14266000e-05 -6.94993000e-05 0.00000000e+00 -6.48246000e-05 0.00000000e+00 4.24082000e-07 0.00000000e+00 0.00000000e+00 0.00000000e+00 0.00000000e+00 0.00000000e+00 0.00000000e+00 0.00000000e+00 0.00000000e+00 0.00000000e+00 0.00000000e+00 0.00000000e+00 0.00000000e+00 0.00000000e+00 0.00000000e+00 0.00000000e+00 0.00000000e+00 0.00000000e+00 0.00000000e+00 0.00000000e+00 0.00000000e+00 0.00000000e+00 0.00000000e+00 0.00000000e+00 0.00000000e+00 4.09614000e-06 -5.48838000e-07 2.37459000e-02 2.29413000e-02 1.07530000e-02 4.45685000e-03 1.46728000e-03 4.41716000e-04 -3.16960000e-06 0.00000000e+00 0.00000000e+00 0.00000000e+00 0.00000000e+00 0.00000000e+00 0.00000000e+00 0.00000000e+00 0.00000000e+00 0.00000000e+00 0.00000000e+00 0.00000000e+00 0.00000000e+00 0.00000000e+00 5.08511000e-03 8.94949000e-03 -1.57893000e-03 1.08397000e-02 1.10958000e-03 5.22866000e-03 1.56198000e-04 1.12253000e-03 -1.57690000e-05 -1.77176000e-04 0.00000000e+00 -1.97969000e-05 0.00000000e+00 -6.36680000e-08 0.00000000e+00 0.00000000e+00 0.00000000e+00 0.00000000e+00 0.00000000e+00 0.00000000e+00 0.00000000e+00 0.00000000e+00 0.00000000e+00 0.00000000e+00 0.00000000e+00 0.00000000e+00 0.00000000e+00 0.00000000e+00 0.00000000e+00 0.00000000e+00 0.00000000e+00 0.00000000e+00 0.00000000e+00 0.00000000e+00 0.00000000e+00 0.00000000e+00 0.00000000e+00 0.00000000e+00 0.00000000e+00 0.00000000e+00 2.71909000e-02 2.49767000e-02 1.08590000e-02 3.84520000e-03 1.07577000e-03 1.47747000e-04 4.75173000e-07 0.00000000e+00 0.00000000e+00 0.00000000e+00 0.00000000e+00 0.00000000e+00 0.00000000e+00 0.00000000e+00 0.00000000e+00 0.00000000e+00 0.00000000e+00 0.00000000e+00 0.00000000e+00 0.00000000e+00 9.33317000e-03 1.10806000e-02 -1.57815000e-03 1.12584000e-02 5.71685000e-04 4.86663000e-03 -6.89106000e-05 6.36651000e-04 2.52456000e-06 -1.61215000e-04 0.00000000e+00 -7.16033000e-07 0.00000000e+00 0.00000000e+00 0.00000000e+00 0.00000000e+00 0.00000000e+00 0.00000000e+00 0.00000000e+00 0.00000000e+00 0.00000000e+00 0.00000000e+00 0.00000000e+00 0.00000000e+00 0.00000000e+00 0.00000000e+00 0.00000000e+00 0.00000000e+00 0.00000000e+00 0.00000000e+00 0.00000000e+00 0.00000000e+00 0.00000000e+00 0.00000000e+00 0.00000000e+00 0.00000000e+00 0.00000000e+00 0.00000000e+00 0.00000000e+00 0.00000000e+00 3.03882000e-02 2.65524000e-02 1.07652000e-02 3.29662000e-03 7.22466000e-04 5.33469000e-06 0.00000000e+00 0.00000000e+00 0.00000000e+00 0.00000000e+00 0.00000000e+00 0.00000000e+00 0.00000000e+00 0.00000000e+00 0.00000000e+00 0.00000000e+00 0.00000000e+00 0.00000000e+00 0.00000000e+00 0.00000000e+00 1.97641000e-03 2.09380000e-03 6.17607000e-03 5.38175000e-03 2.13474000e-03 6.96798000e-04 5.32552000e-03 4.74232000e-03 3.70658000e-03 2.13619000e-03 3.58144000e-03 3.14748000e-03 2.59770000e-03 1.51306000e-03 1.75459000e-03 1.51408000e-03 1.34887000e-03 7.67422000e-04 4.33158000e-04 4.25895000e-04 4.47432000e-04 3.98059000e-04 -1.86342000e-04 -1.58364000e-04 3.83533000e-06 8.72180000e-05 -1.93388000e-05 -8.28616000e-05 0.00000000e+00 0.00000000e+00 0.00000000e+00 -9.30503000e-06 0.00000000e+00 0.00000000e+00 0.00000000e+00 0.00000000e+00 0.00000000e+00 0.00000000e+00 0.00000000e+00 0.00000000e+00 0.00000000e+00 0.00000000e+00 0.00000000e+00 0.00000000e+00 0.00000000e+00 0.00000000e+00 0.00000000e+00 0.00000000e+00 0.00000000e+00 0.00000000e+00 0.00000000e+00 0.00000000e+00 0.00000000e+00 0.00000000e+00 0.00000000e+00 0.00000000e+00 0.00000000e+00 0.00000000e+00 0.00000000e+00 0.00000000e+00 0.00000000e+00 0.00000000e+00 0.00000000e+00 0.00000000e+00 0.00000000e+00 0.00000000e+00 0.00000000e+00 0.00000000e+00 4.64189000e-05 1.29493000e-05 -6.21978000e-06 -1.73500000e-06 7.59873000e-04 3.38540000e-04 -1.01815000e-04 -4.53608000e-05 3.67021000e-03 1.99807000e-03 -6.78546000e-04 -3.94371000e-04 1.21581000e-02 1.20120000e-02 9.19221000e-03 9.35656000e-03 5.83049000e-03 6.23499000e-03 3.37264000e-03 3.87784000e-03 1.83583000e-03 2.42957000e-03 7.75877000e-04 1.32145000e-03 1.40487000e-04 5.31234000e-04 0.00000000e+00 6.94478000e-05 0.00000000e+00 0.00000000e+00 0.00000000e+00 0.00000000e+00 0.00000000e+00 0.00000000e+00 0.00000000e+00 0.00000000e+00 0.00000000e+00 0.00000000e+00 0.00000000e+00 0.00000000e+00 0.00000000e+00 0.00000000e+00 0.00000000e+00 0.00000000e+00 0.00000000e+00 0.00000000e+00 0.00000000e+00 0.00000000e+00 0.00000000e+00 0.00000000e+00 1.17712000e-05 -1.09150000e-04 1.85741000e-03 6.21847000e-03 3.04494000e-03 5.55725000e-03 4.75778000e-03 3.97047000e-03 3.33227000e-03 1.98048000e-03 1.80380000e-03 5.17433000e-04 7.62185000e-04 -1.95218000e-04 8.77992000e-05 -2.72981000e-05 0.00000000e+00 0.00000000e+00 0.00000000e+00 0.00000000e+00 0.00000000e+00 0.00000000e+00 0.00000000e+00 0.00000000e+00 0.00000000e+00 0.00000000e+00 0.00000000e+00 0.00000000e+00 0.00000000e+00 0.00000000e+00 0.00000000e+00 0.00000000e+00 0.00000000e+00 0.00000000e+00 0.00000000e+00 0.00000000e+00 6.89628000e-05 -9.24073000e-06 9.97542000e-04 -1.33658000e-04 4.28197000e-03 -7.04086000e-04 1.19919000e-02 9.15316000e-03 6.00641000e-03 3.48160000e-03 1.82969000e-03 7.19319000e-04 1.15932000e-04 0.00000000e+00 0.00000000e+00 0.00000000e+00 0.00000000e+00 0.00000000e+00 0.00000000e+00 0.00000000e+00 0.00000000e+00 0.00000000e+00 0.00000000e+00 0.00000000e+00 0.00000000e+00 2.52581000e-06 1.41592000e-03 5.88736000e-03 3.89755000e-03 5.66610000e-03 5.70544000e-03 4.41805000e-03 3.92237000e-03 2.17052000e-03 2.09859000e-03 5.36328000e-04 9.32868000e-04 -2.22717000e-04 1.07662000e-04 -2.89796000e-05 0.00000000e+00 0.00000000e+00 0.00000000e+00 0.00000000e+00 0.00000000e+00 0.00000000e+00 0.00000000e+00 0.00000000e+00 0.00000000e+00 0.00000000e+00 0.00000000e+00 0.00000000e+00 0.00000000e+00 0.00000000e+00 0.00000000e+00 0.00000000e+00 0.00000000e+00 0.00000000e+00 0.00000000e+00 0.00000000e+00 7.93449000e-06 -1.06455000e-06 1.11631000e-03 -1.49572000e-04 4.85070000e-03 -8.00167000e-04 1.16236000e-02 9.20898000e-03 6.51652000e-03 3.72544000e-03 1.89282000e-03 7.43766000e-04 1.08616000e-04 0.00000000e+00 0.00000000e+00 0.00000000e+00 0.00000000e+00 0.00000000e+00 0.00000000e+00 0.00000000e+00 0.00000000e+00 0.00000000e+00 0.00000000e+00 0.00000000e+00 0.00000000e+00 3.36902000e-06 9.86976000e-04 5.30902000e-03 4.50727000e-03 5.79665000e-03 6.32701000e-03 4.92797000e-03 4.22773000e-03 2.31518000e-03 2.16747000e-03 5.17420000e-04 9.09645000e-04 -2.26674000e-04 8.27042000e-05 -2.33797000e-05 0.00000000e+00 0.00000000e+00 0.00000000e+00 0.00000000e+00 0.00000000e+00 0.00000000e+00 0.00000000e+00 0.00000000e+00 0.00000000e+00 0.00000000e+00 0.00000000e+00 0.00000000e+00 0.00000000e+00 0.00000000e+00 0.00000000e+00 0.00000000e+00 0.00000000e+00 0.00000000e+00 0.00000000e+00 0.00000000e+00 -4.94817000e-05 6.62800000e-06 1.05932000e-03 -1.41938000e-04 5.51560000e-03 -9.15148000e-04 1.10215000e-02 9.28968000e-03 6.97271000e-03 3.79485000e-03 1.82509000e-03 6.68002000e-04 9.17786000e-05 0.00000000e+00 0.00000000e+00 0.00000000e+00 0.00000000e+00 0.00000000e+00 0.00000000e+00 0.00000000e+00 0.00000000e+00 0.00000000e+00 0.00000000e+00 0.00000000e+00 0.00000000e+00 -2.62985000e-05 6.21992000e-04 4.63592000e-03 4.69949000e-03 6.04253000e-03 6.31110000e-03 5.38079000e-03 4.07335000e-03 2.33281000e-03 1.99588000e-03 4.04041000e-04 7.10211000e-04 -2.37562000e-04 -1.46634000e-05 -1.10951000e-05 0.00000000e+00 0.00000000e+00 0.00000000e+00 0.00000000e+00 0.00000000e+00 0.00000000e+00 0.00000000e+00 0.00000000e+00 0.00000000e+00 0.00000000e+00 0.00000000e+00 0.00000000e+00 0.00000000e+00 0.00000000e+00 0.00000000e+00 0.00000000e+00 0.00000000e+00 0.00000000e+00 0.00000000e+00 0.00000000e+00 -5.76879000e-05 7.72783000e-06 8.32685000e-04 -1.11227000e-04 5.78913000e-03 -9.81193000e-04 1.07664000e-02 1.00297000e-02 7.70873000e-03 3.99055000e-03 1.84176000e-03 6.80889000e-04 9.74520000e-05 0.00000000e+00 0.00000000e+00 0.00000000e+00 0.00000000e+00 0.00000000e+00 0.00000000e+00 0.00000000e+00 0.00000000e+00 0.00000000e+00 0.00000000e+00 0.00000000e+00 0.00000000e+00 7.74728000e-05 0.00000000e+00 0.00000000e+00 0.00000000e+00 0.00000000e+00 0.00000000e+00 0.00000000e+00 0.00000000e+00 0.00000000e+00 0.00000000e+00 0.00000000e+00 0.00000000e+00 0.00000000e+00 0.00000000e+00 0.00000000e+00 0.00000000e+00 0.00000000e+00 0.00000000e+00 0.00000000e+00 0.00000000e+00 0.00000000e+00 0.00000000e+00 0.00000000e+00 0.00000000e+00 0.00000000e+00 0.00000000e+00 0.00000000e+00 0.00000000e+00 0.00000000e+00 0.00000000e+00 0.00000000e+00 0.00000000e+00 0.00000000e+00 0.00000000e+00 0.00000000e+00 0.00000000e+00 0.00000000e+00 0.00000000e+00 0.00000000e+00 0.00000000e+00 0.00000000e+00 0.00000000e+00 0.00000000e+00 0.00000000e+00 0.00000000e+00 0.00000000e+00 0.00000000e+00 0.00000000e+00 0.00000000e+00 0.00000000e+00 0.00000000e+00 0.00000000e+00 0.00000000e+00 0.00000000e+00 0.00000000e+00 0.00000000e+00 0.00000000e+00 0.00000000e+00 0.00000000e+00 0.00000000e+00 0.00000000e+00 0.00000000e+00 0.00000000e+00 0.00000000e+00 0.00000000e+00 0.00000000e+00 0.00000000e+00 0.00000000e+00 0.00000000e+00 0.00000000e+00 0.00000000e+00 0.00000000e+00 0.00000000e+00 0.00000000e+00 0.00000000e+00 0.00000000e+00 0.00000000e+00 0.00000000e+00 0.00000000e+00 0.00000000e+00 0.00000000e+00 0.00000000e+00 0.00000000e+00 0.00000000e+00 0.00000000e+00 0.00000000e+00 0.00000000e+00 0.00000000e+00 0.00000000e+00 0.00000000e+00 0.00000000e+00 0.00000000e+00 0.00000000e+00 0.00000000e+00 0.00000000e+00 0.00000000e+00 0.00000000e+00 0.00000000e+00 0.00000000e+00 0.00000000e+00 0.00000000e+00 0.00000000e+00 0.00000000e+00 0.00000000e+00 0.00000000e+00 0.00000000e+00 0.00000000e+00 0.00000000e+00 0.00000000e+00 0.00000000e+00 0.00000000e+00 0.00000000e+00 0.00000000e+00 0.00000000e+00 0.00000000e+00 0.00000000e+00 0.00000000e+00 0.00000000e+00 0.00000000e+00 0.00000000e+00 0.00000000e+00 0.00000000e+00 5.38225000e-06 0.00000000e+00 8.66954000e-06 0.00000000e+00 2.95353000e-06 0.00000000e+00 2.55828000e-06 0.00000000e+00 3.12105000e-06 0.00000000e+00 -1.14283000e-07 0.00000000e+00 0.00000000e+00 0.00000000e+00 0.00000000e+00 0.00000000e+00 0.00000000e+00 0.00000000e+00 0.00000000e+00 0.00000000e+00 0.00000000e+00 0.00000000e+00 0.00000000e+00 0.00000000e+00 0.00000000e+00 0.00000000e+00 0.00000000e+00 0.00000000e+00 0.00000000e+00 0.00000000e+00 0.00000000e+00 0.00000000e+00 0.00000000e+00 0.00000000e+00 0.00000000e+00 0.00000000e+00 0.00000000e+00 0.00000000e+00 0.00000000e+00 -4.01780000e-05 -6.47174000e-05 -2.20527000e-05 -1.91007000e-05 -2.32982000e-05 8.52867000e-07 0.00000000e+00 0.00000000e+00 0.00000000e+00 0.00000000e+00 0.00000000e+00 0.00000000e+00 0.00000000e+00 0.00000000e+00 0.00000000e+00 0.00000000e+00 0.00000000e+00 0.00000000e+00 0.00000000e+00 0.00000000e+00 0.00000000e+00 -5.34477000e-05 0.00000000e+00 -8.21138000e-05 0.00000000e+00 -7.37447000e-05 0.00000000e+00 -5.74112000e-05 0.00000000e+00 -3.13429000e-05 0.00000000e+00 -5.38988000e-06 0.00000000e+00 6.68249000e-07 0.00000000e+00 0.00000000e+00 0.00000000e+00 0.00000000e+00 0.00000000e+00 0.00000000e+00 0.00000000e+00 0.00000000e+00 0.00000000e+00 0.00000000e+00 0.00000000e+00 0.00000000e+00 0.00000000e+00 0.00000000e+00 0.00000000e+00 0.00000000e+00 0.00000000e+00 0.00000000e+00 0.00000000e+00 0.00000000e+00 0.00000000e+00 0.00000000e+00 0.00000000e+00 0.00000000e+00 0.00000000e+00 0.00000000e+00 3.90166000e-04 5.71455000e-04 5.52399000e-04 4.28499000e-04 2.33933000e-04 4.02256000e-05 -4.98847000e-06 0.00000000e+00 0.00000000e+00 0.00000000e+00 0.00000000e+00 0.00000000e+00 0.00000000e+00 0.00000000e+00 0.00000000e+00 0.00000000e+00 0.00000000e+00 0.00000000e+00 0.00000000e+00 0.00000000e+00 -4.12359000e-05 -1.10786000e-04 0.00000000e+00 -9.58826000e-05 0.00000000e+00 -1.25893000e-04 0.00000000e+00 -1.56048000e-04 0.00000000e+00 -8.28730000e-05 0.00000000e+00 -3.78703000e-05 0.00000000e+00 -2.89396000e-06 0.00000000e+00 0.00000000e+00 0.00000000e+00 0.00000000e+00 0.00000000e+00 0.00000000e+00 0.00000000e+00 0.00000000e+00 0.00000000e+00 0.00000000e+00 0.00000000e+00 0.00000000e+00 0.00000000e+00 0.00000000e+00 0.00000000e+00 0.00000000e+00 0.00000000e+00 0.00000000e+00 0.00000000e+00 0.00000000e+00 0.00000000e+00 0.00000000e+00 0.00000000e+00 0.00000000e+00 0.00000000e+00 0.00000000e+00 1.37182000e-03 1.51062000e-03 1.33493000e-03 9.70252000e-04 6.22805000e-04 2.82652000e-04 2.15967000e-05 0.00000000e+00 0.00000000e+00 0.00000000e+00 0.00000000e+00 0.00000000e+00 0.00000000e+00 0.00000000e+00 0.00000000e+00 0.00000000e+00 0.00000000e+00 0.00000000e+00 0.00000000e+00 0.00000000e+00 8.08242000e-05 2.28790000e-04 -2.45272000e-05 3.07717000e-04 -9.44303000e-07 1.38056000e-04 -1.58666000e-07 -3.87068000e-05 0.00000000e+00 -1.29077000e-04 0.00000000e+00 -7.39764000e-05 0.00000000e+00 -1.93420000e-05 0.00000000e+00 1.27162000e-06 0.00000000e+00 0.00000000e+00 0.00000000e+00 0.00000000e+00 0.00000000e+00 0.00000000e+00 0.00000000e+00 0.00000000e+00 0.00000000e+00 0.00000000e+00 0.00000000e+00 0.00000000e+00 0.00000000e+00 0.00000000e+00 0.00000000e+00 0.00000000e+00 0.00000000e+00 0.00000000e+00 0.00000000e+00 0.00000000e+00 0.00000000e+00 0.00000000e+00 0.00000000e+00 0.00000000e+00 2.34698000e-03 2.52954000e-03 2.12500000e-03 1.49745000e-03 9.45701000e-04 5.40488000e-04 1.44361000e-04 -9.49213000e-06 0.00000000e+00 0.00000000e+00 0.00000000e+00 0.00000000e+00 0.00000000e+00 0.00000000e+00 0.00000000e+00 0.00000000e+00 0.00000000e+00 0.00000000e+00 0.00000000e+00 0.00000000e+00 3.09735000e-04 8.68723000e-04 -2.28583000e-04 9.91727000e-04 -1.19952000e-04 6.19351000e-04 -9.58094000e-06 1.49589000e-04 0.00000000e+00 -7.14758000e-05 0.00000000e+00 -1.02914000e-04 0.00000000e+00 -3.82042000e-05 0.00000000e+00 -3.33259000e-06 0.00000000e+00 0.00000000e+00 0.00000000e+00 0.00000000e+00 0.00000000e+00 0.00000000e+00 0.00000000e+00 0.00000000e+00 0.00000000e+00 0.00000000e+00 0.00000000e+00 0.00000000e+00 0.00000000e+00 0.00000000e+00 0.00000000e+00 0.00000000e+00 0.00000000e+00 0.00000000e+00 0.00000000e+00 0.00000000e+00 0.00000000e+00 0.00000000e+00 0.00000000e+00 0.00000000e+00 3.60172000e-03 3.73946000e-03 3.01026000e-03 2.05088000e-03 1.26718000e-03 7.43608000e-04 2.85142000e-04 2.48720000e-05 0.00000000e+00 0.00000000e+00 0.00000000e+00 0.00000000e+00 0.00000000e+00 0.00000000e+00 0.00000000e+00 0.00000000e+00 0.00000000e+00 0.00000000e+00 0.00000000e+00 0.00000000e+00 5.85776000e-04 1.59250000e-03 -4.65956000e-04 1.72480000e-03 -3.06694000e-04 1.23082000e-03 -1.02442000e-04 4.62605000e-04 -3.41859000e-06 3.29088000e-05 0.00000000e+00 -1.17408000e-04 0.00000000e+00 -6.06641000e-05 0.00000000e+00 -7.97093000e-06 0.00000000e+00 0.00000000e+00 0.00000000e+00 0.00000000e+00 0.00000000e+00 0.00000000e+00 0.00000000e+00 0.00000000e+00 0.00000000e+00 0.00000000e+00 0.00000000e+00 0.00000000e+00 0.00000000e+00 0.00000000e+00 0.00000000e+00 0.00000000e+00 0.00000000e+00 0.00000000e+00 0.00000000e+00 0.00000000e+00 0.00000000e+00 0.00000000e+00 0.00000000e+00 0.00000000e+00 5.22800000e-03 5.12256000e-03 3.97922000e-03 2.59413000e-03 1.66073000e-03 9.29049000e-04 4.52775000e-04 5.94893000e-05 0.00000000e+00 0.00000000e+00 0.00000000e+00 0.00000000e+00 0.00000000e+00 0.00000000e+00 0.00000000e+00 0.00000000e+00 0.00000000e+00 0.00000000e+00 0.00000000e+00 0.00000000e+00 7.55337000e-04 2.49700000e-03 -7.13550000e-04 2.53444000e-03 -4.47763000e-04 1.86035000e-03 -2.57377000e-04 8.39106000e-04 -3.16657000e-05 1.69921000e-04 0.00000000e+00 -1.37290000e-04 0.00000000e+00 -8.43235000e-05 0.00000000e+00 -1.54259000e-05 0.00000000e+00 0.00000000e+00 0.00000000e+00 0.00000000e+00 0.00000000e+00 0.00000000e+00 0.00000000e+00 0.00000000e+00 0.00000000e+00 0.00000000e+00 0.00000000e+00 0.00000000e+00 0.00000000e+00 0.00000000e+00 0.00000000e+00 0.00000000e+00 0.00000000e+00 0.00000000e+00 0.00000000e+00 0.00000000e+00 0.00000000e+00 0.00000000e+00 1.52556000e-06 6.07777000e-06 7.31041000e-03 6.65762000e-03 4.99744000e-03 3.21745000e-03 2.06965000e-03 1.17368000e-03 6.29361000e-04 1.15130000e-04 0.00000000e+00 0.00000000e+00 0.00000000e+00 0.00000000e+00 0.00000000e+00 0.00000000e+00 0.00000000e+00 0.00000000e+00 0.00000000e+00 0.00000000e+00 0.00000000e+00 -4.68989000e-05 1.22176000e-03 3.64808000e-03 -8.62822000e-04 3.52741000e-03 2.60301000e-04 2.58381000e-03 1.36025000e-04 1.25695000e-03 2.32526000e-05 3.09900000e-04 0.00000000e+00 -1.49527000e-04 0.00000000e+00 -9.98738000e-05 0.00000000e+00 -1.55640000e-05 0.00000000e+00 0.00000000e+00 0.00000000e+00 0.00000000e+00 0.00000000e+00 0.00000000e+00 0.00000000e+00 0.00000000e+00 0.00000000e+00 0.00000000e+00 0.00000000e+00 0.00000000e+00 0.00000000e+00 0.00000000e+00 0.00000000e+00 0.00000000e+00 0.00000000e+00 0.00000000e+00 0.00000000e+00 0.00000000e+00 -3.52653000e-05 4.72421000e-06 2.23667000e-05 -1.03613000e-05 9.77031000e-03 8.31568000e-03 6.05020000e-03 3.88149000e-03 2.44550000e-03 1.38994000e-03 7.45423000e-04 1.16159000e-04 0.00000000e+00 0.00000000e+00 0.00000000e+00 0.00000000e+00 0.00000000e+00 0.00000000e+00 0.00000000e+00 0.00000000e+00 0.00000000e+00 0.00000000e+00 0.00000000e+00 -2.55904000e-04 0.00000000e+00 0.00000000e+00 0.00000000e+00 0.00000000e+00 0.00000000e+00 0.00000000e+00 0.00000000e+00 0.00000000e+00 0.00000000e+00 0.00000000e+00 0.00000000e+00 0.00000000e+00 0.00000000e+00 0.00000000e+00 0.00000000e+00 0.00000000e+00 0.00000000e+00 0.00000000e+00 0.00000000e+00 0.00000000e+00 0.00000000e+00 0.00000000e+00 0.00000000e+00 0.00000000e+00 0.00000000e+00 0.00000000e+00 0.00000000e+00 0.00000000e+00 0.00000000e+00 0.00000000e+00 0.00000000e+00 0.00000000e+00 0.00000000e+00 0.00000000e+00 0.00000000e+00 0.00000000e+00 0.00000000e+00 0.00000000e+00 0.00000000e+00 0.00000000e+00 0.00000000e+00 0.00000000e+00 0.00000000e+00 0.00000000e+00 0.00000000e+00 0.00000000e+00 0.00000000e+00 0.00000000e+00 0.00000000e+00 0.00000000e+00 0.00000000e+00 0.00000000e+00 0.00000000e+00 0.00000000e+00 0.00000000e+00 0.00000000e+00 0.00000000e+00 0.00000000e+00 0.00000000e+00 0.00000000e+00 0.00000000e+00 0.00000000e+00 0.00000000e+00 0.00000000e+00 0.00000000e+00 0.00000000e+00 0.00000000e+00 0.00000000e+00 0.00000000e+00 0.00000000e+00 0.00000000e+00 0.00000000e+00 0.00000000e+00 0.00000000e+00 0.00000000e+00 0.00000000e+00 0.00000000e+00 0.00000000e+00 0.00000000e+00 0.00000000e+00 0.00000000e+00 0.00000000e+00 0.00000000e+00 0.00000000e+00 0.00000000e+00 0.00000000e+00 0.00000000e+00 0.00000000e+00 0.00000000e+00 0.00000000e+00 0.00000000e+00 0.00000000e+00 0.00000000e+00 0.00000000e+00 0.00000000e+00 0.00000000e+00 0.00000000e+00 0.00000000e+00 0.00000000e+00 0.00000000e+00 0.00000000e+00 0.00000000e+00 0.00000000e+00 0.00000000e+00 0.00000000e+00 0.00000000e+00 0.00000000e+00 0.00000000e+00 0.00000000e+00 0.00000000e+00 0.00000000e+00 0.00000000e+00 0.00000000e+00 0.00000000e+00 0.00000000e+00 0.00000000e+00 0.00000000e+00 0.00000000e+00 0.00000000e+00 0.00000000e+00 0.00000000e+00 0.00000000e+00 0.00000000e+00 0.00000000e+00 0.00000000e+00 0.00000000e+00 0.00000000e+00 0.00000000e+00 0.00000000e+00 0.00000000e+00 0.00000000e+00 0.00000000e+00 0.00000000e+00 0.00000000e+00 0.00000000e+00 0.00000000e+00 0.00000000e+00 0.00000000e+00 0.00000000e+00 0.00000000e+00 0.00000000e+00 0.00000000e+00 0.00000000e+00 0.00000000e+00 0.00000000e+00 0.00000000e+00 0.00000000e+00 0.00000000e+00 0.00000000e+00 0.00000000e+00 0.00000000e+00 0.00000000e+00 0.00000000e+00 0.00000000e+00 0.00000000e+00 0.00000000e+00 0.00000000e+00 0.00000000e+00 0.00000000e+00 0.00000000e+00 0.00000000e+00 0.00000000e+00 0.00000000e+00 0.00000000e+00 0.00000000e+00 0.00000000e+00 0.00000000e+00 0.00000000e+00 0.00000000e+00 0.00000000e+00 0.00000000e+00 0.00000000e+00 0.00000000e+00 0.00000000e+00 0.00000000e+00 0.00000000e+00 0.00000000e+00 0.00000000e+00 0.00000000e+00 0.00000000e+00 0.00000000e+00 0.00000000e+00 0.00000000e+00 0.00000000e+00 0.00000000e+00 0.00000000e+00 0.00000000e+00 0.00000000e+00 0.00000000e+00 0.00000000e+00 0.00000000e+00 0.00000000e+00 0.00000000e+00 0.00000000e+00 0.00000000e+00 0.00000000e+00 0.00000000e+00 0.00000000e+00 0.00000000e+00 0.00000000e+00 0.00000000e+00 0.00000000e+00 0.00000000e+00 0.00000000e+00 0.00000000e+00 0.00000000e+00 0.00000000e+00 0.00000000e+00 0.00000000e+00 0.00000000e+00 0.00000000e+00 0.00000000e+00 0.00000000e+00 0.00000000e+00 0.00000000e+00 0.00000000e+00 0.00000000e+00 0.00000000e+00 0.00000000e+00 0.00000000e+00 0.00000000e+00 0.00000000e+00 0.00000000e+00 0.00000000e+00 0.00000000e+00 0.00000000e+00 0.00000000e+00 0.00000000e+00 0.00000000e+00 0.00000000e+00 0.00000000e+00 0.00000000e+00 0.00000000e+00 0.00000000e+00 0.00000000e+00 0.00000000e+00 0.00000000e+00 0.00000000e+00 0.00000000e+00 0.00000000e+00 0.00000000e+00 0.00000000e+00 0.00000000e+00 0.00000000e+00 0.00000000e+00 0.00000000e+00 0.00000000e+00 0.00000000e+00 0.00000000e+00 0.00000000e+00 0.00000000e+00 0.00000000e+00 0.00000000e+00 0.00000000e+00 0.00000000e+00 0.00000000e+00 0.00000000e+00 0.00000000e+00 0.00000000e+00 0.00000000e+00 0.00000000e+00 0.00000000e+00 0.00000000e+00 0.00000000e+00 0.00000000e+00 0.00000000e+00 0.00000000e+00 0.00000000e+00 0.00000000e+00 0.00000000e+00 0.00000000e+00 0.00000000e+00 0.00000000e+00 0.00000000e+00 0.00000000e+00 0.00000000e+00 3.60450000e-03 1.00450000e-02 -5.56622000e-04 -3.40789000e-05 4.59680000e-03 1.31279000e-02 -5.34376000e-04 3.76298000e-04 3.98614000e-03 9.97191000e-03 -6.98795000e-04 -3.69327000e-04 1.91065000e-03 4.26835000e-03 -2.43804000e-04 -7.53399000e-04 -6.25804000e-06 9.60395000e-04 -4.28907000e-05 1.00320000e-03 -1.63325000e-05 7.15150000e-04 0.00000000e+00 2.05765000e-04 6.45383000e-04 -8.34829000e-05 1.00715000e-03 -1.65960000e-04 9.60814000e-04 -1.28050000e-04 3.79484000e-04 -5.08455000e-05 0.00000000e+00 0.00000000e+00 0.00000000e+00 0.00000000e+00 -3.69351000e-05 4.94788000e-06 -6.66576000e-06 8.92086000e-07 1.82888000e-06 -2.45937000e-07 -1.88737000e-05 2.52825000e-06 0.00000000e+00 0.00000000e+00 0.00000000e+00 0.00000000e+00 0.00000000e+00 0.00000000e+00 0.00000000e+00 0.00000000e+00 0.00000000e+00 0.00000000e+00 0.00000000e+00 0.00000000e+00 0.00000000e+00 0.00000000e+00 0.00000000e+00 0.00000000e+00 0.00000000e+00 0.00000000e+00 0.00000000e+00 0.00000000e+00 0.00000000e+00 0.00000000e+00 0.00000000e+00 0.00000000e+00 0.00000000e+00 0.00000000e+00 0.00000000e+00 0.00000000e+00 9.34553000e-03 6.58835000e-03 6.65780000e-04 8.85825000e-04 2.98155000e-02 2.54872000e-02 2.26278000e-02 1.94471000e-02 4.49534000e-03 4.22578000e-03 -4.61359000e-04 9.73936000e-04 6.37052000e-04 1.97880000e-04 -1.78319000e-04 -8.71659000e-05 -5.63102000e-05 4.47810000e-03 2.20049000e-02 2.36278000e-02 1.07853000e-03 5.93122000e-03 -3.13654000e-05 -2.28666000e-04 1.14016000e-02 3.44208000e-04 2.87223000e-02 1.15202000e-02 7.28642000e-03 -1.18666000e-03 1.35524000e-03 -2.62162000e-04 -7.10255000e-04 2.79677000e-03 -1.29815000e-04 -2.61352000e-05 1.13209000e-02 -3.18246000e-04 2.09004000e-02 1.99617000e-03 8.79057000e-03 -1.40389000e-03 2.49616000e-03 -3.75739000e-04 9.76551000e-06 -3.56094000e-04 1.48287000e-04 -2.94327000e-05 1.21606000e-02 -5.21462000e-04 1.72846000e-02 -9.56743000e-05 1.07396000e-02 -1.36819000e-03 3.87218000e-03 -5.84274000e-04 2.28390000e-04 1.33653000e-04 2.62937000e-04 1.63517000e-05 1.29156000e-02 -5.26920000e-04 1.70082000e-02 -2.29834000e-04 1.23328000e-02 -1.16078000e-03 4.84286000e-03 -8.27647000e-04 1.34656000e-03 1.73560000e-03 1.46200000e-03 4.11289000e-04 0.00000000e+00 0.00000000e+00 0.00000000e+00 0.00000000e+00 0.00000000e+00 0.00000000e+00 0.00000000e+00 0.00000000e+00 0.00000000e+00 0.00000000e+00 0.00000000e+00 0.00000000e+00 0.00000000e+00 0.00000000e+00 0.00000000e+00 0.00000000e+00 0.00000000e+00 0.00000000e+00 0.00000000e+00 0.00000000e+00 0.00000000e+00 0.00000000e+00 0.00000000e+00 0.00000000e+00 0.00000000e+00 0.00000000e+00 0.00000000e+00 0.00000000e+00 0.00000000e+00 0.00000000e+00 0.00000000e+00 0.00000000e+00 0.00000000e+00 0.00000000e+00 0.00000000e+00 0.00000000e+00 0.00000000e+00 0.00000000e+00 0.00000000e+00 0.00000000e+00 0.00000000e+00 0.00000000e+00 0.00000000e+00 0.00000000e+00 0.00000000e+00 0.00000000e+00 0.00000000e+00 0.00000000e+00 0.00000000e+00 0.00000000e+00 0.00000000e+00 0.00000000e+00 0.00000000e+00 0.00000000e+00 0.00000000e+00 0.00000000e+00 0.00000000e+00 0.00000000e+00 0.00000000e+00 0.00000000e+00 0.00000000e+00 0.00000000e+00 0.00000000e+00 0.00000000e+00 0.00000000e+00 0.00000000e+00 0.00000000e+00 0.00000000e+00 0.00000000e+00 0.00000000e+00 0.00000000e+00 0.00000000e+00 0.00000000e+00 0.00000000e+00 0.00000000e+00 0.00000000e+00 0.00000000e+00 0.00000000e+00 0.00000000e+00 0.00000000e+00 0.00000000e+00 0.00000000e+00 0.00000000e+00 0.00000000e+00 -4.76861000e-07 9.52724000e-06 4.38613000e-05 1.16641000e-05 1.61333000e-04 -1.65978000e-05 -2.78053000e-05 3.72473000e-06 -7.06490000e-05 -1.30969000e-04 -3.74781000e-05 0.00000000e+00 6.77711000e-05 -1.33386000e-04 3.55013000e-03 -8.77697000e-04 1.50508000e-03 -3.79200000e-04 -1.26751000e-04 1.68665000e-05 1.08619000e-03 1.78739000e-03 6.70114000e-04 8.38910000e-07 1.98400000e-03 -1.18275000e-03 1.08048000e-02 1.62756000e-03 2.69996000e-03 -9.78125000e-04 -5.67054000e-05 -3.52191000e-06 4.15106000e-03 5.64856000e-03 4.17209000e-03 -2.47529000e-04 0.00000000e+00 0.00000000e+00 0.00000000e+00 0.00000000e+00 0.00000000e+00 0.00000000e+00 0.00000000e+00 0.00000000e+00 0.00000000e+00 0.00000000e+00 0.00000000e+00 0.00000000e+00 0.00000000e+00 0.00000000e+00 0.00000000e+00 0.00000000e+00 0.00000000e+00 0.00000000e+00 0.00000000e+00 0.00000000e+00 0.00000000e+00 0.00000000e+00 0.00000000e+00 0.00000000e+00 0.00000000e+00 0.00000000e+00 0.00000000e+00 0.00000000e+00 0.00000000e+00 0.00000000e+00 0.00000000e+00 0.00000000e+00 0.00000000e+00 0.00000000e+00 0.00000000e+00 0.00000000e+00 0.00000000e+00 0.00000000e+00 0.00000000e+00 0.00000000e+00 0.00000000e+00 0.00000000e+00 0.00000000e+00 0.00000000e+00 0.00000000e+00 0.00000000e+00 0.00000000e+00 0.00000000e+00 0.00000000e+00 0.00000000e+00 0.00000000e+00 0.00000000e+00 0.00000000e+00 0.00000000e+00 0.00000000e+00 0.00000000e+00 0.00000000e+00 0.00000000e+00 0.00000000e+00 0.00000000e+00 0.00000000e+00 0.00000000e+00 0.00000000e+00 0.00000000e+00 0.00000000e+00 0.00000000e+00 0.00000000e+00 0.00000000e+00 0.00000000e+00 0.00000000e+00 0.00000000e+00 0.00000000e+00 0.00000000e+00 0.00000000e+00 0.00000000e+00 0.00000000e+00 0.00000000e+00 0.00000000e+00 0.00000000e+00 0.00000000e+00 0.00000000e+00 0.00000000e+00 0.00000000e+00 0.00000000e+00 0.00000000e+00 0.00000000e+00 0.00000000e+00 0.00000000e+00 0.00000000e+00 0.00000000e+00 0.00000000e+00 0.00000000e+00 0.00000000e+00 0.00000000e+00 0.00000000e+00 0.00000000e+00 0.00000000e+00 0.00000000e+00 0.00000000e+00 0.00000000e+00 0.00000000e+00 0.00000000e+00 0.00000000e+00 0.00000000e+00 0.00000000e+00 0.00000000e+00 0.00000000e+00 0.00000000e+00 0.00000000e+00 0.00000000e+00 0.00000000e+00 0.00000000e+00 0.00000000e+00 0.00000000e+00 0.00000000e+00 0.00000000e+00 0.00000000e+00 0.00000000e+00 0.00000000e+00 0.00000000e+00 0.00000000e+00 0.00000000e+00 0.00000000e+00 0.00000000e+00 0.00000000e+00 0.00000000e+00 0.00000000e+00 0.00000000e+00 0.00000000e+00 0.00000000e+00 0.00000000e+00 0.00000000e+00 0.00000000e+00 0.00000000e+00 0.00000000e+00 0.00000000e+00 0.00000000e+00 0.00000000e+00 0.00000000e+00 0.00000000e+00 0.00000000e+00 0.00000000e+00 0.00000000e+00 0.00000000e+00 0.00000000e+00 0.00000000e+00 0.00000000e+00 0.00000000e+00 0.00000000e+00 0.00000000e+00 0.00000000e+00 0.00000000e+00 0.00000000e+00 0.00000000e+00 0.00000000e+00 0.00000000e+00 0.00000000e+00 0.00000000e+00 0.00000000e+00 0.00000000e+00 0.00000000e+00 0.00000000e+00 0.00000000e+00 0.00000000e+00 0.00000000e+00 0.00000000e+00 0.00000000e+00 0.00000000e+00 0.00000000e+00 0.00000000e+00 0.00000000e+00 0.00000000e+00 0.00000000e+00 0.00000000e+00 0.00000000e+00 0.00000000e+00 0.00000000e+00 0.00000000e+00 0.00000000e+00 0.00000000e+00 0.00000000e+00 0.00000000e+00 0.00000000e+00 0.00000000e+00 0.00000000e+00 0.00000000e+00 0.00000000e+00 0.00000000e+00 0.00000000e+00 0.00000000e+00 0.00000000e+00 0.00000000e+00 0.00000000e+00 0.00000000e+00 0.00000000e+00 0.00000000e+00 0.00000000e+00 0.00000000e+00 0.00000000e+00 0.00000000e+00 0.00000000e+00 0.00000000e+00 0.00000000e+00 0.00000000e+00 0.00000000e+00 0.00000000e+00 0.00000000e+00 0.00000000e+00 0.00000000e+00 0.00000000e+00 0.00000000e+00 0.00000000e+00 0.00000000e+00 0.00000000e+00 0.00000000e+00 0.00000000e+00 0.00000000e+00 0.00000000e+00 0.00000000e+00 0.00000000e+00 0.00000000e+00 0.00000000e+00 0.00000000e+00 0.00000000e+00 0.00000000e+00 0.00000000e+00 0.00000000e+00 0.00000000e+00 0.00000000e+00 0.00000000e+00 0.00000000e+00 0.00000000e+00 0.00000000e+00 0.00000000e+00 0.00000000e+00 0.00000000e+00 0.00000000e+00 0.00000000e+00 0.00000000e+00 0.00000000e+00 0.00000000e+00 0.00000000e+00 0.00000000e+00 0.00000000e+00 0.00000000e+00 0.00000000e+00 0.00000000e+00 0.00000000e+00 0.00000000e+00 0.00000000e+00 0.00000000e+00 0.00000000e+00 0.00000000e+00 0.00000000e+00 0.00000000e+00 0.00000000e+00 0.00000000e+00 0.00000000e+00 0.00000000e+00 0.00000000e+00 0.00000000e+00 0.00000000e+00 0.00000000e+00 0.00000000e+00 0.00000000e+00 0.00000000e+00 0.00000000e+00 0.00000000e+00 0.00000000e+00 0.00000000e+00 0.00000000e+00 0.00000000e+00 0.00000000e+00 0.00000000e+00 0.00000000e+00 0.00000000e+00 -6.82974000e-05 1.89453000e-04 9.14622000e-06 -2.20002000e-05 0.00000000e+00 0.00000000e+00 0.00000000e+00 0.00000000e+00 0.00000000e+00 0.00000000e+00 0.00000000e+00 0.00000000e+00 0.00000000e+00 0.00000000e+00 0.00000000e+00 0.00000000e+00 0.00000000e+00 -2.53058000e-05 0.00000000e+00 0.00000000e+00 0.00000000e+00 0.00000000e+00 0.00000000e+00 0.00000000e+00 -4.24669000e-05 5.68862000e-06 0.00000000e+00 0.00000000e+00 0.00000000e+00 0.00000000e+00 0.00000000e+00 0.00000000e+00 0.00000000e+00 0.00000000e+00 0.00000000e+00 0.00000000e+00 0.00000000e+00 0.00000000e+00 0.00000000e+00 0.00000000e+00 0.00000000e+00 0.00000000e+00 0.00000000e+00 0.00000000e+00 0.00000000e+00 0.00000000e+00 0.00000000e+00 0.00000000e+00 0.00000000e+00 0.00000000e+00 0.00000000e+00 0.00000000e+00 0.00000000e+00 0.00000000e+00 0.00000000e+00 0.00000000e+00 0.00000000e+00 0.00000000e+00 0.00000000e+00 0.00000000e+00 0.00000000e+00 0.00000000e+00 0.00000000e+00 0.00000000e+00 0.00000000e+00 0.00000000e+00 0.00000000e+00 0.00000000e+00 0.00000000e+00 0.00000000e+00 0.00000000e+00 0.00000000e+00 0.00000000e+00 0.00000000e+00 0.00000000e+00 0.00000000e+00 0.00000000e+00 0.00000000e+00 0.00000000e+00 0.00000000e+00 0.00000000e+00 0.00000000e+00 0.00000000e+00 0.00000000e+00 0.00000000e+00 0.00000000e+00 0.00000000e+00 0.00000000e+00 0.00000000e+00 0.00000000e+00 0.00000000e+00 0.00000000e+00 0.00000000e+00 0.00000000e+00 0.00000000e+00 0.00000000e+00 -5.55523000e-05 7.44178000e-06 0.00000000e+00 0.00000000e+00 0.00000000e+00 0.00000000e+00 0.00000000e+00 0.00000000e+00 0.00000000e+00 0.00000000e+00 0.00000000e+00 0.00000000e+00 -1.15271000e-04 1.54400000e-05 0.00000000e+00 0.00000000e+00 0.00000000e+00 0.00000000e+00 0.00000000e+00 0.00000000e+00 0.00000000e+00 0.00000000e+00 0.00000000e+00 0.00000000e+00 -5.91122000e-05 7.41004000e-06 0.00000000e+00 0.00000000e+00 0.00000000e+00 0.00000000e+00 0.00000000e+00 0.00000000e+00 3.74793000e-06 0.00000000e+00 0.00000000e+00 0.00000000e+00 9.26890000e-05 -7.59209000e-06 0.00000000e+00 0.00000000e+00 0.00000000e+00 0.00000000e+00 0.00000000e+00 0.00000000e+00 -3.61004000e-05 0.00000000e+00 0.00000000e+00 0.00000000e+00 0.00000000e+00 0.00000000e+00 0.00000000e+00 0.00000000e+00 0.00000000e+00 0.00000000e+00 0.00000000e+00 0.00000000e+00 0.00000000e+00 0.00000000e+00 0.00000000e+00 0.00000000e+00 0.00000000e+00 0.00000000e+00 0.00000000e+00 0.00000000e+00 0.00000000e+00 0.00000000e+00 0.00000000e+00 0.00000000e+00 0.00000000e+00 0.00000000e+00 0.00000000e+00 0.00000000e+00 0.00000000e+00 0.00000000e+00 0.00000000e+00 0.00000000e+00 0.00000000e+00 0.00000000e+00 0.00000000e+00 0.00000000e+00 0.00000000e+00 0.00000000e+00 0.00000000e+00 0.00000000e+00 0.00000000e+00 0.00000000e+00 0.00000000e+00 0.00000000e+00 0.00000000e+00 0.00000000e+00 0.00000000e+00 0.00000000e+00 0.00000000e+00 0.00000000e+00 0.00000000e+00 0.00000000e+00 0.00000000e+00 0.00000000e+00 0.00000000e+00 0.00000000e+00 0.00000000e+00 0.00000000e+00 0.00000000e+00 0.00000000e+00 0.00000000e+00 0.00000000e+00 0.00000000e+00 0.00000000e+00 0.00000000e+00 0.00000000e+00 0.00000000e+00 0.00000000e+00 0.00000000e+00 0.00000000e+00 0.00000000e+00 0.00000000e+00 0.00000000e+00 0.00000000e+00 0.00000000e+00 0.00000000e+00 0.00000000e+00 0.00000000e+00 0.00000000e+00 0.00000000e+00 0.00000000e+00 0.00000000e+00 0.00000000e+00 0.00000000e+00 0.00000000e+00 0.00000000e+00 0.00000000e+00 0.00000000e+00 0.00000000e+00 0.00000000e+00 0.00000000e+00 0.00000000e+00 0.00000000e+00 0.00000000e+00 0.00000000e+00 0.00000000e+00 0.00000000e+00 0.00000000e+00 0.00000000e+00 0.00000000e+00 0.00000000e+00 0.00000000e+00 0.00000000e+00 0.00000000e+00 0.00000000e+00 0.00000000e+00 0.00000000e+00 0.00000000e+00 0.00000000e+00 0.00000000e+00 0.00000000e+00 0.00000000e+00 0.00000000e+00 0.00000000e+00 0.00000000e+00 0.00000000e+00 0.00000000e+00 0.00000000e+00 0.00000000e+00 0.00000000e+00 0.00000000e+00 0.00000000e+00 0.00000000e+00 0.00000000e+00 0.00000000e+00 0.00000000e+00 0.00000000e+00 0.00000000e+00 0.00000000e+00 0.00000000e+00 0.00000000e+00 0.00000000e+00 0.00000000e+00 0.00000000e+00 0.00000000e+00 0.00000000e+00 0.00000000e+00 0.00000000e+00 0.00000000e+00 0.00000000e+00 0.00000000e+00 0.00000000e+00 0.00000000e+00 0.00000000e+00 0.00000000e+00 0.00000000e+00 0.00000000e+00 0.00000000e+00 0.00000000e+00 0.00000000e+00 0.00000000e+00 0.00000000e+00 0.00000000e+00 0.00000000e+00 0.00000000e+00 0.00000000e+00 0.00000000e+00 0.00000000e+00 0.00000000e+00 0.00000000e+00 0.00000000e+00 0.00000000e+00 0.00000000e+00 0.00000000e+00 0.00000000e+00 0.00000000e+00 0.00000000e+00 0.00000000e+00 0.00000000e+00 0.00000000e+00 0.00000000e+00 0.00000000e+00 0.00000000e+00 0.00000000e+00 0.00000000e+00 0.00000000e+00 0.00000000e+00 0.00000000e+00 0.00000000e+00 0.00000000e+00 0.00000000e+00 0.00000000e+00 0.00000000e+00 0.00000000e+00 0.00000000e+00 0.00000000e+00 0.00000000e+00 0.00000000e+00 0.00000000e+00 0.00000000e+00 0.00000000e+00 0.00000000e+00 0.00000000e+00 0.00000000e+00 0.00000000e+00 0.00000000e+00 0.00000000e+00 0.00000000e+00 0.00000000e+00 0.00000000e+00 0.00000000e+00 0.00000000e+00 0.00000000e+00 0.00000000e+00 0.00000000e+00 0.00000000e+00 0.00000000e+00 0.00000000e+00 0.00000000e+00 0.00000000e+00 0.00000000e+00 0.00000000e+00 0.00000000e+00 0.00000000e+00 0.00000000e+00 0.00000000e+00 0.00000000e+00 0.00000000e+00 0.00000000e+00 0.00000000e+00 0.00000000e+00 0.00000000e+00 0.00000000e+00 0.00000000e+00 0.00000000e+00 0.00000000e+00 0.00000000e+00 0.00000000e+00 0.00000000e+00 0.00000000e+00 0.00000000e+00 0.00000000e+00 0.00000000e+00 0.00000000e+00 0.00000000e+00 0.00000000e+00 0.00000000e+00 0.00000000e+00 0.00000000e+00 0.00000000e+00 0.00000000e+00 0.00000000e+00 0.00000000e+00 0.00000000e+00 0.00000000e+00 0.00000000e+00 0.00000000e+00 0.00000000e+00 0.00000000e+00 0.00000000e+00 0.00000000e+00 0.00000000e+00 0.00000000e+00 0.00000000e+00 0.00000000e+00 0.00000000e+00 0.00000000e+00 0.00000000e+00 0.00000000e+00 0.00000000e+00 0.00000000e+00 0.00000000e+00 0.00000000e+00 0.00000000e+00 0.00000000e+00 0.00000000e+00 0.00000000e+00 0.00000000e+00 0.00000000e+00 0.00000000e+00 0.00000000e+00 0.00000000e+00 0.00000000e+00 0.00000000e+00 0.00000000e+00 0.00000000e+00 0.00000000e+00 0.00000000e+00 0.00000000e+00 0.00000000e+00 0.00000000e+00 0.00000000e+00 0.00000000e+00 0.00000000e+00 0.00000000e+00 0.00000000e+00 0.00000000e+00 0.00000000e+00 0.00000000e+00 0.00000000e+00 0.00000000e+00 0.00000000e+00 0.00000000e+00 0.00000000e+00 0.00000000e+00 0.00000000e+00 0.00000000e+00 0.00000000e+00 0.00000000e+00 0.00000000e+00 0.00000000e+00 0.00000000e+00 0.00000000e+00 0.00000000e+00 0.00000000e+00 0.00000000e+00 0.00000000e+00 0.00000000e+00 0.00000000e+00 0.00000000e+00 0.00000000e+00 0.00000000e+00 0.00000000e+00 0.00000000e+00 0.00000000e+00 0.00000000e+00 0.00000000e+00 0.00000000e+00 0.00000000e+00 0.00000000e+00 0.00000000e+00 0.00000000e+00 0.00000000e+00 0.00000000e+00 0.00000000e+00 0.00000000e+00 0.00000000e+00 0.00000000e+00 0.00000000e+00 0.00000000e+00 0.00000000e+00 0.00000000e+00 0.00000000e+00 0.00000000e+00 0.00000000e+00 0.00000000e+00 0.00000000e+00 0.00000000e+00 0.00000000e+00 0.00000000e+00 0.00000000e+00 0.00000000e+00 0.00000000e+00 0.00000000e+00 0.00000000e+00 0.00000000e+00 0.00000000e+00 0.00000000e+00 0.00000000e+00 0.00000000e+00 0.00000000e+00 0.00000000e+00 0.00000000e+00 0.00000000e+00 0.00000000e+00 0.00000000e+00 0.00000000e+00 0.00000000e+00 0.00000000e+00 0.00000000e+00 0.00000000e+00 0.00000000e+00 0.00000000e+00 0.00000000e+00 0.00000000e+00 0.00000000e+00 0.00000000e+00 0.00000000e+00 0.00000000e+00 0.00000000e+00 0.00000000e+00 0.00000000e+00 0.00000000e+00 0.00000000e+00 0.00000000e+00 0.00000000e+00 0.00000000e+00 0.00000000e+00 0.00000000e+00 0.00000000e+00 0.00000000e+00 0.00000000e+00 0.00000000e+00 0.00000000e+00 0.00000000e+00 0.00000000e+00 0.00000000e+00 0.00000000e+00 0.00000000e+00 0.00000000e+00 0.00000000e+00 0.00000000e+00 0.00000000e+00 0.00000000e+00 0.00000000e+00 0.00000000e+00 0.00000000e+00 0.00000000e+00 0.00000000e+00 0.00000000e+00 0.00000000e+00 0.00000000e+00 0.00000000e+00 0.00000000e+00 0.00000000e+00 0.00000000e+00 0.00000000e+00 0.00000000e+00 0.00000000e+00 0.00000000e+00 0.00000000e+00 0.00000000e+00 0.00000000e+00 0.00000000e+00 0.00000000e+00 0.00000000e+00 0.00000000e+00 0.00000000e+00 0.00000000e+00 0.00000000e+00 0.00000000e+00 0.00000000e+00 0.00000000e+00 0.00000000e+00 0.00000000e+00 0.00000000e+00 0.00000000e+00 0.00000000e+00 0.00000000e+00 0.00000000e+00 0.00000000e+00 0.00000000e+00 0.00000000e+00 0.00000000e+00 0.00000000e+00 0.00000000e+00 0.00000000e+00 0.00000000e+00 0.00000000e+00 0.00000000e+00 0.00000000e+00 0.00000000e+00 0.00000000e+00 0.00000000e+00 0.00000000e+00 0.00000000e+00 0.00000000e+00 0.00000000e+00 0.00000000e+00 0.00000000e+00 0.00000000e+00 0.00000000e+00 0.00000000e+00 0.00000000e+00 0.00000000e+00 0.00000000e+00 0.00000000e+00 0.00000000e+00 0.00000000e+00 0.00000000e+00 0.00000000e+00 0.00000000e+00 0.00000000e+00 0.00000000e+00 0.00000000e+00 0.00000000e+00 0.00000000e+00 0.00000000e+00 0.00000000e+00 0.00000000e+00 0.00000000e+00 0.00000000e+00 0.00000000e+00 0.00000000e+00 0.00000000e+00 0.00000000e+00 0.00000000e+00 0.00000000e+00 0.00000000e+00 0.00000000e+00 0.00000000e+00 0.00000000e+00 0.00000000e+00 0.00000000e+00 0.00000000e+00 0.00000000e+00 0.00000000e+00 0.00000000e+00 0.00000000e+00 0.00000000e+00 0.00000000e+00 0.00000000e+00 0.00000000e+00 0.00000000e+00 0.00000000e+00 0.00000000e+00 0.00000000e+00 0.00000000e+00 0.00000000e+00 0.00000000e+00 0.00000000e+00 0.00000000e+00 0.00000000e+00 0.00000000e+00 0.00000000e+00 0.00000000e+00 0.00000000e+00 0.00000000e+00 0.00000000e+00 0.00000000e+00 0.00000000e+00 0.00000000e+00 0.00000000e+00 0.00000000e+00 0.00000000e+00 0.00000000e+00 0.00000000e+00 0.00000000e+00 0.00000000e+00 0.00000000e+00 0.00000000e+00 0.00000000e+00 0.00000000e+00 0.00000000e+00 0.00000000e+00 0.00000000e+00 0.00000000e+00 0.00000000e+00 0.00000000e+00 0.00000000e+00 0.00000000e+00 0.00000000e+00 0.00000000e+00 0.00000000e+00 0.00000000e+00 0.00000000e+00 0.00000000e+00 0.00000000e+00 0.00000000e+00 0.00000000e+00 0.00000000e+00 0.00000000e+00 0.00000000e+00 0.00000000e+00 0.00000000e+00 0.00000000e+00 0.00000000e+00 0.00000000e+00 0.00000000e+00 0.00000000e+00 0.00000000e+00 0.00000000e+00 0.00000000e+00 0.00000000e+00 0.00000000e+00 0.00000000e+00 0.00000000e+00 0.00000000e+00 0.00000000e+00 0.00000000e+00 0.00000000e+00 0.00000000e+00 0.00000000e+00 0.00000000e+00 0.00000000e+00 0.00000000e+00 0.00000000e+00 0.00000000e+00 0.00000000e+00 0.00000000e+00 0.00000000e+00 0.00000000e+00 0.00000000e+00 0.00000000e+00 0.00000000e+00 0.00000000e+00 0.00000000e+00 0.00000000e+00 0.00000000e+00 0.00000000e+00 0.00000000e+00 0.00000000e+00 0.00000000e+00 0.00000000e+00 0.00000000e+00 0.00000000e+00 0.00000000e+00 0.00000000e+00 0.00000000e+00 0.00000000e+00 0.00000000e+00 0.00000000e+00 0.00000000e+00 0.00000000e+00 0.00000000e+00 0.00000000e+00 0.00000000e+00 0.00000000e+00 0.00000000e+00 0.00000000e+00 0.00000000e+00 0.00000000e+00 0.00000000e+00 0.00000000e+00 0.00000000e+00 0.00000000e+00 0.00000000e+00 0.00000000e+00 0.00000000e+00 0.00000000e+00 0.00000000e+00 0.00000000e+00 0.00000000e+00 0.00000000e+00 0.00000000e+00 0.00000000e+00 0.00000000e+00 0.00000000e+00 0.00000000e+00 0.00000000e+00 0.00000000e+00 0.00000000e+00 0.00000000e+00 0.00000000e+00 0.00000000e+00 0.00000000e+00 0.00000000e+00 0.00000000e+00 0.00000000e+00 0.00000000e+00 0.00000000e+00 0.00000000e+00 0.00000000e+00 0.00000000e+00 0.00000000e+00 0.00000000e+00 0.00000000e+00 0.00000000e+00 0.00000000e+00 0.00000000e+00 0.00000000e+00 0.00000000e+00 0.00000000e+00 0.00000000e+00 0.00000000e+00 0.00000000e+00 0.00000000e+00 0.00000000e+00 0.00000000e+00 0.00000000e+00 0.00000000e+00 0.00000000e+00 0.00000000e+00 0.00000000e+00 0.00000000e+00 0.00000000e+00 0.00000000e+00 0.00000000e+00 0.00000000e+00 0.00000000e+00 0.00000000e+00 0.00000000e+00 0.00000000e+00 0.00000000e+00 0.00000000e+00 0.00000000e+00 0.00000000e+00 0.00000000e+00 0.00000000e+00 0.00000000e+00 0.00000000e+00 0.00000000e+00 0.00000000e+00 0.00000000e+00 0.00000000e+00 0.00000000e+00 0.00000000e+00 0.00000000e+00 0.00000000e+00 0.00000000e+00 0.00000000e+00 0.00000000e+00 0.00000000e+00 0.00000000e+00 0.00000000e+00 0.00000000e+00 0.00000000e+00 0.00000000e+00 0.00000000e+00 0.00000000e+00 0.00000000e+00 0.00000000e+00 0.00000000e+00 0.00000000e+00 0.00000000e+00 0.00000000e+00 0.00000000e+00 0.00000000e+00 0.00000000e+00 0.00000000e+00 0.00000000e+00 0.00000000e+00 0.00000000e+00 0.00000000e+00 0.00000000e+00 0.00000000e+00 0.00000000e+00 0.00000000e+00 0.00000000e+00 0.00000000e+00 0.00000000e+00 0.00000000e+00 0.00000000e+00 0.00000000e+00 0.00000000e+00 0.00000000e+00 0.00000000e+00 0.00000000e+00 0.00000000e+00 0.00000000e+00 0.00000000e+00 0.00000000e+00 0.00000000e+00 0.00000000e+00 0.00000000e+00 0.00000000e+00 0.00000000e+00 0.00000000e+00 0.00000000e+00 0.00000000e+00 0.00000000e+00 0.00000000e+00 0.00000000e+00 0.00000000e+00 0.00000000e+00 0.00000000e+00 0.00000000e+00 0.00000000e+00 0.00000000e+00 0.00000000e+00 0.00000000e+00 0.00000000e+00 0.00000000e+00 0.00000000e+00 0.00000000e+00 0.00000000e+00 0.00000000e+00 0.00000000e+00 0.00000000e+00 0.00000000e+00 0.00000000e+00 0.00000000e+00 0.00000000e+00 0.00000000e+00 0.00000000e+00 0.00000000e+00 0.00000000e+00 0.00000000e+00 0.00000000e+00 0.00000000e+00 0.00000000e+00 0.00000000e+00 0.00000000e+00 0.00000000e+00 0.00000000e+00 0.00000000e+00 0.00000000e+00 0.00000000e+00 0.00000000e+00 0.00000000e+00 0.00000000e+00 0.00000000e+00 0.00000000e+00 0.00000000e+00 0.00000000e+00 0.00000000e+00 0.00000000e+00 0.00000000e+00 0.00000000e+00 0.00000000e+00 0.00000000e+00 0.00000000e+00 0.00000000e+00 0.00000000e+00 0.00000000e+00 0.00000000e+00 0.00000000e+00 0.00000000e+00 0.00000000e+00 0.00000000e+00 0.00000000e+00 0.00000000e+00 0.00000000e+00 0.00000000e+00 0.00000000e+00 0.00000000e+00 0.00000000e+00 0.00000000e+00 0.00000000e+00 0.00000000e+00 0.00000000e+00 0.00000000e+00 0.00000000e+00 0.00000000e+00 0.00000000e+00 0.00000000e+00 0.00000000e+00 0.00000000e+00 0.00000000e+00 0.00000000e+00 0.00000000e+00 0.00000000e+00 0.00000000e+00 0.00000000e+00 0.00000000e+00 0.00000000e+00 0.00000000e+00 0.00000000e+00 0.00000000e+00 0.00000000e+00 0.00000000e+00 0.00000000e+00 0.00000000e+00 0.00000000e+00 0.00000000e+00 0.00000000e+00 0.00000000e+00 0.00000000e+00 0.00000000e+00 0.00000000e+00 0.00000000e+00 0.00000000e+00 0.00000000e+00 0.00000000e+00 0.00000000e+00 0.00000000e+00 0.00000000e+00 0.00000000e+00 0.00000000e+00 0.00000000e+00 0.00000000e+00 0.00000000e+00 0.00000000e+00 0.00000000e+00
        </DataArray>
        <DataArray type="Float64" Name="S_Mises" format="ascii">
          2.71348029e+02 2.02380463e+02 2.13762008e+02 2.69781685e+02 3.44501955e+02 2.87688024e+02 2.78810533e+02 3.23282155e+02 2.34605343e+02 2.76191331e+02 2.68600859e+02 3.05766911e+02 2.53522262e+02 2.73205572e+02 2.69833518e+02 2.83633442e+02 2.55184707e+02 2.63034219e+02 2.59689144e+02 2.53006249e+02 4.98176135e+02 4.69920911e+02 4.63382057e+02 4.81230097e+02 4.51208021e+02 4.70170142e+02 4.37951655e+02 4.61032590e+02 3.83037868e+02 3.92999124e+02 2.39885699e+02 2.45806686e+02 2.40123581e+02 2.34796290e+02 2.61896322e+02 2.46372655e+02 2.76233437e+02 2.61665319e+02 2.68437829e+02 2.57592192e+02 4.41971409e+02 4.38521728e+02 4.29674071e+02 4.19068753e+02 3.75627478e+02 2.70363230e+02 2.80772828e+02 1.25049311e+02 1.63507960e+02 2.85774766e+02 2.08117385e+02 2.89048702e+02 2.35131510e+02 2.77128157e+02 2.45847124e+02 4.10152911e+02 4.09436528e+02 4.03346801e+02 3.90496288e+02 3.52389363e+02 2.52009191e+02 2.51700391e+02 5.39318142e+01 7.65430742e+01 2.59239596e+02 1.44145640e+02 2.68505555e+02 1.89052933e+02 2.68422373e+02 2.25917714e+02 3.64482704e+02 3.62210581e+02 3.54680303e+02 3.42018661e+02 3.12506536e+02 2.22898713e+02 2.26875954e+02 6.62539656e+01 8.45648405e+01 2.43586471e+02 1.42560568e+02 2.53460938e+02 1.80878635e+02 2.54431049e+02 2.13178435e+02 2.94822441e+02 2.94254200e+02 2.91358405e+02 2.86672896e+02 2.67315089e+02 2.30642160e+02 2.35337858e+02 1.75144617e+02 1.77756670e+02 2.46074900e+02 1.88726974e+02 2.50132712e+02 2.01159920e+02 2.36136394e+02 2.03305638e+02 2.43303123e+02 2.44266640e+02 2.44990437e+02 2.47204708e+02 2.33905297e+02 4.95086640e+02 4.87836318e+02 4.51361080e+02 4.61650159e+02 2.81268042e+02 3.52039543e+02 3.40761133e+02 2.54226371e+02 4.30361913e+02 3.94232674e+02 3.67946629e+02 2.76949551e+02 3.70940950e+02 3.43792540e+02 3.68314851e+02 3.01209686e+02 2.56132564e+02 2.48660532e+02 2.68836093e+02 2.49860910e+02 4.23132361e+02 4.94948865e+02 4.83833824e+02 3.92337799e+02 4.98490657e+02 3.76544728e+02 4.49128413e+02 3.63311790e+02 3.35823151e+02 3.05700498e+02 5.01221669e+02 5.08304237e+02 4.68694576e+02 4.33961476e+02 4.76833026e+02 3.89640236e+02 3.92433001e+02 3.42727117e+02 2.69481609e+02 2.76654685e+02 5.78076911e+02 5.51022842e+02 5.03614545e+02 4.49407331e+02 3.64060356e+02 4.80127523e+02 4.77327480e+02 5.28121674e+02 4.97324321e+02 3.99531389e+02 4.10664824e+02 3.27940106e+02 3.54924706e+02 2.58830531e+02 2.64052851e+02 5.87687273e+02 5.67719714e+02 4.99390407e+02 4.38954421e+02 3.80528663e+02 4.68257101e+02 4.69202903e+02 4.92387829e+02 4.72964801e+02 4.50529756e+02 4.27562077e+02 3.73115769e+02 3.55023101e+02 2.58833287e+02 2.60636788e+02 5.56929279e+02 5.41686751e+02 5.37188609e+02 4.61130491e+02 3.90690723e+02 3.66965078e+02 3.32185977e+02 4.09112878e+02 3.94396123e+02 3.20156949e+02 3.71386805e+02 2.93502656e+02 3.21030946e+02 2.57792435e+02 2.53554947e+02 4.97312258e+02 4.87120132e+02 5.17651625e+02 4.82136242e+02 3.94324020e+02 2.38830991e+02 2.42062498e+02 2.38664726e+02 2.35700121e+02 9.06036103e+01 1.00980898e+02 1.03137441e+02 9.26151668e+01 2.29900810e+02 2.27688772e+02 1.13335167e+02 1.02662908e+02 2.12078888e+02 2.10180846e+02 9.90026379e+01 8.56898175e+01 1.84122366e+02 1.84831348e+02 1.90206991e+02 1.88740733e+02 2.24360903e+02 2.27764639e+02 2.25458338e+02 2.22026856e+02 2.23231675e+02 2.19709644e+02 2.05362753e+02 2.01411724e+02 2.18431519e+02 2.17056081e+02 2.50780699e+02 2.46662086e+02 1.24344736e+02 1.26252155e+02 2.35976826e+02 1.36355894e+02 2.16451871e+02 1.25644875e+02 1.84545211e+02 1.91373663e+02 2.36753501e+02 2.34176394e+02 2.31788791e+02 2.13857781e+02 2.15377791e+02 2.63894120e+02 2.58744393e+02 1.43920608e+02 1.45331996e+02 2.45213727e+02 1.53507901e+02 2.23041149e+02 1.45520361e+02 1.86953233e+02 1.90121041e+02 2.42667663e+02 2.39773414e+02 2.35773097e+02 2.18205888e+02 2.07969529e+02 2.80633889e+02 2.74267177e+02 1.59415046e+02 1.60517077e+02 2.57015821e+02 1.67089643e+02 2.31637733e+02 1.60318265e+02 1.92326221e+02 1.87625054e+02 2.43268312e+02 2.40433844e+02 2.35842375e+02 2.21016107e+02 2.01633686e+02 3.01028135e+02 2.93214116e+02 1.72356071e+02 1.73863615e+02 2.70990507e+02 1.78512451e+02 2.40998729e+02 1.69606676e+02 2.03556684e+02 1.86959206e+02 2.44245126e+02 2.41112860e+02 2.36038084e+02 2.22082436e+02 1.99630531e+02 3.26515116e+02 3.17200837e+02 1.82813757e+02 1.84820266e+02 2.87168461e+02 1.86880453e+02 2.51303281e+02 1.74224671e+02 2.15883098e+02 1.92049286e+02 2.47718352e+02 2.43530209e+02 2.37464589e+02 2.22960280e+02 2.02129518e+02 3.59340464e+02 3.48028894e+02 1.90904438e+02 1.93822842e+02 3.06901921e+02 1.93435026e+02 2.64267576e+02 1.79382939e+02 2.20364122e+02 1.98852179e+02 2.61101912e+02 2.51992155e+02 2.43579412e+02 2.28535389e+02 2.11998174e+02 4.06238540e+02 3.90998334e+02 2.01426073e+02 2.02612123e+02 3.32675360e+02 1.99021715e+02 2.81284506e+02 1.92897761e+02 2.22722291e+02 2.06852776e+02 2.97396365e+02 2.71249618e+02 2.54008301e+02 2.41798880e+02 2.31120815e+02 4.60897924e+02 4.44927200e+02 2.36361249e+02 2.15098794e+02 3.66032439e+02 2.09297434e+02 3.08897032e+02 2.25870158e+02 2.36764013e+02 2.23034691e+02 3.54581965e+02 3.15029536e+02 2.77773765e+02 2.71620119e+02 2.55708165e+02 2.32384381e+02 1.84594887e+02 1.84104111e+02 2.27282940e+02 2.03579784e+02 6.83167028e+01 6.85285195e+01 2.00688454e+02 1.86473416e+02 2.18236000e+02 6.65048656e+01 1.94642477e+02 2.01613636e+02 2.09911153e+02 7.45375467e+01 1.85532819e+02 2.45727380e+02 2.29977910e+02 1.41461159e+02 1.87927793e+02 1.74037004e+02 1.83701129e+02 1.79332092e+02 1.73898172e+02 1.78052144e+02 1.75628262e+02 1.78358987e+02 1.78148976e+02 1.79519763e+02 1.79804109e+02 1.76562958e+02 1.75589007e+02 2.27357694e+02 2.27501864e+02 1.76093460e+02 1.96215459e+02 1.76219262e+02 1.72791958e+02 1.86825825e+02 1.77107538e+02 2.33905617e+02 2.51623257e+02 2.32525796e+02 2.02718268e+02 1.92389968e+02 1.87638464e+02 1.86694803e+02 1.91307265e+02 1.97466635e+02 1.85827842e+02 1.96270958e+02 1.87073791e+02 1.89781483e+02 1.86176274e+02 1.74566164e+02 1.47927685e+02 1.78305270e+02 2.23248474e+02 2.16795916e+02 2.00348779e+02 1.98633088e+02 1.98544371e+02 2.02410815e+02 2.07061256e+02 1.99482974e+02 2.05011444e+02 2.02029407e+02 2.01485808e+02 1.94712295e+02 1.84279122e+02 1.88683860e+02 2.06614761e+02 2.30566295e+02 2.31886827e+02 2.09531146e+02 2.16867823e+02 2.17839508e+02 2.25878825e+02 2.21776344e+02 2.19381291e+02 2.11498361e+02 2.22321509e+02 2.07117975e+02 2.10594200e+02 1.93498406e+02 2.50976997e+02 2.48190613e+02 2.44318418e+02 2.43748448e+02 2.20275253e+02 2.04381297e+02 2.26947296e+02 2.26792885e+02 2.04294091e+02 1.67293665e+02 1.77738597e+02 1.80076798e+02 1.68567525e+02 2.27001974e+02 2.04239218e+02 1.85501430e+02 1.71426459e+02 2.24017682e+02 2.03857176e+02 1.89329557e+02 1.75265056e+02 2.30992798e+02 2.00506501e+02 1.95895477e+02 1.76175665e+02 1.88407321e+02 1.81279353e+02 1.81420937e+02 1.88245240e+02 1.81491863e+02 1.87396599e+02 1.81279038e+02 1.86189951e+02 1.80338994e+02 1.82101688e+02 2.34276297e+02 2.34215432e+02 1.83948626e+02 1.86745456e+02 2.34128705e+02 1.92224484e+02 2.28595477e+02 1.93989425e+02 2.37007352e+02 1.99632769e+02 1.78542386e+02 1.78907378e+02 1.79632612e+02 1.79844452e+02 1.78868116e+02 2.35394953e+02 2.35595011e+02 1.87062070e+02 1.89900145e+02 2.35127424e+02 1.95188427e+02 2.27744809e+02 1.95302527e+02 2.37978185e+02 1.99411880e+02 1.76471878e+02 1.77093772e+02 1.78719573e+02 1.79578535e+02 1.78175796e+02 2.35938502e+02 2.35830492e+02 1.92466710e+02 1.94117878e+02 2.33932483e+02 1.97119318e+02 2.23841392e+02 1.94732750e+02 2.37224420e+02 1.97113758e+02 1.74607027e+02 1.75228599e+02 1.77498764e+02 1.79145501e+02 1.77393920e+02 2.33225990e+02 2.31953135e+02 1.94375879e+02 1.94718048e+02 2.28580047e+02 1.94852677e+02 2.16565894e+02 1.90765177e+02 2.36426518e+02 1.92623478e+02 1.73298027e+02 1.73643119e+02 1.76016112e+02 1.78291888e+02 1.77287115e+02 1.44166454e+02 1.44803605e+02 1.44690241e+02 1.44054866e+02 6.76024503e+01 7.31263356e+01 7.31002813e+01 6.75670100e+01 1.44357792e+02 1.43730479e+02 7.30316945e+01 6.74751280e+01 1.43796760e+02 1.43153155e+02 7.28930428e+01 6.72994748e+01 1.43072813e+02 1.42365092e+02 7.28022186e+01 6.72041719e+01 1.26603236e+02 1.34713179e+02 1.34822576e+02 1.26688085e+02 1.35133359e+02 1.26936937e+02 1.35680396e+02 1.27387809e+02 1.36272120e+02 1.27717847e+02 1.49644853e+02 1.49469274e+02 8.88994815e+01 8.88712377e+01 1.48957701e+02 8.88194549e+01 1.48115541e+02 8.87115264e+01 1.46788238e+02 8.84253158e+01 1.55387783e+02 1.55604673e+02 1.56259441e+02 1.57301966e+02 1.59198807e+02 1.60752544e+02 1.60395982e+02 1.13123775e+02 1.13230387e+02 1.59388278e+02 1.13530661e+02 1.58562705e+02 1.14012328e+02 1.56775620e+02 1.14396442e+02 1.81641537e+02 1.81820275e+02 1.82288302e+02 1.82896681e+02 1.82389679e+02 1.75331253e+02 1.75664090e+02 1.67607130e+02 1.67263744e+02 1.76281485e+02 1.66886950e+02 1.75282629e+02 1.67154923e+02 1.73326868e+02 1.63925618e+02 1.66055726e+02 1.66074366e+02 1.66047462e+02 1.65901473e+02 1.65700451e+02 1.70696772e+02 1.70718602e+02 1.68641430e+02 1.68597263e+02 1.70739984e+02 1.68610365e+02 1.71042942e+02 1.68505328e+02 1.71221199e+02 1.69106718e+02 1.69110742e+02 1.69052202e+02 1.68995826e+02 1.68793809e+02 1.68346004e+02 1.73311053e+02 1.73364652e+02 1.71811427e+02 1.71756953e+02 1.73345265e+02 1.71754424e+02 1.73218436e+02 1.71505579e+02 1.72008892e+02 1.70210828e+02 1.73552431e+02 1.73463162e+02 1.73419819e+02 1.72961348e+02 1.71788966e+02 1.77174410e+02 1.77202450e+02 1.75600027e+02 1.75474873e+02 1.77131057e+02 1.75291469e+02 1.76776199e+02 1.75012331e+02 1.74681023e+02 1.72837279e+02 1.79160531e+02 1.78963758e+02 1.78676375e+02 1.78090307e+02 1.75822192e+02 1.81690962e+02 1.81646270e+02 1.81560308e+02 1.81264793e+02 1.81438572e+02 1.80602926e+02 1.80866355e+02 1.80038007e+02 1.77731614e+02 1.76131936e+02 1.89235245e+02 1.88788166e+02 1.87733560e+02 1.86415334e+02 1.81748561e+02 1.88607346e+02 1.88545562e+02 1.81121119e+02 1.80980585e+02 1.88349995e+02 1.80419051e+02 1.87768886e+02 1.80843848e+02 1.83916983e+02 1.76349935e+02 1.96722703e+02 1.96189993e+02 1.94478431e+02 1.92504317e+02 1.85761442e+02 2.43040284e+02 2.33174592e+02 2.21796674e+02 2.12576300e+02 2.09238507e+02 2.13959116e+02 1.79101515e+02 1.80851259e+02 1.83586845e+02 1.80676425e+02 1.49987610e+02 1.28721345e+02 1.84524667e+02 1.81498222e+02 1.33732743e+02 1.33889274e+02 1.72644130e+02 1.75612712e+02 5.52204997e+01 4.75813226e+01 6.08859104e+01 7.30311076e+01 5.70301872e+01 4.59723187e+01 2.73668948e+01 4.81686168e+01 6.05787069e+01 5.13061369e+01 5.81136855e+01 7.06836719e+01 6.46482948e+01 6.05166874e+01 7.91827203e+01 8.75406782e+01 6.61644757e+01 6.30238339e+01 8.95099674e+01 9.47724122e+01 6.66729033e+01 6.58801742e+01 9.25658447e+01 9.58530605e+01 6.59528613e+01 6.53479364e+01 9.11000299e+01 9.24277430e+01 6.52830361e+01 6.52773186e+01 8.75523973e+01 8.73222191e+01 6.43491009e+01 6.40351738e+01 8.33781563e+01 8.15769225e+01 6.36930802e+01 6.32444907e+01 7.99239074e+01 7.67298899e+01 6.30063483e+01 6.20914191e+01 7.78160887e+01 7.31987971e+01 6.24340223e+01 6.11331056e+01 7.74125534e+01 7.13786483e+01 6.15934130e+01 5.97559385e+01 7.74080605e+01 7.00115566e+01 5.99135764e+01 5.76009360e+01 7.39483074e+01 6.60985042e+01 5.58102134e+01 5.33274185e+01 6.52645325e+01 5.85292361e+01 4.94026547e+01 4.73031058e+01 2.76466360e+02 2.83749361e+02 2.16258016e+02 2.39564603e+02 1.90498938e+02 1.97630422e+02 1.90421254e+02 1.97336230e+02 1.94625070e+02 2.01096203e+02 1.46424021e+02 1.78544612e+02 1.33943369e+02 1.70350486e+02 1.31789967e+02 1.67374713e+02 1.28358357e+02 1.61753349e+02 1.20225529e+02 1.48928788e+02 1.10228500e+02 1.35576445e+02 9.85616562e+01 1.20128008e+02 8.71356928e+01 1.05897682e+02 7.63532673e+01 9.25487785e+01 6.69997460e+01 8.14064534e+01 5.88503049e+01 7.17699264e+01 5.16248593e+01 6.34817011e+01 4.48592134e+01 5.57102718e+01 3.86508883e+01 4.83581275e+01 3.39525080e+01 4.20170643e+01 2.46327258e+02 2.22773194e+02 2.05244645e+02 1.80691409e+02 1.77934076e+02 1.71310084e+02 1.79654669e+02 1.39779672e+02 1.68319701e+02 6.77633565e+01 6.80667636e+01 6.56886844e+01 2.77410886e+01 6.52528211e+01 4.70365405e+01 6.63741025e+01 6.71773086e+01 6.69441296e+01 7.83104974e+01 6.68221748e+01 8.26880510e+01 6.59779778e+01 8.28115134e+01 6.51770923e+01 8.08499266e+01 6.43354865e+01 7.82632036e+01 6.37801864e+01 7.62767442e+01 6.33287928e+01 7.55907456e+01 6.30658455e+01 7.66480412e+01 6.26901693e+01 7.82758094e+01 6.15427111e+01 7.61166103e+01 5.77851159e+01 6.75077930e+01 5.13388753e+01 2.72631316e+02 2.05519345e+02 1.95086295e+02 1.96110781e+02 1.82277133e+02 1.29457434e+02 1.12825693e+02 1.09527523e+02 1.07217396e+02 1.01775806e+02 9.45157413e+01 8.59218045e+01 7.73329190e+01 6.91969410e+01 6.21071635e+01 5.59173421e+01 5.03163538e+01 4.48931966e+01 3.99309779e+01 3.70423329e+01 2.45194599e+02 2.17002989e+02 2.01590973e+02 1.83377404e+02 1.72879502e+02 1.81349733e+02 1.72252164e+02 1.51259429e+02 1.68967715e+02 8.43767953e+01 8.66922012e+01 7.47321074e+01 4.92507237e+01 6.94057300e+01 4.69691619e+01 6.81102061e+01 5.86594278e+01 6.73345709e+01 6.76993407e+01 6.66932605e+01 7.21533145e+01 6.56816042e+01 7.32434302e+01 6.48144551e+01 7.25503236e+01 6.40581424e+01 7.13470931e+01 6.35971371e+01 7.06532714e+01 6.33375748e+01 7.11768258e+01 6.33163787e+01 7.34632565e+01 6.33184702e+01 7.67123675e+01 6.26611846e+01 7.62956713e+01 5.93768639e+01 6.84672530e+01 5.31934554e+01 2.56156914e+02 1.97253470e+02 2.02023253e+02 2.00260671e+02 1.64522315e+02 1.18913306e+02 1.00802595e+02 9.60558033e+01 9.44074362e+01 9.07328220e+01 8.55684342e+01 7.93239915e+01 7.30038549e+01 6.70290906e+01 6.18517459e+01 5.74199952e+01 5.34363892e+01 4.94675239e+01 4.58939980e+01 4.47984519e+01 2.38381037e+02 2.07711772e+02 1.97913892e+02 1.86222786e+02 1.71591769e+02 1.83160433e+02 1.67177514e+02 1.61658117e+02 1.72930024e+02 1.00012174e+02 1.08044297e+02 8.36773753e+01 7.18491022e+01 7.44457311e+01 5.75600594e+01 7.07016672e+01 5.79381496e+01 6.85526832e+01 6.21438263e+01 6.71088471e+01 6.51055266e+01 6.58129651e+01 6.62393157e+01 6.47550436e+01 6.62032324e+01 6.39925441e+01 6.59257761e+01 6.35343314e+01 6.61377224e+01 6.33669109e+01 6.74979974e+01 6.34686390e+01 7.06516291e+01 6.37155004e+01 7.54036235e+01 6.34812843e+01 7.70478294e+01 6.07733257e+01 7.03478554e+01 5.51106710e+01 2.30714028e+02 1.92545770e+02 1.98977657e+02 2.00823268e+02 1.52855385e+02 1.13612667e+02 9.32986453e+01 8.64012523e+01 8.42855266e+01 8.16832306e+01 7.81773363e+01 7.39928504e+01 6.97377269e+01 6.57739538e+01 6.23986819e+01 5.96841680e+01 5.74335367e+01 5.51924897e+01 5.33420706e+01 5.42369941e+01 2.24410195e+02 1.97811983e+02 1.94994183e+02 1.89308511e+02 1.71765404e+02 1.79014005e+02 1.64261358e+02 1.66858596e+02 1.76909387e+02 1.15046827e+02 1.29206184e+02 9.17361168e+01 9.29841202e+01 7.98863912e+01 7.26001306e+01 7.35639304e+01 6.37019783e+01 7.01821547e+01 6.18435700e+01 6.77872176e+01 6.18592410e+01 6.61673116e+01 6.20591387e+01 6.48470274e+01 6.19885273e+01 6.40234816e+01 6.21236816e+01 6.34992683e+01 6.28105107e+01 6.33386233e+01 6.46108933e+01 6.34558342e+01 6.82322336e+01 6.38271650e+01 7.43086173e+01 6.39757340e+01 7.84149443e+01 6.19936530e+01 7.31824921e+01 5.71715481e+01 2.05699667e+02 1.91261885e+02 1.87753512e+02 1.92720671e+02 1.48802550e+02 1.12878629e+02 9.02601707e+01 8.14318817e+01 7.79333311e+01 7.58057222e+01 7.33350402e+01 7.07638703e+01 6.81498734e+01 6.58454368e+01 6.39822438e+01 6.27760707e+01 6.22174790e+01 6.18771974e+01 6.19588880e+01 6.48884307e+01 2.09501293e+02 1.92382293e+02 1.92849481e+02 1.89429963e+02 1.72220364e+02 1.73634253e+02 1.64291037e+02 1.69454495e+02 1.75672021e+02 1.30546916e+02 1.49678611e+02 9.86078047e+01 1.12777972e+02 8.54448623e+01 8.86296987e+01 7.67497056e+01 7.35424101e+01 7.21387353e+01 6.61300166e+01 6.87835558e+01 6.25143417e+01 6.67491782e+01 6.09459657e+01 6.51206563e+01 6.01447552e+01 6.41639907e+01 6.01153943e+01 6.35081953e+01 6.07968115e+01 6.32640471e+01 6.26060279e+01 6.32926261e+01 6.62605776e+01 6.36610657e+01 7.33577560e+01 6.41451416e+01 8.04384968e+01 6.30425493e+01 7.70993533e+01 5.94008880e+01 1.91262759e+02 1.77635887e+02 1.77041213e+02 1.84602709e+02 1.48964837e+02 1.15286195e+02 9.15716765e+01 8.08153520e+01 7.55979885e+01 7.32526679e+01 7.11878189e+01 6.96535592e+01 6.81795099e+01 6.70948144e+01 6.64056621e+01 6.64438123e+01 6.74622866e+01 6.91862171e+01 7.14901213e+01 7.65664308e+01 2.05561047e+02 2.14193732e+02 1.82258543e+02 1.84817134e+02 2.08945190e+02 2.14924878e+02 1.77629288e+02 1.79040740e+02 1.78530005e+02 1.80156738e+02 1.23093653e+02 1.19070021e+02 1.71224605e+02 1.73439525e+02 1.09869614e+02 8.01829134e+01 1.98968954e+02 2.01829007e+02 5.36996313e+01 4.80816819e+01 1.23107641e+02 1.41341178e+02 5.18488838e+01 6.10473724e+01 7.38940563e+01 7.51595460e+01 6.12995765e+01 6.43269851e+01 7.40202886e+01 7.42130194e+01 6.59314032e+01 6.58623338e+01 8.52896423e+01 9.00995486e+01 6.89840664e+01 6.76988277e+01 9.19983766e+01 1.00564003e+02 7.08217698e+01 6.80793533e+01 9.35778977e+01 1.04218468e+02 7.09406078e+01 6.81182455e+01 9.11767512e+01 1.03023757e+02 6.94584114e+01 6.68034755e+01 8.65933847e+01 9.88133997e+01 6.72590936e+01 6.53090195e+01 8.09933620e+01 9.31393869e+01 6.48680278e+01 6.34618005e+01 7.54882094e+01 8.71587668e+01 6.23443084e+01 6.14718306e+01 7.05426696e+01 8.14777444e+01 5.97910928e+01 5.91262741e+01 6.63921021e+01 7.62808530e+01 5.68310625e+01 5.61732960e+01 6.24241976e+01 7.10112001e+01 5.31398212e+01 5.22522599e+01 5.75079489e+01 6.46627439e+01 4.79934252e+01 4.69425281e+01 5.15339787e+01 5.74987876e+01 4.22986985e+01 4.13070355e+01 2.23568917e+02 2.20306717e+02 2.26354433e+02 2.16304512e+02 2.28206198e+02 2.09792637e+02 2.06868533e+02 1.89061004e+02 1.96384131e+02 1.89402836e+02 1.90328545e+02 1.88519081e+02 1.90444811e+02 1.83616954e+02 1.90447742e+02 1.77779003e+02 1.82489011e+02 1.66724380e+02 1.66323502e+02 1.52944670e+02 1.48228693e+02 1.36786047e+02 1.31305491e+02 1.21117044e+02 1.15585916e+02 1.05832666e+02 1.01852128e+02 9.20247251e+01 9.03190252e+01 7.99768380e+01 8.06964786e+01 6.99108788e+01 7.25202742e+01 6.16659297e+01 6.51859528e+01 5.51146313e+01 5.87238685e+01 5.03481567e+01 5.36595799e+01 4.73524683e+01 2.01361388e+02 1.84893473e+02 2.08972839e+02 1.80845171e+02 1.76423796e+02 1.28892138e+02 1.72497720e+02 1.20192050e+02 1.91332970e+02 5.69547123e+01 1.14166575e+02 4.82519042e+01 7.16899883e+01 5.92590029e+01 7.46937627e+01 6.72085318e+01 8.42307138e+01 7.07700098e+01 8.94350752e+01 7.34774049e+01 9.01332506e+01 7.30225403e+01 8.70359563e+01 7.13414784e+01 8.21550681e+01 6.85065173e+01 7.64260026e+01 6.57431306e+01 7.10304144e+01 6.28444760e+01 6.63644447e+01 6.01741102e+01 6.26974067e+01 5.72346460e+01 5.93605577e+01 5.37322019e+01 5.50361218e+01 4.87863152e+01 4.95478769e+01 4.31594539e+01 2.26628719e+02 2.25452454e+02 2.34850070e+02 2.10076321e+02 1.98414159e+02 1.91102462e+02 1.92169815e+02 1.94096476e+02 1.89688939e+02 1.72957243e+02 1.55203329e+02 1.37465901e+02 1.21439363e+02 1.07198511e+02 9.54480398e+01 8.55488025e+01 7.71101189e+01 6.92987335e+01 6.20898549e+01 5.59997832e+01 2.02907503e+02 1.90848289e+02 2.07099122e+02 1.77145720e+02 1.76729268e+02 1.33405276e+02 1.73864947e+02 1.30559130e+02 1.84495451e+02 5.75068583e+01 1.06694608e+02 4.53262432e+01 6.79829618e+01 5.54864951e+01 7.46945209e+01 6.65345587e+01 8.39920420e+01 6.98176648e+01 8.84815449e+01 7.33905031e+01 8.87821645e+01 7.24775243e+01 8.51901764e+01 7.09875172e+01 8.01571004e+01 6.80041835e+01 7.43131699e+01 6.53353274e+01 6.90587176e+01 6.24839519e+01 6.46381077e+01 6.00017332e+01 6.14276300e+01 5.73071097e+01 5.85998094e+01 5.41106819e+01 5.46218590e+01 4.94095469e+01 4.92104652e+01 4.38298068e+01 2.40663752e+02 2.27592121e+02 2.30792014e+02 2.14025773e+02 1.99619350e+02 1.92585305e+02 1.93312820e+02 1.95059485e+02 1.90995546e+02 1.73673625e+02 1.56727153e+02 1.38677639e+02 1.22908371e+02 1.08639870e+02 9.70927981e+01 8.72413309e+01 7.88038263e+01 7.07392454e+01 6.29799123e+01 5.60384566e+01 2.16292816e+02 2.00073092e+02 2.08888289e+02 1.77852814e+02 1.76788537e+02 1.36039794e+02 1.75872997e+02 1.41604033e+02 1.78638826e+02 5.70473036e+01 9.78482058e+01 4.26625501e+01 6.31946360e+01 5.11309433e+01 7.31487379e+01 6.50400047e+01 8.35003433e+01 6.84835495e+01 8.78644716e+01 7.27566859e+01 8.81250955e+01 7.16617333e+01 8.42564753e+01 7.04686541e+01 7.91916999e+01 6.75468270e+01 7.33091331e+01 6.51503514e+01 6.82196682e+01 6.24851804e+01 6.40603123e+01 6.03016054e+01 6.12946653e+01 5.79057679e+01 5.89379199e+01 5.50373531e+01 5.51881812e+01 5.05215784e+01 4.95990246e+01 4.48755695e+01 2.62667307e+02 2.36672664e+02 2.23558991e+02 2.15881035e+02 2.00563711e+02 1.94235065e+02 1.94117262e+02 1.93829683e+02 1.88676295e+02 1.71251776e+02 1.54992656e+02 1.37217131e+02 1.21750515e+02 1.07679872e+02 9.63094591e+01 8.65751747e+01 7.81578370e+01 6.99883975e+01 6.19084667e+01 5.44546628e+01 2.26439030e+02 2.07452779e+02 2.10457083e+02 1.82163433e+02 1.77153336e+02 1.34157532e+02 1.77445822e+02 1.45570106e+02 1.75101362e+02 5.36550827e+01 8.69712070e+01 4.12102321e+01 5.72137736e+01 4.72657316e+01 7.12243858e+01 6.17846363e+01 8.36873468e+01 6.51518931e+01 8.87162527e+01 6.96093738e+01 8.92278709e+01 6.86610589e+01 8.54377587e+01 6.81599857e+01 8.04499040e+01 6.58350666e+01 7.46810200e+01 6.41736675e+01 6.98168001e+01 6.20897582e+01 6.59967948e+01 6.04683436e+01 6.37141469e+01 5.85224784e+01 6.18339116e+01 5.60330873e+01 5.81536855e+01 5.16804861e+01 5.19405949e+01 4.59076717e+01 2.77769369e+02 2.45350872e+02 2.13074882e+02 2.14680672e+02 2.01260287e+02 1.93928114e+02 1.91881265e+02 1.86828902e+02 1.79812772e+02 1.62948895e+02 1.47763793e+02 1.30793185e+02 1.16207027e+02 1.02745675e+02 9.19602092e+01 8.25937144e+01 7.44653371e+01 6.64496837e+01 5.84157561e+01 5.10054779e+01 1.61362844e+02 1.65015091e+02 1.87432925e+02 1.87381865e+02 1.17795586e+02 1.03436603e+02 7.72497561e+01 7.03788999e+01 1.88600586e+02 1.81215265e+02 3.31053377e+01 2.61323053e+01 1.82799915e+02 1.85704877e+02 7.61044415e+01 6.92986252e+01 1.85148650e+02 1.84167418e+02 9.69572102e+01 9.45103374e+01 2.02748106e+02 1.99348434e+02 1.24109513e+02 1.21006241e+02 2.16986735e+02 2.12390208e+02 1.18385798e+02 1.11805088e+02 2.13753671e+02 2.22415198e+02 1.30694448e+02 1.29102476e+02 1.44407905e+02 1.56767443e+02 8.92144032e+01 9.30628034e+01 9.86296969e+01 1.07705631e+02 5.56821641e+01 5.53135454e+01 8.04959780e+01 8.53381164e+01 5.35525515e+01 5.17171186e+01 7.60656910e+01 7.83973226e+01 5.22259704e+01 5.09474088e+01 7.49847620e+01 7.56195078e+01 4.86497012e+01 4.75285841e+01 7.37740396e+01 7.34892696e+01 4.45720627e+01 4.35938318e+01 7.11971455e+01 7.05041693e+01 4.01121866e+01 3.91686658e+01 6.70123207e+01 6.61626195e+01 3.60067846e+01 3.50749237e+01 6.16099703e+01 6.07148931e+01 3.23354985e+01 3.13833519e+01 5.54708337e+01 5.45463161e+01 2.94146634e+01 2.84644814e+01 4.90760714e+01 4.81096583e+01 2.72921696e+01 2.63965588e+01 4.37009197e+01 4.28025057e+01 2.65063135e+01 2.58702570e+01 1.72737415e+02 1.73973978e+02 1.81955577e+02 1.90350726e+02 1.99442106e+02 1.72134249e+02 1.93976538e+02 1.79632002e+02 1.89384884e+02 1.95977140e+02 1.63884236e+02 1.64914362e+02 1.70580639e+02 1.70585828e+02 1.65341036e+02 1.65283642e+02 1.78118300e+02 1.77030703e+02 1.80713758e+02 1.85382224e+02 1.42479200e+02 1.48051851e+02 1.07885256e+02 1.13188757e+02 7.82648314e+01 8.26568414e+01 5.47371782e+01 5.84124043e+01 3.64434759e+01 3.93972136e+01 2.25398813e+01 2.48534883e+01 1.20815419e+01 1.37197816e+01 5.33371853e+00 5.59808605e+00 6.74548940e+00 4.96731412e+00 1.21125439e+01 1.08207230e+01 1.59118128e+02 1.88149095e+02 1.69967117e+02 1.00085777e+02 1.96768090e+02 6.55038346e+01 1.80439924e+02 9.84001739e+01 1.91251346e+02 1.29661987e+02 2.12671974e+02 1.28682098e+02 2.26377791e+02 1.35606844e+02 1.95996193e+02 1.31364763e+02 1.18546525e+02 8.13771087e+01 7.91038473e+01 5.83708918e+01 7.08065345e+01 5.86907182e+01 7.31510992e+01 5.63598030e+01 7.63988952e+01 5.25924251e+01 7.74506133e+01 4.82962700e+01 7.57691536e+01 4.38169414e+01 7.18078219e+01 3.96583778e+01 6.62884314e+01 3.59521397e+01 5.99604664e+01 3.28950956e+01 5.33644999e+01 3.04995087e+01 4.77417838e+01 2.92073965e+01 1.71578313e+02 1.72289968e+02 1.95840601e+02 1.95948425e+02 1.68307656e+02 1.69807354e+02 1.69860840e+02 1.66390533e+02 1.80588103e+02 1.70412385e+02 1.29424163e+02 9.54405679e+01 6.79545092e+01 4.63341657e+01 3.00145610e+01 1.81105452e+01 1.03895488e+01 8.39661503e+00 1.14831091e+01 1.58935360e+01 1.70997988e+02 1.95559237e+02 2.13944643e+02 1.32256319e+02 1.82791239e+02 1.31070358e+02 1.84165301e+02 1.47970066e+02 2.01797653e+02 1.43929912e+02 2.22718265e+02 1.44505654e+02 2.34211642e+02 1.49067289e+02 1.62775497e+02 1.21758358e+02 8.63151616e+01 7.28253773e+01 5.78521395e+01 6.36442221e+01 6.27936808e+01 6.39802748e+01 7.30582841e+01 6.08019041e+01 8.01470139e+01 5.68627440e+01 8.28570649e+01 5.23945384e+01 8.15598507e+01 4.79021770e+01 7.74112433e+01 4.36257914e+01 7.14172997e+01 3.97673206e+01 6.45871675e+01 3.64364601e+01 5.75404474e+01 3.36690257e+01 5.15713789e+01 3.18554971e+01 1.71208490e+02 1.63581940e+02 1.74723081e+02 1.69639246e+02 1.70046701e+02 1.71463562e+02 1.67909878e+02 1.69179642e+02 1.84925616e+02 1.51464930e+02 1.13248593e+02 8.13456633e+01 5.68851006e+01 3.84278273e+01 2.54058233e+01 1.72115408e+01 1.38151298e+01 1.44435712e+01 1.70681671e+01 2.02298726e+01 2.00284238e+02 2.01327817e+02 2.06055316e+02 1.68426442e+02 1.84746980e+02 1.62803436e+02 1.91974997e+02 1.64471493e+02 2.11674668e+02 1.57955114e+02 2.26488870e+02 1.53343312e+02 2.06969428e+02 1.47907740e+02 1.19843771e+02 1.01949672e+02 5.25584003e+01 7.26657708e+01 4.28809136e+01 6.92479984e+01 6.14348373e+01 6.79008016e+01 7.71526350e+01 6.45353919e+01 8.60119701e+01 6.05508401e+01 8.90644416e+01 5.60813137e+01 8.74703284e+01 5.16267518e+01 8.27352519e+01 4.72492563e+01 7.60120393e+01 4.31677594e+01 6.84360221e+01 3.94638838e+01 6.07357306e+01 3.62349957e+01 5.43115244e+01 3.39054465e+01 1.72904644e+02 1.70066332e+02 1.70798016e+02 1.72184516e+02 1.71997914e+02 1.71228336e+02 1.64209976e+02 1.72920477e+02 1.69770722e+02 1.32340403e+02 9.79124031e+01 7.02528735e+01 4.98706209e+01 3.56985399e+01 2.66869159e+01 2.18899145e+01 2.03127727e+01 2.08348283e+01 2.24024635e+01 2.43068133e+01 2.06428530e+02 1.91776763e+02 1.93159660e+02 1.75610946e+02 1.88626950e+02 1.68415198e+02 1.97456288e+02 1.68191503e+02 2.13512423e+02 1.59624980e+02 2.24303794e+02 1.48540066e+02 1.82672665e+02 1.40712192e+02 8.31959281e+01 8.80134972e+01 2.39996026e+01 7.27727306e+01 4.09079133e+01 7.24563538e+01 6.70359744e+01 7.04620413e+01 8.39304981e+01 6.72047401e+01 9.25323707e+01 6.33260739e+01 9.48608366e+01 5.90728786e+01 9.25801088e+01 5.47611254e+01 8.71670504e+01 5.03947755e+01 7.97704684e+01 4.61153391e+01 7.14626572e+01 4.20125538e+01 6.30380237e+01 3.82414418e+01 5.60262712e+01 3.53490810e+01 1.77175815e+02 1.74820616e+02 1.74039977e+02 1.75511490e+02 1.73166533e+02 1.69723603e+02 1.61070323e+02 1.77910960e+02 1.61875838e+02 1.18838502e+02 8.80330276e+01 6.55073234e+01 4.98213292e+01 3.94516296e+01 3.28346159e+01 2.89353867e+01 2.70310830e+01 2.65958730e+01 2.70307658e+01 2.77848287e+01 2.01056386e+02 1.87672748e+02 1.91945375e+02 1.77389769e+02 1.93158148e+02 1.71900400e+02 1.98575351e+02 1.66288398e+02 2.10143091e+02 1.49753783e+02 2.22303429e+02 1.40287496e+02 1.53231190e+02 1.13449572e+02 5.47799089e+01 7.97445304e+01 1.74939126e+01 7.44590453e+01 5.13232708e+01 7.41437076e+01 7.66650362e+01 7.18136620e+01 9.15546305e+01 6.88031016e+01 9.84568745e+01 6.51853785e+01 9.94634707e+01 6.13161901e+01 9.63637369e+01 5.72956734e+01 9.04455452e+01 5.31028228e+01 8.26892993e+01 4.87527528e+01 7.39370870e+01 4.43176985e+01 6.49006811e+01 3.99778571e+01 5.72006523e+01 3.64539166e+01 1.83839361e+02 1.79923640e+02 1.78748832e+02 1.78518657e+02 1.72841004e+02 1.65757781e+02 1.69788029e+02 1.79862745e+02 1.46188906e+02 1.11149391e+02 8.55464139e+01 6.79311585e+01 5.57135748e+01 4.70109546e+01 4.06262294e+01 3.60385768e+01 3.30380248e+01 3.14520045e+01 3.08625307e+01 3.06804951e+01 1.91518112e+02 1.87398160e+02 1.95683541e+02 1.78471227e+02 1.96263218e+02 1.72809536e+02 1.94556958e+02 1.55565631e+02 2.05290322e+02 1.34594027e+02 2.04184177e+02 1.30976608e+02 1.20171412e+02 8.98001081e+01 3.93826780e+01 7.53374333e+01 3.78116370e+01 7.46460949e+01 6.69574381e+01 7.42335436e+01 8.75198196e+01 7.21803880e+01 9.88433435e+01 6.94011915e+01 1.03167138e+02 6.62366427e+01 1.02567935e+02 6.28381485e+01 9.86350541e+01 5.92699609e+01 9.24893623e+01 5.54108674e+01 8.48112958e+01 5.11779890e+01 7.61037065e+01 4.65514317e+01 6.67828450e+01 4.16876228e+01 5.84287400e+01 3.74763569e+01 1.93626736e+02 1.85262349e+02 1.84502549e+02 1.80184915e+02 1.71594954e+02 1.61523734e+02 1.77954865e+02 1.70899139e+02 1.38701535e+02 1.10154163e+02 8.99992937e+01 7.56736638e+01 6.47263244e+01 5.58196427e+01 4.84416218e+01 4.25455181e+01 3.82148259e+01 3.54673093e+01 3.40110065e+01 3.31759345e+01 1.95434881e+02 1.90546778e+02 2.02951195e+02 1.78038607e+02 1.95739533e+02 1.67900457e+02 1.88563472e+02 1.39829892e+02 2.00857097e+02 1.19327602e+02 1.84620989e+02 9.43012423e+01 9.45562100e+01 7.88933459e+01 4.51894634e+01 7.12358809e+01 6.08015728e+01 7.38457421e+01 8.39953535e+01 7.34197291e+01 9.85895826e+01 7.18970069e+01 1.05652497e+02 6.93654240e+01 1.06927801e+02 6.67394153e+01 1.04531317e+02 6.38319635e+01 9.97565411e+01 6.08122841e+01 9.35951444e+01 5.74118080e+01 8.64046819e+01 5.34954259e+01 7.82855015e+01 4.88887729e+01 6.91593591e+01 4.36539359e+01 6.03724031e+01 3.87959533e+01 2.05517186e+02 1.89740454e+02 1.90875018e+02 1.81310172e+02 1.66333866e+02 1.75529824e+02 1.81760306e+02 1.68006211e+02 1.36073668e+02 1.14493040e+02 9.81854723e+01 8.52720651e+01 7.39884624e+01 6.40001513e+01 5.52335034e+01 4.79464606e+01 4.23146032e+01 3.84842312e+01 3.63268608e+01 3.51595845e+01 2.05166073e+02 1.91796334e+02 2.13603014e+02 1.77058868e+02 1.87065595e+02 1.43162544e+02 1.82110484e+02 1.19511259e+02 1.99895707e+02 8.13360910e+01 1.68791652e+02 7.36499355e+01 7.89332408e+01 6.98417902e+01 6.16852623e+01 6.86660994e+01 8.00751441e+01 7.18744573e+01 9.70340005e+01 7.14737276e+01 1.05719649e+02 7.05067021e+01 1.08409736e+02 6.84577822e+01 1.06695675e+02 6.64343004e+01 1.02554212e+02 6.41200466e+01 9.71072213e+01 6.17176820e+01 9.11860529e+01 5.88999450e+01 8.49430932e+01 5.54748202e+01 7.80806554e+01 5.11257853e+01 6.99350306e+01 4.57260570e+01 6.14128515e+01 4.03289252e+01 2.15153325e+02 1.95048282e+02 1.97556167e+02 1.78860678e+02 1.73347992e+02 1.84283338e+02 1.82227233e+02 1.66449074e+02 1.43798072e+02 1.27304688e+02 1.12633140e+02 9.91558603e+01 8.62299965e+01 7.43955203e+01 6.38588988e+01 5.50185062e+01 4.80091417e+01 4.30152397e+01 4.00629769e+01 3.85640837e+01 1.51566946e+02 1.66137789e+02 1.92583388e+02 1.83768669e+02 1.77915211e+02 1.73314150e+02 1.84241072e+02 1.77979077e+02 1.70856449e+02 1.75084903e+02 1.71755572e+02 1.72283260e+02 1.73086158e+02 1.77228292e+02 1.70642009e+02 1.71651905e+02 1.80569315e+02 1.81257743e+02 1.69450940e+02 1.72498135e+02 1.71365367e+02 1.84064832e+02 1.48780727e+02 1.58293801e+02 1.47245064e+02 1.72867129e+02 1.13741201e+02 1.20695252e+02 1.27291576e+02 1.54962584e+02 9.40608932e+01 9.74426098e+01 1.13391737e+02 1.38479613e+02 8.39481436e+01 8.68533384e+01 1.04456592e+02 1.27919023e+02 7.69001697e+01 7.87521011e+01 9.78916055e+01 1.19588854e+02 7.22441661e+01 7.33110985e+01 9.31839292e+01 1.13259126e+02 6.87471687e+01 6.90236406e+01 8.97689492e+01 1.08402226e+02 6.62074424e+01 6.58526675e+01 8.78556506e+01 1.05355185e+02 6.40405021e+01 6.30261814e+01 8.74185275e+01 1.04267431e+02 6.22433701e+01 6.06073218e+01 8.92628872e+01 1.05398670e+02 6.05317043e+01 5.81566646e+01 9.43978918e+01 1.11604735e+02 5.92193241e+01 5.60970559e+01 1.05770890e+02 1.23807733e+02 5.86655999e+01 5.42337204e+01 1.34132275e+02 1.36508030e+02 6.36566636e+01 6.90106916e+01 1.11598292e+02 9.34897201e+01 1.03717499e+02 1.37703030e+02 1.80651411e+02 1.78315820e+02 1.81176889e+02 1.76509297e+02 1.73498475e+02 1.71876168e+02 1.68213646e+02 1.66750903e+02 1.68623106e+02 1.65477274e+02 1.70190589e+02 1.65608689e+02 1.79509111e+02 1.72741420e+02 1.60397763e+02 1.58743200e+02 1.34493985e+02 1.32676065e+02 1.14009660e+02 1.13039020e+02 9.84213824e+01 9.76834672e+01 8.67990854e+01 8.58383486e+01 7.80514553e+01 7.64935101e+01 7.16057386e+01 6.93398918e+01 6.66247001e+01 6.34306859e+01 6.32635295e+01 5.92752784e+01 6.12929716e+01 5.64502792e+01 6.41951876e+01 5.81368738e+01 8.77467409e+01 8.14789210e+01 1.34803143e+02 1.45012951e+02 1.62970122e+02 2.05298969e+02 1.18660534e+02 1.86251941e+02 1.69538210e+02 1.71117134e+02 1.71907799e+02 1.70077099e+02 1.75962450e+02 1.65582517e+02 1.52109694e+02 1.38581227e+02 1.26771671e+02 1.06704028e+02 1.09747151e+02 9.11133785e+01 9.82093802e+01 8.17280654e+01 9.09598391e+01 7.51541139e+01 8.60272389e+01 7.10711932e+01 8.29352110e+01 6.79838206e+01 8.08909982e+01 6.58598512e+01 8.00294009e+01 6.41007744e+01 8.03397092e+01 6.27343201e+01 8.24923638e+01 6.15796083e+01 8.73292960e+01 6.06020374e+01 9.74277816e+01 6.11894966e+01 1.16060686e+02 6.41232187e+01 1.33060050e+02 7.72158874e+01 1.86521695e+02 1.84905713e+02 1.73296945e+02 1.67547416e+02 1.67934446e+02 1.71848264e+02 1.74686614e+02 1.50606028e+02 1.25068530e+02 1.05732126e+02 9.13149408e+01 8.11547914e+01 7.39096579e+01 6.89497643e+01 6.55062685e+01 6.35125100e+01 6.32476770e+01 6.81795005e+01 8.99949241e+01 1.13485528e+02 2.07805248e+02 1.93819676e+02 9.14952553e+01 1.87361434e+02 1.69096603e+02 1.70458077e+02 1.73032747e+02 1.69879321e+02 1.69288034e+02 1.61201648e+02 1.39364954e+02 1.26436951e+02 1.14676679e+02 1.00451908e+02 9.94733674e+01 8.74390297e+01 8.96820908e+01 7.91975869e+01 8.37043955e+01 7.32286737e+01 7.98578138e+01 6.96644008e+01 7.77760329e+01 6.69658117e+01 7.65104546e+01 6.52037401e+01 7.61839472e+01 6.38094433e+01 7.67999279e+01 6.28153760e+01 7.88118526e+01 6.20834491e+01 8.32037041e+01 6.15417373e+01 9.13574895e+01 6.25911448e+01 1.03916898e+02 6.47888273e+01 1.18654919e+02 6.74554386e+01 1.90803698e+02 1.87441429e+02 1.73079884e+02 1.66559997e+02 1.67413781e+02 1.74952609e+02 1.62964197e+02 1.35660720e+02 1.11451855e+02 9.40616940e+01 8.16065130e+01 7.34052653e+01 6.79439902e+01 6.45842751e+01 6.26435942e+01 6.19784939e+01 6.32913894e+01 6.97108701e+01 8.84859187e+01 9.81671567e+01 1.99874435e+02 1.92438711e+02 1.28930010e+02 1.86987036e+02 1.69386351e+02 1.70228098e+02 1.75602821e+02 1.70853337e+02 1.60310757e+02 1.55704183e+02 1.28291931e+02 1.15006550e+02 1.04489675e+02 9.57291377e+01 9.03115235e+01 8.37767487e+01 8.21495319e+01 7.66824853e+01 7.76132728e+01 7.15546199e+01 7.47463083e+01 6.84988071e+01 7.33813076e+01 6.61912163e+01 7.25521444e+01 6.47510791e+01 7.24308522e+01 6.36644419e+01 7.29903119e+01 6.29937279e+01 7.46258383e+01 6.25846907e+01 7.81716144e+01 6.25061416e+01 8.43066558e+01 6.34733510e+01 9.26223501e+01 6.45481658e+01 1.03616750e+02 6.45054767e+01 1.95641012e+02 1.89545648e+02 1.72924681e+02 1.65841075e+02 1.68074386e+02 1.74654144e+02 1.47264201e+02 1.20283678e+02 9.83206837e+01 8.32838235e+01 7.32274691e+01 6.71484465e+01 6.34353265e+01 6.15184173e+01 6.08129436e+01 6.13248944e+01 6.38056843e+01 7.12021833e+01 8.59192669e+01 8.89412636e+01 1.92920344e+02 1.91280637e+02 1.52401618e+02 1.87572469e+02 1.71336429e+02 1.70948695e+02 1.78517028e+02 1.71682661e+02 1.52920685e+02 1.44065030e+02 1.20333574e+02 1.05954176e+02 9.66823641e+01 9.07827342e+01 8.39590173e+01 8.01929578e+01 7.72074560e+01 7.43142935e+01 7.39760336e+01 7.00610324e+01 7.17464589e+01 6.75257195e+01 7.05976823e+01 6.55710049e+01 6.97163069e+01 6.44043261e+01 6.93570028e+01 6.35612280e+01 6.94771940e+01 6.31442460e+01 7.04634269e+01 6.29918242e+01 7.28701604e+01 6.32182957e+01 7.67877038e+01 6.39753747e+01 8.17548819e+01 6.39045846e+01 8.92362595e+01 6.18614470e+01 2.00977300e+02 1.91148963e+02 1.72633343e+02 1.64940040e+02 1.70897914e+02 1.65786914e+02 1.31030868e+02 1.04571611e+02 8.54892909e+01 7.36937963e+01 6.65930970e+01 6.27995804e+01 6.07082993e+01 5.99555316e+01 6.01513314e+01 6.15239797e+01 6.47806665e+01 7.23958402e+01 8.30511654e+01 8.22540273e+01 2.07823152e+02 2.10132474e+02 1.80437940e+02 1.83143101e+02 1.81302237e+02 1.75877055e+02 1.69848488e+02 1.69357187e+02 1.78418441e+02 1.72383405e+02 1.71895379e+02 1.70398482e+02 1.80749039e+02 1.76216927e+02 1.72630917e+02 1.71185734e+02 1.84566389e+02 1.76773602e+02 1.74409890e+02 1.72047906e+02 1.89765616e+02 1.73416610e+02 1.61708112e+02 1.61002249e+02 1.86603508e+02 1.72805456e+02 1.25990366e+02 1.28505650e+02 1.71401221e+02 1.62003687e+02 1.06527101e+02 1.03925729e+02 1.57189439e+02 1.47675492e+02 9.48380574e+01 9.16349965e+01 1.46453084e+02 1.36536426e+02 8.55754684e+01 8.33535455e+01 1.36837020e+02 1.26543775e+02 7.83063643e+01 7.66829936e+01 1.29171049e+02 1.18232419e+02 7.23985011e+01 7.14026590e+01 1.22844940e+02 1.11518731e+02 6.78729969e+01 6.71960956e+01 1.19176397e+02 1.06994519e+02 6.33612339e+01 6.31388888e+01 1.16434373e+02 1.04288620e+02 6.02627649e+01 6.00444015e+01 1.18878044e+02 1.05072614e+02 5.56418078e+01 5.59393350e+01 1.20804812e+02 1.08337016e+02 5.41295054e+01 5.37255444e+01 1.39187452e+02 1.23036149e+02 4.92891710e+01 4.97445071e+01 1.32225079e+02 1.31451353e+02 6.79774000e+01 5.66665087e+01 1.02583618e+02 1.20929677e+02 1.15670557e+02 8.17760562e+01 1.74761671e+02 1.75507433e+02 1.71349474e+02 1.71505288e+02 1.67503205e+02 1.68078193e+02 1.64258213e+02 1.65754413e+02 1.62389559e+02 1.64307702e+02 1.63191799e+02 1.64008473e+02 1.68053919e+02 1.71015334e+02 1.50201839e+02 1.65394033e+02 1.29668350e+02 1.46544556e+02 1.11548290e+02 1.26514554e+02 9.69316089e+01 1.10212679e+02 8.50758209e+01 9.67759949e+01 7.49818789e+01 8.53687010e+01 6.68514648e+01 7.59001280e+01 5.92266859e+01 6.72012991e+01 5.35128116e+01 6.01553028e+01 4.77254447e+01 5.26249466e+01 4.69157150e+01 5.06872178e+01 6.65379608e+01 5.72857359e+01 1.09465079e+02 1.12158861e+02 1.98458610e+02 1.76964069e+02 1.82728215e+02 1.70820217e+02 1.80184759e+02 1.72995736e+02 1.82078440e+02 1.73489480e+02 1.85985051e+02 1.75114500e+02 1.90417251e+02 1.65069205e+02 1.92689971e+02 1.28689142e+02 1.78878696e+02 1.08950277e+02 1.63627885e+02 9.68751092e+01 1.52115763e+02 8.70291256e+01 1.42296218e+02 7.95328541e+01 1.34449151e+02 7.33634582e+01 1.27955507e+02 6.86473966e+01 1.24279355e+02 6.41295687e+01 1.21456747e+02 6.08212209e+01 1.23898897e+02 5.66543268e+01 1.26215630e+02 5.46147179e+01 1.42719915e+02 5.19212278e+01 1.31643897e+02 7.13948879e+01 9.77250302e+01 1.31751749e+02 1.73943617e+02 1.71360606e+02 1.67540762e+02 1.63819724e+02 1.61630136e+02 1.61538606e+02 1.64893938e+02 1.44813854e+02 1.23295913e+02 1.06183149e+02 9.21033652e+01 8.08509606e+01 7.13788473e+01 6.36717798e+01 5.67649123e+01 5.13012656e+01 4.67720042e+01 4.62229379e+01 6.73222074e+01 1.01751514e+02 1.88361461e+02 1.72909145e+02 1.82751314e+02 1.72170177e+02 1.80873643e+02 1.73500776e+02 1.82447274e+02 1.73744871e+02 1.86673416e+02 1.75426181e+02 1.91029848e+02 1.65578088e+02 1.94025831e+02 1.28262969e+02 1.78904593e+02 1.08482937e+02 1.63449289e+02 9.60332939e+01 1.51980553e+02 8.61738466e+01 1.42503160e+02 7.88113047e+01 1.34924299e+02 7.27408388e+01 1.28801864e+02 6.81419379e+01 1.25162770e+02 6.38522187e+01 1.22913364e+02 6.05253300e+01 1.24606085e+02 5.69355154e+01 1.29046229e+02 5.42619519e+01 1.43444256e+02 5.29610260e+01 1.32053000e+02 7.38016004e+01 1.00487605e+02 1.44672030e+02 1.73367088e+02 1.71866175e+02 1.68059086e+02 1.63823147e+02 1.61570304e+02 1.61388812e+02 1.64319466e+02 1.42235586e+02 1.20546397e+02 1.03592513e+02 8.97237912e+01 7.87095685e+01 6.95875336e+01 6.21121848e+01 5.57041990e+01 5.03550267e+01 4.66824895e+01 4.63700959e+01 6.65505525e+01 1.16668042e+02 1.74526742e+02 1.70740971e+02 1.81472227e+02 1.73724878e+02 1.80673102e+02 1.73727281e+02 1.82112888e+02 1.73754177e+02 1.86526039e+02 1.75515834e+02 1.91242682e+02 1.65087466e+02 1.92582738e+02 1.27810270e+02 1.76043543e+02 1.07494362e+02 1.60042862e+02 9.51835802e+01 1.48864663e+02 8.52432807e+01 1.39826387e+02 7.80925309e+01 1.32631123e+02 7.22003906e+01 1.27007230e+02 6.77686922e+01 1.23445422e+02 6.37595957e+01 1.21829636e+02 6.05017668e+01 1.22924973e+02 5.73441695e+01 1.28959766e+02 5.45153586e+01 1.42901024e+02 5.32544451e+01 1.33419782e+02 7.57046063e+01 1.04307393e+02 1.49402852e+02 1.73283188e+02 1.72449894e+02 1.68509701e+02 1.63854277e+02 1.61601000e+02 1.61679310e+02 1.64086563e+02 1.41685154e+02 1.19286121e+02 1.02364070e+02 8.84803268e+01 7.76234892e+01 6.86864794e+01 6.14747213e+01 5.53709162e+01 5.03020385e+01 4.71885665e+01 4.69430262e+01 6.79067861e+01 1.32691891e+02 1.63823265e+02 1.72359185e+02 1.79973729e+02 1.74914425e+02 1.79475453e+02 1.73502775e+02 1.81369944e+02 1.73492355e+02 1.85885054e+02 1.75776920e+02 1.91427901e+02 1.61069559e+02 1.87401069e+02 1.23485686e+02 1.66672143e+02 1.03588206e+02 1.50867846e+02 9.19711273e+01 1.40723272e+02 8.24651411e+01 1.32443102e+02 7.59174317e+01 1.26048926e+02 7.05503068e+01 1.21079540e+02 6.65625720e+01 1.17889935e+02 6.29910383e+01 1.16817299e+02 6.00053395e+01 1.17648145e+02 5.71240780e+01 1.24523747e+02 5.44717759e+01 1.36719740e+02 5.27293865e+01 1.38161284e+02 7.43813049e+01 1.05099253e+02 1.47117494e+02 1.74804919e+02 1.73492650e+02 1.69390644e+02 1.64385863e+02 1.62561293e+02 1.63516457e+02 1.67111104e+02 1.44601110e+02 1.21532112e+02 1.03948223e+02 8.97242177e+01 7.87101711e+01 6.97358415e+01 6.27029654e+01 5.66693698e+01 5.20592430e+01 4.89385716e+01 4.92869736e+01 7.14371660e+01 1.42463626e+02 1.36491224e+02 1.36183823e+02 7.16151236e+01 6.57835901e+01 1.25930276e+02 1.26366584e+02 7.07789822e+01 6.47290597e+01 1.12725654e+02 1.14036246e+02 7.10705844e+01 6.50626592e+01 9.84707935e+01 1.00614944e+02 7.26000662e+01 6.69704557e+01 8.47067641e+01 8.74851585e+01 7.46121191e+01 6.96483177e+01 7.24512198e+01 7.56902899e+01 7.60332218e+01 7.18667395e+01 6.21146775e+01 6.55506501e+01 7.60128416e+01 7.26470636e+01 5.34202591e+01 5.68694754e+01 7.42094630e+01 7.15336513e+01 4.59302955e+01 4.92606912e+01 7.06825951e+01 6.85664693e+01 3.93046134e+01 4.24557094e+01 6.57860940e+01 6.40881076e+01 3.34403632e+01 3.63866565e+01 5.99927228e+01 5.85902171e+01 2.84008876e+01 3.11424397e+01 5.37804310e+01 5.25798848e+01 2.43082572e+01 2.68361927e+01 4.75658749e+01 4.65080198e+01 2.11871378e+01 2.34626404e+01 4.16774048e+01 4.07312524e+01 1.88510828e+01 2.08179837e+01 3.63607734e+01 3.55109240e+01 1.69454606e+01 1.85783602e+01 3.17866797e+01 3.10125500e+01 1.52151372e+01 1.65259057e+01 2.80651776e+01 2.73309212e+01 1.37853363e+01 1.47145567e+01 2.52438579e+01 2.45144882e+01 1.30262838e+01 1.33196553e+01 2.32937766e+01 2.25835591e+01 1.28306003e+01 1.22035278e+01 2.24126292e+01 2.18146641e+01 1.41243245e+02 1.32046520e+02 1.47987818e+02 1.38493335e+02 1.53961414e+02 1.45109729e+02 1.57809209e+02 1.50349756e+02 1.58876267e+02 1.53146373e+02 1.57003012e+02 1.53023043e+02 1.52331924e+02 1.49967669e+02 1.45351306e+02 1.44277690e+02 1.36557667e+02 1.36510301e+02 1.26585105e+02 1.27305085e+02 1.16050813e+02 1.17304193e+02 1.05492200e+02 1.07064236e+02 9.53110352e+01 9.69960537e+01 8.57481730e+01 8.73471935e+01 7.68878281e+01 7.82266396e+01 6.87012991e+01 6.96891797e+01 6.11526025e+01 6.18595003e+01 5.43901318e+01 5.50679057e+01 4.88935168e+01 4.98722884e+01 4.56721034e+01 4.71587641e+01 1.38536163e+02 8.72978905e+01 1.25523881e+02 8.63612117e+01 1.09418004e+02 8.67548144e+01 9.25505099e+01 8.67509902e+01 7.69661103e+01 8.64293364e+01 6.38239009e+01 8.60084149e+01 5.33222979e+01 8.43357370e+01 4.51495179e+01 8.11403842e+01 3.85659507e+01 7.65788980e+01 3.30368244e+01 7.09399796e+01 2.82577722e+01 6.46298869e+01 2.41859949e+01 5.80606067e+01 2.08960551e+01 5.15676852e+01 1.84088662e+01 4.54100102e+01 1.65520553e+01 3.97837281e+01 1.49631841e+01 3.48638423e+01 1.34426721e+01 3.08231468e+01 1.25788261e+01 2.77946333e+01 1.36279372e+01 2.57258373e+01 1.61239525e+01 2.46124253e+01 1.69002522e+02 1.78358959e+02 1.79230106e+02 1.78413281e+02 1.74620210e+02 1.66521261e+02 1.58584937e+02 1.48797695e+02 1.37912649e+02 1.26356224e+02 1.14669850e+02 1.03328572e+02 9.27107141e+01 8.30796922e+01 7.45710649e+01 6.71291658e+01 6.04419807e+01 5.40847893e+01 4.79782196e+01 4.32778363e+01 1.45702329e+02 1.17484376e+02 1.26898086e+02 1.19344375e+02 1.05791024e+02 1.16427943e+02 8.48429786e+01 1.11948277e+02 6.68193094e+01 1.05573174e+02 5.31026870e+01 9.85816618e+01 4.37522107e+01 9.36611528e+01 3.79416144e+01 8.89968002e+01 3.40771479e+01 8.31449749e+01 3.10350945e+01 7.66114493e+01 2.83462210e+01 6.97182581e+01 2.58833778e+01 6.27996702e+01 2.37076863e+01 5.60819409e+01 2.18089198e+01 4.97253406e+01 1.99918320e+01 4.38136041e+01 1.78159395e+01 3.84534820e+01 1.49555681e+01 3.38484611e+01 1.26380150e+01 3.03537905e+01 1.50027850e+01 2.81733699e+01 2.11113899e+01 2.71011279e+01 1.77727284e+02 1.73166222e+02 1.72705374e+02 1.73067304e+02 1.74825199e+02 1.75461920e+02 1.65967227e+02 1.52856893e+02 1.39502834e+02 1.26165437e+02 1.13197082e+02 1.00938048e+02 8.96684175e+01 7.96230034e+01 7.10539154e+01 6.41594654e+01 5.87869214e+01 5.39454720e+01 4.82295107e+01 4.21157295e+01 1.62209207e+02 1.58647389e+02 1.30292174e+02 1.57589843e+02 1.01598563e+02 1.51919971e+02 7.69118583e+01 1.41973342e+02 5.81931559e+01 1.27238501e+02 4.66693059e+01 1.14476672e+02 4.09980294e+01 1.02714645e+02 3.98698895e+01 9.59907590e+01 3.96125034e+01 8.88561478e+01 3.87978369e+01 8.14809407e+01 3.73928597e+01 7.40840392e+01 3.56300475e+01 6.69412799e+01 3.38016320e+01 6.01627124e+01 3.19607090e+01 5.38121601e+01 2.99436971e+01 4.78260113e+01 2.71519113e+01 4.21622560e+01 2.25224614e+01 3.68660142e+01 1.58403064e+01 3.24774792e+01 1.54047366e+01 2.99381307e+01 2.62506956e+01 2.93608419e+01 1.63470681e+02 1.62334929e+02 1.61837500e+02 1.63037715e+02 1.67390559e+02 1.71307423e+02 1.71262353e+02 1.57216733e+02 1.41541306e+02 1.26546761e+02 1.12462812e+02 9.93939580e+01 8.74502208e+01 7.67087245e+01 6.74185594e+01 6.00536481e+01 5.53590567e+01 5.30418511e+01 5.01125305e+01 4.45848552e+01 1.75222878e+02 1.73530671e+02 1.31304426e+02 1.73193785e+02 9.51385832e+01 1.68945790e+02 7.12630779e+01 1.58439160e+02 5.73629596e+01 1.45974174e+02 5.24434501e+01 1.29480916e+02 5.16639998e+01 1.12168037e+02 5.28994228e+01 1.01028973e+02 5.38853686e+01 9.30366286e+01 5.30171566e+01 8.49653892e+01 5.11071466e+01 7.72169573e+01 4.88249847e+01 7.00396144e+01 4.65950818e+01 6.33969690e+01 4.44861289e+01 5.72823063e+01 4.24203846e+01 5.14976209e+01 3.97811568e+01 4.58907813e+01 3.50909227e+01 4.01139372e+01 2.51115512e+01 3.44457276e+01 1.44529917e+01 3.06530801e+01 3.00623735e+01 3.10526356e+01 1.66077305e+02 1.63939032e+02 1.62614659e+02 1.61428212e+02 1.62263909e+02 1.66861476e+02 1.70979826e+02 1.62602357e+02 1.44390934e+02 1.27838789e+02 1.12873480e+02 9.92251582e+01 8.68004282e+01 7.54200786e+01 6.51606795e+01 5.62942919e+01 5.02715470e+01 4.95062944e+01 5.26245022e+01 5.19093736e+01 1.86016206e+02 1.72086006e+02 1.36694753e+02 1.72136018e+02 9.80889864e+01 1.73114969e+02 7.61737353e+01 1.70223388e+02 7.05632123e+01 1.56975177e+02 6.98992471e+01 1.40322614e+02 7.16669021e+01 1.20495320e+02 7.18826456e+01 1.04890038e+02 7.14797731e+01 9.55704559e+01 6.89286130e+01 8.69806445e+01 6.56082564e+01 7.90850618e+01 6.22683261e+01 7.20761312e+01 5.93225996e+01 6.57429806e+01 5.68250229e+01 6.00443481e+01 5.48570680e+01 5.46535707e+01 5.29162445e+01 4.94993095e+01 5.00642872e+01 4.38268466e+01 4.14536669e+01 3.71949643e+01 2.08100048e+01 3.05855433e+01 3.13371556e+01 3.10591683e+01 1.67694784e+02 1.64736342e+02 1.63403803e+02 1.62363833e+02 1.61818055e+02 1.64751648e+02 1.71344596e+02 1.65553975e+02 1.47940151e+02 1.29971789e+02 1.14302062e+02 1.00287353e+02 8.76615743e+01 7.59669432e+01 6.51032987e+01 5.47738833e+01 4.58402897e+01 4.25677340e+01 5.23502201e+01 6.58758496e+01 1.89035751e+02 1.74160695e+02 1.38500363e+02 1.71247359e+02 1.19472573e+02 1.69995646e+02 1.03547654e+02 1.71439478e+02 9.48407112e+01 1.65006627e+02 9.42926228e+01 1.47730406e+02 9.49706696e+01 1.26574929e+02 9.27357363e+01 1.07201312e+02 8.92674586e+01 9.64164756e+01 8.43977809e+01 8.75857022e+01 7.94083312e+01 7.97878192e+01 7.48227849e+01 7.31488874e+01 7.10161385e+01 6.72646708e+01 6.80313251e+01 6.21000779e+01 6.61450639e+01 5.71892179e+01 6.49606598e+01 5.26807309e+01 6.47680292e+01 4.76421972e+01 6.18439959e+01 4.15407365e+01 4.24321510e+01 3.14260769e+01 4.04635295e+01 2.84260766e+01 1.69349773e+02 1.65924108e+02 1.64671782e+02 1.63727507e+02 1.62859172e+02 1.64813212e+02 1.70351893e+02 1.69710179e+02 1.51850979e+02 1.32697340e+02 1.16378693e+02 1.02121605e+02 8.95055586e+01 7.78543795e+01 6.69937290e+01 5.61291339e+01 4.52307725e+01 3.65241435e+01 4.34847656e+01 8.77169183e+01 1.94112341e+02 1.76634352e+02 1.46413644e+02 1.70374046e+02 1.58834207e+02 1.67351787e+02 1.46362513e+02 1.69529549e+02 1.24917714e+02 1.69042103e+02 1.20218588e+02 1.54716697e+02 1.17557018e+02 1.30999842e+02 1.11892122e+02 1.08552799e+02 1.04735985e+02 9.61148403e+01 9.76872793e+01 8.72613876e+01 9.11813398e+01 7.97974932e+01 8.54067900e+01 7.36417371e+01 8.07469362e+01 6.82999500e+01 7.72677031e+01 6.36850942e+01 7.53364658e+01 5.93213564e+01 7.47556122e+01 5.53984339e+01 7.68816907e+01 5.11557914e+01 8.05528769e+01 4.69953511e+01 7.65048309e+01 3.63312959e+01 7.17267612e+01 2.63570409e+01 1.71501181e+02 1.67523966e+02 1.66274411e+02 1.65364901e+02 1.64619849e+02 1.65447781e+02 1.70721899e+02 1.73045890e+02 1.56164631e+02 1.35957017e+02 1.18965468e+02 1.04470947e+02 9.19176439e+01 8.05294941e+01 7.01175257e+01 5.96138597e+01 4.89653992e+01 3.79714495e+01 3.20271602e+01 1.02766460e+02 2.00151986e+02 1.79576642e+02 1.72990256e+02 1.68064330e+02 1.69720207e+02 1.68644093e+02 1.68961693e+02 1.69626332e+02 1.56248654e+02 1.70908569e+02 1.50428673e+02 1.58605713e+02 1.43896248e+02 1.31919217e+02 1.33496592e+02 1.06903203e+02 1.22477864e+02 9.41593463e+01 1.13277358e+02 8.56886973e+01 1.05026633e+02 7.87440674e+01 9.78789961e+01 7.31724716e+01 9.21572535e+01 6.84863635e+01 8.80473202e+01 6.43675385e+01 8.57654956e+01 6.06564841e+01 8.57111568e+01 5.70472199e+01 8.88894290e+01 5.37053100e+01 9.88793008e+01 5.08671253e+01 1.14195043e+02 4.45623885e+01 1.37872694e+02 4.54133559e+01 1.74436220e+02 1.70099500e+02 1.68255046e+02 1.66880556e+02 1.65888705e+02 1.66476144e+02 1.71751544e+02 1.74718192e+02 1.56403850e+02 1.35663240e+02 1.18346051e+02 1.03914403e+02 9.16390536e+01 8.08618447e+01 7.12089292e+01 6.19255298e+01 5.27565426e+01 4.50381577e+01 4.18283989e+01 1.23669759e+02 5.53255937e+01 5.02857669e+01 4.28250715e+01 4.13744662e+01 4.48808733e+01 4.18043824e+01 3.65464107e+01 3.57786572e+01 3.35061275e+01 3.24433184e+01 2.97463834e+01 2.96431568e+01 2.14216945e+01 2.20728672e+01 2.21196038e+01 2.25430508e+01 3.06650597e+01 3.76123160e+01 2.86277067e+01 3.41185353e+01 2.67610935e+01 3.03776126e+01 2.45673988e+01 2.56004494e+01 5.69379582e+01 4.43241080e+01 4.54731499e+01 3.75236635e+01 3.32321737e+01 3.01837180e+01 2.12340779e+01 2.21574739e+01 3.47180900e+01 3.38385729e+01 3.32031533e+01 3.23147112e+01 5.79318907e+01 4.59956084e+01 4.61154678e+01 3.88909840e+01 3.39420843e+01 3.11875990e+01 2.35671610e+01 2.29007329e+01 4.33823899e+01 4.33115326e+01 4.33160189e+01 4.28117158e+01 6.01660899e+01 4.79275416e+01 4.82424284e+01 4.06622324e+01 3.65887525e+01 3.26965994e+01 2.83205112e+01 2.42013314e+01 5.38071548e+01 5.44973740e+01 5.49803386e+01 5.45341831e+01 6.36091006e+01 5.02142250e+01 5.16722524e+01 4.29147423e+01 4.07694197e+01 3.47356064e+01 3.45808612e+01 2.60000144e+01 6.54345238e+01 6.68660747e+01 6.77618454e+01 6.71678514e+01 6.83560340e+01 5.28798419e+01 5.63425395e+01 4.56425152e+01 4.62688274e+01 3.72317491e+01 4.20514990e+01 2.81331903e+01 7.80990783e+01 8.03185892e+01 8.16964380e+01 8.08450728e+01 4.64250992e+01 5.17290817e+01 3.75809806e+01 3.68114616e+01 4.14878620e+01 4.64534552e+01 3.33773835e+01 3.28975489e+01 3.59561677e+01 4.06498812e+01 2.87970449e+01 2.86917001e+01 2.94783212e+01 3.39497492e+01 2.33866694e+01 2.36775175e+01 4.99822434e+01 4.51336301e+01 4.65252042e+01 4.27588715e+01 4.22947924e+01 3.95160969e+01 3.63821031e+01 3.46319389e+01 4.45031677e+01 3.83550388e+01 3.95126228e+01 3.40039191e+01 3.38743080e+01 2.92004190e+01 2.71774081e+01 2.35060781e+01 5.17001196e+01 4.77392216e+01 4.30445863e+01 3.66103407e+01 4.39293672e+01 3.88896704e+01 3.86164585e+01 3.43486769e+01 3.26025134e+01 2.93024812e+01 2.54525672e+01 2.33166523e+01 5.11851333e+01 4.68476483e+01 4.18607258e+01 3.51813293e+01 4.38857740e+01 3.96744249e+01 3.80513210e+01 3.48318352e+01 3.14938589e+01 2.94607400e+01 2.37635695e+01 2.30955568e+01 4.92542920e+01 4.47505508e+01 3.96846961e+01 3.30502553e+01 4.54048086e+01 4.03997071e+01 3.86955798e+01 3.52409308e+01 3.11921305e+01 2.95232638e+01 2.25738522e+01 2.28068625e+01 4.57916506e+01 4.14462631e+01 3.66607150e+01 3.04643351e+01 4.07438520e+01 3.99348972e+01 2.60780782e+01 2.54906802e+01 3.84827247e+01 3.78377570e+01 2.62298545e+01 2.58190862e+01 3.64935475e+01 3.60603255e+01 2.66509729e+01 2.64555884e+01 3.46011859e+01 3.44711271e+01 2.73236218e+01 2.74047715e+01 1.47267025e+01 1.34407219e+01 1.72845689e+01 1.61944146e+01 1.99700939e+01 1.90806229e+01 2.28194868e+01 2.21486154e+01 4.43285435e+01 2.83587940e+01 4.16811098e+01 2.80273514e+01 3.91664678e+01 2.78551335e+01 3.64875581e+01 2.77565783e+01 1.79516926e+01 2.00040677e+01 2.21509736e+01 2.44294830e+01 4.77828617e+01 3.06041423e+01 4.48713523e+01 2.98225411e+01 4.19810642e+01 2.90836540e+01 3.86970180e+01 2.82095676e+01 2.16695981e+01 2.31002191e+01 2.45783590e+01 2.61316405e+01 5.02585851e+01 3.22923082e+01 4.72005270e+01 3.11456355e+01 4.41193019e+01 2.99556848e+01 4.05275214e+01 2.84567553e+01 2.50944701e+01 2.58703917e+01 2.66413674e+01 2.74123174e+01 5.16934705e+01 3.33633986e+01 4.84806678e+01 3.18864273e+01 4.52590359e+01 3.03142988e+01 4.15069526e+01 2.83104767e+01 2.79578457e+01 2.80971180e+01 2.81564391e+01 2.81177366e+01 5.24698779e+01 3.40396275e+01 4.89669882e+01 3.22046839e+01 4.54911072e+01 3.02418776e+01 4.15153352e+01 2.77553466e+01 3.03183916e+01 2.98776237e+01 2.92415430e+01 2.83473663e+01 5.31469636e+01 3.45539005e+01 4.91386800e+01 3.22881457e+01 4.51595200e+01 2.98748344e+01 4.07070654e+01 2.68579467e+01 3.24109451e+01 3.14944584e+01 3.02231592e+01 2.84403094e+01 5.44292291e+01 3.53146300e+01 4.96998540e+01 3.25274585e+01 4.49072166e+01 2.95648254e+01 3.95892122e+01 2.59244113e+01 3.41712839e+01 3.29497398e+01 3.11970853e+01 2.86162333e+01 5.50589750e+01 3.62731098e+01 4.96758190e+01 3.28811020e+01 4.40072083e+01 2.92766825e+01 3.76511556e+01 2.49207218e+01 3.73792296e+01 3.58540482e+01 3.35976862e+01 3.01049788e+01 9.25060209e+01 7.87953583e+01 1.35512032e+02 1.43187705e+02 9.62315832e+01 8.58819723e+01 1.40984246e+02 1.55309699e+02 1.03529571e+02 1.02804470e+02 1.35091062e+02 1.35248003e+02 1.31877177e+02 1.21115753e+02 6.48882588e+01 7.90319314e+01 1.50279096e+02 1.55976709e+02 1.42529855e+02 1.71107964e+02 1.38097022e+02 1.69384737e+02 1.34570550e+02 1.56685892e+02 1.24611309e+02 7.94481960e+01 1.22428920e+02 8.47789268e+01 1.31723476e+02 7.21579463e+01 1.47090506e+02 4.63879621e+01 1.14024323e+02 9.97172730e+01 9.60906368e+01 1.00993134e+02 1.23823595e+02 6.37675711e+01 1.27988438e+02 5.80645286e+01 1.33769020e+02 4.79937518e+01 1.34104290e+02 3.43762937e+01 9.32892321e+01 7.84425669e+01 7.16681254e+01 7.65036774e+01 1.06713334e+02 5.96156795e+01 1.10382349e+02 5.28078415e+01 1.14017929e+02 4.35730117e+01 1.13491417e+02 3.30049602e+01 8.24956424e+01 6.91476457e+01 6.09074889e+01 6.17357503e+01 9.16131791e+01 5.60740223e+01 9.46488540e+01 4.90014865e+01 9.68270368e+01 4.02861878e+01 9.58427026e+01 3.05978494e+01 7.44748794e+01 6.20498854e+01 5.28301857e+01 5.08309335e+01 9.45266873e+01 1.06392544e+02 1.38465415e+02 1.35764484e+02 1.76174333e+02 1.59678212e+02 1.93062858e+02 1.30209799e+02 1.33380302e+02 1.42890325e+02 1.68838005e+02 1.40245725e+02 1.66001552e+02 1.45341318e+02 4.74225842e+01 4.22139242e+01 1.14558000e+02 1.71523333e+02 1.92312730e+02 8.86916115e+01 1.41165752e+02 1.51933177e+02 1.32957424e+02 1.35837697e+02 9.34840471e+01 1.51655999e+02 1.57642898e+02 1.57755088e+02 1.31073943e+02 1.67736382e+02 1.64219765e+02 5.84725177e+01 1.69180062e+02 1.40849621e+02 1.74468145e+02 1.32256206e+02 7.73738605e+01 1.67156102e+02 1.05815630e+02 1.70302587e+02 1.10864443e+02 1.50758616e+02 1.58370257e+02 6.45934066e+01 1.57967718e+02 1.07318349e+02 1.52279197e+02 1.43370960e+02 8.17035437e+01 1.65986669e+02 9.16964076e+01 1.70941325e+02 1.12794183e+02 1.42498767e+02 1.50975612e+02 6.46049186e+01 1.56619624e+02 1.61808824e+02 1.54621364e+02 1.54225037e+02 8.42527731e+01 1.52917311e+02 9.38472933e+01 1.51745356e+02 1.12555245e+02 1.23247278e+02 1.42533848e+02 6.19667290e+01 1.48628724e+02 1.60448179e+02 1.50999126e+02 1.49841649e+02 1.28703180e+01 1.14651732e+01 2.20188879e+01 2.15085177e+01 1.29462064e+01 1.09766231e+01 2.20239308e+01 2.16553568e+01 1.28749290e+01 1.03342667e+01 2.22365673e+01 2.20499500e+01 1.25375819e+01 9.51702799e+00 2.26437434e+01 2.26864153e+01 4.47139497e+01 4.64898680e+01 4.45883534e+01 4.65442900e+01 4.51140470e+01 4.71721217e+01 4.62851798e+01 4.83577594e+01 1.80196367e+01 2.39300968e+01 1.93636862e+01 2.35761592e+01 2.03790347e+01 2.33063809e+01 2.08038273e+01 2.30595500e+01 4.12609215e+01 4.03325367e+01 4.03632967e+01 4.13633920e+01 2.55876521e+01 2.63010219e+01 2.85489376e+01 2.56146458e+01 3.07720094e+01 2.47825029e+01 3.16325453e+01 2.37305824e+01 3.85697233e+01 3.61236587e+01 3.51420816e+01 3.58693644e+01 3.50051761e+01 2.87584157e+01 4.04596659e+01 2.80076030e+01 4.41086699e+01 2.67160401e+01 4.49067499e+01 2.47019129e+01 4.02039151e+01 3.55903166e+01 3.29054242e+01 3.27846374e+01 4.66961680e+01 3.13843762e+01 5.62521434e+01 3.08091542e+01 6.22266681e+01 2.88725386e+01 6.13805443e+01 2.57893406e+01 4.94559072e+01 4.31778288e+01 3.83966113e+01 3.61853715e+01 6.40306995e+01 3.36468296e+01 8.04075879e+01 3.52225801e+01 8.93554704e+01 3.25718266e+01 8.34402326e+01 2.75106572e+01 7.02646784e+01 6.42684800e+01 5.74475537e+01 5.02494837e+01 8.65069212e+01 3.10387362e+01 1.38463365e+02 4.75413464e+01 1.34814058e+02 3.98869512e+01 1.11599254e+02 2.95583791e+01 1.16067583e+02 1.13999904e+02 9.83399064e+01 7.51187221e+01 1.40885044e+02 3.89396487e+01 8.39264763e+01 1.22381302e+02 1.43226915e+02 6.08780315e+01 1.34998711e+02 3.16657964e+01 1.34456972e+02 1.45069773e+02 1.42643816e+02 9.44688811e+01 1.21031902e+02 1.10700139e+02 7.12870773e+01 1.11917592e+02 1.32867220e+02 1.06759508e+02 1.29129050e+02 4.56371979e+01 1.06209103e+02 1.39231435e+02 1.16434347e+02 1.36672083e+02 1.10220977e+01 1.07492578e+01 1.37713073e+01 1.43868710e+01 1.27883246e+01 6.89357371e+00 7.05606319e+00 7.16667902e+00 1.83624171e+01 1.18772402e+01 3.61421825e+00 3.03647687e+00 2.15758695e+01 1.52255118e+01 3.70649519e+00 3.21210706e+00 2.29294830e+01 2.00411969e+01 2.22913501e+01 1.57567886e+01 2.38438177e+01 1.72425990e+01 2.67533805e+01 2.24553126e+01 1.56362992e+01 1.36762320e+01 2.10085551e+01 7.44648678e+00 2.67491834e+01 4.19132499e+00 3.00157115e+01 3.47992261e+00 3.18981795e+01 3.15182540e+01 3.18712014e+01 3.32188097e+01 2.26637165e+01 1.42397272e+01 2.95723044e+01 8.09970506e+00 3.55568374e+01 4.57100851e+00 3.93352423e+01 3.14269766e+00 4.21865780e+01 4.09894113e+01 4.01555167e+01 4.02072963e+01 3.06694140e+01 1.52141217e+01 3.84209461e+01 8.90384743e+00 4.46823056e+01 4.98810111e+00 4.93474689e+01 3.42058672e+00 5.31174120e+01 5.06266036e+01 4.84085745e+01 4.69030313e+01 3.93104161e+01 1.64121220e+01 4.74594829e+01 9.65845540e+00 5.37562639e+01 5.29698420e+00 5.94813213e+01 4.52852857e+00 6.44980834e+01 6.02495844e+01 5.63869155e+01 5.30499867e+01 4.87065524e+01 1.75757868e+01 5.66030724e+01 1.01636048e+01 6.23986285e+01 5.41207444e+00 6.91864731e+01 6.19885934e+00 7.63563929e+01 6.96352633e+01 6.37592660e+01 5.83889636e+01 2.10182185e+01 2.53459723e+01 1.66410702e+01 1.74163686e+01 1.32325305e+01 1.73083395e+01 9.99927360e+00 1.08873928e+01 7.95842412e+00 1.10886332e+01 4.61771565e+00 5.05893121e+00 8.26769547e+00 1.02257706e+01 5.55105497e+00 5.56899140e+00 2.68892011e+01 2.63431703e+01 1.50736575e+01 1.60206950e+01 4.60686283e+00 7.39583701e+00 1.24917027e+01 1.06066195e+01 1.85257505e+01 1.64016469e+01 1.05829301e+01 9.58522772e+00 6.31324307e+00 4.60057224e+00 7.77509543e+00 5.65854756e+00 2.66640874e+01 1.45110046e+01 4.51429931e+00 1.40046222e+01 1.63773864e+01 1.59363309e+01 8.21537364e+00 9.03004228e+00 5.60101477e+00 4.61104494e+00 8.22834810e+00 5.66359675e+00 2.52967950e+01 1.36476829e+01 6.66939964e+00 1.60116804e+01 1.42186518e+01 1.54218020e+01 6.13544750e+00 8.41605007e+00 6.09185445e+00 4.51552300e+00 9.42232019e+00 5.52740711e+00 2.37038225e+01 1.34254704e+01 9.91290172e+00 1.82075545e+01 1.23167748e+01 1.48913428e+01 5.01272383e+00 7.77913486e+00 7.73107901e+00 3.96743632e+00 1.12761912e+01 4.74363797e+00 2.22391377e+01 1.39106090e+01 1.26946974e+01 1.97373515e+01 3.31042755e+01 3.34971178e+01 2.91962137e+01 2.96849674e+01 3.26921616e+01 3.37429016e+01 3.20068854e+01 3.29375225e+01 3.37747211e+01 3.55445466e+01 3.60533447e+01 3.73821910e+01 3.75440891e+01 3.98838553e+01 4.15976653e+01 4.33070581e+01 2.74339495e+01 2.70594240e+01 3.27873673e+01 3.27253134e+01 3.91700711e+01 3.94196861e+01 4.61743714e+01 4.68154241e+01 3.35858410e+01 2.84211964e+01 3.12423135e+01 2.98684281e+01 2.99960605e+01 3.26486073e+01 3.22518022e+01 3.73477082e+01 2.81888812e+01 3.26657908e+01 3.82137624e+01 4.44058021e+01 3.46055570e+01 2.75379775e+01 3.03440664e+01 2.72756460e+01 2.62152927e+01 2.82635865e+01 2.62421236e+01 3.17133635e+01 2.87518156e+01 3.20194375e+01 3.63900684e+01 4.14339280e+01 3.57725476e+01 2.66465255e+01 3.02820657e+01 2.47424691e+01 2.37737487e+01 2.36975278e+01 2.13599242e+01 2.55608514e+01 2.88100885e+01 3.07327475e+01 3.37395084e+01 3.73926093e+01 3.64691209e+01 2.56192608e+01 3.04744000e+01 2.23983411e+01 2.27790915e+01 1.94405117e+01 1.87511656e+01 1.95465551e+01 2.82658561e+01 2.88250405e+01 3.04095508e+01 3.25066372e+01 3.62674575e+01 2.43336462e+01 3.01595621e+01 2.01397969e+01 2.23472678e+01 1.57136201e+01 1.81029719e+01 1.41883923e+01 2.71674249e+01 2.63414952e+01 2.65701866e+01 2.71006797e+01 3.50185914e+01 2.27376172e+01 2.87941988e+01 1.77921054e+01 2.14119428e+01 1.24957921e+01 1.79063544e+01 9.92342559e+00 2.57648698e+01 2.33625599e+01 2.23151159e+01 2.15185669e+01 3.29653354e+01 2.10602481e+01 2.62654529e+01 1.53903908e+01 1.93276050e+01 9.63143189e+00 1.67228237e+01 6.99431832e+00 2.43679911e+01 2.00411740e+01 1.76388642e+01 1.61632922e+01 2.97734992e+01 1.93011938e+01 2.22652338e+01 1.30045137e+01 1.56588283e+01 6.97780987e+00 1.37562768e+01 5.46869973e+00 2.40573285e+01 1.70695838e+01 1.23716902e+01 1.14139552e+01 1.47806354e+02 1.54276151e+02 1.50282914e+01 2.71735719e+01 9.61720848e+01 9.66801793e+01 1.03677470e+01 2.00870024e+01 7.85491254e+01 8.20948816e+01 4.91746626e+00 1.26832893e+01 6.03862263e+01 5.28187558e+01 1.38323674e+01 2.36868532e+01 1.17923595e+02 1.26430547e+02 9.24448328e+01 9.08092053e+01 7.54099735e+01 6.81642039e+01 8.23294416e+01 7.00472894e+01 1.28625214e+02 1.70531511e+01 9.44248343e+01 8.77460203e+00 7.77913957e+01 3.65312490e+00 6.53527593e+01 1.19338991e+01 1.02438663e+02 8.90419219e+01 8.00293660e+01 8.90417664e+01 1.15420416e+02 1.80094923e+01 9.15608503e+01 8.62410576e+00 7.77318390e+01 4.02501536e+00 6.69061144e+01 1.13425082e+01 8.55923406e+01 8.21472757e+01 7.97136483e+01 8.86033240e+01 1.01801481e+02 1.89508440e+01 8.59315188e+01 9.75423699e+00 7.48957598e+01 4.75701707e+00 6.56106051e+01 9.76906476e+00 7.12514253e+01 7.43524365e+01 7.61934013e+01 8.45893754e+01 8.87320202e+01 1.84780159e+01 7.83951709e+01 1.02171053e+01 7.00920832e+01 5.24281677e+00 6.26653887e+01 8.06132377e+00 5.92032311e+01 6.56887778e+01 7.01115563e+01 7.78158737e+01 9.08835323e+01 7.75666702e+01 3.43979733e+01 2.61175388e+01 7.61472256e+01 6.76014812e+01 2.88114288e+01 1.82478565e+01 6.88602489e+01 6.33043344e+01 1.98781523e+01 1.25341928e+01 4.13807045e+01 4.72998382e+01 2.45171840e+01 1.41272557e+01 9.66190595e+01 8.87494071e+01 6.73677503e+01 6.58995647e+01 5.04328923e+01 4.98521810e+01 4.81092805e+01 4.98402955e+01 1.06967570e+02 4.27218476e+01 8.27970535e+01 3.39544301e+01 7.42052789e+01 2.40254672e+01 3.99986293e+01 2.98673263e+01 1.00474523e+02 6.93788219e+01 5.15585803e+01 4.77290534e+01 1.27826464e+02 5.06870222e+01 8.71338093e+01 3.60077421e+01 7.75716203e+01 2.54575361e+01 3.73527043e+01 3.24493504e+01 1.03447412e+02 7.28041016e+01 5.30627945e+01 4.92694167e+01 1.45770254e+02 5.48881963e+01 8.98148304e+01 3.69843961e+01 8.00835390e+01 2.59266365e+01 3.84349685e+01 3.37311829e+01 1.07161070e+02 7.64333019e+01 5.51470023e+01 5.18596662e+01 1.54800044e+02 4.88920577e+01 8.79512032e+01 3.28362233e+01 7.89036451e+01 2.23377353e+01 4.05272872e+01 3.13092822e+01 1.16578462e+02 8.10337178e+01 5.86570584e+01 5.69324638e+01 1.17357966e+01 8.14834636e+00 2.39079115e+01 2.42765358e+01 1.03511314e+01 6.23600992e+00 2.58933838e+01 2.65955505e+01 8.21559138e+00 3.98377094e+00 2.87977195e+01 2.97792057e+01 7.15294503e+00 4.68061105e+00 3.28370140e+01 3.41043015e+01 4.92272893e+01 5.11801111e+01 5.34912710e+01 5.52255600e+01 5.90909777e+01 6.05567674e+01 6.50802137e+01 6.64755649e+01 2.05019567e+01 2.33124417e+01 1.91236113e+01 2.42386869e+01 1.60994953e+01 2.62501774e+01 1.42597559e+01 2.98958736e+01 4.46189764e+01 4.95082431e+01 5.57042397e+01 6.18662480e+01 3.09872578e+01 2.26505871e+01 2.85599756e+01 2.21181994e+01 2.38737959e+01 2.28646310e+01 2.11112596e+01 2.59500505e+01 3.97937562e+01 4.55884932e+01 5.20600329e+01 5.77590176e+01 4.25123717e+01 2.20781076e+01 3.71804746e+01 1.99337118e+01 2.94889908e+01 1.92281999e+01 2.53324500e+01 2.16467905e+01 3.73213725e+01 4.33042555e+01 4.81950788e+01 5.19175416e+01 5.40596360e+01 2.16265202e+01 4.21921632e+01 1.79000292e+01 2.96288489e+01 1.56619863e+01 2.39738553e+01 1.74796877e+01 3.96321278e+01 4.19986280e+01 4.16152728e+01 4.17656268e+01 6.30946357e+01 2.15192349e+01 3.96917959e+01 1.62982334e+01 2.22015005e+01 1.26014946e+01 1.75031734e+01 1.39366655e+01 4.56505251e+01 3.81775016e+01 2.94773397e+01 2.56418846e+01 6.21172248e+01 2.18095157e+01 2.90069713e+01 1.50113577e+01 1.26884726e+01 1.04265640e+01 1.73179610e+01 1.05918136e+01 4.90210188e+01 3.25858945e+01 1.57027201e+01 7.36908306e+00 4.97099601e+01 2.29743390e+01 2.28515893e+01 1.40403570e+01 2.24951745e+01 1.03071724e+01 2.93077133e+01 7.71062617e+00 5.16633042e+01 3.66365872e+01 2.23510024e+01 2.15814249e+01 5.35963471e+01 2.42645393e+01 4.07784368e+01 1.31337619e+01 4.30759324e+01 1.07469395e+01 4.15883819e+01 5.70713447e+00 6.86138372e+01 5.27221402e+01 3.91819717e+01 4.06996550e+01 1.47526057e+01 1.82295017e+01 2.05678152e+01 1.36041347e+01 1.69201135e+01 1.93837943e+01 2.01869975e+01 1.77466682e+01 2.42113373e+01 1.32332809e+01 2.36508625e+01 2.39215205e+01 3.57753416e+01 1.57408962e+01 2.81030130e+01 3.32951267e+01 4.79465906e+01 4.86876905e+01 3.10840804e+01 4.13582112e+01 8.20695481e+01 9.49958884e+01 3.07791083e+01 4.33602240e+01 5.58922516e+01 8.61361802e+01 3.39040114e+01 4.61943797e+01 2.51739110e+01 3.07640700e+01 2.01495164e+01 2.15455397e+01 3.67617803e+01 2.32103063e+01 4.61397421e+01 2.61308024e+01 5.00626536e+01 2.53168414e+01 5.96981246e+01 2.66554831e+01 6.14393301e+01 2.57546559e+01 4.39204466e+01 2.33088155e+01 4.91274434e+01 2.46354028e+01 4.61357948e+01 2.22353603e+01 3.79866240e+01 2.31231603e+01 4.37427472e+01 2.53878811e+01 3.21962969e+01 2.07327002e+01 3.03522577e+01 2.05920125e+01 2.22065588e+01 2.40376110e+01 3.05932498e+01 3.26646438e+01 4.39029112e+01 5.19693057e+01 5.63532010e+01 6.97334505e+01 6.43120569e+01 8.31291849e+01 6.93733921e+01 9.10918991e+01 7.19734646e+01 9.43881221e+01 2.40567044e+01 3.02529841e+01 4.04200343e+01 5.16407559e+01 5.16196182e+01 5.24792212e+01 5.15389975e+01 3.90250273e+01 3.86521534e+01 3.20860762e+01 3.06651779e+01 3.19877431e+01 2.28144082e+01 2.33098549e+01 1.70583355e+01 2.14765181e+01 4.00684548e+01 4.52785364e+01 6.82662316e+01 8.25113280e+01 9.30621359e+01 1.14889805e+02 1.08454465e+02 1.39098352e+02 1.18655114e+02 1.54513553e+02 1.22982120e+02 1.60060513e+02 2.31121276e+01 3.70907636e+01 5.94167420e+01 7.99584435e+01 8.16151559e+01 8.40607689e+01 8.24187278e+01 5.69209456e+01 5.54199414e+01 4.55930455e+01 3.65579375e+01 3.68765956e+01 2.44970206e+01 2.40763104e+01 3.47047271e+01 3.08117171e+01 4.24855778e+01 5.25372926e+01 6.47942398e+01 8.36499306e+01 8.35978096e+01 1.13425003e+02 9.71793705e+01 1.37688560e+02 1.04773211e+02 1.53020800e+02 1.08799528e+02 1.58358752e+02 3.12458854e+01 3.55235239e+01 5.33002952e+01 6.72172449e+01 7.13959087e+01 7.33267112e+01 7.52781485e+01 5.25422988e+01 4.67970440e+01 5.01395133e+01 3.07927708e+01 2.29952180e+01 4.11856981e+01 3.74111684e+01 1.40282055e+01 1.74908162e+01 1.71696869e+01 1.44863917e+01 4.36066459e+01 3.34448122e+01 3.26281537e+01 4.21341273e+01 1.62817069e+01 1.56368208e+01 3.11784490e+01 3.82981902e+01 1.59992152e+01 1.68236661e+01 2.92310356e+01 3.25756988e+01 1.57642525e+01 1.68025075e+01 2.51705708e+01 2.60669970e+01 1.67452007e+01 1.57663309e+01 2.14467386e+01 2.02774789e+01 1.87142392e+01 1.92719458e+01 2.58944713e+01 2.65742191e+01 1.88906808e+01 2.63576939e+01 2.19171165e+01 2.77731730e+01 1.95629722e+01 2.39290574e+01 2.20138485e+01 2.20517037e+01 2.10646679e+01 2.36063513e+01 2.67592497e+01 2.33372347e+01 2.36427056e+01 2.43649682e+01 2.86407326e+01 2.47073169e+01 2.35868589e+01 2.16372546e+01 9.25959557e+01 7.09468537e+01 6.86991947e+01 8.98590246e+01 6.36874456e+01 8.20125867e+01 5.61331371e+01 6.92026746e+01 4.41116990e+01 5.20479170e+01 3.11268072e+01 3.31624550e+01 5.16816711e+01 5.26645406e+01 5.15869208e+01 5.20490073e+01 4.09142886e+01 3.07967997e+01 3.94481320e+01 3.11929794e+01 3.93380062e+01 3.26076403e+01 3.27954074e+01 1.60399346e+02 1.22953002e+02 1.18416635e+02 1.54594498e+02 1.08492409e+02 1.39442251e+02 9.30135642e+01 1.15127346e+02 6.80852245e+01 8.25062760e+01 3.98207132e+01 4.51417015e+01 8.21395754e+01 8.36473448e+01 8.13539880e+01 7.96079791e+01 5.90543307e+01 3.68074023e+01 5.65895571e+01 3.62892585e+01 5.50289034e+01 3.65697400e+01 4.53497173e+01 1.57749964e+02 1.08816204e+02 1.04875319e+02 1.52637992e+02 9.69110800e+01 1.37108300e+02 8.32759605e+01 1.13035851e+02 6.46502734e+01 8.35684119e+01 4.24498431e+01 5.25744741e+01 7.53926292e+01 7.34528706e+01 7.13227563e+01 6.70245872e+01 5.31303316e+01 3.54123604e+01 5.24631763e+01 3.07878056e+01 4.68489301e+01 2.30925533e+01 5.01010340e+01 5.98847312e+00 7.00137095e+00 6.52478310e+00 6.23970570e+00 7.65510880e+00 8.72711412e+00 9.38099848e+00 8.70243346e+00 6.15685136e+00 6.57947494e+00 1.08151404e+01 1.08848091e+01 6.24686094e+00 6.49547016e+00 1.24710489e+01 1.35520728e+01 6.41008243e+00 5.90193081e+00 1.32347988e+01 1.59893235e+01 6.81045988e+00 5.33364431e+00 1.38312691e+01 1.76511648e+01 6.94362286e+00 5.06309463e+00 1.41490399e+01 1.82845850e+01 9.43770630e+00 8.41605497e+00 9.01091330e+00 9.61617883e+00 7.62337898e+00 1.02954983e+01 8.73303665e+00 1.19018378e+01 7.41671147e+00 1.12432971e+01 7.52418726e+00 1.13299041e+01 7.25205094e+00 1.10119259e+01 8.12157546e+00 1.01648251e+01 9.12228365e+00 1.05172770e+01 8.99602738e+00 9.35649628e+00 1.01851496e+01 1.02153054e+01 1.09775057e+01 1.08582547e+01 1.22018967e+01 9.34571258e+00 1.14964947e+01 9.27600711e+00 1.09623874e+01 1.18935805e+01 1.46944496e+01 1.54204453e+01 2.01243742e+01 2.35190111e+01 2.52890851e+01 3.09945334e+01 2.85512073e+01 3.65985644e+01 3.07407182e+01 4.00362165e+01 3.17082217e+01 4.12197825e+01 1.19745514e+01 1.47529409e+01 1.89330173e+01 2.38579188e+01 2.34641816e+01 2.39155812e+01 2.34313905e+01 1.83066959e+01 1.83581498e+01 1.54239737e+01 1.50465975e+01 1.57746800e+01 1.14735470e+01 1.16774470e+01 8.59328498e+00 1.08145627e+01 1.90693041e+01 2.13263150e+01 3.20552097e+01 3.86309467e+01 4.36149921e+01 5.37954938e+01 5.07390453e+01 6.51100972e+01 5.53289507e+01 7.21615486e+01 5.74071947e+01 7.48738949e+01 1.15955767e+01 1.77737603e+01 2.79421560e+01 3.75240241e+01 3.81900773e+01 3.92115527e+01 3.84546949e+01 2.67760651e+01 2.60689050e+01 2.15659847e+01 1.76008503e+01 1.78150831e+01 1.22204547e+01 1.20334222e+01 1.66491575e+01 1.48455189e+01 2.02671015e+01 2.50218554e+01 3.06896595e+01 3.96178497e+01 3.94299609e+01 5.35318555e+01 4.58332124e+01 6.48839202e+01 4.95379943e+01 7.22029799e+01 5.13424101e+01 7.45649813e+01 1.52338679e+01 1.70580902e+01 2.53019567e+01 3.15781186e+01 3.37743187e+01 3.47537583e+01 3.56757572e+01 2.50163454e+01 2.22937515e+01 2.40135407e+01 1.48560289e+01 1.10943435e+01 1.99329661e+01 1.82059757e+01 6.01271138e+01 5.89924436e+01 2.43400020e+01 3.30193877e+01 2.72114470e+01 2.19144343e+01 1.67596292e+01 2.18813891e+01 1.72478980e+01 8.15042078e+00 1.48742226e+01 1.76708526e+01 1.09315334e+01 5.84383880e+00 1.29920873e+01 1.38209042e+01 8.55382588e+00 5.77268989e+00 1.08766419e+01 1.04329840e+01 7.64786896e+00 5.76913553e+00 9.28198923e+00 8.12215695e+00 2.86082962e+01 2.51003064e+01 1.42488354e+01 1.34218142e+01 1.84695970e+01 1.25304801e+01 1.52895647e+01 1.25523440e+01 1.28998057e+01 1.08384448e+01 1.13099991e+01 9.89665761e+00 1.67886584e+01 1.12407329e+01 1.42786565e+01 1.07173244e+01 1.93453112e+01 1.18220143e+01 1.66278458e+01 1.16364105e+01 1.79113228e+01 1.08891065e+01 3.87705344e+01 3.00119936e+01 3.04886617e+01 4.00358596e+01 2.84964486e+01 3.71396127e+01 2.52935912e+01 3.13214668e+01 2.00162392e+01 2.35282563e+01 1.45387761e+01 1.52564984e+01 2.26845052e+01 2.35513209e+01 2.32866381e+01 2.34687411e+01 1.87008198e+01 1.45661924e+01 1.80419153e+01 1.48510904e+01 1.80811307e+01 1.56479731e+01 1.50608089e+01 7.60257843e+01 5.81144425e+01 5.54324549e+01 7.23810467e+01 5.06605053e+01 6.49716877e+01 4.35159397e+01 5.37097140e+01 3.19892485e+01 3.85966090e+01 1.90271659e+01 2.13173248e+01 3.86746358e+01 3.92312747e+01 3.81243481e+01 3.74564042e+01 2.78695298e+01 1.77356320e+01 2.67193577e+01 1.75719970e+01 2.60420177e+01 1.77708674e+01 2.16013380e+01 7.41726207e+01 5.10709354e+01 4.95503546e+01 7.22549715e+01 4.59081930e+01 6.50695861e+01 3.94234888e+01 5.36293239e+01 3.06614248e+01 3.96824511e+01 2.02440543e+01 2.50566956e+01 3.56246548e+01 3.47653859e+01 3.37719148e+01 3.15182708e+01 2.52192945e+01 1.69955363e+01 2.49830732e+01 1.48416850e+01 2.22922321e+01 1.10942694e+01 2.40241002e+01 6.81327804e+00 5.34099289e+00 1.38154900e+01 1.76533860e+01 6.40798437e+00 5.90556330e+00 1.32104349e+01 1.59932339e+01 6.24668446e+00 6.49775940e+00 1.24448253e+01 1.35548328e+01 6.14774997e+00 6.57308238e+00 1.08024712e+01 1.08841814e+01 6.52175658e+00 6.23523585e+00 9.37059860e+00 8.69147411e+00 6.99776058e+00 5.98898500e+00 8.71664027e+00 7.64000170e+00 7.52103479e+00 1.13171325e+01 7.41322192e+00 1.12221449e+01 8.74029847e+00 1.18757065e+01 7.62569934e+00 1.02812230e+01 8.41817701e+00 9.60772513e+00 9.43155234e+00 8.99820964e+00 9.12545354e+00 1.05106519e+01 8.12468703e+00 1.01534372e+01 1.09768208e+01 1.08551128e+01 1.01854453e+01 1.02092446e+01 1.14900985e+01 9.26849935e+00 3.07032627e+01 4.00447899e+01 2.84888388e+01 3.66141966e+01 2.52214401e+01 3.10119298e+01 2.00638358e+01 2.35296595e+01 1.46658473e+01 1.54100988e+01 1.18738195e+01 1.09205678e+01 2.38581400e+01 2.33751478e+01 2.37733498e+01 1.88596082e+01 1.47226264e+01 1.19617932e+01 1.83121043e+01 1.82414522e+01 1.57522503e+01 1.50209779e+01 1.16616094e+01 5.52694884e+01 7.21687368e+01 5.06394926e+01 6.51202254e+01 4.35029477e+01 5.38127797e+01 3.19715636e+01 3.86461338e+01 1.90271028e+01 2.13421069e+01 1.07821697e+01 8.55814762e+00 3.91240842e+01 3.80561218e+01 3.73655956e+01 2.78220431e+01 1.77132526e+01 1.15728184e+01 2.60109236e+01 2.66774645e+01 1.77819268e+01 1.75609835e+01 1.20287452e+01 4.94839377e+01 7.21935892e+01 4.57429818e+01 6.48860756e+01 3.93278925e+01 5.35443779e+01 3.06139202e+01 3.96596325e+01 2.02427773e+01 2.50576466e+01 1.48405465e+01 1.66401970e+01 3.46992328e+01 3.36817467e+01 3.14880101e+01 2.52149135e+01 1.70170254e+01 1.52370061e+01 2.22465628e+01 2.49504767e+01 1.10758847e+01 1.48384309e+01 1.82245836e+01 7.64211990e+00 5.76870531e+00 9.26277927e+00 8.09220363e+00 8.56514961e+00 5.77759440e+00 1.08532028e+01 1.03934207e+01 1.09258319e+01 5.83350354e+00 1.29737347e+01 1.37767196e+01 1.72788972e+01 8.08314744e+00 1.48463546e+01 1.76223952e+01 2.44038332e+01 3.31293182e+01 1.67416763e+01 2.17830345e+01 1.13079051e+01 9.87929734e+00 1.29160756e+01 1.08161994e+01 1.52830800e+01 1.25419274e+01 1.85033010e+01 1.25244109e+01 2.51119487e+01 1.34086619e+01 1.42788292e+01 1.07164329e+01 1.68109872e+01 1.12342391e+01 1.66304997e+01 1.16280308e+01 1.93517838e+01 1.18146007e+01 1.45042496e+01 1.52042992e+01 2.00024422e+01 2.34837311e+01 2.52831220e+01 3.12898774e+01 2.84935840e+01 3.71290339e+01 3.04899317e+01 4.00551494e+01 1.45517889e+01 1.87081115e+01 2.34655163e+01 2.32859354e+01 2.35512801e+01 1.48350125e+01 1.80431129e+01 1.56539075e+01 1.80835652e+01 1.90211225e+01 2.12786359e+01 3.19884584e+01 3.85692412e+01 4.35297901e+01 5.36849058e+01 5.06523644e+01 6.49513952e+01 5.54285181e+01 7.23599027e+01 1.77418674e+01 2.78864596e+01 3.74879934e+01 3.81380240e+01 3.92380444e+01 1.75877973e+01 2.67296672e+01 1.77721960e+01 2.60480581e+01 2.02487500e+01 2.50180750e+01 3.06678318e+01 3.96326295e+01 3.94310331e+01 5.35983818e+01 4.58970741e+01 6.50568253e+01 4.95409631e+01 7.22620423e+01 1.70373710e+01 2.52497633e+01 3.15479941e+01 3.37705032e+01 3.47605607e+01 1.48476129e+01 2.49824449e+01 1.11147468e+01 2.22961848e+01
        </DataArray>
      </PointData>
    </Piece>
  </UnstructuredGrid>
</VTKFile>
