<?xml version="1.0"?>
<VTKFile type="UnstructuredGrid" version="0.1" byte_order="LittleEndian">
  <UnstructuredGrid>
    <Piece NumberOfPoints="2012" NumberOfCells="240">
      <Points>
        <DataArray type="Float64" Name="Points" NumberOfComponents="3" format="ascii">
          1.00000000e+02 -4.99079473e-01 0.00000000e+00 1.00000000e+02 0.00000000e+00 0.00000000e+00 1.00000000e+02 4.99079473e-01 0.00000000e+00 1.00499079e+02 0.00000000e+00 0.00000000e+00 1.00000000e+02 0.00000000e+00 0.00000000e+00 9.95009205e+01 0.00000000e+00 0.00000000e+00 8.33333000e+01 -4.65297300e-01 0.00000000e+00 8.33333000e+01 0.00000000e+00 0.00000000e+00 8.33333000e+01 4.65297300e-01 0.00000000e+00 8.33181722e+01 -4.18624100e-01 1.49995993e+01 8.33267923e+01 4.92921000e-02 1.49947766e+01 8.33349628e+01 5.16892500e-01 1.49924833e+01 1.00002160e+02 -5.04109910e-01 1.49926044e+01 1.00002527e+02 -2.36277000e-03 1.49911618e+01 1.00002895e+02 4.99384377e-01 1.49897192e+01 1.00504275e+02 -2.72609000e-03 1.49925567e+01 1.00002527e+02 -2.36277000e-03 1.49911618e+01 9.95007802e+01 -1.99945000e-03 1.49897669e+01 9.16667000e+01 -4.86027400e-01 0.00000000e+00 9.16667000e+01 4.86027400e-01 0.00000000e+00 8.33308104e+01 -5.17306700e-01 7.50005528e+00 8.33347081e+01 5.12993700e-01 7.49539006e+00 9.16644935e+01 -4.86001200e-01 1.49965673e+01 9.16650566e+01 4.82449700e-01 1.49951070e+01 9.99982224e+01 -4.96734440e-01 7.49482100e+00 9.99984213e+01 4.99974178e-01 7.49581823e+00 1.00496676e+02 1.52096000e-03 7.49475414e+00 9.94999676e+01 1.71877000e-03 7.49588508e+00 8.31852650e+01 2.99343000e-01 2.99980750e+01 8.32303400e+01 7.66161000e-01 2.99143627e+01 8.32780894e+01 1.24220100e+00 2.98264190e+01 9.99623117e+01 -4.72231300e-01 2.99536229e+01 9.99644662e+01 3.84919000e-02 2.99284578e+01 9.99666207e+01 5.49215100e-01 2.99032928e+01 1.00475198e+02 3.75724000e-02 2.99535238e+01 9.99644662e+01 3.84919000e-02 2.99284578e+01 9.94537344e+01 3.94113000e-02 2.99033919e+01 8.32772155e+01 -3.82758000e-01 2.24912300e+01 8.33189329e+01 6.59645000e-01 2.24542271e+01 9.15726228e+01 -2.61280000e-01 2.99344444e+01 9.15999857e+01 7.01482000e-01 2.98552880e+01 1.00010322e+02 -5.14398700e-01 2.24783835e+01 1.00012296e+02 4.92684120e-01 2.24765133e+01 1.00514851e+02 -1.18436000e-02 2.24779343e+01 9.95077671e+01 -9.87094000e-03 2.24769625e+01 8.32017930e+01 3.35633000e+00 4.45284710e+01 8.32721239e+01 3.79544000e+00 4.45143520e+01 8.33269451e+01 4.22338000e+00 4.45127450e+01 9.98813560e+01 -4.28035800e-01 4.35540700e+01 9.98885210e+01 1.06619000e-01 4.36427700e+01 9.98956860e+01 6.41275000e-01 4.37314700e+01 1.00423590e+02 1.13745000e-01 4.35566000e+01 9.98885210e+01 1.06619000e-01 4.36427700e+01 9.93534510e+01 9.94933000e-02 4.37289400e+01 8.32002980e+01 1.95933000e+00 3.72607600e+01 8.33133319e+01 2.93590000e+00 3.70232970e+01 9.13568940e+01 1.62770000e+00 4.42561510e+01 9.15937607e+01 2.65965000e+00 4.42099700e+01 9.98673730e+01 -3.95419000e-01 3.70432250e+01 9.98708930e+01 6.61712000e-01 3.70257980e+01 1.00397692e+02 1.31537000e-01 3.70436700e+01 9.93405740e+01 1.34756000e-01 3.70253530e+01 8.33049626e+01 -2.13513000e+00 5.71137400e+01 8.33066843e+01 -1.82702000e+00 5.75648700e+01 8.33046362e+01 -1.56251000e+00 5.79966700e+01 1.01517100e+02 -2.08469000e+00 5.44632800e+01 1.01532570e+02 -1.56313000e+00 5.45992400e+01 1.01548030e+02 -1.04157000e+00 5.47352000e+01 1.02054580e+02 -1.54376000e+00 5.44655400e+01 1.01532570e+02 -1.56313000e+00 5.45992400e+01 1.01010550e+02 -1.58250000e+00 5.47329400e+01 8.32903185e+01 2.38769000e+00 5.16451030e+01 8.33381427e+01 3.35335000e+00 5.19757380e+01 9.20300030e+01 -1.92811000e+00 5.63177200e+01 9.21833150e+01 -1.27469000e+00 5.70845600e+01 1.00090712e+02 -7.37622000e-01 4.91828600e+01 1.00126055e+02 4.83724700e-01 4.94809700e+01 1.00719643e+02 -1.08859000e-01 4.91853400e+01 9.94971235e+01 -1.45038000e-01 4.94785000e+01 8.47725700e+01 -1.28239000e+01 6.50195400e+01 8.47150700e+01 -1.21464000e+01 6.50157600e+01 8.45985300e+01 -1.13649000e+01 6.50115400e+01 1.04045360e+02 -4.28647000e+00 6.49958000e+01 1.04045490e+02 -4.04717000e+00 6.49966000e+01 1.04045620e+02 -3.80788000e+00 6.49974000e+01 1.04284680e+02 -4.04733000e+00 6.50039700e+01 1.04045490e+02 -4.04717000e+00 6.49966000e+01 1.03806310e+02 -4.04702000e+00 6.49893000e+01 8.40173040e+01 -8.74355000e+00 5.87615500e+01 8.39290770e+01 -8.65549000e+00 5.96226400e+01 9.39644000e+01 -1.01270700e+01 6.50036700e+01 9.34626500e+01 -8.76754000e+00 6.49999000e+01 1.03267590e+02 -3.87383000e+00 5.96924000e+01 1.03353650e+02 -2.77100000e+00 6.01242600e+01 1.03861810e+02 -3.28055000e+00 5.96915900e+01 1.02759440e+02 -3.36428000e+00 6.01250700e+01 8.33120820e+01 -2.06720000e+00 7.28536000e+01 8.33136245e+01 -1.75863000e+00 7.24000000e+01 8.33106744e+01 -1.49398000e+00 7.19664000e+01 1.01554280e+02 -2.06802000e+00 7.55271000e+01 1.01573870e+02 -1.54716000e+00 7.53943000e+01 1.01593450e+02 -1.02630000e+00 7.52614000e+01 1.02094300e+02 -1.53226000e+00 7.55294000e+01 1.01573870e+02 -1.54716000e+00 7.53943000e+01 1.01053430e+02 -1.56206000e+00 7.52591000e+01 8.40188800e+01 -8.68113000e+00 7.12356000e+01 8.39331830e+01 -8.59960000e+00 7.03734000e+01 9.20431650e+01 -1.87603000e+00 7.36659000e+01 9.22027090e+01 -1.22254000e+00 7.29002000e+01 1.03288190e+02 -3.87230000e+00 7.03013000e+01 1.03370920e+02 -2.77146000e+00 6.98694000e+01 1.03880140e+02 -3.27882000e+00 7.03005000e+01 1.02778970e+02 -3.36493000e+00 6.98701000e+01 8.32036990e+01 3.33626000e+00 8.54697000e+01 8.32735643e+01 3.77391000e+00 8.54878000e+01 8.33278800e+01 4.20074000e+00 8.54930000e+01 9.98840430e+01 -4.24562400e-01 8.64452000e+01 9.98918080e+01 1.11002000e-01 8.63575000e+01 9.98995730e+01 6.46566000e-01 8.62698000e+01 1.00427000e+02 1.17984000e-01 8.64475000e+01 9.98918080e+01 1.11002000e-01 8.63575000e+01 9.93566160e+01 1.04020000e-01 8.62675000e+01 8.32956112e+01 2.43216000e+00 7.83410000e+01 8.33448101e+01 3.40018000e+00 7.80201000e+01 9.13590940e+01 1.61098000e+00 8.57381000e+01 9.15951793e+01 2.64275000e+00 8.57894000e+01 1.00111597e+02 -7.23208000e-01 8.08096000e+01 1.00148317e+02 4.94847360e-01 8.05159000e+01 1.00738475e+02 -9.65944000e-02 8.08117000e+01 9.95214388e+01 -1.31766000e-01 8.05137000e+01 8.31807910e+01 2.30906000e-01 1.00000300e+02 8.32255120e+01 6.97632000e-01 1.00083000e+02 8.32728804e+01 1.17390400e+00 1.00170200e+02 9.99613521e+01 -4.73996000e-01 1.00045600e+02 9.99608223e+01 3.68433000e-02 1.00070900e+02 9.99602925e+01 5.47682600e-01 1.00096300e+02 1.00471658e+02 3.86318000e-02 1.00045600e+02 9.99608223e+01 3.68433000e-02 1.00070900e+02 9.94499862e+01 3.50548000e-02 1.00096300e+02 8.31949340e+01 1.89624000e+00 9.27357000e+01 8.33078655e+01 2.87217000e+00 9.29767000e+01 9.15711203e+01 -3.07600000e-01 1.00066800e+02 9.15938349e+01 6.55370000e-01 1.00144900e+02 9.98649040e+01 -3.94763000e-01 9.29555000e+01 9.98625110e+01 6.62838000e-01 9.29733000e+01 1.00392514e+02 1.35379000e-01 9.29559000e+01 9.93349010e+01 1.32696000e-01 9.29730000e+01 8.33178148e+01 -4.31421500e-01 1.15002000e+02 8.33264529e+01 3.62649000e-02 1.15005600e+02 8.33346289e+01 5.03557030e-01 1.15006700e+02 1.00002554e+02 -5.04278630e-01 1.15007300e+02 1.00002278e+02 -2.38687000e-03 1.15008800e+02 1.00002003e+02 4.99504879e-01 1.15010200e+02 1.00504170e+02 -2.10737000e-03 1.15007300e+02 1.00002278e+02 -2.38687000e-03 1.15008800e+02 9.95003868e+01 -2.66638000e-03 1.15010300e+02 8.32757130e+01 -4.25039200e-01 1.07510900e+02 8.33170393e+01 6.17769000e-01 1.07543200e+02 9.16645523e+01 -4.94812070e-01 1.15004300e+02 9.16643906e+01 4.73485000e-01 1.15004400e+02 1.00011442e+02 -5.14449600e-01 1.07521600e+02 1.00009900e+02 4.92449840e-01 1.07522900e+02 1.00514120e+02 -1.02279000e-02 1.07521200e+02 9.95072219e+01 -1.17719000e-02 1.07523300e+02 8.33333000e+01 -4.65005900e-01 1.30000000e+02 8.33333000e+01 0.00000000e+00 1.30000000e+02 8.33333000e+01 4.65005900e-01 1.30000000e+02 1.00000000e+02 -4.99205505e-01 1.30000000e+02 1.00000000e+02 0.00000000e+00 1.30000000e+02 1.00000000e+02 4.99205505e-01 1.30000000e+02 1.00499206e+02 0.00000000e+00 1.30000000e+02 1.00000000e+02 0.00000000e+00 1.30000000e+02 9.95007945e+01 0.00000000e+00 1.30000000e+02 8.33306840e+01 -5.19587000e-01 1.22500500e+02 8.33346216e+01 5.11065600e-01 1.22504400e+02 9.16667000e+01 -4.85938000e-01 1.30000000e+02 9.16667000e+01 4.85938000e-01 1.30000000e+02 9.99983975e+01 -4.96570460e-01 1.22505200e+02 9.99982458e+01 5.00015296e-01 1.22504100e+02 1.00496615e+02 1.79880000e-03 1.22505100e+02 9.95000287e+01 1.64603000e-03 1.22504100e+02 6.66667000e+01 -4.97868230e-01 0.00000000e+00 6.66667000e+01 0.00000000e+00 0.00000000e+00 6.66667000e+01 4.97868230e-01 0.00000000e+00 6.66608323e+01 -1.84918000e-01 1.50062702e+01 6.66667778e+01 3.14982000e-01 1.49761582e+01 6.66729151e+01 8.16860000e-01 1.49451293e+01 7.50000000e+01 -4.85160700e-01 0.00000000e+00 7.50000000e+01 4.85160700e-01 0.00000000e+00 6.66655406e+01 -4.55888000e-01 7.50195320e+00 6.66671708e+01 5.42279700e-01 7.48675140e+00 7.49880800e+01 -2.96378000e-01 1.50047900e+01 7.50043846e+01 6.72291000e-01 1.49683181e+01 6.66169457e+01 2.00052000e+00 2.98845200e+01 6.66479417e+01 2.49537000e+00 2.97630200e+01 6.66780499e+01 2.99052000e+00 2.96444200e+01 6.66356815e+01 5.92920000e-01 2.24922342e+01 6.66715245e+01 1.59131000e+00 2.23367690e+01 7.48788380e+01 1.22294000e+00 2.99649521e+01 7.50064310e+01 2.16063000e+00 2.97775560e+01 6.66686523e+01 4.28230000e+00 4.43816250e+01 6.66959040e+01 4.77588000e+00 4.44519380e+01 6.67274649e+01 5.25472000e+00 4.45093590e+01 6.66599384e+01 3.75032000e+00 3.71321100e+01 6.67379436e+01 4.69849000e+00 3.69498460e+01 7.49768721e+01 3.88954000e+00 4.45302810e+01 7.50281270e+01 4.91878000e+00 4.45281170e+01 6.67473254e+01 -3.47829000e+00 5.55669700e+01 6.67047320e+01 -3.22088000e+00 5.60102000e+01 6.66635589e+01 -2.97779000e+00 5.64521000e+01 6.66476236e+01 1.86625000e+00 5.09919000e+01 6.66065398e+01 2.67440000e+00 5.15916130e+01 7.50795031e+01 -2.77835000e+00 5.64717700e+01 7.49382117e+01 -2.32867000e+00 5.73877200e+01 6.70199880e+01 -1.39733000e+01 6.50097600e+01 6.69874950e+01 -1.34174000e+01 6.50070700e+01 6.69657200e+01 -1.27987000e+01 6.50043000e+01 6.69858080e+01 -1.01514500e+01 5.82445200e+01 6.69473820e+01 -9.84950000e+00 5.90359700e+01 7.57227180e+01 -1.38601000e+01 6.50123300e+01 7.56811830e+01 -1.20645000e+01 6.50041900e+01 6.67489929e+01 -3.42937000e+00 7.44067000e+01 6.67059944e+01 -3.17096000e+00 7.39617000e+01 6.66645688e+01 -2.92704000e+00 7.35182000e+01 6.69953320e+01 -1.01047700e+01 7.17472000e+01 6.69564030e+01 -9.80710000e+00 7.09548000e+01 7.50839545e+01 -2.71640000e+00 7.34981000e+01 7.49411535e+01 -2.26586000e+00 7.25789000e+01 6.66692496e+01 4.27291000e+00 8.56147000e+01 6.66972830e+01 4.76652000e+00 8.55467000e+01 6.67297024e+01 5.24546000e+00 8.54915000e+01 6.66491396e+01 1.89678000e+00 7.89896000e+01 6.66068381e+01 2.70786000e+00 7.83948000e+01 7.49785710e+01 3.87078000e+00 8.54648000e+01 7.50306124e+01 4.89938000e+00 8.54732000e+01 6.66153666e+01 1.97079000e+00 1.00112200e+02 6.66475941e+01 2.46587000e+00 1.00233300e+02 6.66788973e+01 2.96125000e+00 1.00351600e+02 6.66602562e+01 3.72111000e+00 9.28638000e+01 6.67401995e+01 4.66866000e+00 9.30471000e+01 7.48743200e+01 1.16819000e+00 1.00030600e+02 7.50051555e+01 2.10604000e+00 1.00216500e+02 6.66604007e+01 -1.90960000e-01 1.14993900e+02 6.66666626e+01 3.09138000e-01 1.15023300e+02 6.66731229e+01 8.11164000e-01 1.15053600e+02 6.66346150e+01 5.74080000e-01 1.07506700e+02 6.66719000e+01 1.57254000e+00 1.07660200e+02 7.49876801e+01 -3.06807000e-01 1.14995900e+02 7.50044309e+01 6.61758000e-01 1.15030300e+02 6.66667000e+01 -4.98049450e-01 1.30000000e+02 6.66667000e+01 0.00000000e+00 1.30000000e+02 6.66667000e+01 4.98049450e-01 1.30000000e+02 6.66653943e+01 -4.56229000e-01 1.22498100e+02 6.66671677e+01 5.41745900e-01 1.22513100e+02 7.50000000e+01 -4.85094800e-01 1.30000000e+02 7.50000000e+01 4.85094800e-01 1.30000000e+02 5.00000000e+01 -4.90824490e-01 0.00000000e+00 5.00000000e+01 0.00000000e+00 0.00000000e+00 5.00000000e+01 4.90824490e-01 0.00000000e+00 5.00001400e+01 -1.41281000e-01 1.50088236e+01 5.00000957e+01 3.51712000e-01 1.49699981e+01 5.00000524e+01 8.47340000e-01 1.49308464e+01 5.83333000e+01 -4.98090000e-01 0.00000000e+00 5.83333000e+01 4.98090000e-01 0.00000000e+00 5.00000248e+01 -4.77272400e-01 7.50160913e+00 5.00000427e+01 5.28374000e-01 7.48675600e+00 5.83314382e+01 -1.46313000e-01 1.50089300e+01 5.83318479e+01 8.47929000e-01 1.49343091e+01 5.00002811e+01 2.30231000e+00 2.98762920e+01 4.99998319e+01 2.78363000e+00 2.97440040e+01 4.99993643e+01 3.26927000e+00 2.96130400e+01 5.00003477e+01 7.47540000e-01 2.24861315e+01 4.99997929e+01 1.74878000e+00 2.23141400e+01 5.83200633e+01 2.31112000e+00 2.98480590e+01 5.83310727e+01 3.26783000e+00 2.96114850e+01 4.99993729e+01 4.77352000e+00 4.43392430e+01 4.99991349e+01 5.25903000e+00 4.44282660e+01 4.99989059e+01 5.72503000e+00 4.45103500e+01 4.99994786e+01 4.30159000e+00 3.70620200e+01 4.99985352e+01 5.25321000e+00 3.68488240e+01 5.83296359e+01 4.61175000e+00 4.43675710e+01 5.83633726e+01 5.66971000e+00 4.44787980e+01 4.99992668e+01 -3.77918000e+00 5.54497600e+01 4.99996321e+01 -3.52987000e+00 5.58793500e+01 5.00000292e+01 -3.29670000e+00 5.63045200e+01 5.00003408e+01 1.82379000e+00 5.08963200e+01 5.00007654e+01 2.57924000e+00 5.15480570e+01 5.83412604e+01 -3.75092000e+00 5.53756200e+01 5.83439577e+01 -3.31245000e+00 5.62675200e+01 4.99999463e+01 -1.43557000e+01 6.50068400e+01 4.99999471e+01 -1.38266000e+01 6.50062200e+01 4.99999479e+01 -1.32334000e+01 6.50055100e+01 4.99961145e+01 -1.04831000e+01 5.82595500e+01 4.99968680e+01 -1.01440000e+01 5.90618000e+01 5.84995340e+01 -1.44761000e+01 6.50072700e+01 5.84564890e+01 -1.28894000e+01 6.50026400e+01 5.00006876e+01 -3.75437000e+00 7.45415000e+01 5.00003248e+01 -3.50497000e+00 7.41111000e+01 4.99999293e+01 -3.27181000e+00 7.36853000e+01 5.00038006e+01 -1.04624700e+01 7.17421000e+01 5.00030522e+01 -1.01252000e+01 7.09397000e+01 5.83427105e+01 -3.71285000e+00 7.46053000e+01 5.83439540e+01 -3.27398000e+00 7.37115000e+01 5.00006174e+01 4.78117000e+00 8.56605000e+01 5.00008558e+01 5.26657000e+00 8.55725000e+01 5.00010852e+01 5.73250000e+00 8.54913000e+01 4.99996418e+01 1.84425000e+00 7.90979000e+01 4.99992299e+01 2.60083000e+00 7.84476000e+01 5.83306534e+01 4.61052000e+00 8.56304000e+01 5.83657462e+01 5.66884000e+00 8.55221000e+01 4.99997159e+01 2.30092000e+00 1.00123500e+02 5.00001662e+01 2.78228000e+00 1.00255800e+02 5.00006359e+01 3.26796000e+00 1.00386800e+02 5.00005144e+01 4.30183000e+00 9.29378000e+01 5.00014588e+01 5.25326000e+00 9.31515000e+01 5.83193139e+01 2.29638000e+00 1.00150400e+02 5.83318720e+01 3.25347000e+00 1.00386600e+02 4.99998602e+01 -1.41684000e-01 1.14991200e+02 4.99999042e+01 3.51339000e-01 1.15030000e+02 4.99999470e+01 8.46995000e-01 1.15069100e+02 4.99996513e+01 7.46290000e-01 1.07513800e+02 5.00002084e+01 1.74752000e+00 1.07685600e+02 5.83311319e+01 -1.48737000e-01 1.14991100e+02 5.83318526e+01 8.45704000e-01 1.15065100e+02 5.00000000e+01 -4.90854530e-01 1.30000000e+02 5.00000000e+01 0.00000000e+00 1.30000000e+02 5.00000000e+01 4.90854530e-01 1.30000000e+02 4.99999753e+01 -4.77342500e-01 1.22498400e+02 4.99999570e+01 5.28271100e-01 1.22513200e+02 5.83333000e+01 -4.98199180e-01 1.30000000e+02 5.83333000e+01 4.98199180e-01 1.30000000e+02 3.33333000e+01 -4.98035080e-01 0.00000000e+00 3.33333000e+01 0.00000000e+00 0.00000000e+00 3.33333000e+01 4.98035080e-01 0.00000000e+00 3.33395698e+01 -1.90581000e-01 1.50061273e+01 3.33333299e+01 3.09504000e-01 1.49766951e+01 3.33268927e+01 8.11520000e-01 1.49463752e+01 4.16667000e+01 -4.98176990e-01 0.00000000e+00 4.16667000e+01 4.98176990e-01 0.00000000e+00 3.33345969e+01 -4.56185800e-01 7.50188829e+00 3.33328338e+01 5.41805700e-01 7.48691030e+00 4.16688641e+01 -1.48395000e-01 1.50088956e+01 4.16681416e+01 8.45999000e-01 1.49348820e+01 3.33845445e+01 1.97224000e+00 2.98877340e+01 3.33524071e+01 2.46729000e+00 2.97665820e+01 3.33211916e+01 2.96265000e+00 2.96483120e+01 3.33653557e+01 5.75140000e-01 2.24932969e+01 3.33281234e+01 1.57358000e+00 2.23396120e+01 4.16806474e+01 2.29753000e+00 2.98494860e+01 4.16680707e+01 3.25459000e+00 2.96133660e+01 3.33309819e+01 4.26722000e+00 4.43848320e+01 3.33031570e+01 4.76099000e+00 4.44536460e+01 3.32709274e+01 5.24007000e+00 4.45095960e+01 3.33396822e+01 3.72145000e+00 3.71361710e+01 3.32599158e+01 4.66915000e+00 3.69532950e+01 4.16696935e+01 4.60345000e+00 4.43694270e+01 4.16347335e+01 5.66171000e+00 4.44791210e+01 3.32506142e+01 -3.45288000e+00 5.55861400e+01 3.32937190e+01 -3.19474000e+00 5.60303000e+01 3.33352751e+01 -2.95102000e+00 5.64729800e+01 3.33509214e+01 1.87842000e+00 5.10053000e+01 3.33934637e+01 2.68838000e+00 5.16016940e+01 4.16569524e+01 -3.73786000e+00 5.53861300e+01 4.16558316e+01 -3.29870000e+00 5.62790100e+01 3.29799010e+01 -1.39733000e+01 6.50035500e+01 3.30124010e+01 -1.34173000e+01 6.50047800e+01 3.30341840e+01 -1.27986000e+01 6.50059400e+01 3.30045350e+01 -1.01255300e+01 5.82545700e+01 3.30435790e+01 -9.82610000e+00 5.90470400e+01 4.15003630e+01 -1.44761000e+01 6.50077600e+01 4.15434170e+01 -1.28893000e+01 6.50060600e+01 3.32529873e+01 -3.45448000e+00 7.44257000e+01 3.32954873e+01 -3.19680000e+00 7.39815000e+01 3.33365453e+01 -2.95352000e+00 7.35388000e+01 3.30141390e+01 -1.01304700e+01 7.17573000e+01 3.30524460e+01 -9.83040000e+00 7.09659000e+01 4.16589868e+01 -3.72575000e+00 7.46157000e+01 4.16561880e+01 -3.28758000e+00 7.37229000e+01 3.33310867e+01 4.28800000e+00 8.56178000e+01 3.33036300e+01 4.78143000e+00 8.55484000e+01 3.32718829e+01 5.26013000e+00 8.54918000e+01 3.33522968e+01 1.88482000e+00 7.90029000e+01 3.33931385e+01 2.69412000e+00 7.84047000e+01 4.16699915e+01 4.61883000e+00 8.56322000e+01 4.16361253e+01 5.67686000e+00 8.55224000e+01 3.33831415e+01 1.99909000e+00 1.00115400e+02 3.33520557e+01 2.49397000e+00 1.00236900e+02 3.33218606e+01 2.98915000e+00 1.00355500e+02 3.33401199e+01 3.74995000e+00 9.28678000e+01 3.32619347e+01 4.69797000e+00 9.30505000e+01 4.16799709e+01 2.31000000e+00 1.00151800e+02 4.16689791e+01 3.26674000e+00 1.00388500e+02 3.33391963e+01 -1.85299000e-01 1.14993800e+02 3.33332285e+01 3.14615000e-01 1.15023800e+02 3.33270678e+01 8.16504000e-01 1.15054800e+02 3.33643459e+01 5.91880000e-01 1.07507800e+02 3.33284503e+01 1.59028000e+00 1.07663100e+02 4.16685657e+01 -1.46656000e-01 1.14991100e+02 4.16681579e+01 8.47634000e-01 1.15065600e+02 3.33333000e+01 -4.97883780e-01 1.30000000e+02 3.33333000e+01 0.00000000e+00 1.30000000e+02 3.33333000e+01 4.97883780e-01 1.30000000e+02 3.33344680e+01 -4.55935300e-01 1.22498100e+02 3.33328269e+01 5.42214500e-01 1.22513200e+02 4.16667000e+01 -4.98112800e-01 1.30000000e+02 4.16667000e+01 4.98112800e-01 1.30000000e+02 1.66667000e+01 -4.64950700e-01 0.00000000e+00 1.66667000e+01 0.00000000e+00 0.00000000e+00 1.66667000e+01 4.64950700e-01 0.00000000e+00 1.66821752e+01 -4.30564800e-01 1.49981297e+01 1.66735321e+01 3.70615000e-02 1.49944526e+01 1.66653507e+01 5.04298610e-01 1.49933161e+01 2.50000000e+01 -4.85060500e-01 0.00000000e+00 2.50000000e+01 4.85060500e-01 0.00000000e+00 1.66693073e+01 -5.19505500e-01 7.49950909e+00 1.66653730e+01 5.11200900e-01 7.49561379e+00 2.50123025e+01 -3.06115000e-01 1.50041933e+01 2.49955695e+01 6.62374000e-01 1.49696229e+01 1.68189810e+01 2.36434000e-01 2.99997910e+01 1.67742190e+01 7.03059000e-01 2.99168417e+01 1.67268022e+01 1.17921300e+00 2.98294600e+01 1.67242080e+01 -4.22273500e-01 2.24892865e+01 1.66828977e+01 6.20575000e-01 2.24565809e+01 2.51253700e+01 1.17188000e+00 2.99691865e+01 2.49948260e+01 2.10964000e+00 2.97831720e+01 1.67961320e+01 3.33860000e+00 4.45304110e+01 1.67262312e+01 3.77642000e+00 4.45130960e+01 1.66718480e+01 4.20331000e+00 4.45085660e+01 1.68043030e+01 1.90303000e+00 3.72639620e+01 1.66915572e+01 2.87908000e+00 3.70230790e+01 2.50213734e+01 3.86910000e+00 4.45351960e+01 2.49698044e+01 4.89773000e+00 4.45279960e+01 1.66886933e+01 -2.08538000e+00 5.71421500e+01 1.66871859e+01 -1.77742000e+00 5.75946700e+01 1.66901051e+01 -1.51331000e+00 5.80273600e+01 1.67053018e+01 2.41955000e+00 5.16572930e+01 1.66567841e+01 3.38710000e+00 5.19803670e+01 2.49163951e+01 -2.73821000e+00 5.64957100e+01 2.50591959e+01 -2.28799000e+00 5.74138300e+01 1.52273700e+01 -1.28238000e+01 6.49931000e+01 1.52848800e+01 -1.21464000e+01 6.49952000e+01 1.54014300e+01 -1.13648000e+01 6.49976000e+01 1.59796780e+01 -8.69847000e+00 5.87651900e+01 1.60658790e+01 -8.61533000e+00 5.96278800e+01 2.42771940e+01 -1.38600000e+01 6.50023300e+01 2.43187330e+01 -1.20643000e+01 6.50037100e+01 1.66942656e+01 -2.11647000e+00 7.28817000e+01 1.66925013e+01 -1.80775000e+00 7.24294000e+01 1.66945705e+01 -1.54268000e+00 7.19968000e+01 1.59840370e+01 -8.72583000e+00 7.12394000e+01 1.60717570e+01 -8.63948000e+00 7.03788000e+01 2.49200925e+01 -2.75615000e+00 7.35217000e+01 2.50614044e+01 -2.30615000e+00 7.26047000e+01 1.67983560e+01 3.35409000e+00 8.54717000e+01 1.67280568e+01 3.79303000e+00 8.54866000e+01 1.66733024e+01 4.22091000e+00 8.54888000e+01 1.67087536e+01 2.40063000e+00 7.83530000e+01 1.66602481e+01 3.36678000e+00 7.80246000e+01 2.50231656e+01 3.89123000e+00 8.54697000e+01 2.49714385e+01 4.92045000e+00 8.54730000e+01 1.68149490e+01 2.93840000e-01 1.00002000e+02 1.67699150e+01 7.60760000e-01 1.00085500e+02 1.67222099e+01 1.23691700e+00 1.00173200e+02 1.68004130e+01 1.95257000e+00 9.27389000e+01 1.66872015e+01 2.92901000e+00 9.29765000e+01 2.51214580e+01 1.21928000e+00 1.00034900e+02 2.49935769e+01 2.15706000e+00 1.00222100e+02 1.66818341e+01 -4.19493500e-01 1.15000500e+02 1.66732195e+01 4.84816000e-02 1.15005300e+02 1.66650551e+01 5.16136200e-01 1.15007500e+02 1.67228594e+01 -3.85511000e-01 1.07509000e+02 1.66811244e+01 6.56854000e-01 1.07545600e+02 2.50119356e+01 -2.97077000e-01 1.14995300e+02 2.49956124e+01 6.71669000e-01 1.15031600e+02 1.66667000e+01 -4.65351700e-01 1.30000000e+02 1.66667000e+01 0.00000000e+00 1.30000000e+02 1.66667000e+01 4.65351700e-01 1.30000000e+02 1.66691978e+01 -5.17406600e-01 1.22500000e+02 1.66652968e+01 5.12840300e-01 1.22504600e+02 2.50000000e+01 -4.85195200e-01 1.30000000e+02 2.50000000e+01 4.85195200e-01 1.30000000e+02 0.00000000e+00 -4.99213991e-01 0.00000000e+00 0.00000000e+00 0.00000000e+00 0.00000000e+00 0.00000000e+00 4.99213991e-01 0.00000000e+00 -4.99213991e-01 0.00000000e+00 0.00000000e+00 0.00000000e+00 0.00000000e+00 0.00000000e+00 4.99213991e-01 0.00000000e+00 0.00000000e+00 -2.50986000e-03 -5.04270710e-01 1.49926667e+01 -2.28068000e-03 -2.36898000e-03 1.49912167e+01 -2.05149000e-03 4.99532756e-01 1.49897666e+01 -5.04182360e-01 -2.13556000e-03 1.49926819e+01 -2.28068000e-03 -2.36898000e-03 1.49912167e+01 4.99621010e-01 -2.60240000e-03 1.49897514e+01 8.33333000e+00 -4.85915500e-01 0.00000000e+00 8.33333000e+00 4.85915500e-01 0.00000000e+00 1.62393000e-03 -4.96564940e-01 7.49482665e+00 1.75048000e-03 5.00012833e-01 7.49592153e+00 -4.96601720e-01 1.78778000e-03 7.49486105e+00 4.99976125e-01 1.66011000e-03 7.49588713e+00 8.33549350e+00 -4.94223330e-01 1.49957778e+01 8.33561237e+00 4.74022700e-01 1.49955513e+01 3.87161000e-02 -4.73743500e-01 2.99545021e+01 3.90505000e-02 3.71029000e-02 2.99291248e+01 3.93849000e-02 5.47949300e-01 2.99037475e+01 -4.71793600e-01 3.86979000e-02 2.99545004e+01 3.90505000e-02 3.71029000e-02 2.99291248e+01 5.49894600e-01 3.55079000e-02 2.99037492e+01 -1.13313000e-02 -5.14402400e-01 2.24785094e+01 -1.00423000e-02 4.92484330e-01 2.24770533e+01 -5.14129700e-01 -1.03131000e-02 2.24787726e+01 4.92756080e-01 -1.16050000e-02 2.24767901e+01 8.42892140e+00 -3.03684000e-01 2.99333228e+01 8.40580430e+00 6.59208000e-01 2.98550120e+01 1.16280000e-01 -4.24796900e-01 4.35544800e+01 1.08519000e-01 1.10776000e-01 4.36424800e+01 1.00759000e-01 6.46349000e-01 4.37304800e+01 -4.26738800e-01 1.17800000e-01 4.35525300e+01 1.08519000e-01 1.10776000e-01 4.36424800e+01 6.43777000e-01 1.03752000e-01 4.37324400e+01 1.35394000e-01 -3.94364000e-01 3.70445470e+01 1.37361000e-01 6.63281000e-01 3.70267950e+01 -3.92449000e-01 1.35586000e-01 3.70442430e+01 6.65205000e-01 1.33331000e-01 3.70270980e+01 8.64113300e+00 1.61307000e+00 4.42613550e+01 8.40467550e+00 2.64475000e+00 4.42109310e+01 -1.55361000e+00 -2.07098000e+00 5.44733400e+01 -1.57288000e+00 -1.55025000e+00 5.46063000e+01 -1.59214000e+00 -1.02953000e+00 5.47392600e+01 -2.09324000e+00 -1.53506000e+00 5.44714200e+01 -1.57288000e+00 -1.55025000e+00 5.46063000e+01 -1.05251000e+00 -1.56545000e+00 5.47411900e+01 -1.10769000e-01 -7.24559000e-01 4.91907300e+01 -1.47419000e-01 4.93060640e-01 4.94847500e+01 -7.37474000e-01 -9.81152000e-02 4.91888700e+01 4.79285300e-01 -1.33383000e-01 4.94866000e+01 7.95734500e+00 -1.88927000e+00 5.63320400e+01 7.79859200e+00 -1.23586000e+00 5.70976200e+01 -4.04538000e+00 -4.28650000e+00 6.50036000e+01 -4.04553000e+00 -4.04722000e+00 6.50039400e+01 -4.04568000e+00 -3.80794000e+00 6.50042800e+01 -4.28469000e+00 -4.04736000e+00 6.49966000e+01 -4.04553000e+00 -4.04722000e+00 6.50039400e+01 -3.80636000e+00 -4.04708000e+00 6.50112700e+01 -3.28821000e+00 -3.87375000e+00 5.96994200e+01 -3.37110000e+00 -2.77299000e+00 6.01310900e+01 -3.88016000e+00 -3.28044000e+00 5.97000500e+01 -2.77914000e+00 -3.36631000e+00 6.01304600e+01 6.03566000e+00 -1.01271400e+01 6.50029400e+01 6.53739000e+00 -8.76758000e+00 6.50031700e+01 -1.51770000e+00 -2.08168000e+00 7.55371000e+01 -1.53349000e+00 -1.55999000e+00 7.54013000e+01 -1.54928000e+00 -1.03830000e+00 7.52654000e+01 -2.05556000e+00 -1.54091000e+00 7.55352000e+01 -1.53349000e+00 -1.55999000e+00 7.54013000e+01 -1.01141000e+00 -1.57907000e+00 7.52673000e+01 -3.26758000e+00 -3.87243000e+00 7.03082000e+01 -3.35348000e+00 -2.76948000e+00 6.98761000e+01 -3.86181000e+00 -3.27897000e+00 7.03089000e+01 -2.75926000e+00 -3.36295000e+00 6.98754000e+01 7.96956600e+00 -1.91449000e+00 7.36801000e+01 7.81544300e+00 -1.26101000e+00 7.29130000e+01 1.18340000e-01 -4.27785100e-01 8.64456000e+01 1.11169000e-01 1.06848000e-01 8.63572000e+01 1.03999000e-01 6.41481000e-01 8.62688000e+01 -4.23821400e-01 1.13929000e-01 8.64434000e+01 1.11169000e-01 1.06848000e-01 8.63572000e+01 6.46160000e-01 9.97675000e-02 8.62710000e+01 -9.14863000e-02 -7.36250000e-01 8.08174000e+01 -1.26897000e-01 4.85565600e-01 8.05197000e+01 -7.20607000e-01 -1.07305000e-01 8.08153000e+01 5.02223290e-01 -1.43380000e-01 8.05218000e+01 8.64294800e+00 1.62567000e+00 8.57433000e+01 8.40644450e+00 2.65770000e+00 8.57904000e+01 3.75832000e-02 -4.72515500e-01 1.00046500e+02 3.56214000e-02 3.81979000e-02 1.00071600e+02 3.36596000e-02 5.48911300e-01 1.00096700e+02 -4.75099600e-01 3.74691000e-02 1.00046500e+02 3.56214000e-02 3.81979000e-02 1.00071600e+02 5.46342500e-01 3.89267000e-02 1.00096600e+02 1.32301000e-01 -3.95851000e-01 9.29568000e+01 1.29202000e-01 6.61241000e-01 9.29743000e+01 -3.97788000e-01 1.31297000e-01 9.29564000e+01 6.59292000e-01 1.34093000e-01 9.29747000e+01 8.42737570e+00 -2.65187000e-01 1.00065700e+02 8.40040920e+00 6.97648000e-01 1.00144700e+02 -2.20754000e-03 -5.04116720e-01 1.15007400e+02 -2.52931000e-03 -2.38428000e-03 1.15008800e+02 -2.85108000e-03 4.99348163e-01 1.15010300e+02 -5.04261880e-01 -2.70206000e-03 1.15007500e+02 -2.52931000e-03 -2.38428000e-03 1.15008800e+02 4.99203254e-01 -2.06650000e-03 1.15010200e+02 -1.04482000e-02 -5.14465000e-01 1.07521700e+02 -1.21736000e-02 4.92636830e-01 1.07523500e+02 -5.14862400e-01 -1.17759000e-02 1.07522100e+02 4.92240580e-01 -1.00523000e-02 1.07523100e+02 8.33551662e+00 -4.86592300e-01 1.15003500e+02 8.33499800e+00 4.81904300e-01 1.15004900e+02 0.00000000e+00 -4.99066530e-01 1.30000000e+02 0.00000000e+00 0.00000000e+00 1.30000000e+02 0.00000000e+00 4.99066530e-01 1.30000000e+02 -4.99066530e-01 0.00000000e+00 1.30000000e+02 0.00000000e+00 0.00000000e+00 1.30000000e+02 4.99066530e-01 0.00000000e+00 1.30000000e+02 1.75720000e-03 -4.96741190e-01 1.22505200e+02 1.58322000e-03 4.99980046e-01 1.22504200e+02 -4.96690350e-01 1.53300000e-03 1.22505200e+02 5.00030764e-01 1.70585000e-03 1.22504100e+02 8.33333000e+00 -4.86047300e-01 1.30000000e+02 8.33333000e+00 4.86047300e-01 1.30000000e+02 1.00000000e+02 1.00499066e+02 0.00000000e+00 1.00000000e+02 1.00000000e+02 0.00000000e+00 1.00000000e+02 9.95009335e+01 0.00000000e+00 1.00499066e+02 1.00000000e+02 0.00000000e+00 1.00000000e+02 1.00000000e+02 0.00000000e+00 9.95009335e+01 1.00000000e+02 0.00000000e+00 1.00002208e+02 1.00504117e+02 1.49925920e+01 1.00002529e+02 1.00002384e+02 1.49911552e+01 1.00002851e+02 9.95006519e+01 1.49897185e+01 1.00504262e+02 1.00002702e+02 1.49925489e+01 1.00002529e+02 1.00002384e+02 1.49911552e+01 9.95007969e+01 1.00002067e+02 1.49897616e+01 8.33181658e+01 1.00419503e+02 1.49994867e+01 8.33267802e+01 9.99515276e+01 1.49947407e+01 8.33349445e+01 9.94838726e+01 1.49925180e+01 8.33333000e+01 1.00465352e+02 0.00000000e+00 8.33333000e+01 1.00000000e+02 0.00000000e+00 8.33333000e+01 9.95346479e+01 0.00000000e+00 9.99982430e+01 1.00496741e+02 7.49481118e+00 9.99984167e+01 9.95000199e+01 7.49581667e+00 1.00496690e+02 9.99984668e+01 7.49475203e+00 9.94999693e+01 9.99982942e+01 7.49587581e+00 9.16645136e+01 1.00486598e+02 1.49965087e+01 9.16650317e+01 9.95181013e+01 1.49951254e+01 8.33308021e+01 1.00517409e+02 7.50001790e+00 8.33347031e+01 9.94871620e+01 7.49541562e+00 9.16667000e+01 1.00486047e+02 0.00000000e+00 9.16667000e+01 9.95139526e+01 0.00000000e+00 9.99624162e+01 1.00472518e+02 2.99535427e+01 9.99643767e+01 9.99618044e+01 2.99284033e+01 9.99663372e+01 9.94510911e+01 2.99032639e+01 1.00475098e+02 9.99625319e+01 2.99534514e+01 9.99643767e+01 9.99618044e+01 2.99284033e+01 9.94536557e+01 9.99610768e+01 2.99033552e+01 8.31850480e+01 9.97061990e+01 2.99980117e+01 8.32300820e+01 9.92392790e+01 2.99145096e+01 8.32777863e+01 9.87631210e+01 2.98267520e+01 1.00010449e+02 1.00514466e+02 2.24783132e+01 1.00012172e+02 9.95073637e+01 2.24765236e+01 1.00514862e+02 1.00011775e+02 2.24779188e+01 9.95077591e+01 1.00010054e+02 2.24769180e+01 9.15726530e+01 1.00265216e+02 2.99343027e+01 9.15996164e+01 9.93023800e+01 2.98553480e+01 8.32771399e+01 1.00385537e+02 2.24910285e+01 8.33188748e+01 9.93431720e+01 2.24544133e+01 9.98816520e+01 1.00427787e+02 4.35544300e+01 9.98888280e+01 9.98931540e+01 4.36428300e+01 9.98960030e+01 9.93585210e+01 4.37312300e+01 1.00423818e+02 9.98860790e+01 4.35566100e+01 9.98888280e+01 9.98931540e+01 4.36428300e+01 9.93538370e+01 9.99002296e+01 4.37290500e+01 8.32016490e+01 9.66458500e+01 4.45283280e+01 8.32719484e+01 9.62069200e+01 4.45134260e+01 8.33267025e+01 9.57790300e+01 4.45111650e+01 9.98676940e+01 1.00395856e+02 3.70431960e+01 9.98707920e+01 9.93387640e+01 3.70256680e+01 1.00397783e+02 9.98687070e+01 3.70435830e+01 9.93407030e+01 9.98659130e+01 3.70252820e+01 9.13570850e+01 9.83743000e+01 4.42567090e+01 9.15935912e+01 9.73422700e+01 4.42096280e+01 8.31995810e+01 9.80474500e+01 3.72611260e+01 8.33127959e+01 9.70710100e+01 3.70234910e+01 1.01517740e+02 1.02081620e+02 5.44628700e+01 1.01533540e+02 1.01559930e+02 5.45987300e+01 1.01549340e+02 1.01038250e+02 5.47345900e+01 1.02055620e+02 1.01540870e+02 5.44648000e+01 1.01533540e+02 1.01559930e+02 5.45987300e+01 1.01011460e+02 1.01579000e+02 5.47326600e+01 8.33057459e+01 1.02116190e+02 5.71183800e+01 8.33075098e+01 1.01807460e+02 5.75706000e+01 8.33054389e+01 1.01542390e+02 5.80032900e+01 1.00091515e+02 1.00736217e+02 4.91826100e+01 1.00126932e+02 9.95144000e+01 4.94803500e+01 1.00720638e+02 1.00107274e+02 4.91847400e+01 9.94978089e+01 1.00143343e+02 4.94782100e+01 9.20304750e+01 1.01914290e+02 5.63199400e+01 9.21846120e+01 1.01260810e+02 5.70869800e+01 8.32912601e+01 9.75991400e+01 5.16469740e+01 8.33397745e+01 9.66329800e+01 5.19754000e+01 1.04045390e+02 1.04286490e+02 6.49964000e+01 1.04045530e+02 1.04047220e+02 6.49961000e+01 1.04045680e+02 1.03807940e+02 6.49957000e+01 1.04284700e+02 1.04047350e+02 6.50033600e+01 1.04045530e+02 1.04047220e+02 6.49961000e+01 1.03806370e+02 1.04047080e+02 6.49888000e+01 8.47726300e+01 1.12823800e+02 6.50066700e+01 8.47151200e+01 1.12146400e+02 6.50045500e+01 8.45985800e+01 1.11364800e+02 6.50022100e+01 1.03267600e+02 1.03872410e+02 5.96917700e+01 1.03353500e+02 1.02769460e+02 6.01239000e+01 1.03861830e+02 1.03278950e+02 5.96910800e+01 1.02759280e+02 1.03362930e+02 6.01245900e+01 9.39643800e+01 1.10127140e+02 6.49969000e+01 9.34626400e+01 1.08767580e+02 6.49967000e+01 8.40159550e+01 1.08725570e+02 5.87604900e+01 8.39282400e+01 1.08639260e+02 5.96211100e+01 1.01553570e+02 1.02071030e+02 7.55267000e+01 1.01572830e+02 1.01550300e+02 7.53937000e+01 1.01592080e+02 1.01029580e+02 7.52607000e+01 1.02093190e+02 1.01535100e+02 7.55286000e+01 1.01572830e+02 1.01550300e+02 7.53937000e+01 1.01052460e+02 1.01565500e+02 7.52588000e+01 8.33112980e+01 1.02085650e+02 7.28579000e+01 8.33128061e+01 1.01777690e+02 7.24054000e+01 8.33098890e+01 1.01513580e+02 7.19727000e+01 1.03288190e+02 1.03873760e+02 7.03006000e+01 1.03371090e+02 1.02773010e+02 6.98689000e+01 1.03880150e+02 1.03280450e+02 7.02999000e+01 1.02779130e+02 1.03366320e+02 6.98695000e+01 9.20426780e+01 1.01889460e+02 7.36680000e+01 9.22014170e+01 1.01236050e+02 7.29024000e+01 8.40203350e+01 1.08698720e+02 7.12347000e+01 8.39341300e+01 1.08615550e+02 7.03720000e+01 9.98837340e+01 1.00424789e+02 8.64455000e+01 9.98914880e+01 9.98892160e+01 8.63575000e+01 9.98992420e+01 9.93536430e+01 8.62695000e+01 1.00426746e+02 9.98821860e+01 8.64475000e+01 9.98914880e+01 9.98892160e+01 8.63575000e+01 9.93562290e+01 9.98962470e+01 8.62676000e+01 8.32038640e+01 9.66614800e+01 8.54696000e+01 8.32737645e+01 9.62236600e+01 8.54869000e+01 8.33281480e+01 9.57967600e+01 8.54914000e+01 1.00110744e+02 1.00724586e+02 8.08093000e+01 1.00147388e+02 9.95069658e+01 8.05153000e+01 1.00737446e+02 1.00098138e+02 8.08111000e+01 9.95206854e+01 1.00133413e+02 8.05134000e+01 9.13588950e+01 9.83869800e+01 8.57386000e+01 9.15953488e+01 9.73552900e+01 8.57891000e+01 8.32946870e+01 9.75806900e+01 7.83427000e+01 8.33431956e+01 9.66131400e+01 7.80196000e+01 9.99612854e+01 1.00473742e+02 1.00045500e+02 9.99609510e+01 9.99628960e+01 1.00070900e+02 9.99606167e+01 9.94520496e+01 1.00096300e+02 1.00471795e+02 9.99613010e+01 1.00045500e+02 9.99609510e+01 9.99628960e+01 1.00070900e+02 9.94501071e+01 9.99644909e+01 1.00096300e+02 8.31810200e+01 9.97635560e+01 1.00000200e+02 8.32257830e+01 9.92969320e+01 1.00083200e+02 8.32732001e+01 9.88207780e+01 1.00170500e+02 9.98646130e+01 1.00394358e+02 9.29555000e+01 9.98626440e+01 9.93367130e+01 9.29732000e+01 1.00392456e+02 9.98644070e+01 9.29558000e+01 9.93348010e+01 9.98666640e+01 9.29729000e+01 9.15711104e+01 1.00303675e+02 1.00066700e+02 9.15942284e+01 9.93407850e+01 1.00145000e+02 8.31957010e+01 9.80969800e+01 9.27360000e+01 8.33084441e+01 9.71209200e+01 9.29769000e+01 1.00002510e+02 1.00504271e+02 1.15007300e+02 1.00002281e+02 1.00002369e+02 1.15008800e+02 1.00002052e+02 9.95004674e+01 1.15010200e+02 1.00504182e+02 1.00002136e+02 1.15007300e+02 1.00002281e+02 1.00002369e+02 1.15008800e+02 9.95003790e+01 1.00002602e+02 1.15010200e+02 8.33178249e+01 1.00430561e+02 1.15001900e+02 8.33264681e+01 9.99629356e+01 1.15005500e+02 8.33346496e+01 9.94956992e+01 1.15006700e+02 1.00011331e+02 1.00514402e+02 1.07521500e+02 1.00010043e+02 9.95075155e+01 1.07522900e+02 1.00514130e+02 1.00010313e+02 1.07521200e+02 9.95072443e+01 1.00011604e+02 1.07523200e+02 9.16645364e+01 1.00494221e+02 1.15004200e+02 9.16644177e+01 9.95259759e+01 1.15004400e+02 8.32757922e+01 1.00422266e+02 1.07510700e+02 8.33171025e+01 9.93794170e+01 1.07543400e+02 1.00000000e+02 1.00499214e+02 1.30000000e+02 1.00000000e+02 1.00000000e+02 1.30000000e+02 1.00000000e+02 9.95007861e+01 1.30000000e+02 1.00499214e+02 1.00000000e+02 1.30000000e+02 1.00000000e+02 1.00000000e+02 1.30000000e+02 9.95007861e+01 1.00000000e+02 1.30000000e+02 8.33333000e+01 1.00464950e+02 1.30000000e+02 8.33333000e+01 1.00000000e+02 1.30000000e+02 8.33333000e+01 9.95350499e+01 1.30000000e+02 9.99983760e+01 1.00496565e+02 1.22505200e+02 9.99982496e+01 9.94999872e+01 1.22504100e+02 1.00496602e+02 9.99982123e+01 1.22505100e+02 9.95000238e+01 9.99983398e+01 1.22504100e+02 9.16667000e+01 1.00485915e+02 1.30000000e+02 9.16667000e+01 9.95140848e+01 1.30000000e+02 8.33306928e+01 1.00519505e+02 1.22500500e+02 8.33346271e+01 9.94887980e+01 1.22504400e+02 6.66608034e+01 1.00185305e+02 1.50062492e+01 6.66667714e+01 9.96853910e+01 1.49761785e+01 6.66729324e+01 9.91835020e+01 1.49451955e+01 6.66667000e+01 1.00497884e+02 0.00000000e+00 6.66667000e+01 1.00000000e+02 0.00000000e+00 6.66667000e+01 9.95021160e+01 0.00000000e+00 7.49880642e+01 1.00297086e+02 1.50047422e+01 7.50043875e+01 9.93283400e+01 1.49683768e+01 6.66655319e+01 1.00455937e+02 7.50193532e+00 6.66671731e+01 9.94577874e+01 7.48676210e+00 7.50000000e+01 1.00485196e+02 0.00000000e+00 7.50000000e+01 9.95148045e+01 0.00000000e+00 6.66168569e+01 9.80009100e+01 2.98845610e+01 6.66479439e+01 9.75060300e+01 2.97631000e+01 6.66781403e+01 9.70108500e+01 2.96445240e+01 7.48785380e+01 9.87807400e+01 2.99651322e+01 7.50064225e+01 9.78429600e+01 2.97778600e+01 6.66356535e+01 9.94081300e+01 2.24922460e+01 6.66715500e+01 9.84097300e+01 2.23369120e+01 6.66689185e+01 9.57118600e+01 4.43821380e+01 6.66963778e+01 9.52184400e+01 4.44515760e+01 6.67281274e+01 9.47397300e+01 4.45081910e+01 7.49768395e+01 9.61086700e+01 4.45302980e+01 7.50285705e+01 9.50794500e+01 4.45269270e+01 6.66598815e+01 9.62500100e+01 3.71321610e+01 6.67380694e+01 9.53019900e+01 3.69494340e+01 6.67470135e+01 1.03454160e+02 5.55743200e+01 6.67045143e+01 1.03196470e+02 5.60184900e+01 6.66634573e+01 1.02953200e+02 5.64612300e+01 7.50799157e+01 1.02755830e+02 5.64783300e+01 7.49386004e+01 1.02305840e+02 5.73953100e+01 6.66477067e+01 9.81149000e+01 5.09971800e+01 6.66068671e+01 9.73055900e+01 5.15952880e+01 6.70201020e+01 1.13973300e+02 6.49962000e+01 6.69876020e+01 1.13417300e+02 6.49950000e+01 6.69658200e+01 1.12798600e+02 6.49938000e+01 7.57228090e+01 1.13860000e+02 6.49974000e+01 7.56812700e+01 1.12064300e+02 6.49961000e+01 6.69858660e+01 1.10130190e+02 5.82425900e+01 6.69475610e+01 1.09830200e+02 5.90339900e+01 6.67493885e+01 1.03453200e+02 7.44139000e+01 6.67062826e+01 1.03195050e+02 7.39697000e+01 6.66647250e+01 1.02951340e+02 7.35271000e+01 7.50835999e+01 1.02738510e+02 7.35043000e+01 7.49408023e+01 1.02288300e+02 7.25862000e+01 6.69954660e+01 1.10125800e+02 7.17453000e+01 6.69564210e+01 1.09826300e+02 7.09528000e+01 6.66690146e+01 9.57329200e+01 8.56152000e+01 6.66968374e+01 9.52391600e+01 8.55463000e+01 6.67290649e+01 9.47600800e+01 8.54904000e+01 7.49786228e+01 9.61310100e+01 8.54648000e+01 7.50301889e+01 9.51023800e+01 8.54720000e+01 6.66490774e+01 9.81218600e+01 7.89947000e+01 6.66065329e+01 9.73119100e+01 7.83983000e+01 6.66154569e+01 9.80277700e+01 1.00112300e+02 6.66475935e+01 9.75327200e+01 1.00233400e+02 6.66788084e+01 9.70373600e+01 1.00351700e+02 7.48746310e+01 9.88281200e+01 1.00030800e+02 7.50051746e+01 9.78903600e+01 1.00216800e+02 6.66603171e+01 9.62786100e+01 9.28638000e+01 6.67400821e+01 9.53309000e+01 9.30467000e+01 6.66604305e+01 1.00190578e+02 1.14993900e+02 6.66666702e+01 9.96904930e+01 1.15023300e+02 6.66731073e+01 9.91884770e+01 1.15053600e+02 7.49876976e+01 1.00306111e+02 1.14995800e+02 7.50044307e+01 9.93376230e+01 1.15030400e+02 6.66346446e+01 9.94248500e+01 1.07506700e+02 6.66718768e+01 9.84264100e+01 1.07660400e+02 6.66667000e+01 1.00498035e+02 1.30000000e+02 6.66667000e+01 1.00000000e+02 1.30000000e+02 6.66667000e+01 9.95019651e+01 1.30000000e+02 7.50000000e+01 1.00485060e+02 1.30000000e+02 7.50000000e+01 9.95149399e+01 1.30000000e+02 6.66654032e+01 1.00456185e+02 1.22498100e+02 6.66671662e+01 9.94581932e+01 1.22513100e+02 5.00001397e+01 1.00141689e+02 1.50088116e+01 5.00000958e+01 9.96486660e+01 1.49700313e+01 5.00000530e+01 9.91530090e+01 1.49309288e+01 5.00000000e+01 1.00490855e+02 0.00000000e+00 5.00000000e+01 1.00000000e+02 0.00000000e+00 5.00000000e+01 9.95091451e+01 0.00000000e+00 5.83314341e+01 1.00146661e+02 1.50089332e+01 5.83318420e+01 9.91523710e+01 1.49343767e+01 5.00000247e+01 1.00477344e+02 7.50160135e+00 5.00000430e+01 9.94717311e+01 7.48677630e+00 5.83333000e+01 1.00498113e+02 0.00000000e+00 5.83333000e+01 9.95018869e+01 0.00000000e+00 5.00002843e+01 9.76990600e+01 2.98765010e+01 4.99998341e+01 9.72177000e+01 2.97442000e+01 4.99993646e+01 9.67320200e+01 2.96132110e+01 5.83200282e+01 9.76899900e+01 2.98481800e+01 5.83310212e+01 9.67332500e+01 2.96114840e+01 5.00003487e+01 9.92537100e+01 2.24862419e+01 4.99997918e+01 9.82524900e+01 2.23143940e+01 4.99993837e+01 9.52186500e+01 4.43394380e+01 4.99991454e+01 9.47332500e+01 4.44274960e+01 4.99989161e+01 9.42673200e+01 4.45086800e+01 5.83300136e+01 9.53810000e+01 4.43677980e+01 5.83638833e+01 9.43229700e+01 4.44775540e+01 4.99994863e+01 9.56980900e+01 3.70621450e+01 4.99985421e+01 9.47466700e+01 3.68484480e+01 4.99993142e+01 1.03754030e+02 5.54585900e+01 4.99996770e+01 1.03504630e+02 5.58889500e+01 5.00000724e+01 1.03271470e+02 5.63147900e+01 5.83410112e+01 1.03725410e+02 5.53843900e+01 5.83438122e+01 1.03287240e+02 5.62771500e+01 5.00003595e+01 9.81554400e+01 5.09021600e+01 5.00007712e+01 9.73988400e+01 5.15524700e+01 5.00000579e+01 1.14355700e+02 6.49929000e+01 5.00000570e+01 1.13826600e+02 6.49935000e+01 5.00000560e+01 1.13233400e+02 6.49942000e+01 5.84996410e+01 1.14476100e+02 6.49919000e+01 5.84565860e+01 1.12889300e+02 6.49937000e+01 4.99962020e+01 1.10462200e+02 5.82577700e+01 4.99969504e+01 1.10124900e+02 5.90602000e+01 5.00007349e+01 1.03779520e+02 7.45503000e+01 5.00003693e+01 1.03530210e+02 7.41207000e+01 4.99999721e+01 1.03297030e+02 7.36956000e+01 5.83430533e+01 1.03738200e+02 7.46139000e+01 5.83441710e+01 1.03299030e+02 7.37210000e+01 5.00038884e+01 1.10483380e+02 7.17403000e+01 5.00031346e+01 1.10144300e+02 7.09381000e+01 5.00006283e+01 9.52266600e+01 8.56607000e+01 5.00008662e+01 9.47411400e+01 8.55717000e+01 5.00010951e+01 9.42751500e+01 8.54896000e+01 5.83303033e+01 9.53967100e+01 8.56306000e+01 5.83652605e+01 9.43384600e+01 8.55208000e+01 4.99996605e+01 9.81765200e+01 7.91037000e+01 4.99992354e+01 9.74210900e+01 7.84520000e+01 4.99997193e+01 9.76977100e+01 1.00123700e+02 5.00001684e+01 9.72163900e+01 1.00256000e+02 5.00006361e+01 9.67307500e+01 1.00387000e+02 5.83193539e+01 9.77024900e+01 1.00150500e+02 5.83319300e+01 9.67454300e+01 1.00386600e+02 5.00005221e+01 9.56984800e+01 9.29380000e+01 5.00014657e+01 9.47468500e+01 9.31512000e+01 4.99998600e+01 1.00141276e+02 1.14991200e+02 4.99999043e+01 9.96482830e+01 1.15030000e+02 4.99999476e+01 9.91526550e+01 1.15069200e+02 5.83311359e+01 1.00148391e+02 1.14991100e+02 5.83318585e+01 9.91539980e+01 1.15065100e+02 4.99996523e+01 9.92524500e+01 1.07513900e+02 5.00002072e+01 9.82512200e+01 1.07685900e+02 5.00000000e+01 1.00490824e+02 1.30000000e+02 5.00000000e+01 1.00000000e+02 1.30000000e+02 5.00000000e+01 9.95091760e+01 1.30000000e+02 5.83333000e+01 1.00498177e+02 1.30000000e+02 5.83333000e+01 9.95018233e+01 1.30000000e+02 4.99999752e+01 1.00477271e+02 1.22498400e+02 4.99999573e+01 9.94716238e+01 1.22513200e+02 3.33395995e+01 1.00190963e+02 1.50061062e+01 3.33333376e+01 9.96908640e+01 1.49767159e+01 3.33268771e+01 9.91888380e+01 1.49464425e+01 3.33333000e+01 1.00498050e+02 0.00000000e+00 3.33333000e+01 1.00000000e+02 0.00000000e+00 3.33333000e+01 9.95019504e+01 0.00000000e+00 4.16688681e+01 1.00148740e+02 1.50088993e+01 4.16681477e+01 9.91542990e+01 1.49349507e+01 3.33346057e+01 1.00456230e+02 7.50187059e+00 3.33328324e+01 9.94582552e+01 7.48692000e+00 4.16667000e+01 1.00498199e+02 0.00000000e+00 4.16667000e+01 9.95018006e+01 0.00000000e+00 3.33846349e+01 9.80291900e+01 2.98877850e+01 3.33524067e+01 9.75341200e+01 2.97666710e+01 3.33211027e+01 9.70387400e+01 2.96484240e+01 4.16806873e+01 9.77036000e+01 2.98496130e+01 4.16681286e+01 9.67465200e+01 2.96133720e+01 3.33653853e+01 9.94259200e+01 2.24933112e+01 3.33281002e+01 9.84274700e+01 2.23397600e+01 3.33307473e+01 9.57269500e+01 4.43853270e+01 3.33027116e+01 9.52333400e+01 4.44532760e+01 3.32702900e+01 9.47544000e+01 4.45084290e+01 4.16693439e+01 9.53893100e+01 4.43696380e+01 4.16342479e+01 9.43309900e+01 4.44778670e+01 3.33397432e+01 9.62788400e+01 3.71362170e+01 3.32597982e+01 9.53312900e+01 3.69528710e+01 3.32510098e+01 1.03429060e+02 5.55932800e+01 3.32940071e+01 1.03170640e+02 5.60383800e+01 3.33354313e+01 1.02926730e+02 5.64818800e+01 4.16572952e+01 1.03712510e+02 5.53947900e+01 4.16560489e+01 1.03273650e+02 5.62885200e+01 3.33508592e+01 9.81029400e+01 5.10104200e+01 3.33931586e+01 9.72918500e+01 5.16052540e+01 3.29800160e+01 1.13973300e+02 6.49900000e+01 3.30125080e+01 1.13417400e+02 6.49927000e+01 3.30342830e+01 1.12798700e+02 6.49955000e+01 4.15004700e+01 1.14476100e+02 6.49924000e+01 4.15435140e+01 1.12889400e+02 6.49972000e+01 3.30046690e+01 1.10104490e+02 5.82527100e+01 3.30435970e+01 1.09806900e+02 5.90451300e+01 3.32526751e+01 1.03478620e+02 7.44331000e+01 3.32952690e+01 1.03221210e+02 7.39898000e+01 3.33364429e+01 1.02978120e+02 7.35480000e+01 4.16587370e+01 1.03751270e+02 7.46244000e+01 4.16560417e+01 1.03312790e+02 7.37325000e+01 3.30141980e+01 1.10151730e+02 7.17554000e+01 3.30526240e+01 1.09849800e+02 7.09639000e+01 3.33313519e+01 9.57178400e+01 8.56184000e+01 3.33041027e+01 9.52242600e+01 8.55480000e+01 3.32725440e+01 9.47454200e+01 8.54906000e+01 4.16703698e+01 9.53884200e+01 8.56324000e+01 4.16366353e+01 9.43304600e+01 8.55212000e+01 3.33523787e+01 9.81340400e+01 7.90081000e+01 3.33934648e+01 9.73259000e+01 7.84084000e+01 3.33830533e+01 9.79994800e+01 1.00115500e+02 3.33520584e+01 9.75046400e+01 1.00237000e+02 3.33219514e+01 9.70094800e+01 1.00355600e+02 4.16799360e+01 9.76888900e+01 1.00151900e+02 4.16689274e+01 9.67321800e+01 1.00388500e+02 3.33400627e+01 9.62497300e+01 9.28679000e+01 3.32620600e+01 9.53015500e+01 9.30501000e+01 3.33391674e+01 1.00184912e+02 1.14993700e+02 3.33332221e+01 9.96850120e+01 1.15023800e+02 3.33270851e+01 9.91831340e+01 1.15054900e+02 4.16685617e+01 1.00146307e+02 1.14991100e+02 4.16681520e+01 9.91520660e+01 1.15065700e+02 3.33643183e+01 9.94070700e+01 1.07507800e+02 3.33284760e+01 9.84086800e+01 1.07663200e+02 3.33333000e+01 1.00497868e+02 1.30000000e+02 3.33333000e+01 1.00000000e+02 1.30000000e+02 3.33333000e+01 9.95021317e+01 1.30000000e+02 4.16667000e+01 1.00498090e+02 1.30000000e+02 4.16667000e+01 9.95019102e+01 1.30000000e+02 3.33344594e+01 1.00455886e+02 1.22498000e+02 3.33328292e+01 9.94577186e+01 1.22513200e+02 1.66821853e+01 1.00431425e+02 1.49980093e+01 1.66735473e+01 9.99637375e+01 1.49944113e+01 1.66653715e+01 9.94964447e+01 1.49933461e+01 1.66667000e+01 1.00465007e+02 0.00000000e+00 1.66667000e+01 1.00000000e+02 0.00000000e+00 1.66667000e+01 9.95349934e+01 0.00000000e+00 2.50123200e+01 1.00306810e+02 1.50041394e+01 2.49955693e+01 9.93382440e+01 1.49696776e+01 1.66693161e+01 1.00519587e+02 7.49947102e+00 1.66653784e+01 9.94889354e+01 7.49563710e+00 2.50000000e+01 1.00485095e+02 0.00000000e+00 2.50000000e+01 9.95149048e+01 0.00000000e+00 1.68192100e+01 9.97691020e+01 2.99997107e+01 1.67744900e+01 9.93023750e+01 2.99169699e+01 1.67271220e+01 9.88261030e+01 2.98297750e+01 2.51256820e+01 9.88318100e+01 2.99693538e+01 2.49948452e+01 9.78939600e+01 2.97834620e+01 1.67242873e+01 1.00425045e+02 2.24890730e+01 1.66829609e+01 9.93822370e+01 2.24567557e+01 1.67962970e+01 9.66636600e+01 4.45302400e+01 1.67264316e+01 9.62260200e+01 4.45121570e+01 1.66721162e+01 9.57991800e+01 4.45069810e+01 2.50214254e+01 9.61291100e+01 4.45351920e+01 2.49693811e+01 9.51005100e+01 4.45268050e+01 1.68050700e+01 9.81037500e+01 3.72643140e+01 1.66921358e+01 9.71278300e+01 3.70232640e+01 1.66879093e+01 1.02066930e+02 5.71464400e+01 1.66863676e+01 1.01758360e+02 5.76000400e+01 1.66893199e+01 1.01493710e+02 5.80336300e+01 2.49160409e+01 1.02716100e+02 5.65019600e+01 2.50588450e+01 1.02265560e+02 5.74210900e+01 1.67043779e+01 9.75676100e+01 5.16589810e+01 1.66551700e+01 9.65995800e+01 5.19799010e+01 1.52274300e+01 1.12823900e+02 6.49802000e+01 1.52849300e+01 1.12146400e+02 6.49840000e+01 1.54014700e+01 1.11364900e+02 6.49883000e+01 2.42772850e+01 1.13860100e+02 6.49874000e+01 2.43188200e+01 1.12064500e+02 6.49956000e+01 1.59811340e+01 1.08680880e+02 5.87642900e+01 1.60668250e+01 1.08599380e+02 5.96264700e+01 1.66950492e+01 1.02135410e+02 7.28863000e+01 1.66933275e+01 1.01827310e+02 7.24352000e+01 1.66953740e+01 1.01562800e+02 7.20034000e+01 2.49205053e+01 1.02778660e+02 7.35283000e+01 2.50617932e+01 1.02328980e+02 7.26123000e+01 1.59826880e+01 1.08743800e+02 7.12384000e+01 1.60709200e+01 1.08655720e+02 7.03773000e+01 1.67982120e+01 9.66437200e+01 8.54715000e+01 1.67278813e+01 9.62046100e+01 8.54856000e+01 1.66730602e+01 9.57766700e+01 8.54872000e+01 2.50231330e+01 9.61105600e+01 8.54697000e+01 2.49718832e+01 9.50813200e+01 8.54719000e+01 1.67096962e+01 9.76125500e+01 7.83549000e+01 1.66618813e+01 9.66469000e+01 7.80243000e+01 1.68147320e+01 9.97006210e+01 1.00001900e+02 1.67696570e+01 9.92338040e+01 1.00085600e+02 1.67219073e+01 9.87577640e+01 1.00173600e+02 2.51211590e+01 9.87770400e+01 1.00035000e+02 2.49935687e+01 9.78393600e+01 1.00222400e+02 1.67996960e+01 9.80406400e+01 9.27392000e+01 1.66866655e+01 9.70640700e+01 9.29767000e+01 1.66818278e+01 1.00418615e+02 1.15000400e+02 1.66732076e+01 9.99506995e+01 1.15005200e+02 1.66650369e+01 9.94830997e+01 1.15007500e+02 2.50119199e+01 1.00296369e+02 1.14995200e+02 2.49956153e+01 9.93277010e+01 1.15031700e+02 1.67227839e+01 1.00382735e+02 1.07508800e+02 1.66810666e+01 9.93403320e+01 1.07545800e+02 1.66667000e+01 1.00465297e+02 1.30000000e+02 1.66667000e+01 1.00000000e+02 1.30000000e+02 1.66667000e+01 9.95347033e+01 1.30000000e+02 2.50000000e+01 1.00485160e+02 1.30000000e+02 2.50000000e+01 9.95148396e+01 1.30000000e+02 1.66691895e+01 1.00517305e+02 1.22499900e+02 1.66652918e+01 9.94870041e+01 1.22504600e+02 -2.55391000e-03 1.00504279e+02 1.49926601e+01 -2.27852000e-03 1.00002387e+02 1.49912143e+01 -2.00313000e-03 9.95004949e+01 1.49897685e+01 -5.04170260e-01 1.00002107e+02 1.49926799e+01 -2.27852000e-03 1.00002387e+02 1.49912143e+01 4.99613225e-01 1.00002666e+02 1.49897486e+01 0.00000000e+00 1.00499206e+02 0.00000000e+00 0.00000000e+00 1.00000000e+02 0.00000000e+00 0.00000000e+00 9.95007944e+01 0.00000000e+00 -4.99205561e-01 1.00000000e+02 0.00000000e+00 0.00000000e+00 1.00000000e+02 0.00000000e+00 4.99205561e-01 1.00000000e+02 0.00000000e+00 8.33547762e+00 1.00494814e+02 1.49957150e+01 8.33563947e+00 9.95265161e+01 1.49955679e+01 1.60244000e-03 1.00496570e+02 7.49481963e+00 1.75422000e-03 9.94999847e+01 7.49592178e+00 -4.96614560e-01 9.99982011e+01 7.49486177e+00 4.99971224e-01 9.99983540e+01 7.49587965e+00 8.33333000e+00 1.00485938e+02 0.00000000e+00 8.33333000e+00 9.95140616e+01 0.00000000e+00 3.86495000e-02 1.00473997e+02 2.99544294e+01 3.91793000e-02 9.99631579e+01 2.99290747e+01 3.97091000e-02 9.94523185e+01 2.99037199e+01 -4.71656900e-01 9.99613694e+01 2.99544352e+01 3.91793000e-02 9.99631579e+01 2.99290747e+01 5.50015500e-01 9.99649463e+01 2.99037142e+01 8.42891150e+00 1.00307608e+02 2.99331726e+01 8.40619780e+00 9.93446360e+01 2.98550640e+01 -1.14416000e-02 1.00514450e+02 2.24784491e+01 -9.89960000e-03 9.95075504e+01 2.24770687e+01 -5.14119800e-01 1.00010228e+02 2.24787676e+01 4.92778570e-01 1.00011773e+02 2.24767502e+01 1.15970000e-01 1.00424570e+02 4.35547800e+01 1.08199000e-01 9.98890050e+01 4.36424900e+01 1.00427000e-01 9.93534410e+01 4.37302000e+01 -4.26993400e-01 9.98820300e+01 4.35524700e+01 1.08199000e-01 9.98890050e+01 4.36424900e+01 6.43391000e-01 9.98959810e+01 4.37325100e+01 8.64093500e+00 9.83889800e+01 4.42618910e+01 8.40484530e+00 9.73572100e+01 4.42105760e+01 1.35103000e-01 1.00394769e+02 3.70444970e+01 1.37495000e-01 9.93371680e+01 3.70266580e+01 -3.92507000e-01 9.98646280e+01 3.70441340e+01 6.65105000e-01 9.98673090e+01 3.70270210e+01 -1.55432000e+00 1.02067970e+02 5.44728600e+01 -1.57392000e+00 1.01547110e+02 5.46057300e+01 -1.59351000e+00 1.01026260e+02 5.47386100e+01 -2.09435000e+00 1.01532220e+02 5.44706100e+01 -1.57392000e+00 1.01547110e+02 5.46057300e+01 -1.05348000e+00 1.01562010e+02 5.47408600e+01 7.95685900e+00 1.01875840e+02 5.63340600e+01 7.79730100e+00 1.01222350e+02 5.70998500e+01 -1.11622000e-01 1.00723182e+02 4.91904500e+01 -1.48349000e-01 9.95051261e+01 4.94841200e+01 -7.38503000e-01 1.00096571e+02 4.91882600e+01 4.78532000e-01 1.00131737e+02 4.94863100e+01 -4.04536000e+00 1.04286480e+02 6.50041800e+01 -4.04549000e+00 1.04047180e+02 6.50033700e+01 -4.04562000e+00 1.03807880e+02 6.50025600e+01 -4.28468000e+00 1.04047330e+02 6.49960000e+01 -4.04549000e+00 1.04047180e+02 6.50033700e+01 -3.80630000e+00 1.04047020e+02 6.50107400e+01 6.03563000e+00 1.10127070e+02 6.49962000e+01 6.53739000e+00 1.08767550e+02 6.50000100e+01 -3.28820000e+00 1.03872290e+02 5.96987400e+01 -3.37093000e+00 1.02771440e+02 6.01306300e+01 -3.88015000e+00 1.03278810e+02 5.96994800e+01 -2.77898000e+00 1.03364930e+02 6.01298900e+01 -1.51705000e+00 1.02084740e+02 7.55367000e+01 -1.53251000e+00 1.01563180e+02 7.54008000e+01 -1.54797000e+00 1.01041620e+02 7.52648000e+01 -2.05453000e+00 1.01543810e+02 7.55345000e+01 -1.53251000e+00 1.01563180e+02 7.54008000e+01 -1.01049000e+00 1.01582560e+02 7.52671000e+01 7.97003800e+00 1.01928320e+02 7.36823000e+01 7.81674100e+00 1.01274900e+02 7.29155000e+01 -3.26757000e+00 1.03873840e+02 7.03076000e+01 -3.35363000e+00 1.02771020e+02 6.98757000e+01 -3.86179000e+00 1.03280570e+02 7.03084000e+01 -2.75942000e+00 1.03364300e+02 6.98749000e+01 1.18637000e-01 1.00428033e+02 8.64459000e+01 1.11477000e-01 9.98933780e+01 8.63572000e+01 1.04317000e-01 9.93587230e+01 8.62685000e+01 -4.23592900e-01 9.98862470e+01 8.64434000e+01 1.11477000e-01 9.98933780e+01 8.63572000e+01 6.46547000e-01 9.99005091e+01 8.62711000e+01 8.64313900e+00 9.83723200e+01 8.57439000e+01 8.40627510e+00 9.73403800e+01 8.57900000e+01 -9.06813000e-02 1.00737655e+02 8.08171000e+01 -1.26019000e-01 9.95163094e+01 8.05190000e+01 -7.19611000e-01 1.00108890e+02 8.08147000e+01 5.02909830e-01 1.00145074e+02 8.05215000e+01 3.76879000e-02 1.00472229e+02 1.00046400e+02 3.55321000e-02 9.99615058e+01 1.00071500e+02 3.33763000e-02 9.94507825e+01 1.00096700e+02 -4.75199700e-01 9.99624265e+01 1.00046500e+02 3.55321000e-02 9.99615058e+01 1.00071500e+02 5.46264000e-01 9.99605850e+01 1.00096600e+02 8.42740610e+00 1.00261252e+02 1.00065600e+02 8.40004050e+00 9.92984910e+01 1.00144700e+02 1.32623000e-01 1.00395413e+02 9.29568000e+01 1.29101000e-01 9.93382820e+01 9.29742000e+01 -3.97697000e-01 9.98684570e+01 9.29563000e+01 6.59421000e-01 9.98652380e+01 9.29746000e+01 -2.15963000e-03 1.00504110e+02 1.15007400e+02 -2.52734000e-03 1.00002363e+02 1.15008800e+02 -2.89504000e-03 9.95006155e+01 1.15010300e+02 -5.04274700e-01 1.00002726e+02 1.15007400e+02 -2.52734000e-03 1.00002363e+02 1.15008800e+02 4.99220023e-01 1.00001999e+02 1.15010200e+02 8.33553678e+00 1.00485996e+02 1.15003400e+02 8.33497314e+00 9.95175453e+01 1.15004900e+02 -1.03210000e-02 1.00514398e+02 1.07521600e+02 -1.22976000e-02 9.95073155e+01 1.07523500e+02 -5.14851300e-01 1.00011844e+02 1.07522100e+02 4.92232690e-01 1.00009869e+02 1.07523000e+02 0.00000000e+00 1.00499080e+02 1.30000000e+02 0.00000000e+00 1.00000000e+02 1.30000000e+02 0.00000000e+00 9.95009205e+01 1.30000000e+02 -4.99079548e-01 1.00000000e+02 1.30000000e+02 0.00000000e+00 1.00000000e+02 1.30000000e+02 4.99079548e-01 1.00000000e+02 1.30000000e+02 8.33333000e+00 1.00486027e+02 1.30000000e+02 8.33333000e+00 9.95139729e+01 1.30000000e+02 1.77784000e-03 1.00496734e+02 1.22505200e+02 1.57862000e-03 9.95000259e+01 1.22504200e+02 -4.96675970e-01 9.99984792e+01 1.22505200e+02 5.00032433e-01 9.99982811e+01 1.22504100e+02 -4.20439600e-01 8.33180497e+01 1.49993901e+01 4.69473000e-02 8.33267193e+01 1.49947798e+01 5.14004800e-01 8.33349371e+01 1.49927441e+01 -4.64760400e-01 8.33333000e+01 0.00000000e+00 0.00000000e+00 8.33333000e+01 0.00000000e+00 4.64760400e-01 8.33333000e+01 0.00000000e+00 -4.87326800e-01 9.16644251e+01 1.49964513e+01 4.80697200e-01 9.16648540e+01 1.49952382e+01 -5.18077800e-01 8.33307985e+01 7.49994687e+00 5.12787400e-01 8.33346969e+01 7.49537998e+00 -4.85823300e-01 9.16667000e+01 0.00000000e+00 4.85823300e-01 9.16667000e+01 0.00000000e+00 2.94556000e-01 8.31840630e+01 2.99992199e+01 7.60672000e-01 8.32292540e+01 2.99148734e+01 1.23609400e+00 8.32771268e+01 2.98263270e+01 -2.63628000e-01 9.15717232e+01 2.99346511e+01 6.98725000e-01 9.15989099e+01 2.98549100e+01 -3.89351000e-01 8.32768194e+01 2.24911866e+01 6.53560000e-01 8.33182561e+01 2.24544927e+01 3.35405000e+00 8.32031070e+01 4.45306030e+01 3.79337000e+00 8.32734079e+01 4.45191970e+01 4.22102000e+00 8.33283857e+01 4.45197120e+01 1.62791000e+00 9.13568760e+01 4.42556640e+01 2.65934000e+00 9.15950780e+01 4.42123220e+01 1.96335000e+00 8.32016310e+01 3.72606010e+01 2.94047000e+00 8.33134236e+01 3.70225090e+01 -2.21966000e+00 8.33042998e+01 5.71024800e+01 -1.91499000e+00 8.33058026e+01 5.75480700e+01 -1.65369000e+00 8.33035937e+01 5.79752200e+01 -1.98832000e+00 9.20346340e+01 5.63130200e+01 -1.33521000e+00 9.21855400e+01 5.70780800e+01 2.32518000e+00 8.32874872e+01 5.16406840e+01 3.28903000e+00 8.33317061e+01 5.19797130e+01 -1.28199000e+01 8.47732900e+01 6.50831700e+01 -1.21425000e+01 8.47159100e+01 6.50724300e+01 -1.13609000e+01 8.45994700e+01 6.50601700e+01 -1.01243800e+01 9.39659500e+01 6.50433300e+01 -8.76447000e+00 9.34638500e+01 6.50201200e+01 -8.82410000e+00 8.40276050e+01 5.87704800e+01 -8.72879000e+00 8.39373590e+01 5.96351200e+01 -1.97749000e+00 8.33149039e+01 7.28387000e+01 -1.66500000e+00 8.33168738e+01 7.23791000e+01 -1.39670000e+00 8.33142344e+01 7.19406000e+01 -1.81169000e+00 9.20418360e+01 7.36591000e+01 -1.15767000e+00 9.22035430e+01 7.28915000e+01 -8.59392000e+00 8.40099490e+01 7.12419000e+01 -8.52050000e+00 8.39263740e+01 7.03835000e+01 3.32397000e+00 8.32013470e+01 8.54714000e+01 3.76097000e+00 8.32711701e+01 8.54929000e+01 4.18777000e+00 8.33252451e+01 8.55009000e+01 1.60080000e+00 9.13596050e+01 8.57370000e+01 2.63325000e+00 9.15930820e+01 8.57922000e+01 2.49346000e+00 8.32998166e+01 7.83359000e+01 3.46362000e+00 8.33529207e+01 7.80253000e+01 2.17660000e-01 8.31809340e+01 1.00001500e+02 6.85063000e-01 8.32255410e+01 1.00083100e+02 1.16200000e+00 8.32727611e+01 1.00169200e+02 -3.17752000e-01 9.15719389e+01 1.00067300e+02 6.45589000e-01 9.15935847e+01 1.00144400e+02 1.87153000e+00 8.31917810e+01 9.27346000e+01 2.84690000e+00 8.33058754e+01 9.29752000e+01 -4.32687600e-01 8.33179019e+01 1.15002200e+02 3.54360000e-02 8.33264977e+01 1.15005700e+02 5.03160470e-01 8.33346327e+01 1.15006700e+02 -4.95668410e-01 9.16646534e+01 1.15004400e+02 4.72956200e-01 9.16644569e+01 1.15004500e+02 -4.28731800e-01 8.32757606e+01 1.07511600e+02 6.13726000e-01 8.33173377e+01 1.07542900e+02 -4.65436900e-01 8.33333000e+01 1.30000000e+02 0.00000000e+00 8.33333000e+01 1.30000000e+02 4.65436900e-01 8.33333000e+01 1.30000000e+02 -4.86086800e-01 9.16667000e+01 1.30000000e+02 4.86086800e-01 9.16667000e+01 1.30000000e+02 -5.19411800e-01 8.33306824e+01 1.22500600e+02 5.10797400e-01 8.33346232e+01 1.22504300e+02 -1.85756000e-01 6.66607951e+01 1.50062899e+01 3.14148000e-01 6.66667760e+01 1.49763202e+01 8.16018000e-01 6.66729448e+01 1.49454223e+01 -4.97851310e-01 6.66667000e+01 0.00000000e+00 0.00000000e+00 6.66667000e+01 0.00000000e+00 4.97851310e-01 6.66667000e+01 0.00000000e+00 -2.97781000e-01 7.49879676e+01 1.50047369e+01 6.70300000e-01 7.50044272e+01 1.49686781e+01 -4.55800600e-01 6.66655211e+01 7.50200347e+00 5.42393600e-01 6.66671643e+01 7.48678140e+00 -4.84880400e-01 7.50000000e+01 0.00000000e+00 4.84880400e-01 7.50000000e+01 0.00000000e+00 1.99292000e+00 6.66166807e+01 2.98859470e+01 2.48772000e+00 6.66477751e+01 2.97645610e+01 2.98286000e+00 6.66779808e+01 2.96461490e+01 1.21501000e+00 7.48781740e+01 2.99663618e+01 2.15218000e+00 7.50058567e+01 2.97791770e+01 5.89480000e-01 6.66352925e+01 2.24926532e+01 1.58788000e+00 6.66716002e+01 2.23374490e+01 4.23730000e+00 6.66672717e+01 4.43813910e+01 4.73171000e+00 6.66936263e+01 4.44558440e+01 5.21128000e+00 6.67244397e+01 4.45170270e+01 3.86387000e+00 7.49776116e+01 4.45334110e+01 4.89286000e+00 7.50264896e+01 4.45354700e+01 3.73413000e+00 6.66602977e+01 3.71344230e+01 4.68296000e+00 6.67382346e+01 3.69547340e+01 -3.60388000e+00 6.67506702e+01 5.55375500e+01 -3.34754000e+00 6.67072889e+01 5.59759400e+01 -3.10514000e+00 6.66652636e+01 5.64135200e+01 -2.88787000e+00 7.50797875e+01 5.64484200e+01 -2.43950000e+00 7.49380457e+01 5.73596700e+01 1.76274000e+00 6.66480472e+01 5.09703400e+01 2.56533000e+00 6.66049392e+01 5.15770800e+01 -1.39695000e+01 6.70203380e+01 6.50869100e+01 -1.34134000e+01 6.69878070e+01 6.50773400e+01 -1.27945000e+01 6.69659940e+01 6.50668300e+01 -1.38561000e+01 7.57233550e+01 6.50958200e+01 -1.20598000e+01 7.56817220e+01 6.50516500e+01 -1.02602800e+01 6.69912320e+01 5.82617200e+01 -9.94930000e+00 6.69518880e+01 5.90538300e+01 -3.29595000e+00 6.67463337e+01 7.43687000e+01 -3.03609000e+00 6.67042183e+01 7.39182000e+01 -2.79119000e+00 6.66637625e+01 7.34699000e+01 -2.60019000e+00 7.50850459e+01 7.34683000e+01 -2.14774000e+00 7.49430251e+01 7.25438000e+01 -9.98844000e+00 6.69914570e+01 7.17618000e+01 -9.70150000e+00 6.69535800e+01 7.09703000e+01 4.31014000e+00 6.66704792e+01 8.56119000e+01 4.80252000e+00 6.66995445e+01 8.55487000e+01 5.28037000e+00 6.67328357e+01 8.54979000e+01 3.88478000e+00 7.49772547e+01 8.54661000e+01 4.91341000e+00 7.50322161e+01 8.54798000e+01 2.00289000e+00 6.66491287e+01 7.89623000e+01 2.82023000e+00 6.66090272e+01 7.83760000e+01 1.97059000e+00 6.66154150e+01 1.00113000e+02 2.46578000e+00 6.66477455e+01 1.00233900e+02 2.96122000e+00 6.66791510e+01 1.00352000e+02 1.16241000e+00 7.48739570e+01 1.00031000e+02 2.10072000e+00 7.50055631e+01 1.00216500e+02 3.72674000e+00 6.66595923e+01 9.28645000e+01 4.67349000e+00 6.67399500e+01 9.30503000e+01 -1.91648000e-01 6.66603935e+01 1.14994000e+02 3.08440000e-01 6.66666771e+01 1.15023300e+02 8.10456000e-01 6.66731638e+01 1.15053500e+02 -3.07894000e-01 7.49877284e+01 1.14996000e+02 6.61151000e-01 7.50044305e+01 1.15030400e+02 5.73230000e-01 6.66348513e+01 1.07507000e+02 1.57176000e+00 6.66719268e+01 1.07660300e+02 -4.98061190e-01 6.66667000e+01 1.30000000e+02 0.00000000e+00 6.66667000e+01 1.30000000e+02 4.98061190e-01 6.66667000e+01 1.30000000e+02 -4.85315000e-01 7.50000000e+01 1.30000000e+02 4.85315000e-01 7.50000000e+01 1.30000000e+02 -4.56512200e-01 6.66653990e+01 1.22498200e+02 5.41442700e-01 6.66671866e+01 1.22513000e+02 -1.39398000e-01 5.00000111e+01 1.50088626e+01 3.53435000e-01 5.00000075e+01 1.49698166e+01 8.48912000e-01 5.00000041e+01 1.49304217e+01 -4.90657490e-01 5.00000000e+01 0.00000000e+00 0.00000000e+00 5.00000000e+01 0.00000000e+00 4.90657490e-01 5.00000000e+01 0.00000000e+00 -1.45620000e-01 5.83313304e+01 1.50088783e+01 8.48420000e-01 5.83318817e+01 1.49342035e+01 -4.77025300e-01 5.00000020e+01 7.50163503e+00 5.28805800e-01 5.00000033e+01 7.48667380e+00 -4.97999340e-01 5.83333000e+01 0.00000000e+00 4.97999340e-01 5.83333000e+01 0.00000000e+00 2.30778000e+00 5.00000214e+01 2.98753690e+01 2.78895000e+00 4.99999867e+01 2.97433210e+01 3.27436000e+00 4.99999507e+01 2.96126570e+01 2.30908000e+00 5.83199426e+01 2.98482460e+01 3.26583000e+00 5.83317598e+01 2.96127820e+01 7.53740000e-01 5.00000270e+01 2.24855319e+01 1.75500000e+00 4.99999845e+01 2.23128820e+01 4.72325000e+00 4.99999494e+01 4.43390810e+01 5.20926000e+00 4.99999307e+01 4.44335170e+01 5.67553000e+00 4.99999127e+01 4.45206700e+01 4.56160000e+00 5.83278793e+01 4.43682320e+01 5.61923000e+00 5.83613352e+01 4.44870060e+01 4.29513000e+00 4.99999585e+01 3.70621530e+01 5.24790000e+00 4.99998845e+01 3.68521510e+01 -3.92337000e+00 4.99999219e+01 5.54027100e+01 -3.67445000e+00 4.99999519e+01 5.58280100e+01 -3.44104000e+00 4.99999842e+01 5.62494200e+01 -3.89072000e+00 5.83441235e+01 5.53341300e+01 -3.45001000e+00 5.83454137e+01 5.62218300e+01 1.70256000e+00 5.00000217e+01 5.08648600e+01 2.45164000e+00 5.00000612e+01 5.15241990e+01 -1.43510000e+01 4.99999442e+01 6.50889900e+01 -1.38217000e+01 4.99999449e+01 6.50810400e+01 -1.32282000e+01 4.99999458e+01 6.50718900e+01 -1.44721000e+01 5.84996620e+01 6.50978200e+01 -1.28844000e+01 5.84566930e+01 6.50567100e+01 -1.06023000e+01 4.99996546e+01 5.82717000e+01 -1.02530000e+01 4.99997163e+01 5.90728200e+01 -3.60237000e+00 5.00000302e+01 7.44845000e+01 -3.35223000e+00 5.00000028e+01 7.40494000e+01 -3.11904000e+00 4.99999725e+01 7.36193000e+01 -3.56515000e+00 5.83405026e+01 7.45538000e+01 -3.12824000e+00 5.83431644e+01 7.36551000e+01 -1.03352700e+01 5.00002587e+01 7.17509000e+01 -1.00097000e+01 5.00002020e+01 7.09475000e+01 4.82267000e+00 5.00000386e+01 8.56584000e+01 5.30724000e+00 5.00000570e+01 8.55763000e+01 5.77266000e+00 5.00000747e+01 8.55007000e+01 4.65288000e+00 5.83325649e+01 8.56287000e+01 5.71145000e+00 5.83678247e+01 8.55289000e+01 1.96771000e+00 4.99999582e+01 7.90603000e+01 2.73143000e+00 4.99999312e+01 7.84193000e+01 2.28829000e+00 4.99999744e+01 1.00121700e+02 2.76991000e+00 5.00000094e+01 1.00254000e+02 3.25593000e+00 5.00000462e+01 1.00384900e+02 2.29172000e+00 5.83194021e+01 1.00149800e+02 3.24887000e+00 5.83311037e+01 1.00386800e+02 4.29772000e+00 5.00000350e+01 9.29361000e+01 5.24792000e+00 5.00001079e+01 9.31526000e+01 -1.45180000e-01 4.99999892e+01 1.14991300e+02 3.48028000e-01 4.99999923e+01 1.15029700e+02 8.43859000e-01 4.99999953e+01 1.15068400e+02 -1.50789000e-01 5.83312566e+01 1.14991100e+02 8.43876000e-01 5.83318077e+01 1.15064800e+02 7.36140000e-01 4.99999719e+01 1.07513000e+02 1.73738000e+00 5.00000151e+01 1.07683600e+02 -4.91043920e-01 5.00000000e+01 1.30000000e+02 0.00000000e+00 5.00000000e+01 1.30000000e+02 4.91043920e-01 5.00000000e+01 1.30000000e+02 -4.98295810e-01 5.83333000e+01 1.30000000e+02 4.98295810e-01 5.83333000e+01 1.30000000e+02 -4.78030000e-01 4.99999982e+01 1.22498500e+02 5.27378100e-01 4.99999964e+01 1.22513000e+02 -1.86198000e-01 3.33392360e+01 1.50062786e+01 3.13721000e-01 3.33332321e+01 1.49763617e+01 8.15603000e-01 3.33270398e+01 1.49455189e+01 -4.97865050e-01 3.33333000e+01 0.00000000e+00 0.00000000e+00 3.33333000e+01 0.00000000e+00 4.97865050e-01 3.33333000e+01 0.00000000e+00 -1.45782000e-01 4.16686934e+01 1.50088754e+01 8.48270000e-01 4.16681176e+01 1.49342477e+01 -4.55825000e-01 3.33344895e+01 7.50199847e+00 5.42354600e-01 3.33328358e+01 7.48679410e+00 -4.98006500e-01 4.16667000e+01 0.00000000e+00 4.98006500e-01 4.16667000e+01 0.00000000e+00 1.99072000e+00 3.33834373e+01 2.98861960e+01 2.48553000e+00 3.33522534e+01 2.97648380e+01 2.98069000e+00 3.33219609e+01 2.96464530e+01 2.30803000e+00 4.16801125e+01 2.98483560e+01 3.26480000e+00 4.16681723e+01 2.96129270e+01 5.88100000e-01 3.33647887e+01 2.24927354e+01 1.58650000e+00 3.33283724e+01 2.23376690e+01 4.23612000e+00 3.33326925e+01 4.43816550e+01 4.73054000e+00 3.33062942e+01 4.44559850e+01 5.21013000e+00 3.32754294e+01 4.45170490e+01 4.56096000e+00 4.16720621e+01 4.43683860e+01 5.61861000e+00 4.16385114e+01 4.44870370e+01 3.73185000e+00 3.33396751e+01 3.71347460e+01 4.68065000e+00 3.32615982e+01 3.69550130e+01 -3.60172000e+00 3.32491340e+01 5.55391700e+01 -3.34532000e+00 3.32925622e+01 5.59776300e+01 -3.10288000e+00 3.33346254e+01 5.64152800e+01 -3.88961000e+00 4.16556972e+01 5.53350100e+01 -3.44885000e+00 4.16545420e+01 5.62227900e+01 1.76381000e+00 3.33518339e+01 5.09714700e+01 2.56655000e+00 3.33950573e+01 5.15779330e+01 -1.39695000e+01 3.29795480e+01 6.50864100e+01 -1.34133000e+01 3.30120860e+01 6.50771500e+01 -1.27944000e+01 3.30339080e+01 6.50669500e+01 -1.44720000e+01 4.15002310e+01 6.50978500e+01 -1.28844000e+01 4.15432100e+01 6.50569800e+01 -1.02581200e+01 3.30079180e+01 5.82624800e+01 -9.94740000e+00 3.30473090e+01 5.90546700e+01 -3.29780000e+00 3.32537784e+01 7.43701000e+01 -3.03799000e+00 3.32958606e+01 7.39197000e+01 -2.79315000e+00 3.33362947e+01 7.34714000e+01 -3.56609000e+00 4.16595834e+01 7.45546000e+01 -3.12924000e+00 4.16568091e+01 7.36559000e+01 -9.99037000e+00 3.30091990e+01 7.17627000e+01 -9.70330000e+00 3.30470250e+01 7.09712000e+01 4.31130000e+00 3.33295244e+01 8.56122000e+01 4.80367000e+00 3.33005051e+01 8.55489000e+01 5.28151000e+00 3.32672677e+01 8.54979000e+01 4.65353000e+00 4.16674636e+01 8.56289000e+01 5.71208000e+00 4.16323004e+01 8.55290000e+01 2.00204000e+00 3.33509669e+01 7.89633000e+01 2.81925000e+00 3.33909522e+01 7.83768000e+01 1.97278000e+00 3.33844671e+01 1.00113300e+02 2.46796000e+00 3.33522248e+01 1.00234200e+02 2.96338000e+00 3.33209048e+01 1.00352300e+02 2.29278000e+00 4.16805367e+01 1.00149900e+02 3.24990000e+00 4.16689565e+01 1.00387000e+02 3.72895000e+00 3.33404302e+01 9.28649000e+01 4.67575000e+00 3.32602063e+01 9.30506000e+01 -1.91223000e-01 3.33395742e+01 1.14994000e+02 3.08851000e-01 3.33333131e+01 1.15023400e+02 8.10857000e-01 3.33268494e+01 1.15053600e+02 -1.50636000e-01 4.16687199e+01 1.14991100e+02 8.44019000e-01 4.16681922e+01 1.15064800e+02 5.74600000e-01 3.33650668e+01 1.07507100e+02 1.57313000e+00 3.33280980e+01 1.07660500e+02 -4.98048670e-01 3.33333000e+01 1.30000000e+02 0.00000000e+00 3.33333000e+01 1.30000000e+02 4.98048670e-01 3.33333000e+01 1.30000000e+02 -4.98289320e-01 4.16667000e+01 1.30000000e+02 4.98289320e-01 4.16667000e+01 1.30000000e+02 -4.56496000e-01 3.33345901e+01 1.22498200e+02 5.41472000e-01 3.33328124e+01 1.22513100e+02 -4.21370300e-01 1.66819775e+01 1.49992798e+01 4.59929000e-02 1.66733062e+01 1.49947583e+01 5.13021000e-01 1.66650879e+01 1.49928131e+01 -4.64732700e-01 1.66667000e+01 0.00000000e+00 0.00000000e+00 1.66667000e+01 0.00000000e+00 4.64732700e-01 1.66667000e+01 0.00000000e+00 -2.98540000e-01 2.50120620e+01 1.50046929e+01 6.69527000e-01 2.49955692e+01 1.49687819e+01 -5.18252300e-01 1.66692104e+01 7.49990473e+00 5.12645100e-01 1.66653092e+01 7.49539782e+00 -4.84872500e-01 2.50000000e+01 0.00000000e+00 4.84872500e-01 2.50000000e+01 0.00000000e+00 2.89628000e-01 1.68162660e+01 2.99993595e+01 7.55729000e-01 1.67710980e+01 2.99150744e+01 1.23116000e+00 1.67232508e+01 2.98265730e+01 1.21102000e+00 2.51221530e+01 2.99666979e+01 2.14819000e+00 2.49942397e+01 2.97796230e+01 -3.92438000e-01 1.67232918e+01 2.24910395e+01 6.50510000e-01 1.66818862e+01 2.24546824e+01 3.35269000e+00 1.67967270e+01 4.45307680e+01 3.79190000e+00 1.67264586e+01 4.45191040e+01 4.21946000e+00 1.66715150e+01 4.45193860e+01 3.86226000e+00 2.50222480e+01 4.45338110e+01 4.89121000e+00 2.49733441e+01 4.45354640e+01 1.95892000e+00 1.67987150e+01 3.72608560e+01 2.93601000e+00 1.66869477e+01 3.70224960e+01 -2.21549000e+00 1.66952039e+01 5.71048900e+01 -1.91082000e+00 1.66937141e+01 5.75506000e+01 -1.64955000e+00 1.66959871e+01 5.79778200e+01 -2.88450000e+00 2.49198659e+01 5.64504600e+01 -2.43609000e+00 2.50617366e+01 5.73619000e+01 2.32785000e+00 1.67121635e+01 5.16417320e+01 3.29186000e+00 1.66678891e+01 5.19801370e+01 -1.28199000e+01 1.52266500e+01 6.50810700e+01 -1.21424000e+01 1.52840400e+01 6.50708000e+01 -1.13608000e+01 1.54004800e+01 6.50590600e+01 -1.38560000e+01 2.42765530e+01 6.50950300e+01 -1.20596000e+01 2.43181910e+01 6.50516000e+01 -8.82035000e+00 1.59721110e+01 5.87707000e+01 -8.72548000e+00 1.60621940e+01 5.96354700e+01 -1.98116000e+00 1.66855888e+01 7.28407000e+01 -1.66865000e+00 1.66835982e+01 7.23813000e+01 -1.40032000e+00 1.66861636e+01 7.19428000e+01 -2.60315000e+00 2.49152391e+01 7.34700000e+01 -2.15074000e+00 2.50571524e+01 7.25457000e+01 -8.59728000e+00 1.59902270e+01 7.12423000e+01 -8.52353000e+00 1.60739600e+01 7.03840000e+01 3.32537000e+00 1.67987990e+01 8.54715000e+01 3.76247000e+00 1.67289405e+01 8.54928000e+01 4.18935000e+00 1.66748310e+01 8.55006000e+01 3.88636000e+00 2.50228676e+01 8.54665000e+01 4.91503000e+00 2.49679288e+01 8.54798000e+01 2.49110000e+00 1.67005135e+01 7.83368000e+01 3.46113000e+00 1.66474636e+01 7.80256000e+01 2.22506000e-01 1.68187320e+01 1.00001700e+02 6.89924000e-01 1.67740990e+01 1.00083300e+02 1.16685200e+00 1.67268513e+01 1.00169500e+02 1.16636000e+00 2.51257100e+01 1.00031300e+02 2.10466000e+00 2.49943315e+01 1.00216900e+02 1.87588000e+00 1.68078310e+01 9.27348000e+01 2.85129000e+00 1.66937189e+01 9.29751000e+01 -4.31783000e-01 1.66820686e+01 1.15002100e+02 3.63624000e-02 1.66734749e+01 1.15005700e+02 5.04114280e-01 1.66653412e+01 1.15006800e+02 -3.07158000e-01 2.50122406e+01 1.14995900e+02 6.61901000e-01 2.49955712e+01 1.15030500e+02 -4.25695400e-01 1.67241265e+01 1.07511500e+02 6.16730000e-01 1.66825169e+01 1.07543100e+02 -4.65463100e-01 1.66667000e+01 1.30000000e+02 0.00000000e+00 1.66667000e+01 1.30000000e+02 4.65463100e-01 1.66667000e+01 1.30000000e+02 -4.85322700e-01 2.50000000e+01 1.30000000e+02 4.85322700e-01 2.50000000e+01 1.30000000e+02 -5.19254900e-01 1.66693079e+01 1.22500500e+02 5.10923100e-01 1.66653702e+01 1.22504300e+02 -4.87966000e-01 8.33560094e+00 1.49963919e+01 4.80038800e-01 8.33522539e+00 1.49952742e+01 -4.85813200e-01 8.33333000e+00 0.00000000e+00 4.85813200e-01 8.33333000e+00 0.00000000e+00 -2.66951000e-01 8.42841770e+00 2.99345635e+01 6.95408000e-01 8.40156200e+00 2.98548900e+01 1.62677000e+00 8.64300600e+00 4.42560830e+01 2.65818000e+00 8.40483280e+00 4.42124010e+01 -1.98506000e+00 7.96440600e+00 5.63142400e+01 -1.33196000e+00 7.81306000e+00 5.70792000e+01 -1.01244500e+01 6.03410000e+00 6.50432600e+01 -8.76450000e+00 6.53618000e+00 6.50203800e+01 -1.81455000e+00 7.95919100e+00 7.36601000e+01 -1.16054000e+00 7.79790300e+00 7.28924000e+01 1.60195000e+00 8.64058100e+00 8.57374000e+01 2.63442000e+00 8.40707030e+00 8.57922000e+01 -3.14493000e-01 8.42796090e+00 1.00067200e+02 6.48835000e-01 8.40598540e+00 1.00144400e+02 -4.95040750e-01 8.33537715e+00 1.15004300e+02 4.73596500e-01 8.33552253e+00 1.15004500e+02 -4.86093900e-01 8.33333000e+00 1.30000000e+02 4.86093900e-01 8.33333000e+00 1.30000000e+02 1.00465463e+02 8.33333000e+01 0.00000000e+00 1.00000000e+02 8.33333000e+01 0.00000000e+00 9.95345374e+01 8.33333000e+01 0.00000000e+00 1.00431774e+02 8.33179316e+01 1.49978914e+01 9.99636295e+01 8.33265254e+01 1.49943171e+01 9.94958781e+01 8.33346592e+01 1.49932273e+01 1.00486094e+02 9.16667000e+01 0.00000000e+00 9.95139064e+01 9.16667000e+01 0.00000000e+00 1.00519254e+02 8.33306922e+01 7.49945546e+00 9.94890751e+01 8.33346299e+01 7.49569957e+00 1.00495035e+02 9.16646527e+01 1.49956741e+01 9.95263984e+01 9.16645078e+01 1.49954860e+01 9.97774540e+01 8.31812710e+01 2.99983459e+01 9.93100370e+01 8.32259040e+01 2.99166839e+01 9.88331090e+01 8.32731527e+01 2.98305270e+01 1.00425671e+02 8.32758742e+01 2.24885170e+01 9.93832450e+01 8.33174838e+01 2.24568810e+01 1.00314464e+02 9.15720706e+01 2.99328116e+01 9.93511370e+01 9.15940492e+01 2.98556390e+01 9.66746800e+01 8.32011980e+01 4.45285090e+01 9.62375800e+01 8.32710560e+01 4.45072020e+01 9.58107000e+01 8.33251660e+01 4.44994130e+01 9.81240900e+01 8.31921750e+01 3.72651860e+01 9.71486800e+01 8.33062847e+01 3.70248710e+01 9.83980800e+01 9.13594460e+01 4.42625690e+01 9.73656000e+01 9.15929544e+01 4.42077600e+01 1.01981440e+02 8.33143974e+01 5.71592700e+01 1.01668930e+02 8.33163884e+01 5.76186600e+01 1.01400600e+02 8.33138248e+01 5.80571500e+01 9.75091300e+01 8.32994722e+01 5.16631920e+01 9.65391000e+01 8.33525127e+01 5.19743790e+01 1.01814750e+02 9.20408270e+01 5.63398700e+01 1.01160740e+02 9.22021000e+01 5.71076100e+01 1.12819900e+02 8.47733500e+01 6.49192000e+01 1.12142400e+02 8.47159600e+01 6.49294000e+01 1.11360800e+02 8.45995200e+01 6.49411000e+01 1.08597530e+02 8.40097810e+01 5.87577800e+01 1.08523760e+02 8.39260440e+01 5.96161000e+01 1.10124460e+02 9.39659200e+01 6.49569000e+01 1.08764500e+02 9.34638500e+01 6.49797000e+01 1.02215210e+02 8.33048027e+01 7.28951000e+01 1.01910540e+02 8.33062917e+01 7.24494000e+01 1.01649270e+02 8.33040168e+01 7.20221000e+01 1.08820100e+02 8.40278760e+01 7.12294000e+01 1.08725260e+02 8.39377980e+01 7.03646000e+01 1.01984860e+02 9.20356290e+01 7.36858000e+01 1.01331760e+02 9.21869890e+01 7.29208000e+01 9.66472300e+01 8.32032790e+01 8.54692000e+01 9.62080200e+01 8.32735474e+01 8.54809000e+01 9.57804600e+01 8.33284909e+01 8.54806000e+01 9.76719100e+01 8.32878472e+01 7.83583000e+01 9.67078900e+01 8.33321305e+01 7.80199000e+01 9.83731800e+01 9.13570250e+01 8.57439000e+01 9.73417800e+01 9.15952032e+01 8.57876000e+01 9.97103820e+01 8.31837330e+01 1.00000600e+02 9.92442810e+01 8.32289000e+01 1.00084900e+02 9.87688490e+01 8.32767471e+01 1.00173400e+02 9.80410700e+01 8.32012820e+01 9.27391000e+01 9.70639900e+01 8.33130520e+01 9.29775000e+01 1.00266960e+02 9.15716109e+01 1.00065400e+02 9.93046000e+01 9.15984656e+01 1.00145100e+02 1.00421375e+02 8.33180225e+01 1.15000700e+02 9.99540108e+01 8.33266936e+01 1.15005200e+02 9.94869821e+01 8.33349118e+01 1.15007200e+02 1.00392446e+02 8.32767080e+01 1.07509000e+02 9.93494990e+01 8.33181137e+01 1.07545300e+02 1.00487968e+02 9.16644292e+01 1.15003600e+02 9.95199631e+01 9.16648045e+01 1.15004700e+02 1.00464733e+02 8.33333000e+01 1.30000000e+02 1.00000000e+02 8.33333000e+01 1.30000000e+02 9.95352668e+01 8.33333000e+01 1.30000000e+02 1.00518253e+02 8.33307896e+01 1.22500100e+02 9.94873563e+01 8.33346907e+01 1.22504600e+02 1.00485814e+02 9.16667000e+01 1.30000000e+02 9.95141865e+01 9.16667000e+01 1.30000000e+02 1.00498049e+02 6.66667000e+01 0.00000000e+00 1.00000000e+02 6.66667000e+01 0.00000000e+00 9.95019515e+01 6.66667000e+01 0.00000000e+00 1.00191217e+02 6.66604261e+01 1.50060107e+01 9.96911430e+01 6.66666869e+01 1.49766246e+01 9.91891370e+01 6.66731505e+01 1.49463700e+01 1.00485322e+02 7.50000000e+01 0.00000000e+00 9.95146776e+01 7.50000000e+01 0.00000000e+00 1.00456495e+02 6.66654100e+01 7.50176711e+00 9.94585264e+01 6.66671876e+01 7.48694020e+00 1.00307150e+02 7.49877596e+01 1.50040764e+01 9.93380910e+01 7.50044289e+01 1.49694664e+01 9.80272100e+01 6.66155345e+01 2.98867190e+01 9.75320400e+01 6.66477756e+01 2.97658300e+01 9.70366200e+01 6.66790945e+01 2.96477200e+01 9.94253900e+01 6.66349337e+01 2.24928877e+01 9.84268600e+01 6.66719018e+01 2.23395010e+01 9.88336200e+01 7.48742930e+01 2.99687136e+01 9.78953100e+01 7.50056692e+01 2.97830920e+01 9.56888200e+01 6.66704720e+01 4.43878400e+01 9.51964500e+01 6.66994887e+01 4.44511530e+01 9.47186200e+01 6.67327238e+01 4.45020900e+01 9.62710800e+01 6.66595691e+01 3.71351420e+01 9.53242800e+01 6.67397906e+01 3.69494080e+01 9.61137300e+01 7.49771286e+01 4.45335130e+01 9.50850600e+01 7.50320637e+01 4.45202150e+01 1.03298120e+02 6.67462216e+01 5.56298800e+01 1.03038320e+02 6.67041382e+01 5.60802800e+01 1.02793480e+02 6.66637025e+01 5.65284900e+01 9.79982400e+01 6.66490302e+01 5.10367000e+01 9.71810500e+01 6.66090425e+01 5.16232050e+01 1.02603460e+02 7.50847522e+01 5.65300000e+01 1.02151050e+02 7.49428416e+01 5.74542800e+01 1.13969500e+02 6.70204510e+01 6.49139000e+01 1.13413300e+02 6.69879130e+01 6.49231000e+01 1.12794400e+02 6.69660910e+01 6.49333000e+01 1.09990650e+02 6.69907970e+01 5.82374400e+01 1.09703500e+02 6.69529690e+01 5.90289100e+01 1.13856100e+02 7.57234450e+01 6.49053000e+01 1.12059700e+02 7.56818070e+01 6.49486000e+01 1.03601400e+02 6.67508637e+01 7.44608000e+01 1.03345000e+02 6.67074363e+01 7.40223000e+01 1.03102560e+02 6.66653740e+01 7.35847000e+01 1.10257850e+02 6.69920820e+01 7.17376000e+01 1.09947200e+02 6.69526920e+01 7.09455000e+01 1.02884190e+02 7.50801383e+01 7.35495000e+01 1.02435790e+02 7.49382636e+01 7.26381000e+01 9.57637300e+01 6.66673122e+01 8.56184000e+01 9.52693000e+01 6.66937130e+01 8.55440000e+01 9.47897100e+01 6.67245801e+01 8.54830000e+01 9.82359100e+01 6.66481677e+01 7.90285000e+01 9.74331600e+01 6.66049463e+01 7.84221000e+01 9.61376200e+01 7.49777572e+01 8.54662000e+01 9.51086800e+01 7.50266645e+01 8.54646000e+01 9.80092700e+01 6.66165613e+01 1.00113800e+02 9.75144500e+01 6.66477461e+01 1.00235200e+02 9.70193000e+01 6.66780394e+01 1.00353600e+02 9.62680900e+01 6.66603263e+01 9.28653000e+01 9.53193000e+01 6.67384052e+01 9.30450000e+01 9.87889800e+01 7.48778450e+01 1.00033300e+02 9.78518100e+01 7.50057599e+01 1.00220400e+02 1.00186201e+02 6.66607638e+01 1.14993700e+02 9.96862820e+01 6.66667678e+01 1.15023600e+02 9.91844000e+01 6.66729602e+01 1.15054500e+02 9.94119100e+01 6.66352110e+01 1.07507300e+02 9.84135000e+01 6.66716276e+01 1.07662300e+02 1.00298545e+02 7.49879380e+01 1.14995300e+02 9.93304770e+01 7.50044307e+01 1.15031200e+02 1.00497865e+02 6.66667000e+01 1.30000000e+02 1.00000000e+02 6.66667000e+01 1.30000000e+02 9.95021347e+01 6.66667000e+01 1.30000000e+02 1.00455826e+02 6.66655105e+01 1.22498000e+02 9.94576469e+01 6.66671642e+01 1.22513200e+02 1.00484873e+02 7.50000000e+01 1.30000000e+02 9.95151271e+01 7.50000000e+01 1.30000000e+02 1.00491044e+02 5.00000000e+01 0.00000000e+00 1.00000000e+02 5.00000000e+01 0.00000000e+00 9.95089565e+01 5.00000000e+01 0.00000000e+00 1.00145173e+02 5.00000108e+01 1.50086997e+01 9.96519660e+01 5.00000077e+01 1.49702903e+01 9.91561350e+01 5.00000047e+01 1.49315829e+01 1.00498289e+02 5.83333000e+01 0.00000000e+00 9.95017109e+01 5.83333000e+01 0.00000000e+00 1.00478028e+02 5.00000018e+01 7.50152463e+00 9.94726193e+01 5.00000035e+01 7.48695910e+00 1.00150630e+02 5.83312801e+01 1.50089204e+01 9.91559760e+01 5.83318079e+01 1.49351689e+01 9.77117200e+01 5.00000255e+01 2.98782670e+01 9.72301000e+01 4.99999905e+01 2.97460520e+01 9.67440800e+01 4.99999537e+01 2.96150720e+01 9.92638500e+01 5.00000281e+01 2.24870352e+01 9.82626100e+01 4.99999848e+01 2.23163630e+01 9.77072300e+01 5.83194643e+01 2.98500590e+01 9.67501000e+01 5.83310436e+01 2.96130190e+01 9.51775000e+01 4.99999613e+01 4.43416490e+01 9.46929200e+01 4.99999429e+01 4.44237380e+01 9.42275000e+01 4.99999252e+01 4.44993690e+01 9.57023300e+01 4.99999649e+01 3.70639270e+01 9.47521400e+01 4.99998919e+01 3.68474380e+01 9.53466200e+01 5.83325325e+01 4.43711180e+01 9.42880700e+01 5.83676926e+01 4.44710610e+01 1.03602720e+02 4.99999698e+01 5.55154200e+01 1.03352580e+02 4.99999972e+01 5.59505600e+01 1.03119380e+02 5.00000275e+01 5.63806000e+01 9.80326000e+01 5.00000417e+01 5.09396000e+01 9.72688900e+01 5.00000687e+01 5.15806120e+01 1.03566440e+02 5.83404194e+01 5.54453600e+01 1.03129580e+02 5.83431909e+01 5.63440300e+01 1.14351000e+02 5.00000558e+01 6.49113000e+01 1.13821700e+02 5.00000551e+01 6.49192000e+01 1.13228200e+02 5.00000542e+01 6.49284000e+01 1.10335560e+02 4.99997413e+01 5.82492300e+01 1.10009900e+02 4.99997980e+01 5.90525800e+01 1.14472000e+02 5.84997690e+01 6.49024000e+01 1.12884400e+02 5.84567900e+01 6.49432000e+01 1.03923030e+02 5.00000782e+01 7.45973000e+01 1.03674110e+02 5.00000482e+01 7.41719000e+01 1.03440710e+02 5.00000159e+01 7.37505000e+01 1.10602000e+02 5.00003455e+01 7.17284000e+01 1.10252800e+02 5.00002837e+01 7.09273000e+01 1.03889270e+02 5.83442976e+01 7.46650000e+01 1.03448520e+02 5.83454555e+01 7.37772000e+01 9.52765500e+01 5.00000506e+01 8.56609000e+01 9.47905400e+01 5.00000693e+01 8.55665000e+01 9.43242800e+01 5.00000873e+01 8.54794000e+01 9.82971200e+01 4.99999784e+01 7.91351000e+01 9.75480300e+01 4.99999389e+01 7.84758000e+01 9.54388600e+01 5.83279420e+01 8.56316000e+01 9.43812100e+01 5.83614962e+01 8.55130000e+01 9.76921900e+01 4.99999786e+01 1.00124600e+02 9.72110300e+01 5.00000134e+01 1.00256700e+02 9.67256100e+01 5.00000494e+01 1.00387400e+02 9.57047900e+01 5.00000415e+01 9.29379000e+01 9.47520100e+01 5.00001155e+01 9.31479000e+01 9.76919500e+01 5.83198865e+01 1.00151600e+02 9.67351800e+01 5.83318275e+01 1.00387100e+02 1.00139402e+02 4.99999889e+01 1.14991100e+02 9.96465680e+01 4.99999925e+01 1.15030200e+02 9.91510910e+01 4.99999959e+01 1.15069600e+02 9.92462600e+01 4.99999730e+01 1.07514500e+02 9.82450000e+01 5.00000156e+01 1.07687100e+02 1.00145786e+02 5.83313065e+01 1.14991100e+02 9.91517330e+01 5.83318822e+01 1.15065800e+02 1.00490658e+02 5.00000000e+01 1.30000000e+02 1.00000000e+02 5.00000000e+01 1.30000000e+02 9.95093421e+01 5.00000000e+01 1.30000000e+02 1.00477027e+02 4.99999980e+01 1.22498400e+02 9.94711961e+01 4.99999967e+01 1.22513300e+02 1.00498007e+02 5.83333000e+01 1.30000000e+02 9.95019932e+01 5.83333000e+01 1.30000000e+02 1.00498061e+02 3.33333000e+01 0.00000000e+00 1.00000000e+02 3.33333000e+01 0.00000000e+00 9.95019389e+01 3.33333000e+01 0.00000000e+00 1.00191643e+02 3.33396062e+01 1.50059999e+01 9.96915550e+01 3.33333228e+01 1.49766665e+01 9.91895390e+01 3.33268363e+01 1.49464668e+01 1.00498296e+02 4.16667000e+01 0.00000000e+00 9.95017045e+01 4.16667000e+01 0.00000000e+00 1.00456511e+02 3.33346009e+01 7.50176258e+00 9.94585558e+01 3.33328134e+01 7.48695150e+00 1.00150784e+02 4.16687434e+01 1.50089183e+01 9.91561190e+01 4.16681922e+01 1.49352138e+01 9.80294100e+01 3.33845833e+01 2.98869770e+01 9.75342200e+01 3.33522540e+01 2.97661140e+01 9.70387800e+01 3.33208496e+01 2.96480300e+01 9.94267600e+01 3.33651482e+01 2.24929723e+01 9.84282300e+01 3.33280734e+01 2.23397260e+01 9.77082900e+01 4.16805968e+01 2.98501730e+01 9.67511400e+01 4.16688960e+01 2.96131690e+01 9.56899900e+01 3.33295242e+01 4.43880850e+01 9.51976100e+01 3.33004614e+01 4.44512870e+01 9.47197600e+01 3.32671724e+01 4.45021140e+01 9.62733000e+01 3.33404083e+01 3.71354590e+01 9.53265400e+01 3.32600529e+01 3.69496740e+01 9.53472700e+01 4.16674388e+01 4.43712600e+01 9.42887000e+01 4.16321819e+01 4.44710870e+01 1.03296280e+02 3.32536662e+01 5.56312800e+01 1.03036420e+02 3.32957828e+01 5.60817500e+01 1.02791520e+02 3.33362403e+01 5.65300100e+01 9.79973900e+01 3.33508741e+01 5.10376700e+01 9.71800600e+01 3.33909779e+01 5.16239380e+01 1.03565490e+02 4.16594944e+01 5.54461300e+01 1.03128580e+02 4.16568355e+01 5.63448700e+01 1.13969500e+02 3.29796630e+01 6.49134000e+01 1.13413400e+02 3.30121930e+01 6.49229000e+01 1.12794500e+02 3.30340070e+01 6.49334000e+01 1.09988720e+02 3.30085470e+01 5.82382700e+01 1.09701800e+02 3.30464260e+01 5.90298100e+01 1.14472100e+02 4.15003380e+01 6.49025000e+01 1.12884500e+02 4.15433080e+01 6.49435000e+01 1.03603560e+02 3.32493323e+01 7.44624000e+01 1.03347220e+02 3.32927129e+01 7.40240000e+01 1.03104820e+02 3.33347373e+01 7.35864000e+01 1.10260000e+02 3.30087680e+01 7.17384000e+01 1.09949100e+02 3.30481110e+01 7.09463000e+01 1.03890380e+02 4.16558819e+01 7.46658000e+01 1.03449680e+02 4.16545890e+01 7.37781000e+01 9.57625400e+01 3.33327237e+01 8.56186000e+01 9.52681400e+01 3.33063667e+01 8.55442000e+01 9.47885700e+01 3.32755509e+01 8.54830000e+01 9.82369700e+01 3.33519515e+01 7.90296000e+01 9.74343800e+01 3.33950573e+01 7.84229000e+01 9.54382200e+01 4.16721168e+01 8.56318000e+01 9.43805900e+01 4.16386574e+01 8.55130000e+01 9.80070600e+01 3.33833208e+01 1.00114100e+02 9.75122600e+01 3.33522256e+01 1.00235400e+02 9.70171200e+01 3.33220190e+01 1.00353900e+02 9.62658000e+01 3.33397010e+01 9.28656000e+01 9.53169800e+01 3.32617620e+01 9.30453000e+01 9.76909000e+01 4.16800584e+01 1.00151800e+02 9.67341500e+01 4.16682404e+01 1.00387200e+02 1.00185759e+02 3.33392052e+01 1.14993700e+02 9.96858550e+01 3.33332241e+01 1.15023700e+02 9.91839840e+01 3.33270552e+01 1.15054600e+02 9.94105300e+01 3.33647077e+01 1.07507300e+02 9.84121200e+01 3.33283998e+01 1.07662600e+02 1.00145623e+02 4.16686697e+01 1.14991100e+02 9.91515830e+01 4.16681184e+01 1.15065800e+02 1.00497852e+02 3.33333000e+01 1.30000000e+02 1.00000000e+02 3.33333000e+01 1.30000000e+02 9.95021485e+01 3.33333000e+01 1.30000000e+02 1.00455802e+02 3.33344790e+01 1.22498000e+02 9.94576078e+01 3.33328357e+01 1.22513200e+02 1.00498000e+02 4.16667000e+01 1.30000000e+02 9.95020004e+01 4.16667000e+01 1.30000000e+02 1.00465436e+02 1.66667000e+01 0.00000000e+00 1.00000000e+02 1.66667000e+01 0.00000000e+00 9.95345635e+01 1.66667000e+01 0.00000000e+00 1.00432679e+02 1.66820979e+01 1.49977739e+01 9.99645562e+01 1.66735020e+01 1.49942891e+01 9.94968322e+01 1.66653669e+01 1.49932889e+01 1.00485315e+02 2.50000000e+01 0.00000000e+00 9.95146853e+01 2.50000000e+01 0.00000000e+00 1.00519411e+02 1.66693175e+01 7.49941329e+00 9.94892009e+01 1.66653768e+01 7.49571544e+00 1.00307886e+02 2.50122714e+01 1.50040275e+01 9.93388410e+01 2.49955694e+01 1.49695651e+01 9.97823010e+01 1.68190630e+01 2.99984681e+01 9.93148990e+01 1.67744550e+01 2.99168647e+01 9.88379620e+01 1.67272347e+01 2.98307520e+01 1.00428708e+02 1.67242387e+01 2.24883596e+01 9.93862490e+01 1.66826615e+01 2.24570555e+01 9.88375600e+01 2.51260400e+01 2.99690329e+01 9.78992500e+01 2.49944361e+01 2.97835190e+01 9.66760800e+01 1.67986560e+01 4.45286490e+01 9.62390800e+01 1.67288331e+01 4.45071000e+01 9.58122800e+01 1.66747576e+01 4.44990890e+01 9.81284400e+01 1.68082130e+01 3.72654270e+01 9.71530700e+01 1.66941208e+01 3.70248510e+01 9.61153100e+01 2.50227489e+01 4.45338900e+01 9.50866800e+01 2.49677911e+01 4.45202100e+01 1.01977760e+02 1.66851098e+01 5.71613100e+01 1.01665270e+02 1.66831395e+01 5.76208100e+01 1.01396990e+02 1.66857770e+01 5.80593800e+01 9.75067800e+01 1.67001976e+01 5.16640520e+01 9.65366200e+01 1.66471028e+01 5.19746750e+01 1.02600500e+02 2.49149626e+01 5.65317100e+01 1.02148050e+02 2.50569808e+01 5.74561600e+01 1.12820000e+02 1.52267200e+01 6.49171000e+01 1.12142500e+02 1.52840900e+01 6.49278000e+01 1.11360900e+02 1.54005300e+01 6.49400000e+01 1.08594170e+02 1.59900420e+01 5.87581400e+01 1.08520730e+02 1.60736220e+01 5.96165700e+01 1.13856100e+02 2.42766470e+01 6.49045000e+01 1.12059800e+02 2.43182800e+01 6.49485000e+01 1.02219380e+02 1.66956939e+01 7.28975000e+01 1.01914710e+02 1.66941918e+01 7.24519000e+01 1.01653410e+02 1.66964026e+01 7.20247000e+01 1.08823850e+02 1.59724090e+01 7.12296000e+01 1.08728570e+02 1.60626490e+01 7.03650000e+01 1.02887560e+02 2.49202084e+01 7.35516000e+01 1.02439200e+02 2.50619542e+01 7.26403000e+01 9.66458700e+01 1.67968870e+01 8.54694000e+01 9.62065500e+01 1.67265862e+01 8.54808000e+01 9.57789000e+01 1.66716086e+01 8.54803000e+01 9.76745700e+01 1.67125022e+01 7.83593000e+01 9.67107300e+01 1.66682745e+01 7.80203000e+01 9.61360100e+01 2.50223834e+01 8.54666000e+01 9.51070300e+01 2.49735019e+01 8.54646000e+01 9.97054540e+01 1.68159390e+01 1.00000800e+02 9.92393360e+01 1.67707470e+01 1.00085100e+02 9.87639130e+01 1.67228754e+01 1.00173700e+02 9.80366400e+01 1.67983720e+01 9.27394000e+01 9.70595200e+01 1.66865767e+01 9.29775000e+01 9.87849900e+01 2.51218270e+01 1.00033600e+02 9.78478200e+01 2.49941438e+01 1.00220800e+02 1.00420444e+02 1.66819504e+01 1.15000600e+02 9.99530560e+01 1.66732808e+01 1.15005200e+02 9.94859979e+01 1.66650632e+01 1.15007300e+02 1.00389359e+02 1.67231808e+01 1.07508800e+02 9.93464480e+01 1.66817440e+01 1.07545500e+02 1.00297786e+02 2.50120325e+01 1.14995300e+02 9.93297040e+01 2.49955729e+01 1.15031300e+02 1.00464761e+02 1.66667000e+01 1.30000000e+02 1.00000000e+02 1.66667000e+01 1.30000000e+02 9.95352390e+01 1.66667000e+01 1.30000000e+02 1.00518079e+02 1.66692015e+01 1.22500100e+02 9.94872140e+01 1.66653032e+01 1.22504600e+02 1.00484881e+02 2.50000000e+01 1.30000000e+02 9.95151193e+01 2.50000000e+01 1.30000000e+02 1.00486086e+02 8.33333000e+00 0.00000000e+00 9.95139135e+01 8.33333000e+00 0.00000000e+00 1.00495663e+02 8.33537674e+00 1.49956112e+01 9.95270390e+01 8.33557278e+00 1.49955192e+01 1.00317724e+02 8.42808940e+00 2.99327172e+01 9.93543830e+01 8.40644060e+00 2.98556110e+01 9.83992300e+01 8.64042800e+00 4.42629640e+01 9.73667700e+01 8.40695300e+00 4.42078290e+01 1.01811890e+02 7.95820700e+00 5.63408900e+01 1.01157870e+02 7.79651400e+00 5.71085300e+01 1.10124390e+02 6.03409000e+00 6.49568000e+01 1.08764470e+02 6.53618000e+00 6.49800000e+01 1.01988120e+02 7.96539200e+00 7.36870000e+01 1.01335010e+02 7.81447100e+00 7.29219000e+01 9.83720500e+01 8.64315300e+00 8.57443000e+01 9.73406200e+01 8.40494630e+00 8.57877000e+01 1.00263636e+02 8.42830820e+00 1.00065300e+02 9.93012830e+01 8.40112240e+00 1.00145100e+02 1.00487329e+02 8.33560481e+00 1.15003500e+02 9.95193044e+01 8.33517611e+00 1.15004800e+02 1.00485824e+02 8.33333000e+00 1.30000000e+02 9.95141764e+01 8.33333000e+00 1.30000000e+02
        </DataArray>
      </Points>
      <Cells>
        <DataArray type="Int32" Name="connectivity" format="ascii">
          0 6 9 12 2 8 11 14 18 20 22 24 19 21 23 25 1 7 10 13 12 9 28 31 14 11 30 33 22 37 39 41 23 38 40 42 13 10 29 32 31 28 45 48 33 30 47 50 39 54 56 58 40 55 57 59 32 29 46 49 48 45 62 65 50 47 64 67 56 71 73 75 57 72 74 76 49 46 63 66 65 62 79 82 67 64 81 84 73 88 90 92 74 89 91 93 66 63 80 83 82 79 96 99 84 81 98 101 90 105 107 109 91 106 108 110 83 80 97 100 99 96 113 116 101 98 115 118 107 122 124 126 108 123 125 127 100 97 114 117 116 113 130 133 118 115 132 135 124 139 141 143 125 140 142 144 117 114 131 134 133 130 147 150 135 132 149 152 141 156 158 160 142 157 159 161 134 131 148 151 150 147 164 167 152 149 166 169 158 173 175 177 159 174 176 178 151 148 165 168 6 181 184 9 8 183 186 11 187 189 191 20 188 190 192 21 7 182 185 10 9 184 193 28 11 186 195 30 191 196 198 37 192 197 199 38 10 185 194 29 28 193 200 45 30 195 202 47 198 203 205 54 199 204 206 55 29 194 201 46 45 200 207 62 47 202 209 64 205 210 212 71 206 211 213 72 46 201 208 63 62 207 214 79 64 209 216 81 212 217 219 88 213 218 220 89 63 208 215 80 79 214 221 96 81 216 223 98 219 224 226 105 220 225 227 106 80 215 222 97 96 221 228 113 98 223 230 115 226 231 233 122 227 232 234 123 97 222 229 114 113 228 235 130 115 230 237 132 233 238 240 139 234 239 241 140 114 229 236 131 130 235 242 147 132 237 244 149 240 245 247 156 241 246 248 157 131 236 243 148 147 242 249 164 149 244 251 166 247 252 254 173 248 253 255 174 148 243 250 165 181 256 259 184 183 258 261 186 262 264 266 189 263 265 267 190 182 257 260 185 184 259 268 193 186 261 270 195 266 271 273 196 267 272 274 197 185 260 269 194 193 268 275 200 195 270 277 202 273 278 280 203 274 279 281 204 194 269 276 201 200 275 282 207 202 277 284 209 280 285 287 210 281 286 288 211 201 276 283 208 207 282 289 214 209 284 291 216 287 292 294 217 288 293 295 218 208 283 290 215 214 289 296 221 216 291 298 223 294 299 301 224 295 300 302 225 215 290 297 222 221 296 303 228 223 298 305 230 301 306 308 231 302 307 309 232 222 297 304 229 228 303 310 235 230 305 312 237 308 313 315 238 309 314 316 239 229 304 311 236 235 310 317 242 237 312 319 244 315 320 322 245 316 321 323 246 236 311 318 243 242 317 324 249 244 319 326 251 322 327 329 252 323 328 330 253 243 318 325 250 256 331 334 259 258 333 336 261 337 339 341 264 338 340 342 265 257 332 335 260 259 334 343 268 261 336 345 270 341 346 348 271 342 347 349 272 260 335 344 269 268 343 350 275 270 345 352 277 348 353 355 278 349 354 356 279 269 344 351 276 275 350 357 282 277 352 359 284 355 360 362 285 356 361 363 286 276 351 358 283 282 357 364 289 284 359 366 291 362 367 369 292 363 368 370 293 283 358 365 290 289 364 371 296 291 366 373 298 369 374 376 299 370 375 377 300 290 365 372 297 296 371 378 303 298 373 380 305 376 381 383 306 377 382 384 307 297 372 379 304 303 378 385 310 305 380 387 312 383 388 390 313 384 389 391 314 304 379 386 311 310 385 392 317 312 387 394 319 390 395 397 320 391 396 398 321 311 386 393 318 317 392 399 324 319 394 401 326 397 402 404 327 398 403 405 328 318 393 400 325 331 406 409 334 333 408 411 336 412 414 416 339 413 415 417 340 332 407 410 335 334 409 418 343 336 411 420 345 416 421 423 346 417 422 424 347 335 410 419 344 343 418 425 350 345 420 427 352 423 428 430 353 424 429 431 354 344 419 426 351 350 425 432 357 352 427 434 359 430 435 437 360 431 436 438 361 351 426 433 358 357 432 439 364 359 434 441 366 437 442 444 367 438 443 445 368 358 433 440 365 364 439 446 371 366 441 448 373 444 449 451 374 445 450 452 375 365 440 447 372 371 446 453 378 373 448 455 380 451 456 458 381 452 457 459 382 372 447 454 379 378 453 460 385 380 455 462 387 458 463 465 388 459 464 466 389 379 454 461 386 385 460 467 392 387 462 469 394 465 470 472 395 466 471 473 396 386 461 468 393 392 467 474 399 394 469 476 401 472 477 479 402 473 478 480 403 393 468 475 400 406 481 487 409 408 483 489 411 493 495 499 414 494 496 500 415 407 482 488 410 409 487 501 418 411 489 503 420 499 507 511 421 500 508 512 422 410 488 502 419 418 501 513 425 420 503 515 427 511 519 523 428 512 520 524 429 419 502 514 426 425 513 525 432 427 515 527 434 523 531 535 435 524 532 536 436 426 514 526 433 432 525 537 439 434 527 539 441 535 543 547 442 536 544 548 443 433 526 538 440 439 537 549 446 441 539 551 448 547 555 559 449 548 556 560 450 440 538 550 447 446 549 561 453 448 551 563 455 559 567 571 456 560 568 572 457 447 550 562 454 453 561 573 460 455 563 575 462 571 579 583 463 572 580 584 464 454 562 574 461 460 573 585 467 462 575 587 469 583 591 595 470 584 592 596 471 461 574 586 468 467 585 597 474 469 587 599 476 595 603 607 477 596 604 608 478 468 586 598 475 609 615 621 624 611 617 623 626 627 631 633 635 628 632 634 636 610 616 622 625 615 637 643 621 617 639 645 623 646 650 652 631 647 651 653 632 616 638 644 622 637 654 660 643 639 656 662 645 663 667 669 650 664 668 670 651 638 655 661 644 654 671 677 660 656 673 679 662 680 684 686 667 681 685 687 668 655 672 678 661 671 688 694 677 673 690 696 679 697 701 703 684 698 702 704 685 672 689 695 678 688 705 711 694 690 707 713 696 714 718 720 701 715 719 721 702 689 706 712 695 705 722 728 711 707 724 730 713 731 735 737 718 732 736 738 719 706 723 729 712 722 739 745 728 724 741 747 730 748 752 754 735 749 753 755 736 723 740 746 729 739 756 762 745 741 758 764 747 765 769 771 752 766 770 772 753 740 757 763 746 756 773 779 762 758 775 781 764 782 786 788 769 783 787 789 770 757 774 780 763 624 621 790 793 626 623 792 795 633 796 798 800 634 797 799 801 625 622 791 794 621 643 802 790 623 645 804 792 652 805 807 796 653 806 808 797 622 644 803 791 643 660 809 802 645 662 811 804 669 812 814 805 670 813 815 806 644 661 810 803 660 677 816 809 662 679 818 811 686 819 821 812 687 820 822 813 661 678 817 810 677 694 823 816 679 696 825 818 703 826 828 819 704 827 829 820 678 695 824 817 694 711 830 823 696 713 832 825 720 833 835 826 721 834 836 827 695 712 831 824 711 728 837 830 713 730 839 832 737 840 842 833 738 841 843 834 712 729 838 831 728 745 844 837 730 747 846 839 754 847 849 840 755 848 850 841 729 746 845 838 745 762 851 844 747 764 853 846 771 854 856 847 772 855 857 848 746 763 852 845 762 779 858 851 764 781 860 853 788 861 863 854 789 862 864 855 763 780 859 852 793 790 865 868 795 792 867 870 798 871 873 875 799 872 874 876 794 791 866 869 790 802 877 865 792 804 879 867 807 880 882 871 808 881 883 872 791 803 878 866 802 809 884 877 804 811 886 879 814 887 889 880 815 888 890 881 803 810 885 878 809 816 891 884 811 818 893 886 821 894 896 887 822 895 897 888 810 817 892 885 816 823 898 891 818 825 900 893 828 901 903 894 829 902 904 895 817 824 899 892 823 830 905 898 825 832 907 900 835 908 910 901 836 909 911 902 824 831 906 899 830 837 912 905 832 839 914 907 842 915 917 908 843 916 918 909 831 838 913 906 837 844 919 912 839 846 921 914 849 922 924 915 850 923 925 916 838 845 920 913 844 851 926 919 846 853 928 921 856 929 931 922 857 930 932 923 845 852 927 920 851 858 933 926 853 860 935 928 863 936 938 929 864 937 939 930 852 859 934 927 868 865 940 943 870 867 942 945 873 946 948 950 874 947 949 951 869 866 941 944 865 877 952 940 867 879 954 942 882 955 957 946 883 956 958 947 866 878 953 941 877 884 959 952 879 886 961 954 889 962 964 955 890 963 965 956 878 885 960 953 884 891 966 959 886 893 968 961 896 969 971 962 897 970 972 963 885 892 967 960 891 898 973 966 893 900 975 968 903 976 978 969 904 977 979 970 892 899 974 967 898 905 980 973 900 907 982 975 910 983 985 976 911 984 986 977 899 906 981 974 905 912 987 980 907 914 989 982 917 990 992 983 918 991 993 984 906 913 988 981 912 919 994 987 914 921 996 989 924 997 999 990 925 998 1000 991 913 920 995 988 919 926 1001 994 921 928 1003 996 931 1004 1006 997 932 1005 1007 998 920 927 1002 995 926 933 1008 1001 928 935 1010 1003 938 1011 1013 1004 939 1012 1014 1005 927 934 1009 1002 943 940 1015 1018 945 942 1017 1020 948 1021 1023 1025 949 1022 1024 1026 944 941 1016 1019 940 952 1027 1015 942 954 1029 1017 957 1030 1032 1021 958 1031 1033 1022 941 953 1028 1016 952 959 1034 1027 954 961 1036 1029 964 1037 1039 1030 965 1038 1040 1031 953 960 1035 1028 959 966 1041 1034 961 968 1043 1036 971 1044 1046 1037 972 1045 1047 1038 960 967 1042 1035 966 973 1048 1041 968 975 1050 1043 978 1051 1053 1044 979 1052 1054 1045 967 974 1049 1042 973 980 1055 1048 975 982 1057 1050 985 1058 1060 1051 986 1059 1061 1052 974 981 1056 1049 980 987 1062 1055 982 989 1064 1057 992 1065 1067 1058 993 1066 1068 1059 981 988 1063 1056 987 994 1069 1062 989 996 1071 1064 999 1072 1074 1065 1000 1073 1075 1066 988 995 1070 1063 994 1001 1076 1069 996 1003 1078 1071 1006 1079 1081 1072 1007 1080 1082 1073 995 1002 1077 1070 1001 1008 1083 1076 1003 1010 1085 1078 1013 1086 1088 1079 1014 1087 1089 1080 1002 1009 1084 1077 1018 1015 1090 1096 1020 1017 1092 1098 1023 1102 1104 1108 1024 1103 1105 1109 1019 1016 1091 1097 1015 1027 1110 1090 1017 1029 1112 1092 1032 1116 1118 1102 1033 1117 1119 1103 1016 1028 1111 1091 1027 1034 1122 1110 1029 1036 1124 1112 1039 1128 1130 1116 1040 1129 1131 1117 1028 1035 1123 1111 1034 1041 1134 1122 1036 1043 1136 1124 1046 1140 1142 1128 1047 1141 1143 1129 1035 1042 1135 1123 1041 1048 1146 1134 1043 1050 1148 1136 1053 1152 1154 1140 1054 1153 1155 1141 1042 1049 1147 1135 1048 1055 1158 1146 1050 1057 1160 1148 1060 1164 1166 1152 1061 1165 1167 1153 1049 1056 1159 1147 1055 1062 1170 1158 1057 1064 1172 1160 1067 1176 1178 1164 1068 1177 1179 1165 1056 1063 1171 1159 1062 1069 1182 1170 1064 1071 1184 1172 1074 1188 1190 1176 1075 1189 1191 1177 1063 1070 1183 1171 1069 1076 1194 1182 1071 1078 1196 1184 1081 1200 1202 1188 1082 1201 1203 1189 1070 1077 1195 1183 1076 1083 1206 1194 1078 1085 1208 1196 1088 1212 1214 1200 1089 1213 1215 1201 1077 1084 1207 1195 1099 1093 1218 1221 1101 1095 1220 1223 1106 1224 1226 1228 1107 1225 1227 1229 1100 1094 1219 1222 1093 1113 1230 1218 1095 1115 1232 1220 1120 1233 1235 1224 1121 1234 1236 1225 1094 1114 1231 1219 1113 1125 1237 1230 1115 1127 1239 1232 1132 1240 1242 1233 1133 1241 1243 1234 1114 1126 1238 1231 1125 1137 1244 1237 1127 1139 1246 1239 1144 1247 1249 1240 1145 1248 1250 1241 1126 1138 1245 1238 1137 1149 1251 1244 1139 1151 1253 1246 1156 1254 1256 1247 1157 1255 1257 1248 1138 1150 1252 1245 1149 1161 1258 1251 1151 1163 1260 1253 1168 1261 1263 1254 1169 1262 1264 1255 1150 1162 1259 1252 1161 1173 1265 1258 1163 1175 1267 1260 1180 1268 1270 1261 1181 1269 1271 1262 1162 1174 1266 1259 1173 1185 1272 1265 1175 1187 1274 1267 1192 1275 1277 1268 1193 1276 1278 1269 1174 1186 1273 1266 1185 1197 1279 1272 1187 1199 1281 1274 1204 1282 1284 1275 1205 1283 1285 1276 1186 1198 1280 1273 1197 1209 1286 1279 1199 1211 1288 1281 1216 1289 1291 1282 1217 1290 1292 1283 1198 1210 1287 1280 1221 1218 1293 1296 1223 1220 1295 1298 1226 1299 1301 1303 1227 1300 1302 1304 1222 1219 1294 1297 1218 1230 1305 1293 1220 1232 1307 1295 1235 1308 1310 1299 1236 1309 1311 1300 1219 1231 1306 1294 1230 1237 1312 1305 1232 1239 1314 1307 1242 1315 1317 1308 1243 1316 1318 1309 1231 1238 1313 1306 1237 1244 1319 1312 1239 1246 1321 1314 1249 1322 1324 1315 1250 1323 1325 1316 1238 1245 1320 1313 1244 1251 1326 1319 1246 1253 1328 1321 1256 1329 1331 1322 1257 1330 1332 1323 1245 1252 1327 1320 1251 1258 1333 1326 1253 1260 1335 1328 1263 1336 1338 1329 1264 1337 1339 1330 1252 1259 1334 1327 1258 1265 1340 1333 1260 1267 1342 1335 1270 1343 1345 1336 1271 1344 1346 1337 1259 1266 1341 1334 1265 1272 1347 1340 1267 1274 1349 1342 1277 1350 1352 1343 1278 1351 1353 1344 1266 1273 1348 1341 1272 1279 1354 1347 1274 1281 1356 1349 1284 1357 1359 1350 1285 1358 1360 1351 1273 1280 1355 1348 1279 1286 1361 1354 1281 1288 1363 1356 1291 1364 1366 1357 1292 1365 1367 1358 1280 1287 1362 1355 1296 1293 1368 1371 1298 1295 1370 1373 1301 1374 1376 1378 1302 1375 1377 1379 1297 1294 1369 1372 1293 1305 1380 1368 1295 1307 1382 1370 1310 1383 1385 1374 1311 1384 1386 1375 1294 1306 1381 1369 1305 1312 1387 1380 1307 1314 1389 1382 1317 1390 1392 1383 1318 1391 1393 1384 1306 1313 1388 1381 1312 1319 1394 1387 1314 1321 1396 1389 1324 1397 1399 1390 1325 1398 1400 1391 1313 1320 1395 1388 1319 1326 1401 1394 1321 1328 1403 1396 1331 1404 1406 1397 1332 1405 1407 1398 1320 1327 1402 1395 1326 1333 1408 1401 1328 1335 1410 1403 1338 1411 1413 1404 1339 1412 1414 1405 1327 1334 1409 1402 1333 1340 1415 1408 1335 1342 1417 1410 1345 1418 1420 1411 1346 1419 1421 1412 1334 1341 1416 1409 1340 1347 1422 1415 1342 1349 1424 1417 1352 1425 1427 1418 1353 1426 1428 1419 1341 1348 1423 1416 1347 1354 1429 1422 1349 1356 1431 1424 1359 1432 1434 1425 1360 1433 1435 1426 1348 1355 1430 1423 1354 1361 1436 1429 1356 1363 1438 1431 1366 1439 1441 1432 1367 1440 1442 1433 1355 1362 1437 1430 1371 1368 1443 1446 1373 1370 1445 1448 1376 1449 1451 1453 1377 1450 1452 1454 1372 1369 1444 1447 1368 1380 1455 1443 1370 1382 1457 1445 1385 1458 1460 1449 1386 1459 1461 1450 1369 1381 1456 1444 1380 1387 1462 1455 1382 1389 1464 1457 1392 1465 1467 1458 1393 1466 1468 1459 1381 1388 1463 1456 1387 1394 1469 1462 1389 1396 1471 1464 1399 1472 1474 1465 1400 1473 1475 1466 1388 1395 1470 1463 1394 1401 1476 1469 1396 1403 1478 1471 1406 1479 1481 1472 1407 1480 1482 1473 1395 1402 1477 1470 1401 1408 1483 1476 1403 1410 1485 1478 1413 1486 1488 1479 1414 1487 1489 1480 1402 1409 1484 1477 1408 1415 1490 1483 1410 1417 1492 1485 1420 1493 1495 1486 1421 1494 1496 1487 1409 1416 1491 1484 1415 1422 1497 1490 1417 1424 1499 1492 1427 1500 1502 1493 1428 1501 1503 1494 1416 1423 1498 1491 1422 1429 1504 1497 1424 1431 1506 1499 1434 1507 1509 1500 1435 1508 1510 1501 1423 1430 1505 1498 1429 1436 1511 1504 1431 1438 1513 1506 1441 1514 1516 1507 1442 1515 1517 1508 1430 1437 1512 1505 1446 1443 1518 1521 1448 1445 1520 1523 1451 1524 1526 1528 1452 1525 1527 1529 1447 1444 1519 1522 1443 1455 1530 1518 1445 1457 1532 1520 1460 1533 1535 1524 1461 1534 1536 1525 1444 1456 1531 1519 1455 1462 1537 1530 1457 1464 1539 1532 1467 1540 1542 1533 1468 1541 1543 1534 1456 1463 1538 1531 1462 1469 1544 1537 1464 1471 1546 1539 1474 1547 1549 1540 1475 1548 1550 1541 1463 1470 1545 1538 1469 1476 1551 1544 1471 1478 1553 1546 1481 1554 1556 1547 1482 1555 1557 1548 1470 1477 1552 1545 1476 1483 1558 1551 1478 1485 1560 1553 1488 1561 1563 1554 1489 1562 1564 1555 1477 1484 1559 1552 1483 1490 1565 1558 1485 1492 1567 1560 1495 1568 1570 1561 1496 1569 1571 1562 1484 1491 1566 1559 1490 1497 1572 1565 1492 1499 1574 1567 1502 1575 1577 1568 1503 1576 1578 1569 1491 1498 1573 1566 1497 1504 1579 1572 1499 1506 1581 1574 1509 1582 1584 1575 1510 1583 1585 1576 1498 1505 1580 1573 1504 1511 1586 1579 1506 1513 1588 1581 1516 1589 1591 1582 1517 1590 1592 1583 1505 1512 1587 1580 1521 1518 490 484 1523 1520 492 486 1526 1593 497 1595 1527 1594 498 1596 1522 1519 491 485 1518 1530 504 490 1520 1532 506 492 1535 1597 509 1593 1536 1598 510 1594 1519 1531 505 491 1530 1537 516 504 1532 1539 518 506 1542 1599 521 1597 1543 1600 522 1598 1531 1538 517 505 1537 1544 528 516 1539 1546 530 518 1549 1601 533 1599 1550 1602 534 1600 1538 1545 529 517 1544 1551 540 528 1546 1553 542 530 1556 1603 545 1601 1557 1604 546 1602 1545 1552 541 529 1551 1558 552 540 1553 1560 554 542 1563 1605 557 1603 1564 1606 558 1604 1552 1559 553 541 1558 1565 564 552 1560 1567 566 554 1570 1607 569 1605 1571 1608 570 1606 1559 1566 565 553 1565 1572 576 564 1567 1574 578 566 1577 1609 581 1607 1578 1610 582 1608 1566 1573 577 565 1572 1579 588 576 1574 1581 590 578 1584 1611 593 1609 1585 1612 594 1610 1573 1580 589 577 1579 1586 600 588 1581 1588 602 590 1591 1613 605 1611 1592 1614 606 1612 1580 1587 601 589 612 1615 1618 618 614 1617 1620 620 1621 1623 1625 629 1622 1624 1626 630 613 1616 1619 619 618 1618 1627 640 620 1620 1629 642 1625 1630 1632 648 1626 1631 1633 649 619 1619 1628 641 640 1627 1634 657 642 1629 1636 659 1632 1637 1639 665 1633 1638 1640 666 641 1628 1635 658 657 1634 1641 674 659 1636 1643 676 1639 1644 1646 682 1640 1645 1647 683 658 1635 1642 675 674 1641 1648 691 676 1643 1650 693 1646 1651 1653 699 1647 1652 1654 700 675 1642 1649 692 691 1648 1655 708 693 1650 1657 710 1653 1658 1660 716 1654 1659 1661 717 692 1649 1656 709 708 1655 1662 725 710 1657 1664 727 1660 1665 1667 733 1661 1666 1668 734 709 1656 1663 726 725 1662 1669 742 727 1664 1671 744 1667 1672 1674 750 1668 1673 1675 751 726 1663 1670 743 742 1669 1676 759 744 1671 1678 761 1674 1679 1681 767 1675 1680 1682 768 743 1670 1677 760 759 1676 1683 776 761 1678 1685 778 1681 1686 1688 784 1682 1687 1689 785 760 1677 1684 777 1615 1690 1693 1618 1617 1692 1695 1620 1696 1698 1700 1623 1697 1699 1701 1624 1616 1691 1694 1619 1618 1693 1702 1627 1620 1695 1704 1629 1700 1705 1707 1630 1701 1706 1708 1631 1619 1694 1703 1628 1627 1702 1709 1634 1629 1704 1711 1636 1707 1712 1714 1637 1708 1713 1715 1638 1628 1703 1710 1635 1634 1709 1716 1641 1636 1711 1718 1643 1714 1719 1721 1644 1715 1720 1722 1645 1635 1710 1717 1642 1641 1716 1723 1648 1643 1718 1725 1650 1721 1726 1728 1651 1722 1727 1729 1652 1642 1717 1724 1649 1648 1723 1730 1655 1650 1725 1732 1657 1728 1733 1735 1658 1729 1734 1736 1659 1649 1724 1731 1656 1655 1730 1737 1662 1657 1732 1739 1664 1735 1740 1742 1665 1736 1741 1743 1666 1656 1731 1738 1663 1662 1737 1744 1669 1664 1739 1746 1671 1742 1747 1749 1672 1743 1748 1750 1673 1663 1738 1745 1670 1669 1744 1751 1676 1671 1746 1753 1678 1749 1754 1756 1679 1750 1755 1757 1680 1670 1745 1752 1677 1676 1751 1758 1683 1678 1753 1760 1685 1756 1761 1763 1686 1757 1762 1764 1687 1677 1752 1759 1684 1690 1765 1768 1693 1692 1767 1770 1695 1771 1773 1775 1698 1772 1774 1776 1699 1691 1766 1769 1694 1693 1768 1777 1702 1695 1770 1779 1704 1775 1780 1782 1705 1776 1781 1783 1706 1694 1769 1778 1703 1702 1777 1784 1709 1704 1779 1786 1711 1782 1787 1789 1712 1783 1788 1790 1713 1703 1778 1785 1710 1709 1784 1791 1716 1711 1786 1793 1718 1789 1794 1796 1719 1790 1795 1797 1720 1710 1785 1792 1717 1716 1791 1798 1723 1718 1793 1800 1725 1796 1801 1803 1726 1797 1802 1804 1727 1717 1792 1799 1724 1723 1798 1805 1730 1725 1800 1807 1732 1803 1808 1810 1733 1804 1809 1811 1734 1724 1799 1806 1731 1730 1805 1812 1737 1732 1807 1814 1739 1810 1815 1817 1740 1811 1816 1818 1741 1731 1806 1813 1738 1737 1812 1819 1744 1739 1814 1821 1746 1817 1822 1824 1747 1818 1823 1825 1748 1738 1813 1820 1745 1744 1819 1826 1751 1746 1821 1828 1753 1824 1829 1831 1754 1825 1830 1832 1755 1745 1820 1827 1752 1751 1826 1833 1758 1753 1828 1835 1760 1831 1836 1838 1761 1832 1837 1839 1762 1752 1827 1834 1759 1765 1840 1843 1768 1767 1842 1845 1770 1846 1848 1850 1773 1847 1849 1851 1774 1766 1841 1844 1769 1768 1843 1852 1777 1770 1845 1854 1779 1850 1855 1857 1780 1851 1856 1858 1781 1769 1844 1853 1778 1777 1852 1859 1784 1779 1854 1861 1786 1857 1862 1864 1787 1858 1863 1865 1788 1778 1853 1860 1785 1784 1859 1866 1791 1786 1861 1868 1793 1864 1869 1871 1794 1865 1870 1872 1795 1785 1860 1867 1792 1791 1866 1873 1798 1793 1868 1875 1800 1871 1876 1878 1801 1872 1877 1879 1802 1792 1867 1874 1799 1798 1873 1880 1805 1800 1875 1882 1807 1878 1883 1885 1808 1879 1884 1886 1809 1799 1874 1881 1806 1805 1880 1887 1812 1807 1882 1889 1814 1885 1890 1892 1815 1886 1891 1893 1816 1806 1881 1888 1813 1812 1887 1894 1819 1814 1889 1896 1821 1892 1897 1899 1822 1893 1898 1900 1823 1813 1888 1895 1820 1819 1894 1901 1826 1821 1896 1903 1828 1899 1904 1906 1829 1900 1905 1907 1830 1820 1895 1902 1827 1826 1901 1908 1833 1828 1903 1910 1835 1906 1911 1913 1836 1907 1912 1914 1837 1827 1902 1909 1834 1840 1915 1918 1843 1842 1917 1920 1845 1921 1923 1925 1848 1922 1924 1926 1849 1841 1916 1919 1844 1843 1918 1927 1852 1845 1920 1929 1854 1925 1930 1932 1855 1926 1931 1933 1856 1844 1919 1928 1853 1852 1927 1934 1859 1854 1929 1936 1861 1932 1937 1939 1862 1933 1938 1940 1863 1853 1928 1935 1860 1859 1934 1941 1866 1861 1936 1943 1868 1939 1944 1946 1869 1940 1945 1947 1870 1860 1935 1942 1867 1866 1941 1948 1873 1868 1943 1950 1875 1946 1951 1953 1876 1947 1952 1954 1877 1867 1942 1949 1874 1873 1948 1955 1880 1875 1950 1957 1882 1953 1958 1960 1883 1954 1959 1961 1884 1874 1949 1956 1881 1880 1955 1962 1887 1882 1957 1964 1889 1960 1965 1967 1890 1961 1966 1968 1891 1881 1956 1963 1888 1887 1962 1969 1894 1889 1964 1971 1896 1967 1972 1974 1897 1968 1973 1975 1898 1888 1963 1970 1895 1894 1969 1976 1901 1896 1971 1978 1903 1974 1979 1981 1904 1975 1980 1982 1905 1895 1970 1977 1902 1901 1976 1983 1908 1903 1978 1985 1910 1981 1986 1988 1911 1982 1987 1989 1912 1902 1977 1984 1909 1915 3 15 1918 1917 5 17 1920 1990 26 1992 1923 1991 27 1993 1924 1916 4 16 1919 1918 15 34 1927 1920 17 36 1929 1992 43 1994 1930 1993 44 1995 1931 1919 16 35 1928 1927 34 51 1934 1929 36 53 1936 1994 60 1996 1937 1995 61 1997 1938 1928 35 52 1935 1934 51 68 1941 1936 53 70 1943 1996 77 1998 1944 1997 78 1999 1945 1935 52 69 1942 1941 68 85 1948 1943 70 87 1950 1998 94 2000 1951 1999 95 2001 1952 1942 69 86 1949 1948 85 102 1955 1950 87 104 1957 2000 111 2002 1958 2001 112 2003 1959 1949 86 103 1956 1955 102 119 1962 1957 104 121 1964 2002 128 2004 1965 2003 129 2005 1966 1956 103 120 1963 1962 119 136 1969 1964 121 138 1971 2004 145 2006 1972 2005 146 2007 1973 1963 120 137 1970 1969 136 153 1976 1971 138 155 1978 2006 162 2008 1979 2007 163 2009 1980 1970 137 154 1977 1976 153 170 1983 1978 155 172 1985 2008 179 2010 1986 2009 180 2011 1987 1977 154 171 1984
        </DataArray>
        <DataArray type="Int32" Name="offsets" format="ascii">
          20 40 60 80 100 120 140 160 180 200 220 240 260 280 300 320 340 360 380 400 420 440 460 480 500 520 540 560 580 600 620 640 660 680 700 720 740 760 780 800 820 840 860 880 900 920 940 960 980 1000 1020 1040 1060 1080 1100 1120 1140 1160 1180 1200 1220 1240 1260 1280 1300 1320 1340 1360 1380 1400 1420 1440 1460 1480 1500 1520 1540 1560 1580 1600 1620 1640 1660 1680 1700 1720 1740 1760 1780 1800 1820 1840 1860 1880 1900 1920 1940 1960 1980 2000 2020 2040 2060 2080 2100 2120 2140 2160 2180 2200 2220 2240 2260 2280 2300 2320 2340 2360 2380 2400 2420 2440 2460 2480 2500 2520 2540 2560 2580 2600 2620 2640 2660 2680 2700 2720 2740 2760 2780 2800 2820 2840 2860 2880 2900 2920 2940 2960 2980 3000 3020 3040 3060 3080 3100 3120 3140 3160 3180 3200 3220 3240 3260 3280 3300 3320 3340 3360 3380 3400 3420 3440 3460 3480 3500 3520 3540 3560 3580 3600 3620 3640 3660 3680 3700 3720 3740 3760 3780 3800 3820 3840 3860 3880 3900 3920 3940 3960 3980 4000 4020 4040 4060 4080 4100 4120 4140 4160 4180 4200 4220 4240 4260 4280 4300 4320 4340 4360 4380 4400 4420 4440 4460 4480 4500 4520 4540 4560 4580 4600 4620 4640 4660 4680 4700 4720 4740 4760 4780 4800
        </DataArray>
        <DataArray type="UInt8" Name="types" format="ascii">
          25 25 25 25 25 25 25 25 25 25 25 25 25 25 25 25 25 25 25 25 25 25 25 25 25 25 25 25 25 25 25 25 25 25 25 25 25 25 25 25 25 25 25 25 25 25 25 25 25 25 25 25 25 25 25 25 25 25 25 25 25 25 25 25 25 25 25 25 25 25 25 25 25 25 25 25 25 25 25 25 25 25 25 25 25 25 25 25 25 25 25 25 25 25 25 25 25 25 25 25 25 25 25 25 25 25 25 25 25 25 25 25 25 25 25 25 25 25 25 25 25 25 25 25 25 25 25 25 25 25 25 25 25 25 25 25 25 25 25 25 25 25 25 25 25 25 25 25 25 25 25 25 25 25 25 25 25 25 25 25 25 25 25 25 25 25 25 25 25 25 25 25 25 25 25 25 25 25 25 25 25 25 25 25 25 25 25 25 25 25 25 25 25 25 25 25 25 25 25 25 25 25 25 25 25 25 25 25 25 25 25 25 25 25 25 25 25 25 25 25 25 25 25 25 25 25 25 25 25 25 25 25 25 25 25 25 25 25 25 25
        </DataArray>
      </Cells>
      <PointData>
        <DataArray type="Float64" Name="Displacement" NumberOfComponents="3" format="ascii">
          0.00000000e+00 9.20527000e-04 0.00000000e+00 0.00000000e+00 0.00000000e+00 0.00000000e+00 0.00000000e+00 -9.20527000e-04 0.00000000e+00 -9.20527000e-04 0.00000000e+00 0.00000000e+00 0.00000000e+00 0.00000000e+00 0.00000000e+00 9.20527000e-04 0.00000000e+00 0.00000000e+00 0.00000000e+00 3.47027000e-02 0.00000000e+00 0.00000000e+00 0.00000000e+00 0.00000000e+00 0.00000000e+00 -3.47027000e-02 0.00000000e+00 -1.51278000e-02 8.13759000e-02 -4.00659000e-04 -6.50774000e-03 4.92921000e-02 -5.22343000e-03 1.66281000e-03 1.68925000e-02 -7.51671000e-03 2.16014000e-03 -4.10991000e-03 -7.39561000e-03 2.52747000e-03 -2.36277000e-03 -8.83822000e-03 2.89480000e-03 -6.15623000e-04 -1.02808000e-02 4.27476000e-03 -2.72609000e-03 -7.44334000e-03 2.52747000e-03 -2.36277000e-03 -8.83822000e-03 7.80190000e-04 -1.99945000e-03 -1.02331000e-02 0.00000000e+00 1.39726000e-02 0.00000000e+00 0.00000000e+00 -1.39726000e-02 0.00000000e+00 -2.48956000e-03 -1.73067000e-02 5.52827000e-05 1.40812000e-03 1.29937000e-02 -4.60994000e-03 -2.20654000e-03 1.39988000e-02 -3.43270000e-03 -1.64338000e-03 -1.75503000e-02 -4.89304000e-03 -1.77762000e-03 3.26556000e-03 -5.17900000e-03 -1.57868000e-03 -2.58219000e-05 -4.18177000e-03 -3.32391000e-03 1.52096000e-03 -5.24586000e-03 -3.23899000e-05 1.71877000e-03 -4.11492000e-03 -1.48035000e-01 7.99343000e-01 -1.92497000e-03 -1.02960000e-01 7.66161000e-01 -8.56373000e-02 -5.52106000e-02 7.42201000e-01 -1.73581000e-01 -3.76883000e-02 2.77687000e-02 -4.63771000e-02 -3.55338000e-02 3.84919000e-02 -7.15422000e-02 -3.33793000e-02 4.92151000e-02 -9.67072000e-02 -2.48020000e-02 3.75724000e-02 -4.64762000e-02 -3.55338000e-02 3.84919000e-02 -7.15422000e-02 -4.62656000e-02 3.94113000e-02 -9.66081000e-02 -5.60845000e-02 1.17242000e-01 -8.77002000e-03 -1.43671000e-02 1.59645000e-01 -4.57729000e-02 -9.40772000e-02 2.38720000e-01 -6.55556000e-02 -6.67143000e-02 2.01482000e-01 -1.44712000e-01 1.03219000e-02 -1.43987000e-02 -2.16165000e-02 1.22964000e-02 -7.31588000e-03 -2.34867000e-02 1.48512000e-02 -1.18436000e-02 -2.20657000e-02 7.76712000e-03 -9.87094000e-03 -2.30375000e-02 -1.31507000e-01 3.85633000e+00 -4.71529000e-01 -6.11761000e-02 3.79544000e+00 -4.85648000e-01 -6.35493000e-03 3.72338000e+00 -4.87255000e-01 -1.18644000e-01 7.19642000e-02 -1.44593000e+00 -1.11479000e-01 1.06619000e-01 -1.35723000e+00 -1.04314000e-01 1.41275000e-01 -1.26853000e+00 -7.64096000e-02 1.13745000e-01 -1.44340000e+00 -1.11479000e-01 1.06619000e-01 -1.35723000e+00 -1.46549000e-01 9.94933000e-02 -1.27106000e+00 -1.33002000e-01 2.45933000e+00 -2.39240000e-01 -1.99681000e-02 2.43590000e+00 -4.76703000e-01 -3.09806000e-01 2.12770000e+00 -7.43849000e-01 -7.29393000e-02 2.15965000e+00 -7.90030000e-01 -1.32627000e-01 1.04581000e-01 -4.56775000e-01 -1.29107000e-01 1.61712000e-01 -4.74202000e-01 -1.02308000e-01 1.31537000e-01 -4.56330000e-01 -1.59426000e-01 1.34756000e-01 -4.74647000e-01 -2.83374000e-02 -1.63513000e+00 -2.88626000e+00 -2.66157000e-02 -1.82702000e+00 -2.43513000e+00 -2.86638000e-02 -2.06251000e+00 -2.00333000e+00 1.51710000e+00 -1.58469000e+00 -5.53672000e+00 1.53257000e+00 -1.56313000e+00 -5.40076000e+00 1.54803000e+00 -1.54157000e+00 -5.26480000e+00 1.55458000e+00 -1.54376000e+00 -5.53446000e+00 1.53257000e+00 -1.56313000e+00 -5.40076000e+00 1.51055000e+00 -1.58250000e+00 -5.26706000e+00 -4.29815000e-02 2.88769000e+00 -8.54897000e-01 4.84274000e-03 2.85335000e+00 -5.24262000e-01 3.63303000e-01 -1.42811000e+00 -3.68228000e+00 5.16615000e-01 -1.77469000e+00 -2.91544000e+00 9.07117000e-02 -2.37622000e-01 -3.31714000e+00 1.26055000e-01 -1.62753000e-02 -3.01903000e+00 2.19643000e-01 -1.08859000e-01 -3.31466000e+00 -2.87655000e-03 -1.45038000e-01 -3.02150000e+00 1.43927000e+00 -1.23239000e+01 -9.98046000e+00 1.38177000e+00 -1.21464000e+01 -9.98424000e+00 1.26523000e+00 -1.18649000e+01 -9.98846000e+00 4.04536000e+00 -3.78647000e+00 -1.00042000e+01 4.04549000e+00 -4.04717000e+00 -1.00034000e+01 4.04562000e+00 -4.30788000e+00 -1.00026000e+01 3.78468000e+00 -4.04733000e+00 -9.99603000e+00 4.04549000e+00 -4.04717000e+00 -1.00034000e+01 4.30631000e+00 -4.04702000e+00 -1.00107000e+01 6.84004000e-01 -8.24355000e+00 -8.73845000e+00 5.95777000e-01 -9.15549000e+00 -7.87736000e+00 2.29770000e+00 -9.62707000e+00 -9.99633000e+00 1.79595000e+00 -9.26754000e+00 -1.00001000e+01 3.26759000e+00 -3.37383000e+00 -7.80760000e+00 3.35365000e+00 -3.27100000e+00 -7.37574000e+00 3.36181000e+00 -3.28055000e+00 -7.80841000e+00 3.25944000e+00 -3.36428000e+00 -7.37493000e+00 -2.12180000e-02 -1.56720000e+00 -1.71464000e+01 -1.96755000e-02 -1.75863000e+00 -1.76000000e+01 -2.26256000e-02 -1.99398000e+00 -1.80336000e+01 1.55428000e+00 -1.56802000e+00 -1.44729000e+01 1.57387000e+00 -1.54716000e+00 -1.46057000e+01 1.59345000e+00 -1.52630000e+00 -1.47386000e+01 1.59430000e+00 -1.53226000e+00 -1.44706000e+01 1.57387000e+00 -1.54716000e+00 -1.46057000e+01 1.55343000e+00 -1.56206000e+00 -1.47409000e+01 6.85580000e-01 -8.18113000e+00 -1.12644000e+01 5.99883000e-01 -9.09960000e+00 -1.21266000e+01 3.76465000e-01 -1.37603000e+00 -1.63341000e+01 5.36009000e-01 -1.72254000e+00 -1.70998000e+01 3.28819000e+00 -3.37230000e+00 -1.21987000e+01 3.37092000e+00 -3.27146000e+00 -1.26306000e+01 3.38014000e+00 -3.27882000e+00 -1.21995000e+01 3.27897000e+00 -3.36493000e+00 -1.26299000e+01 -1.29601000e-01 3.83626000e+00 -1.95303000e+01 -5.97357000e-02 3.77391000e+00 -1.95122000e+01 -5.41998000e-03 3.70074000e+00 -1.95070000e+01 -1.15957000e-01 7.54376000e-02 -1.85548000e+01 -1.08192000e-01 1.11002000e-01 -1.86425000e+01 -1.00427000e-01 1.46566000e-01 -1.87302000e+01 -7.29997000e-02 1.17984000e-01 -1.85525000e+01 -1.08192000e-01 1.11002000e-01 -1.86425000e+01 -1.43384000e-01 1.04020000e-01 -1.87325000e+01 -3.76888000e-02 2.93216000e+00 -1.91590000e+01 1.15101000e-02 2.90018000e+00 -1.94799000e+01 -3.07606000e-01 2.11098000e+00 -1.92619000e+01 -7.15207000e-02 2.14275000e+00 -1.92106000e+01 1.11597000e-01 -2.23208000e-01 -1.66904000e+01 1.48317000e-01 -5.15264000e-03 -1.69841000e+01 2.38475000e-01 -9.65944000e-02 -1.66883000e+01 2.14388000e-02 -1.31766000e-01 -1.69863000e+01 -1.52509000e-01 7.30906000e-01 -1.99997000e+01 -1.07788000e-01 6.97632000e-01 -1.99170000e+01 -6.04196000e-02 6.73904000e-01 -1.98298000e+01 -3.86479000e-02 2.60040000e-02 -1.99544000e+01 -3.91777000e-02 3.68433000e-02 -1.99291000e+01 -3.97075000e-02 4.76826000e-02 -1.99037000e+01 -2.83416000e-02 3.86318000e-02 -1.99544000e+01 -3.91777000e-02 3.68433000e-02 -1.99291000e+01 -5.00138000e-02 3.50548000e-02 -1.99037000e+01 -1.38366000e-01 2.39624000e+00 -1.97643000e+01 -2.54345000e-02 2.37217000e+00 -1.95233000e+01 -9.55797000e-02 1.92400000e-01 -1.99332000e+01 -7.28651000e-02 1.55370000e-01 -1.98551000e+01 -1.35096000e-01 1.05237000e-01 -1.95445000e+01 -1.37489000e-01 1.62838000e-01 -1.95267000e+01 -1.07486000e-01 1.35379000e-01 -1.95441000e+01 -1.65099000e-01 1.32696000e-01 -1.95270000e+01 -1.54852000e-02 6.85785000e-02 -1.99980000e+01 -6.84707000e-03 3.62649000e-02 -1.99944000e+01 1.32886000e-03 3.55703000e-03 -1.99933000e+01 2.55374000e-03 -4.27863000e-03 -1.99927000e+01 2.27846000e-03 -2.38687000e-03 -1.99912000e+01 2.00317000e-03 -4.95121000e-04 -1.99898000e+01 4.17015000e-03 -2.10737000e-03 -1.99927000e+01 2.27846000e-03 -2.38687000e-03 -1.99912000e+01 3.86762000e-04 -2.66638000e-03 -1.99897000e+01 -5.75870000e-02 7.49608000e-02 -1.99891000e+01 -1.62607000e-02 1.17769000e-01 -1.99568000e+01 -2.14766000e-03 5.18793000e-03 -1.99957000e+01 -2.30937000e-03 -2.65150000e-02 -1.99956000e+01 1.14417000e-02 -1.44496000e-02 -1.99784000e+01 9.90042000e-03 -7.55016000e-03 -1.99771000e+01 1.41203000e-02 -1.02279000e-02 -1.99788000e+01 7.22187000e-03 -1.17719000e-02 -1.99767000e+01 0.00000000e+00 3.49941000e-02 -2.00000000e+01 0.00000000e+00 0.00000000e+00 -2.00000000e+01 0.00000000e+00 -3.49941000e-02 -2.00000000e+01 0.00000000e+00 7.94495000e-04 -2.00000000e+01 0.00000000e+00 0.00000000e+00 -2.00000000e+01 0.00000000e+00 -7.94495000e-04 -2.00000000e+01 -7.94495000e-04 0.00000000e+00 -2.00000000e+01 0.00000000e+00 0.00000000e+00 -2.00000000e+01 7.94495000e-04 0.00000000e+00 -2.00000000e+01 -2.61603000e-03 -1.95870000e-02 -1.99995000e+01 1.32163000e-03 1.10656000e-02 -1.99956000e+01 0.00000000e+00 1.40620000e-02 -2.00000000e+01 0.00000000e+00 -1.40620000e-02 -2.00000000e+01 -1.60254000e-03 3.42954000e-03 -1.99948000e+01 -1.75418000e-03 1.52960000e-05 -1.99959000e+01 -3.38543000e-03 1.79880000e-03 -1.99949000e+01 2.87168000e-05 1.64603000e-03 -1.99959000e+01 0.00000000e+00 2.13177000e-03 0.00000000e+00 0.00000000e+00 0.00000000e+00 0.00000000e+00 0.00000000e+00 -2.13177000e-03 0.00000000e+00 -5.86772000e-03 3.15082000e-01 6.27017000e-03 7.78398000e-05 3.14982000e-01 -2.38418000e-02 6.21513000e-03 3.16860000e-01 -5.48707000e-02 0.00000000e+00 1.48393000e-02 0.00000000e+00 0.00000000e+00 -1.48393000e-02 0.00000000e+00 -1.15945000e-03 4.41120000e-02 1.95320000e-03 4.70822000e-04 4.22797000e-02 -1.32486000e-02 -1.19200000e-02 2.03622000e-01 4.79000000e-03 4.38462000e-03 1.72291000e-01 -3.16819000e-02 -4.97543000e-02 2.50052000e+00 -1.15480000e-01 -1.87583000e-02 2.49537000e+00 -2.36980000e-01 1.13499000e-02 2.49052000e+00 -3.55580000e-01 -3.10185000e-02 1.09292000e+00 -7.76582000e-03 4.82454000e-03 1.09131000e+00 -1.63231000e-01 -1.21162000e-01 1.72294000e+00 -3.50479000e-02 6.43104000e-03 1.66063000e+00 -2.22444000e-01 1.95225000e-03 4.78230000e+00 -6.18375000e-01 2.92040000e-02 4.77588000e+00 -5.48062000e-01 6.07649000e-02 4.75472000e+00 -4.90641000e-01 -6.76158000e-03 4.25032000e+00 -3.67890000e-01 7.12436000e-02 4.19849000e+00 -5.50154000e-01 -2.31279000e-02 4.38954000e+00 -4.69719000e-01 2.81270000e-02 4.41878000e+00 -4.71883000e-01 8.06254000e-02 -2.97829000e+00 -4.43303000e+00 3.80320000e-02 -3.22088000e+00 -3.98980000e+00 -3.14108000e-03 -3.47779000e+00 -3.54790000e+00 -1.90764000e-02 2.36625000e+00 -1.50810000e+00 -6.01602000e-02 2.17440000e+00 -9.08387000e-01 7.95031000e-02 -2.27835000e+00 -3.52823000e+00 -6.17883000e-02 -2.82867000e+00 -2.61228000e+00 3.53288000e-01 -1.34733000e+01 -9.99024000e+00 3.20795000e-01 -1.34174000e+01 -9.99293000e+00 2.99020000e-01 -1.32987000e+01 -9.99570000e+00 3.19108000e-01 -9.65145000e+00 -9.25548000e+00 2.80682000e-01 -1.03495000e+01 -8.46403000e+00 7.22718000e-01 -1.33601000e+01 -9.98767000e+00 6.81183000e-01 -1.25645000e+01 -9.99581000e+00 8.22929000e-02 -2.92937000e+00 -1.55933000e+01 3.92944000e-02 -3.17096000e+00 -1.60383000e+01 -2.13123000e-03 -3.42704000e+00 -1.64818000e+01 3.28632000e-01 -9.60477000e+00 -1.07528000e+01 2.89703000e-01 -1.03071000e+01 -1.15452000e+01 8.39545000e-02 -2.21640000e+00 -1.65019000e+01 -5.88465000e-02 -2.76586000e+00 -1.74211000e+01 2.54959000e-03 4.77291000e+00 -1.93853000e+01 3.05830000e-02 4.76652000e+00 -1.94533000e+01 6.30024000e-02 4.74546000e+00 -1.95085000e+01 -1.75604000e-02 2.39678000e+00 -1.85104000e+01 -5.98619000e-02 2.20786000e+00 -1.91052000e+01 -2.14290000e-02 4.37078000e+00 -1.95352000e+01 3.06124000e-02 4.39938000e+00 -1.95268000e+01 -5.13334000e-02 2.47079000e+00 -1.98878000e+01 -1.91059000e-02 2.46587000e+00 -1.97667000e+01 1.21973000e-02 2.46125000e+00 -1.96484000e+01 -6.44376000e-03 4.22111000e+00 -1.96362000e+01 7.34995000e-02 4.16866000e+00 -1.94529000e+01 -1.25680000e-01 1.66819000e+00 -1.99694000e+01 5.15550000e-03 1.60604000e+00 -1.97835000e+01 -6.29929000e-03 3.09040000e-01 -2.00061000e+01 -3.74401000e-05 3.09138000e-01 -1.99767000e+01 6.42288000e-03 3.11164000e-01 -1.99464000e+01 -3.20850000e-02 1.07408000e+00 -1.99933000e+01 5.20003000e-03 1.07254000e+00 -1.98398000e+01 -1.23199000e-02 1.93193000e-01 -2.00041000e+01 4.43089000e-03 1.61758000e-01 -1.99697000e+01 0.00000000e+00 1.95055000e-03 -2.00000000e+01 0.00000000e+00 0.00000000e+00 -2.00000000e+01 0.00000000e+00 -1.95055000e-03 -2.00000000e+01 -1.30567000e-03 4.37710000e-02 -2.00019000e+01 4.67655000e-04 4.17459000e-02 -1.99869000e+01 0.00000000e+00 1.49052000e-02 -2.00000000e+01 0.00000000e+00 -1.49052000e-02 -2.00000000e+01 0.00000000e+00 9.17551000e-03 0.00000000e+00 0.00000000e+00 0.00000000e+00 0.00000000e+00 0.00000000e+00 -9.17551000e-03 0.00000000e+00 1.40032000e-04 3.58719000e-01 8.82357000e-03 9.57052000e-05 3.51712000e-01 -3.00019000e-02 5.24272000e-05 3.47340000e-01 -6.91536000e-02 0.00000000e+00 1.91000000e-03 0.00000000e+00 0.00000000e+00 -1.91000000e-03 0.00000000e+00 2.48139000e-05 2.27276000e-02 1.60913000e-03 4.27194000e-05 2.83740000e-02 -1.32440000e-02 -1.86175000e-03 3.53687000e-01 8.93002000e-03 -1.45206000e-03 3.47929000e-01 -6.56909000e-02 2.81093000e-04 2.80231000e+00 -1.23708000e-01 -1.68090000e-04 2.78363000e+00 -2.55996000e-01 -6.35748000e-04 2.76927000e+00 -3.86960000e-01 3.47749000e-04 1.24754000e+00 -1.38685000e-02 -2.07101000e-04 1.24878000e+00 -1.85860000e-01 -1.32367000e-02 2.81112000e+00 -1.51941000e-01 -2.22728000e-03 2.76783000e+00 -3.88515000e-01 -6.27144000e-04 5.27352000e+00 -6.60757000e-01 -8.65117000e-04 5.25903000e+00 -5.71734000e-01 -1.09406000e-03 5.22503000e+00 -4.89650000e-01 -5.21400000e-04 4.80159000e+00 -4.37980000e-01 -1.46484000e-03 4.75321000e+00 -6.51176000e-01 -3.66413000e-03 5.11175000e+00 -6.32429000e-01 3.00726000e-02 5.16971000e+00 -5.21202000e-01 -7.33242000e-04 -3.27918000e+00 -4.55024000e+00 -3.67902000e-04 -3.52987000e+00 -4.12065000e+00 2.92018000e-05 -3.79670000e+00 -3.69548000e+00 3.40796000e-04 2.32379000e+00 -1.60368000e+00 7.65395000e-04 2.07924000e+00 -9.51943000e-01 7.96044000e-03 -3.25092000e+00 -4.62438000e+00 1.06577000e-02 -3.81245000e+00 -3.73248000e+00 -5.36831000e-05 -1.38557000e+01 -9.99316000e+00 -5.29431000e-05 -1.38266000e+01 -9.99378000e+00 -5.20621000e-05 -1.37334000e+01 -9.99449000e+00 -3.88549000e-03 -9.98310000e+00 -9.24045000e+00 -3.13199000e-03 -1.06440000e+01 -8.43820000e+00 1.66234000e-01 -1.39761000e+01 -9.99273000e+00 1.23189000e-01 -1.33894000e+01 -9.99736000e+00 6.87649000e-04 -3.25437000e+00 -1.54585000e+01 3.24760000e-04 -3.50497000e+00 -1.58889000e+01 -7.06793000e-05 -3.77181000e+00 -1.63147000e+01 3.80060000e-03 -9.96247000e+00 -1.07579000e+01 3.05219000e-03 -1.06252000e+01 -1.15603000e+01 9.41052000e-03 -3.21285000e+00 -1.53947000e+01 1.06540000e-02 -3.77398000e+00 -1.62885000e+01 6.17372000e-04 5.28117000e+00 -1.93395000e+01 8.55817000e-04 5.26657000e+00 -1.94275000e+01 1.08519000e-03 5.23250000e+00 -1.95087000e+01 -3.58154000e-04 2.34425000e+00 -1.84021000e+01 -7.70074000e-04 2.10083000e+00 -1.90524000e+01 -2.64664000e-03 5.11052000e+00 -1.93696000e+01 3.24462000e-02 5.16884000e+00 -1.94779000e+01 -2.84125000e-04 2.80092000e+00 -1.98765000e+01 1.66234000e-04 2.78228000e+00 -1.97442000e+01 6.35924000e-04 2.76796000e+00 -1.96132000e+01 5.14424000e-04 4.80183000e+00 -1.95622000e+01 1.45885000e-03 4.75326000e+00 -1.93485000e+01 -1.39861000e-02 2.79638000e+00 -1.98496000e+01 -1.42796000e-03 2.75347000e+00 -1.96134000e+01 -1.39765000e-04 3.58316000e-01 -2.00088000e+01 -9.57790000e-05 3.51339000e-01 -1.99700000e+01 -5.29947000e-05 3.46995000e-01 -1.99309000e+01 -3.48716000e-04 1.24629000e+00 -1.99862000e+01 2.08430000e-04 1.24752000e+00 -1.98144000e+01 -2.16810000e-03 3.51263000e-01 -2.00089000e+01 -1.44745000e-03 3.45704000e-01 -1.99349000e+01 0.00000000e+00 9.14547000e-03 -2.00000000e+01 0.00000000e+00 0.00000000e+00 -2.00000000e+01 0.00000000e+00 -9.14547000e-03 -2.00000000e+01 -2.46758000e-05 2.26575000e-02 -2.00016000e+01 -4.30103000e-05 2.82711000e-02 -1.99868000e+01 0.00000000e+00 1.80082000e-03 -2.00000000e+01 0.00000000e+00 -1.80082000e-03 -2.00000000e+01 0.00000000e+00 1.96492000e-03 0.00000000e+00 0.00000000e+00 0.00000000e+00 0.00000000e+00 0.00000000e+00 -1.96492000e-03 0.00000000e+00 6.26976000e-03 3.09419000e-01 6.12725000e-03 2.98957000e-05 3.09504000e-01 -2.33049000e-02 -6.40729000e-03 3.11520000e-01 -5.36248000e-02 0.00000000e+00 1.82301000e-03 0.00000000e+00 0.00000000e+00 -1.82301000e-03 0.00000000e+00 1.29686000e-03 4.38142000e-02 1.88829000e-03 -4.66157000e-04 4.18057000e-02 -1.30897000e-02 2.16414000e-03 3.51605000e-01 8.89556000e-03 1.44165000e-03 3.45999000e-01 -6.51180000e-02 5.12445000e-02 2.47224000e+00 -1.12266000e-01 1.91071000e-02 2.46729000e+00 -2.33418000e-01 -1.21084000e-02 2.46265000e+00 -3.51688000e-01 3.20557000e-02 1.07514000e+00 -6.70315000e-03 -5.17664000e-03 1.07358000e+00 -1.60388000e-01 1.39474000e-02 2.79753000e+00 -1.50514000e-01 1.37072000e-03 2.75459000e+00 -3.86634000e-01 -2.31811000e-03 4.76722000e+00 -6.15168000e-01 -3.01430000e-02 4.76099000e+00 -5.46354000e-01 -6.23726000e-02 4.74007000e+00 -4.90404000e-01 6.38223000e-03 4.22145000e+00 -3.63829000e-01 -7.33842000e-02 4.16915000e+00 -5.46705000e-01 2.99349000e-03 5.10345000e+00 -6.30573000e-01 -3.19665000e-02 5.16171000e+00 -5.20879000e-01 -8.26858000e-02 -2.95288000e+00 -4.41386000e+00 -3.95810000e-02 -3.19474000e+00 -3.96970000e+00 1.97510000e-03 -3.45102000e+00 -3.52702000e+00 1.76214000e-02 2.37842000e+00 -1.49470000e+00 6.01637000e-02 2.18838000e+00 -8.98306000e-01 -9.74763000e-03 -3.23786000e+00 -4.61387000e+00 -1.08684000e-02 -3.79870000e+00 -3.72099000e+00 -3.53399000e-01 -1.34733000e+01 -9.99645000e+00 -3.20899000e-01 -1.34173000e+01 -9.99522000e+00 -2.99116000e-01 -1.32986000e+01 -9.99406000e+00 -3.28765000e-01 -9.62553000e+00 -9.24543000e+00 -2.89721000e-01 -1.03261000e+01 -8.45296000e+00 -1.66337000e-01 -1.39761000e+01 -9.99224000e+00 -1.23283000e-01 -1.33893000e+01 -9.99394000e+00 -8.03127000e-02 -2.95448000e+00 -1.55743000e+01 -3.78127000e-02 -3.19680000e+00 -1.60185000e+01 3.24527000e-03 -3.45352000e+00 -1.64612000e+01 -3.19161000e-01 -9.63047000e+00 -1.07427000e+01 -2.80854000e-01 -1.03304000e+01 -1.15341000e+01 -7.71318000e-03 -3.22575000e+00 -1.53843000e+01 -1.05120000e-02 -3.78758000e+00 -1.62771000e+01 -2.21328000e-03 4.78800000e+00 -1.93822000e+01 -2.96700000e-02 4.78143000e+00 -1.94516000e+01 -6.14171000e-02 4.76013000e+00 -1.95082000e+01 1.89968000e-02 2.38482000e+00 -1.84971000e+01 5.98385000e-02 2.19412000e+00 -1.90953000e+01 3.29149000e-03 5.11883000e+00 -1.93678000e+01 -3.05747000e-02 5.17686000e+00 -1.94776000e+01 4.98415000e-02 2.49909000e+00 -1.98846000e+01 1.87557000e-02 2.49397000e+00 -1.97631000e+01 -1.14394000e-02 2.48915000e+00 -1.96445000e+01 6.81989000e-03 4.24995000e+00 -1.96322000e+01 -7.13653000e-02 4.19797000e+00 -1.94495000e+01 1.32709000e-02 2.81000000e+00 -1.98482000e+01 2.27910000e-03 2.76674000e+00 -1.96115000e+01 5.89626000e-03 3.14701000e-01 -2.00062000e+01 -7.14902000e-05 3.14615000e-01 -1.99762000e+01 -6.23217000e-03 3.16504000e-01 -1.99452000e+01 3.10459000e-02 1.09188000e+00 -1.99922000e+01 -4.84972000e-03 1.09028000e+00 -1.98369000e+01 1.86574000e-03 3.53344000e-01 -2.00089000e+01 1.45791000e-03 3.47634000e-01 -1.99344000e+01 0.00000000e+00 2.11622000e-03 -2.00000000e+01 0.00000000e+00 0.00000000e+00 -2.00000000e+01 0.00000000e+00 -2.11622000e-03 -2.00000000e+01 1.16799000e-03 4.40647000e-02 -2.00019000e+01 -4.73122000e-04 4.22145000e-02 -1.99868000e+01 0.00000000e+00 1.88720000e-03 -2.00000000e+01 0.00000000e+00 -1.88720000e-03 -2.00000000e+01 0.00000000e+00 3.50493000e-02 0.00000000e+00 0.00000000e+00 0.00000000e+00 0.00000000e+00 0.00000000e+00 -3.50493000e-02 0.00000000e+00 1.54752000e-02 6.94352000e-02 -1.87029000e-03 6.83211000e-03 3.70615000e-02 -5.54744000e-03 -1.34927000e-03 4.29861000e-03 -6.68395000e-03 0.00000000e+00 1.49395000e-02 0.00000000e+00 0.00000000e+00 -1.49395000e-02 0.00000000e+00 2.60728000e-03 -1.95055000e-02 -4.90913000e-04 -1.32701000e-03 1.12009000e-02 -4.38621000e-03 1.23025000e-02 1.93885000e-01 4.19327000e-03 -4.43052000e-03 1.62374000e-01 -3.03771000e-02 1.52281000e-01 7.36434000e-01 -2.08962000e-04 1.07519000e-01 7.03059000e-01 -8.31583000e-02 6.01022000e-02 6.79213000e-01 -1.70540000e-01 5.75080000e-02 7.77265000e-02 -1.07135000e-02 1.61977000e-02 1.20575000e-01 -4.34191000e-02 1.25370000e-01 1.67188000e+00 -3.08135000e-02 -5.17403000e-03 1.60964000e+00 -2.16828000e-01 1.29432000e-01 3.83860000e+00 -4.69589000e-01 5.95312000e-02 3.77642000e+00 -4.86904000e-01 5.14803000e-03 3.70331000e+00 -4.91434000e-01 1.37603000e-01 2.40303000e+00 -2.36038000e-01 2.48572000e-02 2.37908000e+00 -4.76921000e-01 2.13734000e-02 4.36910000e+00 -4.64804000e-01 -3.01956000e-02 4.39773000e+00 -4.72004000e-01 2.19933000e-02 -1.58538000e+00 -2.85785000e+00 2.04859000e-02 -1.77742000e+00 -2.40533000e+00 2.34051000e-02 -2.01331000e+00 -1.97264000e+00 3.86018000e-02 2.91955000e+00 -8.42707000e-01 -9.91588000e-03 2.88710000e+00 -5.19633000e-01 -8.36049000e-02 -2.23821000e+00 -3.50429000e+00 5.91959000e-02 -2.78799000e+00 -2.58617000e+00 -1.43933000e+00 -1.23238000e+01 -1.00069000e+01 -1.38182000e+00 -1.21464000e+01 -1.00048000e+01 -1.26527000e+00 -1.18648000e+01 -1.00024000e+01 -6.87022000e-01 -8.19847000e+00 -8.73481000e+00 -6.00821000e-01 -9.11533000e+00 -7.87212000e+00 -7.22806000e-01 -1.33600000e+01 -9.99767000e+00 -6.81267000e-01 -1.25643000e+01 -9.99629000e+00 2.75656000e-02 -1.61647000e+00 -1.71183000e+01 2.58013000e-02 -1.80775000e+00 -1.75706000e+01 2.78705000e-02 -2.04268000e+00 -1.80032000e+01 -6.82663000e-01 -8.22583000e+00 -1.12606000e+01 -5.94943000e-01 -9.13948000e+00 -1.21212000e+01 -7.99075000e-02 -2.25615000e+00 -1.64783000e+01 6.14044000e-02 -2.80615000e+00 -1.73953000e+01 1.31656000e-01 3.85409000e+00 -1.95283000e+01 6.13568000e-02 3.79303000e+00 -1.95134000e+01 6.60235000e-03 3.72091000e+00 -1.95112000e+01 4.20536000e-02 2.90063000e+00 -1.91470000e+01 -6.45189000e-03 2.86678000e+00 -1.94754000e+01 2.31656000e-02 4.39123000e+00 -1.95303000e+01 -2.85615000e-02 4.42045000e+00 -1.95270000e+01 1.48249000e-01 7.93840000e-01 -1.99980000e+01 1.03215000e-01 7.60760000e-01 -1.99145000e+01 5.55099000e-02 7.36917000e-01 -1.98268000e+01 1.33713000e-01 2.45257000e+00 -1.97611000e+01 2.05015000e-02 2.42901000e+00 -1.95235000e+01 1.21458000e-01 1.71928000e+00 -1.99651000e+01 -6.42306000e-03 1.65706000e+00 -1.97779000e+01 1.51341000e-02 8.05065000e-02 -1.99995000e+01 6.51953000e-03 4.84816000e-02 -1.99947000e+01 -1.64486000e-03 1.61362000e-02 -1.99925000e+01 5.61594000e-02 1.14489000e-01 -1.99910000e+01 1.44244000e-02 1.56854000e-01 -1.99544000e+01 1.19356000e-02 2.02923000e-01 -2.00047000e+01 -4.38755000e-03 1.71669000e-01 -1.99684000e+01 0.00000000e+00 3.46483000e-02 -2.00000000e+01 0.00000000e+00 0.00000000e+00 -2.00000000e+01 0.00000000e+00 -3.46483000e-02 -2.00000000e+01 2.49781000e-03 -1.74066000e-02 -2.00000000e+01 -1.40318000e-03 1.28403000e-02 -1.99954000e+01 0.00000000e+00 1.48048000e-02 -2.00000000e+01 0.00000000e+00 -1.48048000e-02 -2.00000000e+01 0.00000000e+00 7.86009000e-04 0.00000000e+00 0.00000000e+00 0.00000000e+00 0.00000000e+00 0.00000000e+00 -7.86009000e-04 0.00000000e+00 7.86009000e-04 0.00000000e+00 0.00000000e+00 0.00000000e+00 0.00000000e+00 0.00000000e+00 -7.86009000e-04 0.00000000e+00 0.00000000e+00 -2.50986000e-03 -4.27071000e-03 -7.33330000e-03 -2.28068000e-03 -2.36898000e-03 -8.78335000e-03 -2.05149000e-03 -4.67244000e-04 -1.02334000e-02 -4.18236000e-03 -2.13556000e-03 -7.31809000e-03 -2.28068000e-03 -2.36898000e-03 -8.78335000e-03 -3.78990000e-04 -2.60240000e-03 -1.02486000e-02 0.00000000e+00 1.40845000e-02 0.00000000e+00 0.00000000e+00 -1.40845000e-02 0.00000000e+00 1.62393000e-03 3.43506000e-03 -5.17335000e-03 1.75048000e-03 1.28326000e-05 -4.07847000e-03 3.39828000e-03 1.78778000e-03 -5.13895000e-03 -2.38751000e-05 1.66011000e-03 -4.11287000e-03 2.16350000e-03 5.77667000e-03 -4.22220000e-03 2.28237000e-03 -2.59773000e-02 -4.44870000e-03 3.87161000e-02 2.62565000e-02 -4.54979000e-02 3.90505000e-02 3.71029000e-02 -7.08752000e-02 3.93849000e-02 4.79493000e-02 -9.62525000e-02 2.82064000e-02 3.86979000e-02 -4.54996000e-02 3.90505000e-02 3.71029000e-02 -7.08752000e-02 4.98946000e-02 3.55079000e-02 -9.62508000e-02 -1.13313000e-02 -1.44024000e-02 -2.14906000e-02 -1.00423000e-02 -7.51567000e-03 -2.29467000e-02 -1.41297000e-02 -1.03131000e-02 -2.12274000e-02 -7.24392000e-03 -1.16050000e-02 -2.32099000e-02 9.55914000e-02 1.96316000e-01 -6.66772000e-02 7.24743000e-02 1.59208000e-01 -1.44988000e-01 1.16280000e-01 7.52031000e-02 -1.44552000e+00 1.08519000e-01 1.10776000e-01 -1.35752000e+00 1.00759000e-01 1.46349000e-01 -1.26952000e+00 7.32612000e-02 1.17800000e-01 -1.44747000e+00 1.08519000e-01 1.10776000e-01 -1.35752000e+00 1.43777000e-01 1.03752000e-01 -1.26756000e+00 1.35394000e-01 1.05636000e-01 -4.55453000e-01 1.37361000e-01 1.63281000e-01 -4.73205000e-01 1.07551000e-01 1.35586000e-01 -4.55757000e-01 1.65205000e-01 1.33331000e-01 -4.72902000e-01 3.07803000e-01 2.11307000e+00 -7.38645000e-01 7.13455000e-02 2.14475000e+00 -7.89069000e-01 -1.55361000e+00 -1.57098000e+00 -5.52666000e+00 -1.57288000e+00 -1.55025000e+00 -5.39370000e+00 -1.59214000e+00 -1.52953000e+00 -5.26074000e+00 -1.59324000e+00 -1.53506000e+00 -5.52858000e+00 -1.57288000e+00 -1.55025000e+00 -5.39370000e+00 -1.55251000e+00 -1.56545000e+00 -5.25881000e+00 -1.10769000e-01 -2.24559000e-01 -3.30927000e+00 -1.47419000e-01 -6.93936000e-03 -3.01525000e+00 -2.37474000e-01 -9.81152000e-02 -3.31113000e+00 -2.07147000e-02 -1.33383000e-01 -3.01340000e+00 -3.75985000e-01 -1.38927000e+00 -3.66796000e+00 -5.34738000e-01 -1.73586000e+00 -2.90238000e+00 -4.04538000e+00 -3.78650000e+00 -9.99640000e+00 -4.04553000e+00 -4.04722000e+00 -9.99606000e+00 -4.04568000e+00 -4.30794000e+00 -9.99572000e+00 -3.78469000e+00 -4.04736000e+00 -1.00034000e+01 -4.04553000e+00 -4.04722000e+00 -9.99606000e+00 -4.30636000e+00 -4.04708000e+00 -9.98873000e+00 -3.28821000e+00 -3.37375000e+00 -7.80058000e+00 -3.37110000e+00 -3.27299000e+00 -7.36891000e+00 -3.38016000e+00 -3.28044000e+00 -7.79995000e+00 -3.27914000e+00 -3.36631000e+00 -7.36954000e+00 -2.29767000e+00 -9.62714000e+00 -9.99706000e+00 -1.79594000e+00 -9.26758000e+00 -9.99683000e+00 -1.51770000e+00 -1.58168000e+00 -1.44629000e+01 -1.53349000e+00 -1.55999000e+00 -1.45987000e+01 -1.54928000e+00 -1.53830000e+00 -1.47346000e+01 -1.55556000e+00 -1.54091000e+00 -1.44648000e+01 -1.53349000e+00 -1.55999000e+00 -1.45987000e+01 -1.51141000e+00 -1.57907000e+00 -1.47327000e+01 -3.26758000e+00 -3.37243000e+00 -1.21918000e+01 -3.35348000e+00 -3.26948000e+00 -1.26239000e+01 -3.36181000e+00 -3.27897000e+00 -1.21911000e+01 -3.25926000e+00 -3.36295000e+00 -1.26246000e+01 -3.63764000e-01 -1.41449000e+00 -1.63199000e+01 -5.17887000e-01 -1.76101000e+00 -1.70870000e+01 1.18340000e-01 7.22149000e-02 -1.85544000e+01 1.11169000e-01 1.06848000e-01 -1.86428000e+01 1.03999000e-01 1.41481000e-01 -1.87312000e+01 7.61786000e-02 1.13929000e-01 -1.85566000e+01 1.11169000e-01 1.06848000e-01 -1.86428000e+01 1.46160000e-01 9.97675000e-02 -1.87290000e+01 -9.14863000e-02 -2.36250000e-01 -1.66826000e+01 -1.26897000e-01 -1.44344000e-02 -1.69803000e+01 -2.20607000e-01 -1.07305000e-01 -1.66847000e+01 2.22329000e-03 -1.43380000e-01 -1.69782000e+01 3.09618000e-01 2.12567000e+00 -1.92567000e+01 7.31145000e-02 2.15770000e+00 -1.92096000e+01 3.75832000e-02 2.74845000e-02 -1.99535000e+01 3.56214000e-02 3.81979000e-02 -1.99284000e+01 3.36596000e-02 4.89113000e-02 -1.99033000e+01 2.49004000e-02 3.74691000e-02 -1.99535000e+01 3.56214000e-02 3.81979000e-02 -1.99284000e+01 4.63425000e-02 3.89267000e-02 -1.99034000e+01 1.32301000e-01 1.04149000e-01 -1.95432000e+01 1.29202000e-01 1.61241000e-01 -1.95257000e+01 1.02212000e-01 1.31297000e-01 -1.95436000e+01 1.59292000e-01 1.34093000e-01 -1.95253000e+01 9.40457000e-02 2.34813000e-01 -1.99343000e+01 6.70792000e-02 1.97648000e-01 -1.98553000e+01 -2.20754000e-03 -4.11672000e-03 -1.99926000e+01 -2.52931000e-03 -2.38428000e-03 -1.99912000e+01 -2.85108000e-03 -6.51837000e-04 -1.99897000e+01 -4.26188000e-03 -2.70206000e-03 -1.99925000e+01 -2.52931000e-03 -2.38428000e-03 -1.99912000e+01 -7.96746000e-04 -2.06650000e-03 -1.99898000e+01 -1.04482000e-02 -1.44650000e-02 -1.99783000e+01 -1.21736000e-02 -7.36317000e-03 -1.99765000e+01 -1.48624000e-02 -1.17759000e-02 -1.99779000e+01 -7.75942000e-03 -1.00523000e-02 -1.99769000e+01 2.18662000e-03 1.34077000e-02 -1.99965000e+01 1.66800000e-03 -1.80957000e-02 -1.99951000e+01 0.00000000e+00 9.33470000e-04 -2.00000000e+01 0.00000000e+00 0.00000000e+00 -2.00000000e+01 0.00000000e+00 -9.33470000e-04 -2.00000000e+01 9.33470000e-04 0.00000000e+00 -2.00000000e+01 0.00000000e+00 0.00000000e+00 -2.00000000e+01 -9.33470000e-04 0.00000000e+00 -2.00000000e+01 1.75720000e-03 3.25881000e-03 -1.99948000e+01 1.58322000e-03 -1.99535000e-05 -1.99958000e+01 3.30965000e-03 1.53300000e-03 -1.99948000e+01 3.07642000e-05 1.70585000e-03 -1.99959000e+01 0.00000000e+00 1.39527000e-02 -2.00000000e+01 0.00000000e+00 -1.39527000e-02 -2.00000000e+01 0.00000000e+00 -9.33532000e-04 0.00000000e+00 0.00000000e+00 0.00000000e+00 0.00000000e+00 0.00000000e+00 9.33532000e-04 0.00000000e+00 -9.33532000e-04 0.00000000e+00 0.00000000e+00 0.00000000e+00 0.00000000e+00 0.00000000e+00 9.33532000e-04 0.00000000e+00 0.00000000e+00 2.20803000e-03 4.11667000e-03 -7.40797000e-03 2.52940000e-03 2.38429000e-03 -8.84476000e-03 2.85076000e-03 6.51904000e-04 -1.02815000e-02 4.26191000e-03 2.70166000e-03 -7.45110000e-03 2.52940000e-03 2.38429000e-03 -8.84476000e-03 7.96890000e-04 2.06691000e-03 -1.02384000e-02 -1.51342000e-02 -8.04968000e-02 -5.13278000e-04 -6.51977000e-03 -4.84724000e-02 -5.25927000e-03 1.64448000e-03 -1.61274000e-02 -7.48200000e-03 0.00000000e+00 -3.46479000e-02 0.00000000e+00 0.00000000e+00 0.00000000e+00 0.00000000e+00 0.00000000e+00 3.46479000e-02 0.00000000e+00 -1.75701000e-03 -3.25883000e-03 -5.18882000e-03 -1.58330000e-03 1.98742000e-05 -4.18333000e-03 -3.30957000e-03 -1.53319000e-03 -5.24797000e-03 -3.07409000e-05 -1.70576000e-03 -4.12419000e-03 -2.18641000e-03 -1.34017000e-02 -3.49134000e-03 -1.66831000e-03 1.81013000e-02 -4.87462000e-03 -2.49786000e-03 1.74085000e-02 1.79008000e-05 1.40310000e-03 -1.28380000e-02 -4.58438000e-03 0.00000000e+00 -1.39526000e-02 0.00000000e+00 0.00000000e+00 1.39526000e-02 0.00000000e+00 -3.75838000e-02 -2.74823000e-02 -4.64573000e-02 -3.56233000e-02 -3.81956000e-02 -7.15967000e-02 -3.36628000e-02 -4.89089000e-02 -9.67361000e-02 -2.49023000e-02 -3.74681000e-02 -4.65486000e-02 -3.56233000e-02 -3.81956000e-02 -7.15967000e-02 -4.63443000e-02 -3.89232000e-02 -9.66448000e-02 -1.48252000e-01 -7.93801000e-01 -1.98830000e-03 -1.03218000e-01 -7.60721000e-01 -8.54904000e-02 -5.55137000e-02 -7.36879000e-01 -1.73248000e-01 1.04490000e-02 1.44656000e-02 -2.16868000e-02 1.21722000e-02 7.36371000e-03 -2.34764000e-02 1.48621000e-02 1.17754000e-02 -2.20812000e-02 7.75911000e-03 1.00540000e-02 -2.30820000e-02 -9.40470000e-02 -2.34784000e-01 -6.56973000e-02 -6.70836000e-02 -1.97620000e-01 -1.44652000e-01 -5.61601000e-02 -1.14463000e-01 -8.97150000e-03 -1.44252000e-02 -1.56828000e-01 -4.55867000e-02 -1.18348000e-01 -7.22126000e-02 -1.44557000e+00 -1.11172000e-01 -1.06846000e-01 -1.35717000e+00 -1.03997000e-01 -1.41479000e-01 -1.26877000e+00 -7.61823000e-02 -1.13921000e-01 -1.44339000e+00 -1.11172000e-01 -1.06846000e-01 -1.35717000e+00 -1.46163000e-01 -9.97704000e-02 -1.27095000e+00 -1.31651000e-01 -3.85415000e+00 -4.71672000e-01 -6.13516000e-02 -3.79308000e+00 -4.86574000e-01 -6.59751000e-03 -3.72097000e+00 -4.88835000e-01 -1.32306000e-01 -1.04144000e-01 -4.56804000e-01 -1.29208000e-01 -1.61236000e-01 -4.74332000e-01 -1.02217000e-01 -1.31293000e-01 -4.56417000e-01 -1.59297000e-01 -1.34087000e-01 -4.74718000e-01 -3.09615000e-01 -2.12570000e+00 -7.43291000e-01 -7.31088000e-02 -2.15773000e+00 -7.90372000e-01 -1.33719000e-01 -2.45255000e+00 -2.38874000e-01 -2.05041000e-02 -2.42899000e+00 -4.76509000e-01 1.51774000e+00 1.58162000e+00 -5.53713000e+00 1.53354000e+00 1.55993000e+00 -5.40127000e+00 1.54934000e+00 1.53825000e+00 -5.26541000e+00 1.55562000e+00 1.54087000e+00 -5.53520000e+00 1.53354000e+00 1.55993000e+00 -5.40127000e+00 1.51146000e+00 1.57900000e+00 -5.26734000e+00 -2.75541000e-02 1.61619000e+00 -2.88162000e+00 -2.57902000e-02 1.80746000e+00 -2.42940000e+00 -2.78611000e-02 2.04239000e+00 -1.99671000e+00 9.15155000e-02 2.36217000e-01 -3.31739000e+00 1.26932000e-01 1.44000000e-02 -3.01965000e+00 2.20638000e-01 1.07274000e-01 -3.31526000e+00 -2.19110000e-03 1.43343000e-01 -3.02179000e+00 3.63775000e-01 1.41429000e+00 -3.68006000e+00 5.17912000e-01 1.76081000e+00 -2.91302000e+00 -4.20399000e-02 -2.90086000e+00 -8.53026000e-01 6.47454000e-03 -2.86702000e+00 -5.24600000e-01 4.04539000e+00 3.78649000e+00 -1.00036000e+01 4.04553000e+00 4.04722000e+00 -1.00039000e+01 4.04568000e+00 4.30794000e+00 -1.00043000e+01 3.78470000e+00 4.04735000e+00 -9.99664000e+00 4.04553000e+00 4.04722000e+00 -1.00039000e+01 4.30637000e+00 4.04708000e+00 -1.00112000e+01 1.43933000e+00 1.23238000e+01 -9.99333000e+00 1.38182000e+00 1.21464000e+01 -9.99545000e+00 1.26528000e+00 1.18648000e+01 -9.99779000e+00 3.26760000e+00 3.37241000e+00 -7.80823000e+00 3.35350000e+00 3.26946000e+00 -7.37610000e+00 3.36183000e+00 3.27895000e+00 -7.80892000e+00 3.25928000e+00 3.36293000e+00 -7.37541000e+00 2.29768000e+00 9.62714000e+00 -1.00031000e+01 1.79594000e+00 9.26758000e+00 -1.00033000e+01 6.82655000e-01 8.22557000e+00 -8.73951000e+00 5.94940000e-01 9.13926000e+00 -7.87889000e+00 1.55357000e+00 1.57103000e+00 -1.44733000e+01 1.57283000e+00 1.55030000e+00 -1.46063000e+01 1.59208000e+00 1.52958000e+00 -1.47393000e+01 1.59319000e+00 1.53510000e+00 -1.44714000e+01 1.57283000e+00 1.55030000e+00 -1.46063000e+01 1.55246000e+00 1.56550000e+00 -1.47412000e+01 -2.20020000e-02 1.58565000e+00 -1.71421000e+01 -2.04939000e-02 1.77769000e+00 -1.75946000e+01 -2.34110000e-02 2.01358000e+00 -1.80273000e+01 3.28819000e+00 3.37376000e+00 -1.21994000e+01 3.37109000e+00 3.27301000e+00 -1.26311000e+01 3.38015000e+00 3.28045000e+00 -1.22001000e+01 3.27913000e+00 3.36632000e+00 -1.26305000e+01 3.75978000e-01 1.38946000e+00 -1.63320000e+01 5.34717000e-01 1.73605000e+00 -1.70976000e+01 6.87035000e-01 8.19872000e+00 -1.12653000e+01 6.00830000e-01 9.11555000e+00 -1.21280000e+01 -1.16266000e-01 -7.52107000e-02 -1.85545000e+01 -1.08512000e-01 -1.10784000e-01 -1.86425000e+01 -1.00758000e-01 -1.46357000e-01 -1.87305000e+01 -7.32537000e-02 -1.17814000e-01 -1.85525000e+01 -1.08512000e-01 -1.10784000e-01 -1.86425000e+01 -1.43771000e-01 -1.03753000e-01 -1.87324000e+01 -1.29436000e-01 -3.83852000e+00 -1.95304000e+01 -5.95355000e-02 -3.77634000e+00 -1.95131000e+01 -5.15200000e-03 -3.70324000e+00 -1.95086000e+01 1.10744000e-01 2.24586000e-01 -1.66907000e+01 1.47388000e-01 6.96581000e-03 -1.69847000e+01 2.37446000e-01 9.81384000e-02 -1.66889000e+01 2.06854000e-02 1.33413000e-01 -1.69866000e+01 -3.07805000e-01 -2.11302000e+00 -1.92614000e+01 -7.13512000e-02 -2.14471000e+00 -1.92109000e+01 -3.86130000e-02 -2.91931000e+00 -1.91573000e+01 9.89564000e-03 -2.88686000e+00 -1.94804000e+01 -3.87146000e-02 -2.62577000e-02 -1.99545000e+01 -3.90490000e-02 -3.71040000e-02 -1.99291000e+01 -3.93833000e-02 -4.79504000e-02 -1.99037000e+01 -2.82050000e-02 -3.86990000e-02 -1.99545000e+01 -3.90490000e-02 -3.71040000e-02 -1.99291000e+01 -4.98929000e-02 -3.55091000e-02 -1.99037000e+01 -1.52280000e-01 -7.36444000e-01 -1.99998000e+01 -1.07517000e-01 -7.03068000e-01 -1.99168000e+01 -6.00999000e-02 -6.79222000e-01 -1.98295000e+01 -1.35387000e-01 -1.05642000e-01 -1.95445000e+01 -1.37356000e-01 -1.63287000e-01 -1.95268000e+01 -1.07544000e-01 -1.35593000e-01 -1.95442000e+01 -1.65199000e-01 -1.33336000e-01 -1.95271000e+01 -9.55896000e-02 -1.96325000e-01 -1.99333000e+01 -7.24716000e-02 -1.59215000e-01 -1.98550000e+01 -1.37599000e-01 -2.40302000e+00 -1.97640000e+01 -2.48559000e-02 -2.37908000e+00 -1.95231000e+01 2.50967000e-03 4.27081000e-03 -1.99927000e+01 2.28060000e-03 2.36913000e-03 -1.99912000e+01 2.05154000e-03 4.67440000e-04 -1.99898000e+01 4.18224000e-03 2.13583000e-03 -1.99927000e+01 2.28060000e-03 2.36913000e-03 -1.99912000e+01 3.78963000e-04 2.60242000e-03 -1.99898000e+01 -1.54751000e-02 -6.94387000e-02 -1.99981000e+01 -6.83190000e-03 -3.70644000e-02 -1.99945000e+01 1.34958000e-03 -4.30083000e-03 -1.99933000e+01 1.13313000e-02 1.44022000e-02 -1.99785000e+01 1.00431000e-02 7.51549000e-03 -1.99771000e+01 1.41301000e-02 1.03133000e-02 -1.99788000e+01 7.24432000e-03 1.16044000e-02 -1.99768000e+01 -2.16357000e-03 -5.77884000e-03 -1.99958000e+01 -2.28226000e-03 2.59759000e-02 -1.99956000e+01 -5.75078000e-02 -7.77339000e-02 -1.99893000e+01 -1.61975000e-02 -1.20583000e-01 -1.99566000e+01 0.00000000e+00 -7.86064000e-04 -2.00000000e+01 0.00000000e+00 0.00000000e+00 -2.00000000e+01 0.00000000e+00 7.86064000e-04 -2.00000000e+01 -7.86064000e-04 0.00000000e+00 -2.00000000e+01 0.00000000e+00 0.00000000e+00 -2.00000000e+01 7.86064000e-04 0.00000000e+00 -2.00000000e+01 0.00000000e+00 -3.50499000e-02 -2.00000000e+01 0.00000000e+00 0.00000000e+00 -2.00000000e+01 0.00000000e+00 3.50499000e-02 -2.00000000e+01 -1.62404000e-03 -3.43499000e-03 -1.99948000e+01 -1.75044000e-03 -1.28318000e-05 -1.99959000e+01 -3.39829000e-03 -1.78768000e-03 -1.99949000e+01 2.38044000e-05 -1.66015000e-03 -1.99959000e+01 0.00000000e+00 -1.40848000e-02 -2.00000000e+01 0.00000000e+00 1.40848000e-02 -2.00000000e+01 -2.60720000e-03 1.95050000e-02 -1.99995000e+01 1.32707000e-03 -1.12020000e-02 -1.99956000e+01 -5.89659000e-03 -3.14695000e-01 6.24921000e-03 7.14329000e-05 -3.14609000e-01 -2.38215000e-02 6.23239000e-03 -3.16498000e-01 -5.48045000e-02 0.00000000e+00 -2.11604000e-03 0.00000000e+00 0.00000000e+00 0.00000000e+00 0.00000000e+00 0.00000000e+00 2.11604000e-03 0.00000000e+00 -1.19358000e-02 -2.02914000e-01 4.74218000e-03 4.38750000e-03 -1.71660000e-01 -3.16232000e-02 -1.16810000e-03 -4.40630000e-02 1.93532000e-03 4.73145000e-04 -4.22126000e-02 -1.32379000e-02 0.00000000e+00 -1.48045000e-02 0.00000000e+00 0.00000000e+00 1.48045000e-02 0.00000000e+00 -4.98431000e-02 -2.49909000e+00 -1.15439000e-01 -1.87561000e-02 -2.49397000e+00 -2.36900000e-01 1.14403000e-02 -2.48915000e+00 -3.55476000e-01 -1.21462000e-01 -1.71926000e+00 -3.48678000e-02 6.42253000e-03 -1.65704000e+00 -2.22140000e-01 -3.10465000e-02 -1.09187000e+00 -7.75399000e-03 4.85002000e-03 -1.09027000e+00 -1.63088000e-01 2.21850000e-03 -4.78814000e+00 -6.17862000e-01 2.96778000e-02 -4.78156000e+00 -5.48424000e-01 6.14274000e-02 -4.76027000e+00 -4.91809000e-01 -2.31605000e-02 -4.39133000e+00 -4.69702000e-01 2.85705000e-02 -4.42055000e+00 -4.73073000e-01 -6.81849000e-03 -4.24999000e+00 -3.67839000e-01 7.13694000e-02 -4.19801000e+00 -5.50566000e-01 8.03135000e-02 2.95416000e+00 -4.42568000e+00 3.78143000e-02 3.19647000e+00 -3.98151000e+00 -3.24272000e-03 3.45320000e+00 -3.53877000e+00 7.99157000e-02 2.25583000e+00 -3.52167000e+00 -6.13996000e-02 2.80584000e+00 -2.60469000e+00 -1.89933000e-02 -2.38510000e+00 -1.50282000e+00 -5.98329000e-02 -2.19441000e+00 -9.04712000e-01 3.53402000e-01 1.34733000e+01 -1.00038000e+01 3.20902000e-01 1.34173000e+01 -1.00050000e+01 2.99120000e-01 1.32986000e+01 -1.00062000e+01 7.22809000e-01 1.33600000e+01 -1.00026000e+01 6.81270000e-01 1.25643000e+01 -1.00039000e+01 3.19166000e-01 9.63019000e+00 -9.25741000e+00 2.80861000e-01 1.03302000e+01 -8.46601000e+00 8.26885000e-02 2.95320000e+00 -1.55861000e+01 3.95826000e-02 3.19505000e+00 -1.60303000e+01 -1.97499000e-03 3.45134000e+00 -1.64729000e+01 8.35999000e-02 2.23851000e+00 -1.64957000e+01 -5.91977000e-02 2.78830000e+00 -1.74138000e+01 3.28766000e-01 9.62580000e+00 -1.07547000e+01 2.89721000e-01 1.03263000e+01 -1.15472000e+01 2.31462000e-03 -4.76708000e+00 -1.93848000e+01 3.01374000e-02 -4.76084000e+00 -1.94537000e+01 6.23649000e-02 -4.73992000e+00 -1.95096000e+01 -2.13772000e-02 -4.36899000e+00 -1.95352000e+01 3.01889000e-02 -4.39762000e+00 -1.95280000e+01 -1.76226000e-02 -2.37814000e+00 -1.85053000e+01 -6.01671000e-02 -2.18809000e+00 -1.91017000e+01 -5.12431000e-02 -2.47223000e+00 -1.98877000e+01 -1.91065000e-02 -2.46728000e+00 -1.97666000e+01 1.21084000e-02 -2.46264000e+00 -1.96483000e+01 -1.25369000e-01 -1.67188000e+00 -1.99692000e+01 5.17461000e-03 -1.60964000e+00 -1.97832000e+01 -6.38293000e-03 -4.22139000e+00 -1.96362000e+01 7.33821000e-02 -4.16910000e+00 -1.94533000e+01 -6.26954000e-03 -3.09422000e-01 -2.00061000e+01 -2.97926000e-05 -3.09507000e-01 -1.99767000e+01 6.40728000e-03 -3.11523000e-01 -1.99464000e+01 -1.23024000e-02 -1.93889000e-01 -2.00042000e+01 4.43066000e-03 -1.62377000e-01 -1.99696000e+01 -3.20554000e-02 -1.07515000e+00 -1.99933000e+01 5.17678000e-03 -1.07359000e+00 -1.98396000e+01 0.00000000e+00 -1.96508000e-03 -2.00000000e+01 0.00000000e+00 0.00000000e+00 -2.00000000e+01 0.00000000e+00 1.96508000e-03 -2.00000000e+01 0.00000000e+00 -1.49399000e-02 -2.00000000e+01 0.00000000e+00 1.49399000e-02 -2.00000000e+01 -1.29679000e-03 -4.38152000e-02 -2.00019000e+01 4.66180000e-04 -4.18068000e-02 -1.99869000e+01 1.39724000e-04 -3.58311000e-01 8.81159000e-03 9.57734000e-05 -3.51334000e-01 -2.99687000e-02 5.30251000e-05 -3.46991000e-01 -6.90712000e-02 0.00000000e+00 -9.14513000e-03 0.00000000e+00 0.00000000e+00 0.00000000e+00 0.00000000e+00 0.00000000e+00 9.14513000e-03 0.00000000e+00 -1.86586000e-03 -3.53339000e-01 8.93319000e-03 -1.45798000e-03 -3.47629000e-01 -6.56233000e-02 2.46624000e-05 -2.26557000e-02 1.60135000e-03 4.30076000e-05 -2.82689000e-02 -1.32237000e-02 0.00000000e+00 -1.88693000e-03 0.00000000e+00 0.00000000e+00 1.88693000e-03 0.00000000e+00 2.84341000e-04 -2.80094000e+00 -1.23499000e-01 -1.65876000e-04 -2.78230000e+00 -2.55800000e-01 -6.35429000e-04 -2.76798000e+00 -3.86789000e-01 -1.32718000e-02 -2.81001000e+00 -1.51820000e-01 -2.27881000e-03 -2.76675000e+00 -3.88516000e-01 3.48710000e-04 -1.24629000e+00 -1.37581000e-02 -2.08247000e-04 -1.24751000e+00 -1.85606000e-01 -6.16261000e-04 -5.28135000e+00 -6.60562000e-01 -8.54630000e-04 -5.26675000e+00 -5.72504000e-01 -1.08392000e-03 -5.23268000e+00 -4.91320000e-01 -3.28636000e-03 -5.11900000e+00 -6.32202000e-01 3.05833000e-02 -5.17703000e+00 -5.22446000e-01 -5.13745000e-04 -4.80191000e+00 -4.37855000e-01 -1.45789000e-03 -4.75333000e+00 -6.51552000e-01 -6.85768000e-04 3.25403000e+00 -4.54141000e+00 -3.22977000e-04 3.50463000e+00 -4.11105000e+00 7.23682000e-05 3.77147000e+00 -3.68521000e+00 7.71116000e-03 3.22541000e+00 -4.61561000e+00 1.05122000e-02 3.78724000e+00 -3.72285000e+00 3.59509000e-04 -2.34456000e+00 -1.59784000e+00 7.71189000e-04 -2.10116000e+00 -9.47530000e-01 5.78673000e-05 1.38557000e+01 -1.00071000e+01 5.70253000e-05 1.38266000e+01 -1.00065000e+01 5.60224000e-05 1.37334000e+01 -1.00058000e+01 1.66341000e-01 1.39761000e+01 -1.00081000e+01 1.23286000e-01 1.33893000e+01 -1.00063000e+01 -3.79800000e-03 9.96220000e+00 -9.24223000e+00 -3.04961000e-03 1.06249000e+01 -8.43980000e+00 7.34879000e-04 3.27952000e+00 -1.54497000e+01 3.69346000e-04 3.53021000e+00 -1.58793000e+01 -2.79411000e-05 3.79703000e+00 -1.63044000e+01 9.75335000e-03 3.23820000e+00 -1.53861000e+01 1.08710000e-02 3.79903000e+00 -1.62790000e+01 3.88836000e-03 9.98338000e+00 -1.07597000e+01 3.13463000e-03 1.06443000e+01 -1.15619000e+01 6.28282000e-04 -5.27334000e+00 -1.93393000e+01 8.66216000e-04 -5.25886000e+00 -1.94283000e+01 1.09512000e-03 -5.22485000e+00 -1.95104000e+01 -2.99674000e-03 -5.10329000e+00 -1.93694000e+01 3.19605000e-02 -5.16154000e+00 -1.94792000e+01 -3.39521000e-04 -2.32348000e+00 -1.83963000e+01 -7.64644000e-04 -2.07891000e+00 -1.90480000e+01 -2.80737000e-04 -2.80229000e+00 -1.98763000e+01 1.68448000e-04 -2.78361000e+00 -1.97440000e+01 6.36080000e-04 -2.76925000e+00 -1.96130000e+01 -1.39461000e-02 -2.79751000e+00 -1.98495000e+01 -1.36997000e-03 -2.75457000e+00 -1.96134000e+01 5.22112000e-04 -4.80152000e+00 -1.95620000e+01 1.46568000e-03 -4.75315000e+00 -1.93488000e+01 -1.40027000e-04 -3.58724000e-01 -2.00088000e+01 -9.56757000e-05 -3.51717000e-01 -1.99700000e+01 -5.23683000e-05 -3.47345000e-01 -1.99308000e+01 -2.16411000e-03 -3.51609000e-01 -2.00089000e+01 -1.44149000e-03 -3.46002000e-01 -1.99349000e+01 -3.47713000e-04 -1.24755000e+00 -1.99861000e+01 2.07196000e-04 -1.24878000e+00 -1.98141000e+01 0.00000000e+00 -9.17599000e-03 -2.00000000e+01 0.00000000e+00 0.00000000e+00 -2.00000000e+01 0.00000000e+00 9.17599000e-03 -2.00000000e+01 0.00000000e+00 -1.82332000e-03 -2.00000000e+01 0.00000000e+00 1.82332000e-03 -2.00000000e+01 -2.48226000e-05 -2.27293000e-02 -2.00016000e+01 -4.27163000e-05 -2.83762000e-02 -1.99868000e+01 6.29953000e-03 -3.09037000e-01 6.10624000e-03 3.75711000e-05 -3.09136000e-01 -2.32841000e-02 -6.42287000e-03 -3.11162000e-01 -5.35575000e-02 0.00000000e+00 -1.95037000e-03 0.00000000e+00 0.00000000e+00 0.00000000e+00 0.00000000e+00 0.00000000e+00 1.95037000e-03 0.00000000e+00 2.16814000e-03 -3.51260000e-01 8.89925000e-03 1.44765000e-03 -3.45701000e-01 -6.50493000e-02 1.30574000e-03 -4.37701000e-02 1.87059000e-03 -4.67628000e-04 -4.17448000e-02 -1.30800000e-02 0.00000000e+00 -1.80056000e-03 0.00000000e+00 0.00000000e+00 1.80056000e-03 0.00000000e+00 5.13349000e-02 -2.47081000e+00 -1.12215000e-01 1.91067000e-02 -2.46588000e+00 -2.33329000e-01 -1.21973000e-02 -2.46126000e+00 -3.51576000e-01 1.39873000e-02 -2.79640000e+00 -1.50387000e-01 1.42857000e-03 -2.75348000e+00 -3.86628000e-01 3.20853000e-02 -1.07408000e+00 -6.68881000e-03 -5.19985000e-03 -1.07253000e+00 -1.60240000e-01 -2.55269000e-03 -4.77305000e+00 -6.14673000e-01 -3.05884000e-02 -4.76666000e+00 -5.46724000e-01 -6.30100000e-02 -4.74560000e+00 -4.91571000e-01 2.64387000e-03 -5.11069000e+00 -6.30362000e-01 -3.24521000e-02 -5.16901000e+00 -5.22133000e-01 6.44315000e-03 -4.22116000e+00 -3.63783000e-01 -7.35018000e-02 -4.16871000e+00 -5.47129000e-01 -8.22902000e-02 2.92906000e+00 -4.40672000e+00 -3.92929000e-02 3.17064000e+00 -3.96162000e+00 2.13134000e-03 3.42673000e+00 -3.51812000e+00 -9.40476000e-03 3.21251000e+00 -4.60521000e+00 -1.06511000e-02 3.77365000e+00 -3.71148000e+00 1.75592000e-02 -2.39706000e+00 -1.48958000e+00 5.98586000e-02 -2.20815000e+00 -8.94746000e-01 -3.53284000e-01 1.34733000e+01 -1.00100000e+01 -3.20792000e-01 1.34174000e+01 -1.00073000e+01 -2.99017000e-01 1.32987000e+01 -1.00045000e+01 -1.66230000e-01 1.39761000e+01 -1.00076000e+01 -1.23186000e-01 1.33894000e+01 -1.00028000e+01 -3.28631000e-01 9.60449000e+00 -9.24729000e+00 -2.89703000e-01 1.03069000e+01 -8.45487000e+00 -8.06249000e-02 2.97862000e+00 -1.55669000e+01 -3.80310000e-02 3.22121000e+00 -1.60102000e+01 3.14291000e-03 3.47812000e+00 -1.64520000e+01 -7.96303000e-03 3.25127000e+00 -1.53756000e+01 -1.06583000e-02 3.81279000e+00 -1.62675000e+01 -3.19102000e-01 9.65173000e+00 -1.07446000e+01 -2.80676000e-01 1.03498000e+01 -1.15361000e+01 -1.94810000e-03 -4.78216000e+00 -1.93816000e+01 -2.91973000e-02 -4.77574000e+00 -1.94520000e+01 -6.07560000e-02 -4.75458000e+00 -1.95094000e+01 3.66981000e-03 -5.11158000e+00 -1.93676000e+01 -3.00647000e-02 -5.16954000e+00 -1.94788000e+01 1.90787000e-02 -2.36596000e+00 -1.84919000e+01 6.01648000e-02 -2.17410000e+00 -1.90916000e+01 4.97533000e-02 -2.50052000e+00 -1.98845000e+01 1.87584000e-02 -2.49536000e+00 -1.97630000e+01 -1.13486000e-02 -2.49052000e+00 -1.96444000e+01 1.32360000e-02 -2.81111000e+00 -1.98481000e+01 2.22744000e-03 -2.76782000e+00 -1.96115000e+01 6.76273000e-03 -4.25027000e+00 -1.96321000e+01 -7.12400000e-02 -4.19845000e+00 -1.94499000e+01 5.86740000e-03 -3.15088000e-01 -2.00063000e+01 -7.79097000e-05 -3.14988000e-01 -1.99762000e+01 -6.21495000e-03 -3.16866000e-01 -1.99451000e+01 1.86169000e-03 -3.53693000e-01 -2.00089000e+01 1.45203000e-03 -3.47934000e-01 -1.99343000e+01 3.10183000e-02 -1.09293000e+00 -1.99922000e+01 -4.82403000e-03 -1.09132000e+00 -1.98368000e+01 0.00000000e+00 -2.13174000e-03 -2.00000000e+01 0.00000000e+00 0.00000000e+00 -2.00000000e+01 0.00000000e+00 2.13174000e-03 -2.00000000e+01 0.00000000e+00 -1.91022000e-03 -2.00000000e+01 0.00000000e+00 1.91022000e-03 -2.00000000e+01 1.15936000e-03 -4.41138000e-02 -2.00020000e+01 -4.70798000e-04 -4.22814000e-02 -1.99868000e+01 1.54853000e-02 -6.85754000e-02 -1.99073000e-03 6.84728000e-03 -3.62625000e-02 -5.58866000e-03 -1.32854000e-03 -3.55533000e-03 -6.65389000e-03 0.00000000e+00 -3.49934000e-02 0.00000000e+00 0.00000000e+00 0.00000000e+00 0.00000000e+00 0.00000000e+00 3.49934000e-02 0.00000000e+00 1.23200000e-02 -1.93190000e-01 4.13942000e-03 -4.43073000e-03 -1.61756000e-01 -3.03224000e-02 2.61611000e-03 1.95874000e-02 -5.28978000e-04 -1.32156000e-03 -1.10646000e-02 -4.36290000e-03 0.00000000e+00 -1.49048000e-02 0.00000000e+00 0.00000000e+00 1.49048000e-02 0.00000000e+00 1.52510000e-01 -7.30898000e-01 -2.89338000e-04 1.07790000e-01 -6.97625000e-01 -8.30301000e-02 6.04220000e-02 -6.73897000e-01 -1.70225000e-01 1.25682000e-01 -1.66819000e+00 -3.06462000e-02 -5.15476000e-03 -1.60604000e+00 -2.16538000e-01 5.75873000e-02 -7.49548000e-02 -1.09270000e-02 1.62609000e-02 -1.17763000e-01 -4.32443000e-02 1.29597000e-01 -3.83634000e+00 -4.69760000e-01 5.97316000e-02 -3.77398000e+00 -4.87843000e-01 5.41623000e-03 -3.70082000e+00 -4.93019000e-01 2.14254000e-02 -4.37089000e+00 -4.64808000e-01 -3.06189000e-02 -4.39949000e+00 -4.73195000e-01 1.38370000e-01 -2.39625000e+00 -2.35686000e-01 2.54358000e-02 -2.37217000e+00 -4.76736000e-01 2.12093000e-02 1.56693000e+00 -2.85356000e+00 1.96676000e-02 1.75836000e+00 -2.39996000e+00 2.26199000e-02 1.99371000e+00 -1.96637000e+00 -8.39591000e-02 2.21610000e+00 -3.49804000e+00 5.88450000e-02 2.76556000e+00 -2.57891000e+00 3.76779000e-02 -2.93239000e+00 -8.41019000e-01 -1.15300000e-02 -2.90042000e+00 -5.20099000e-01 -1.43927000e+00 1.23239000e+01 -1.00198000e+01 -1.38177000e+00 1.21464000e+01 -1.00160000e+01 -1.26523000e+00 1.18649000e+01 -1.00117000e+01 -7.22715000e-01 1.33601000e+01 -1.00126000e+01 -6.81180000e-01 1.25645000e+01 -1.00044000e+01 -6.85566000e-01 8.18088000e+00 -8.73571000e+00 -5.99875000e-01 9.09938000e+00 -7.87353000e+00 2.83492000e-02 1.63541000e+00 -1.71137000e+01 2.66275000e-02 1.82731000e+00 -1.75648000e+01 2.86740000e-02 2.06280000e+00 -1.79966000e+01 -7.94947000e-02 2.27866000e+00 -1.64717000e+01 6.17932000e-02 2.82898000e+00 -1.73877000e+01 -6.84012000e-01 8.24380000e+00 -1.12616000e+01 -5.95780000e-01 9.15572000e+00 -1.21227000e+01 1.31512000e-01 -3.85628000e+00 -1.95285000e+01 6.11813000e-02 -3.79539000e+00 -1.95144000e+01 6.36016000e-03 -3.72333000e+00 -1.95128000e+01 2.31330000e-02 -4.38944000e+00 -1.95303000e+01 -2.81168000e-02 -4.41868000e+00 -1.95281000e+01 4.29962000e-02 -2.88745000e+00 -1.91451000e+01 -4.81874000e-03 -2.85310000e+00 -1.94757000e+01 1.48032000e-01 -7.99379000e-01 -1.99981000e+01 1.02957000e-01 -7.66196000e-01 -1.99144000e+01 5.52073000e-02 -7.42236000e-01 -1.98264000e+01 1.21159000e-01 -1.72296000e+00 -1.99650000e+01 -6.43131000e-03 -1.66064000e+00 -1.97776000e+01 1.32996000e-01 -2.45936000e+00 -1.97608000e+01 1.99655000e-02 -2.43593000e+00 -1.95233000e+01 1.51278000e-02 -8.13849000e-02 -1.99996000e+01 6.50756000e-03 -4.93005000e-02 -1.99948000e+01 -1.66313000e-03 -1.69003000e-02 -1.99925000e+01 1.19199000e-02 -2.03631000e-01 -2.00048000e+01 -4.38466000e-03 -1.72299000e-01 -1.99683000e+01 5.60839000e-02 -1.17265000e-01 -1.99912000e+01 1.43666000e-02 -1.59668000e-01 -1.99542000e+01 0.00000000e+00 -3.47033000e-02 -2.00000000e+01 0.00000000e+00 0.00000000e+00 -2.00000000e+01 0.00000000e+00 3.47033000e-02 -2.00000000e+01 0.00000000e+00 -1.48396000e-02 -2.00000000e+01 0.00000000e+00 1.48396000e-02 -2.00000000e+01 2.48951000e-03 1.73050000e-02 -2.00001000e+01 -1.40818000e-03 -1.29959000e-02 -1.99954000e+01 -2.55391000e-03 4.27853000e-03 -7.33992000e-03 -2.27852000e-03 2.38672000e-03 -8.78573000e-03 -2.00313000e-03 4.94917000e-04 -1.02315000e-02 -4.17026000e-03 2.10711000e-03 -7.32006000e-03 -2.27852000e-03 2.38672000e-03 -8.78573000e-03 -3.86775000e-04 2.66633000e-03 -1.02514000e-02 0.00000000e+00 -7.94439000e-04 0.00000000e+00 0.00000000e+00 0.00000000e+00 0.00000000e+00 0.00000000e+00 7.94439000e-04 0.00000000e+00 7.94439000e-04 0.00000000e+00 0.00000000e+00 0.00000000e+00 0.00000000e+00 0.00000000e+00 -7.94439000e-04 0.00000000e+00 0.00000000e+00 2.14762000e-03 -5.18612000e-03 -4.28495000e-03 2.30947000e-03 2.65161000e-02 -4.43212000e-03 1.60244000e-03 -3.42960000e-03 -5.18037000e-03 1.75422000e-03 -1.52913000e-05 -4.07822000e-03 3.38544000e-03 -1.79890000e-03 -5.13823000e-03 -2.87756000e-05 -1.64599000e-03 -4.12035000e-03 0.00000000e+00 -1.40616000e-02 0.00000000e+00 0.00000000e+00 1.40616000e-02 0.00000000e+00 3.86495000e-02 -2.60028000e-02 -4.55706000e-02 3.91793000e-02 -3.68421000e-02 -7.09253000e-02 3.97091000e-02 -4.76815000e-02 -9.62801000e-02 2.83431000e-02 -3.86306000e-02 -4.55648000e-02 3.91793000e-02 -3.68421000e-02 -7.09253000e-02 5.00155000e-02 -3.50537000e-02 -9.62858000e-02 9.55815000e-02 -1.92392000e-01 -6.68274000e-02 7.28678000e-02 -1.55364000e-01 -1.44936000e-01 -1.14416000e-02 1.44498000e-02 -2.15509000e-02 -9.89960000e-03 7.55038000e-03 -2.29313000e-02 -1.41198000e-02 1.02277000e-02 -2.12324000e-02 -7.22143000e-03 1.17725000e-02 -2.32498000e-02 1.15970000e-01 -7.54302000e-02 -1.44522000e+00 1.08199000e-01 -1.10995000e-01 -1.35751000e+00 1.00427000e-01 -1.46559000e-01 -1.26980000e+00 7.30066000e-02 -1.17970000e-01 -1.44753000e+00 1.08199000e-01 -1.10995000e-01 -1.35751000e+00 1.43391000e-01 -1.04019000e-01 -1.26749000e+00 3.07605000e-01 -2.11102000e+00 -7.38109000e-01 7.15153000e-02 -2.14279000e+00 -7.89424000e-01 1.35103000e-01 -1.05231000e-01 -4.55503000e-01 1.37495000e-01 -1.62832000e-01 -4.73342000e-01 1.07493000e-01 -1.35372000e-01 -4.55866000e-01 1.65105000e-01 -1.32691000e-01 -4.72979000e-01 -1.55432000e+00 1.56797000e+00 -5.52714000e+00 -1.57392000e+00 1.54711000e+00 -5.39427000e+00 -1.59351000e+00 1.52626000e+00 -5.26139000e+00 -1.59435000e+00 1.53222000e+00 -5.52939000e+00 -1.57392000e+00 1.54711000e+00 -5.39427000e+00 -1.55348000e+00 1.56201000e+00 -5.25914000e+00 -3.76471000e-01 1.37584000e+00 -3.66594000e+00 -5.36029000e-01 1.72235000e+00 -2.90015000e+00 -1.11622000e-01 2.23182000e-01 -3.30955000e+00 -1.48349000e-01 5.12609000e-03 -3.01588000e+00 -2.38503000e-01 9.65712000e-02 -3.31174000e+00 -2.14680000e-02 1.31737000e-01 -3.01369000e+00 -4.04536000e+00 3.78648000e+00 -9.99582000e+00 -4.04549000e+00 4.04718000e+00 -9.99663000e+00 -4.04562000e+00 4.30788000e+00 -9.99744000e+00 -3.78468000e+00 4.04733000e+00 -1.00040000e+01 -4.04549000e+00 4.04718000e+00 -9.99663000e+00 -4.30630000e+00 4.04702000e+00 -9.98926000e+00 -2.29770000e+00 9.62707000e+00 -1.00038000e+01 -1.79594000e+00 9.26755000e+00 -9.99999000e+00 -3.28820000e+00 3.37229000e+00 -7.80126000e+00 -3.37093000e+00 3.27144000e+00 -7.36937000e+00 -3.38015000e+00 3.27881000e+00 -7.80052000e+00 -3.27898000e+00 3.36493000e+00 -7.37011000e+00 -1.51705000e+00 1.58474000e+00 -1.44633000e+01 -1.53251000e+00 1.56318000e+00 -1.45992000e+01 -1.54797000e+00 1.54162000e+00 -1.47352000e+01 -1.55453000e+00 1.54381000e+00 -1.44655000e+01 -1.53251000e+00 1.56318000e+00 -1.45992000e+01 -1.51049000e+00 1.58256000e+00 -1.47329000e+01 -3.63292000e-01 1.42832000e+00 -1.63177000e+01 -5.16589000e-01 1.77490000e+00 -1.70845000e+01 -3.26757000e+00 3.37384000e+00 -1.21924000e+01 -3.35363000e+00 3.27102000e+00 -1.26243000e+01 -3.36179000e+00 3.28057000e+00 -1.21916000e+01 -3.25942000e+00 3.36430000e+00 -1.26251000e+01 1.18637000e-01 -7.19670000e-02 -1.85541000e+01 1.11477000e-01 -1.06622000e-01 -1.86428000e+01 1.04317000e-01 -1.41277000e-01 -1.87315000e+01 7.64071000e-02 -1.13753000e-01 -1.85566000e+01 1.11477000e-01 -1.06622000e-01 -1.86428000e+01 1.46547000e-01 -9.94909000e-02 -1.87289000e+01 3.09809000e-01 -2.12768000e+00 -1.92561000e+01 7.29451000e-02 -2.15962000e+00 -1.92100000e+01 -9.06813000e-02 2.37655000e-01 -1.66829000e+01 -1.26019000e-01 1.63094000e-02 -1.69810000e+01 -2.19611000e-01 1.08890000e-01 -1.66853000e+01 2.90983000e-03 1.45074000e-01 -1.69785000e+01 3.76879000e-02 -2.77709000e-02 -1.99536000e+01 3.55321000e-02 -3.84942000e-02 -1.99285000e+01 3.33763000e-02 -4.92175000e-02 -1.99033000e+01 2.48003000e-02 -3.75735000e-02 -1.99535000e+01 3.55321000e-02 -3.84942000e-02 -1.99285000e+01 4.62640000e-02 -3.94150000e-02 -1.99034000e+01 9.40761000e-02 -2.38748000e-01 -1.99344000e+01 6.67105000e-02 -2.01509000e-01 -1.98553000e+01 1.32623000e-01 -1.04587000e-01 -1.95432000e+01 1.29101000e-01 -1.61718000e-01 -1.95258000e+01 1.02303000e-01 -1.31543000e-01 -1.95437000e+01 1.59421000e-01 -1.34762000e-01 -1.95254000e+01 -2.15963000e-03 4.10997000e-03 -1.99926000e+01 -2.52734000e-03 2.36275000e-03 -1.99912000e+01 -2.89504000e-03 6.15530000e-04 -1.99897000e+01 -4.27470000e-03 2.72645000e-03 -1.99926000e+01 -2.52734000e-03 2.36275000e-03 -1.99912000e+01 -7.79977000e-04 1.99906000e-03 -1.99898000e+01 2.20678000e-03 -1.40044000e-02 -1.99966000e+01 1.64314000e-03 1.75453000e-02 -1.99951000e+01 -1.03210000e-02 1.43982000e-02 -1.99784000e+01 -1.22976000e-02 7.31548000e-03 -1.99765000e+01 -1.48513000e-02 1.18442000e-02 -1.99779000e+01 -7.76731000e-03 9.86943000e-03 -1.99770000e+01 0.00000000e+00 -9.20452000e-04 -2.00000000e+01 0.00000000e+00 0.00000000e+00 -2.00000000e+01 0.00000000e+00 9.20452000e-04 -2.00000000e+01 9.20452000e-04 0.00000000e+00 -2.00000000e+01 0.00000000e+00 0.00000000e+00 -2.00000000e+01 -9.20452000e-04 0.00000000e+00 -2.00000000e+01 0.00000000e+00 -1.39729000e-02 -2.00000000e+01 0.00000000e+00 1.39729000e-02 -2.00000000e+01 1.77784000e-03 -3.26555000e-03 -1.99948000e+01 1.57862000e-03 2.59078000e-05 -1.99958000e+01 3.32403000e-03 -1.52078000e-03 -1.99948000e+01 3.24330000e-05 -1.71886000e-03 -1.99959000e+01 7.95604000e-02 -1.52503000e-02 -6.09893000e-04 4.69473000e-02 -6.58066000e-03 -5.22020000e-03 1.40048000e-02 1.63713000e-03 -7.25586000e-03 3.52396000e-02 0.00000000e+00 0.00000000e+00 0.00000000e+00 0.00000000e+00 0.00000000e+00 -3.52396000e-02 0.00000000e+00 0.00000000e+00 1.26732000e-02 -2.27493000e-03 -3.54868000e-03 -1.93028000e-02 -1.84602000e-03 -4.76179000e-03 -1.80778000e-02 -2.50145000e-03 -5.31276000e-05 1.27874000e-02 1.39689000e-03 -4.62002000e-03 1.41767000e-02 0.00000000e+00 0.00000000e+00 -1.41767000e-02 0.00000000e+00 0.00000000e+00 7.94556000e-01 -1.49237000e-01 -7.80105000e-04 7.60672000e-01 -1.04046000e-01 -8.51266000e-02 7.36094000e-01 -5.61732000e-02 -1.73673000e-01 2.36372000e-01 -9.49768000e-02 -6.53489000e-02 1.98725000e-01 -6.77901000e-02 -1.45090000e-01 1.10649000e-01 -5.64806000e-02 -8.81340000e-03 1.53560000e-01 -1.50439000e-02 -4.55073000e-02 3.85405000e+00 -1.30193000e-01 -4.69397000e-01 3.79337000e+00 -5.98921000e-02 -4.80803000e-01 3.72102000e+00 -4.91431000e-03 -4.80288000e-01 2.12791000e+00 -3.09824000e-01 -7.44336000e-01 2.15934000e+00 -7.16220000e-02 -7.87678000e-01 2.46335000e+00 -1.31669000e-01 -2.39399000e-01 2.44047000e+00 -1.98764000e-02 -4.77491000e-01 -1.71966000e+00 -2.90002000e-02 -2.89752000e+00 -1.91499000e+00 -2.74974000e-02 -2.45193000e+00 -2.15369000e+00 -2.97063000e-02 -2.02478000e+00 -1.48832000e+00 3.67934000e-01 -3.68698000e+00 -1.83521000e+00 5.18840000e-01 -2.92192000e+00 2.82518000e+00 -4.58128000e-02 -8.59316000e-01 2.78903000e+00 -1.59390000e-03 -5.20287000e-01 -1.23199000e+01 1.43999000e+00 -9.91683000e+00 -1.21425000e+01 1.38261000e+00 -9.92757000e+00 -1.18609000e+01 1.26617000e+00 -9.93983000e+00 -9.62438000e+00 2.29925000e+00 -9.95667000e+00 -9.26447000e+00 1.79715000e+00 -9.97988000e+00 -8.32410000e+00 6.94305000e-01 -8.72952000e+00 -9.22879000e+00 6.04059000e-01 -7.86488000e+00 -1.47749000e+00 -1.83961000e-02 -1.71613000e+01 -1.66500000e+00 -1.64262000e-02 -1.76209000e+01 -1.89670000e+00 -1.90656000e-02 -1.80594000e+01 -1.31169000e+00 3.75136000e-01 -1.63409000e+01 -1.65767000e+00 5.36843000e-01 -1.71085000e+01 -8.09392000e+00 6.76649000e-01 -1.12581000e+01 -9.02050000e+00 5.93074000e-01 -1.21165000e+01 3.82397000e+00 -1.31953000e-01 -1.95286000e+01 3.76097000e+00 -6.21299000e-02 -1.95071000e+01 3.68777000e+00 -8.05490000e-03 -1.94991000e+01 2.10080000e+00 -3.07095000e-01 -1.92630000e+01 2.13325000e+00 -7.36180000e-02 -1.92078000e+01 2.99346000e+00 -3.34834000e-02 -1.91641000e+01 2.96362000e+00 1.96207000e-02 -1.94747000e+01 7.17660000e-01 -1.52366000e-01 -1.99985000e+01 6.85063000e-01 -1.07759000e-01 -1.99169000e+01 6.62000000e-01 -6.05389000e-02 -1.98308000e+01 1.82248000e-01 -9.47611000e-02 -1.99327000e+01 1.45589000e-01 -7.31153000e-02 -1.98556000e+01 2.37153000e+00 -1.41519000e-01 -1.97654000e+01 2.34690000e+00 -2.74246000e-02 -1.95248000e+01 6.73124000e-02 -1.53981000e-02 -1.99978000e+01 3.54360000e-02 -6.80229000e-03 -1.99943000e+01 3.16047000e-03 1.33272000e-03 -1.99933000e+01 4.33159000e-03 -2.04665000e-03 -1.99956000e+01 -2.70438000e-02 -2.24312000e-03 -1.99955000e+01 7.12682000e-02 -5.75394000e-02 -1.99884000e+01 1.13726000e-01 -1.59623000e-02 -1.99571000e+01 3.45631000e-02 0.00000000e+00 -2.00000000e+01 0.00000000e+00 0.00000000e+00 -2.00000000e+01 -3.45631000e-02 0.00000000e+00 -2.00000000e+01 1.39132000e-02 0.00000000e+00 -2.00000000e+01 -1.39132000e-02 0.00000000e+00 -2.00000000e+01 -1.94118000e-02 -2.61761000e-03 -1.99994000e+01 1.07974000e-02 1.32317000e-03 -1.99957000e+01 3.14244000e-01 -5.90490000e-03 6.28986000e-03 3.14148000e-01 7.59776000e-05 -2.36798000e-02 3.16018000e-01 6.24476000e-03 -5.45777000e-02 2.14869000e-03 0.00000000e+00 0.00000000e+00 0.00000000e+00 0.00000000e+00 0.00000000e+00 -2.14869000e-03 0.00000000e+00 0.00000000e+00 2.02219000e-01 -1.20324000e-02 4.73690000e-03 1.70300000e-01 4.42721000e-03 -3.13219000e-02 4.41994000e-02 -1.17887000e-03 2.00347000e-03 4.23936000e-02 4.64332000e-04 -1.32186000e-02 1.51196000e-02 0.00000000e+00 0.00000000e+00 -1.51196000e-02 0.00000000e+00 0.00000000e+00 2.49292000e+00 -5.00193000e-02 -1.14053000e-01 2.48772000e+00 -1.89249000e-02 -2.35439000e-01 2.48286000e+00 1.12808000e-02 -3.53851000e-01 1.71501000e+00 -1.21826000e-01 -3.36382000e-02 1.65218000e+00 5.85666000e-03 -2.20823000e-01 1.08948000e+00 -3.14075000e-02 -7.34678000e-03 1.08788000e+00 4.90023000e-03 -1.62551000e-01 4.73730000e+00 5.71675000e-04 -6.18609000e-01 4.73171000e+00 2.69263000e-02 -5.44156000e-01 4.71128000e+00 5.77397000e-02 -4.82973000e-01 4.36387000e+00 -2.23884000e-02 -4.66589000e-01 4.39286000e+00 2.64896000e-02 -4.64530000e-01 4.23413000e+00 -6.40228000e-03 -3.65577000e-01 4.18296000e+00 7.15346000e-02 -5.45266000e-01 -3.10388000e+00 8.39702000e-02 -4.46245000e+00 -3.34754000e+00 4.05889000e-02 -4.02406000e+00 -3.60514000e+00 -1.43640000e-03 -3.58648000e+00 -2.38787000e+00 7.97875000e-02 -3.55158000e+00 -2.93950000e+00 -6.19543000e-02 -2.64033000e+00 2.26274000e+00 -1.86528000e-02 -1.52966000e+00 2.06533000e+00 -6.17608000e-02 -9.22920000e-01 -1.34695000e+01 3.53638000e-01 -9.91309000e+00 -1.34134000e+01 3.21107000e-01 -9.92266000e+00 -1.32945000e+01 2.99294000e-01 -9.93317000e+00 -1.33561000e+01 7.23355000e-01 -9.90418000e+00 -1.25598000e+01 6.81722000e-01 -9.94835000e+00 -9.76028000e+00 3.24532000e-01 -9.23828000e+00 -1.04493000e+01 2.85188000e-01 -8.44617000e+00 -2.79595000e+00 7.96337000e-02 -1.56313000e+01 -3.03609000e+00 3.75183000e-02 -1.60818000e+01 -3.29119000e+00 -2.93755000e-03 -1.65301000e+01 -2.10019000e+00 8.50459000e-02 -1.65317000e+01 -2.64774000e+00 -5.69749000e-02 -1.74562000e+01 -9.48844000e+00 3.24757000e-01 -1.07382000e+01 -1.02015000e+01 2.86880000e-01 -1.15297000e+01 4.81014000e+00 3.77921000e-03 -1.93881000e+01 4.80252000e+00 3.28445000e-02 -1.94513000e+01 4.78037000e+00 6.61357000e-02 -1.95021000e+01 4.38478000e+00 -2.27453000e-02 -1.95339000e+01 4.41341000e+00 3.22161000e-02 -1.95202000e+01 2.50289000e+00 -1.75713000e-02 -1.85377000e+01 2.32023000e+00 -5.76728000e-02 -1.91240000e+01 2.47059000e+00 -5.12850000e-02 -1.98870000e+01 2.46578000e+00 -1.89545000e-02 -1.97661000e+01 2.46122000e+00 1.24510000e-02 -1.96480000e+01 1.66241000e+00 -1.26043000e-01 -1.99690000e+01 1.60072000e+00 5.56305000e-03 -1.97835000e+01 4.22674000e+00 -7.10772000e-03 -1.96355000e+01 4.17349000e+00 7.32500000e-02 -1.94497000e+01 3.08352000e-01 -6.30647000e-03 -2.00060000e+01 3.08440000e-01 -2.28796000e-05 -1.99767000e+01 3.10456000e-01 6.46384000e-03 -1.99465000e+01 1.92106000e-01 -1.22716000e-02 -2.00040000e+01 1.61151000e-01 4.43051000e-03 -1.99696000e+01 1.07323000e+00 -3.18487000e-02 -1.99930000e+01 1.07176000e+00 5.22678000e-03 -1.98397000e+01 1.93881000e-03 0.00000000e+00 -2.00000000e+01 0.00000000e+00 0.00000000e+00 -2.00000000e+01 -1.93881000e-03 0.00000000e+00 -2.00000000e+01 1.46850000e-02 0.00000000e+00 -2.00000000e+01 -1.46850000e-02 0.00000000e+00 -2.00000000e+01 4.34878000e-02 -1.30103000e-03 -2.00018000e+01 4.14427000e-02 4.86595000e-04 -1.99870000e+01 3.60602000e-01 1.10639000e-05 8.86265000e-03 3.53435000e-01 7.54737000e-06 -3.01834000e-02 3.48912000e-01 4.07278000e-06 -6.95783000e-02 9.34251000e-03 0.00000000e+00 0.00000000e+00 0.00000000e+00 0.00000000e+00 0.00000000e+00 -9.34251000e-03 0.00000000e+00 0.00000000e+00 3.54380000e-01 -1.96962000e-03 8.87829000e-03 3.48420000e-01 -1.41827000e-03 -6.57965000e-02 2.29747000e-02 2.00386000e-06 1.63503000e-03 2.88058000e-02 3.28709000e-06 -1.33262000e-02 2.00066000e-03 0.00000000e+00 0.00000000e+00 -2.00066000e-03 0.00000000e+00 0.00000000e+00 2.80778000e+00 2.14235000e-05 -1.24631000e-01 2.78895000e+00 -1.33463000e-05 -2.56679000e-01 2.77436000e+00 -4.93081000e-05 -3.87343000e-01 2.80908000e+00 -1.33574000e-02 -1.51754000e-01 2.76583000e+00 -1.54019000e-03 -3.87218000e-01 1.25374000e+00 2.70116000e-05 -1.44681000e-02 1.25500000e+00 -1.55231000e-05 -1.87118000e-01 5.22325000e+00 -5.05502000e-05 -6.60919000e-01 5.20926000e+00 -6.92547000e-05 -5.66483000e-01 5.17553000e+00 -8.72654000e-05 -4.79330000e-01 5.06160000e+00 -5.42069000e-03 -6.31768000e-01 5.11923000e+00 2.80352000e-02 -5.12994000e-01 4.79513000e+00 -4.14857000e-05 -4.37847000e-01 4.74790000e+00 -1.15452000e-04 -6.47849000e-01 -3.42337000e+00 -7.81256000e-05 -4.59729000e+00 -3.67445000e+00 -4.80976000e-05 -4.17199000e+00 -3.94104000e+00 -1.58347000e-05 -3.75058000e+00 -3.39072000e+00 1.08235000e-02 -4.66587000e+00 -3.95001000e+00 1.21137000e-02 -3.77817000e+00 2.20256000e+00 2.17321000e-05 -1.63514000e+00 1.95164000e+00 6.12172000e-05 -9.75801000e-01 -1.38510000e+01 -5.58082000e-05 -9.91101000e+00 -1.38217000e+01 -5.50772000e-05 -9.91896000e+00 -1.37282000e+01 -5.42083000e-05 -9.92811000e+00 -1.39721000e+01 1.66362000e-01 -9.90218000e+00 -1.33844000e+01 1.23393000e-01 -9.94329000e+00 -1.01023000e+01 -3.45404000e-04 -9.22830000e+00 -1.07530000e+01 -2.83687000e-04 -8.42718000e+00 -3.10237000e+00 3.01529000e-05 -1.55155000e+01 -3.35223000e+00 2.76003000e-06 -1.59506000e+01 -3.61904000e+00 -2.75387000e-05 -1.63807000e+01 -3.06515000e+00 7.20259000e-03 -1.54462000e+01 -3.62824000e+00 9.86443000e-03 -1.63449000e+01 -9.83527000e+00 2.58670000e-04 -1.07491000e+01 -1.05097000e+01 2.02011000e-04 -1.15525000e+01 5.32267000e+00 3.86136000e-05 -1.93416000e+01 5.30724000e+00 5.70189000e-05 -1.94237000e+01 5.27266000e+00 7.47044000e-05 -1.94993000e+01 5.15288000e+00 -7.35074000e-04 -1.93713000e+01 5.21145000e+00 3.45247000e-02 -1.94711000e+01 2.46771000e+00 -4.17845000e-05 -1.84397000e+01 2.23143000e+00 -6.88118000e-05 -1.90807000e+01 2.78829000e+00 -2.55597000e-05 -1.98783000e+01 2.76991000e+00 9.42653000e-06 -1.97460000e+01 2.75593000e+00 4.61884000e-05 -1.96151000e+01 2.79172000e+00 -1.38979000e-02 -1.98502000e+01 2.74887000e+00 -2.19630000e-03 -1.96132000e+01 4.79772000e+00 3.49811000e-05 -1.95639000e+01 4.74792000e+00 1.07943000e-04 -1.93474000e+01 3.54820000e-01 -1.07943000e-05 -2.00087000e+01 3.48028000e-01 -7.68424000e-06 -1.99703000e+01 3.43859000e-01 -4.71764000e-06 -1.99316000e+01 3.49211000e-01 -2.04344000e-03 -2.00089000e+01 3.43876000e-01 -1.49232000e-03 -1.99352000e+01 1.23614000e+00 -2.81420000e-05 -1.99870000e+01 1.23738000e+00 1.51325000e-05 -1.98164000e+01 8.95608000e-03 0.00000000e+00 -2.00000000e+01 0.00000000e+00 0.00000000e+00 -2.00000000e+01 -8.95608000e-03 0.00000000e+00 -2.00000000e+01 1.70419000e-03 0.00000000e+00 -2.00000000e+01 -1.70419000e-03 0.00000000e+00 -2.00000000e+01 2.19700000e-02 -1.81724000e-06 -2.00015000e+01 2.73781000e-02 -3.55036000e-06 -1.99870000e+01 3.13802000e-01 5.93598000e-03 6.27863000e-03 3.13721000e-01 -6.79057000e-05 -2.36383000e-02 3.15603000e-01 -6.26019000e-03 -5.44811000e-02 2.13495000e-03 0.00000000e+00 0.00000000e+00 0.00000000e+00 0.00000000e+00 0.00000000e+00 -2.13495000e-03 0.00000000e+00 0.00000000e+00 3.54218000e-01 1.99339000e-03 8.87542000e-03 3.48270000e-01 1.41763000e-03 -6.57523000e-02 4.41750000e-02 1.18947000e-03 1.99847000e-03 4.23546000e-02 -4.64215000e-04 -1.32059000e-02 1.99350000e-03 0.00000000e+00 0.00000000e+00 -1.99350000e-03 0.00000000e+00 0.00000000e+00 2.49072000e+00 5.01373000e-02 -1.13804000e-01 2.48553000e+00 1.89534000e-02 -2.35162000e-01 2.48069000e+00 -1.13391000e-02 -3.53547000e-01 2.80803000e+00 1.34125000e-02 -1.51644000e-01 2.76480000e+00 1.47234000e-03 -3.87073000e-01 1.08810000e+00 3.14887000e-02 -7.26461000e-03 1.08650000e+00 -4.92763000e-03 -1.62331000e-01 4.73612000e+00 -6.07452000e-04 -6.18345000e-01 4.73054000e+00 -2.70058000e-02 -5.44015000e-01 4.71013000e+00 -5.78706000e-02 -4.82951000e-01 5.06096000e+00 5.36214000e-03 -6.31614000e-01 5.11861000e+00 -2.81886000e-02 -5.12963000e-01 4.23185000e+00 6.37505000e-03 -3.65254000e-01 4.18065000e+00 -7.17018000e-02 -5.44987000e-01 -3.10172000e+00 -8.41660000e-02 -4.46083000e+00 -3.34532000e+00 -4.07378000e-02 -4.02237000e+00 -3.60288000e+00 1.32536000e-03 -3.58472000e+00 -3.38961000e+00 -1.10028000e-02 -4.66499000e+00 -3.94885000e+00 -1.21580000e-02 -3.77721000e+00 2.26381000e+00 1.85339000e-02 -1.52853000e+00 2.06655000e+00 6.17573000e-02 -9.22067000e-01 -1.34695000e+01 -3.53752000e-01 -9.91359000e+00 -1.34133000e+01 -3.21214000e-01 -9.92285000e+00 -1.32944000e+01 -2.99392000e-01 -9.93305000e+00 -1.39720000e+01 -1.66469000e-01 -9.90215000e+00 -1.33844000e+01 -1.23490000e-01 -9.94302000e+00 -9.75812000e+00 -3.25382000e-01 -9.23752000e+00 -1.04474000e+01 -2.85991000e-01 -8.44533000e+00 -2.79780000e+00 -7.95216000e-02 -1.56299000e+01 -3.03799000e+00 -3.74394000e-02 -1.60803000e+01 -3.29315000e+00 2.99466000e-03 -1.65286000e+01 -3.06609000e+00 -7.11659000e-03 -1.54454000e+01 -3.62924000e+00 -9.89091000e-03 -1.63441000e+01 -9.49037000e+00 -3.24101000e-01 -1.07373000e+01 -1.02033000e+01 -2.86275000e-01 -1.15288000e+01 4.81130000e+00 -3.77564000e-03 -1.93878000e+01 4.80367000e+00 -3.27949000e-02 -1.94511000e+01 4.78151000e+00 -6.60323000e-02 -1.95021000e+01 5.15353000e+00 7.63550000e-04 -1.93711000e+01 5.21208000e+00 -3.43996000e-02 -1.94710000e+01 2.50204000e+00 1.76669000e-02 -1.85367000e+01 2.31925000e+00 5.76522000e-02 -1.91232000e+01 2.47278000e+00 5.11671000e-02 -1.98867000e+01 2.46796000e+00 1.89248000e-02 -1.97658000e+01 2.46338000e+00 -1.23952000e-02 -1.96477000e+01 2.79278000e+00 1.38367000e-02 -1.98501000e+01 2.74990000e+00 2.25655000e-03 -1.96130000e+01 4.22895000e+00 7.13017000e-03 -1.96351000e+01 4.17575000e+00 -7.30937000e-02 -1.94494000e+01 3.08777000e-01 6.27420000e-03 -2.00060000e+01 3.08851000e-01 1.31367000e-05 -1.99766000e+01 3.10857000e-01 -6.45065000e-03 -1.99464000e+01 3.49364000e-01 2.01991000e-03 -2.00089000e+01 3.44019000e-01 1.49224000e-03 -1.99352000e+01 1.07460000e+00 3.17668000e-02 -1.99929000e+01 1.07313000e+00 -5.20204000e-03 -1.98395000e+01 1.95133000e-03 0.00000000e+00 -2.00000000e+01 0.00000000e+00 0.00000000e+00 -2.00000000e+01 -1.95133000e-03 0.00000000e+00 -2.00000000e+01 1.71068000e-03 0.00000000e+00 -2.00000000e+01 -1.71068000e-03 0.00000000e+00 -2.00000000e+01 4.35040000e-02 1.29013000e-03 -2.00018000e+01 4.14720000e-02 -4.87579000e-04 -1.99869000e+01 7.86297000e-02 1.52775000e-02 -7.20195000e-04 4.59929000e-02 6.60620000e-03 -5.24173000e-03 1.30210000e-02 -1.61210000e-03 -7.18687000e-03 3.52673000e-02 0.00000000e+00 0.00000000e+00 0.00000000e+00 0.00000000e+00 0.00000000e+00 -3.52673000e-02 0.00000000e+00 0.00000000e+00 2.01460000e-01 1.20620000e-02 4.69288000e-03 1.69527000e-01 -4.43081000e-03 -3.12181000e-02 -1.82523000e-02 2.51038000e-03 -9.52736000e-05 1.26451000e-02 -1.39080000e-03 -4.60218000e-03 1.51275000e-02 0.00000000e+00 0.00000000e+00 -1.51275000e-02 0.00000000e+00 0.00000000e+00 7.89628000e-01 1.49566000e-01 -6.40521000e-04 7.55729000e-01 1.04398000e-01 -8.49256000e-02 7.31160000e-01 5.65508000e-02 -1.73427000e-01 1.71102000e+00 1.22153000e-01 -3.33021000e-02 1.64819000e+00 -5.76027000e-03 -2.20377000e-01 1.07562000e-01 5.65918000e-02 -8.96047000e-03 1.50510000e-01 1.51862000e-02 -4.53176000e-02 3.85269000e+00 1.30027000e-01 -4.69232000e-01 3.79190000e+00 5.97586000e-02 -4.80896000e-01 3.71946000e+00 4.81496000e-03 -4.80614000e-01 4.36226000e+00 2.22480000e-02 -4.66189000e-01 4.39121000e+00 -2.66559000e-02 -4.64536000e-01 2.45892000e+00 1.32015000e-01 -2.39144000e-01 2.43601000e+00 2.02477000e-02 -4.77504000e-01 -1.71549000e+00 2.85039000e-02 -2.89511000e+00 -1.91082000e+00 2.70141000e-02 -2.44940000e+00 -2.14955000e+00 2.92871000e-02 -2.02218000e+00 -2.38450000e+00 -8.01341000e-02 -3.54954000e+00 -2.93609000e+00 6.17366000e-02 -2.63810000e+00 2.82785000e+00 4.54635000e-02 -8.58268000e-01 2.79186000e+00 1.18908000e-03 -5.19863000e-01 -1.23199000e+01 -1.44005000e+00 -9.91893000e+00 -1.21424000e+01 -1.38266000e+00 -9.92920000e+00 -1.18608000e+01 -1.26622000e+00 -9.94094000e+00 -1.33560000e+01 -7.23447000e-01 -9.90497000e+00 -1.25596000e+01 -6.81809000e-01 -9.94840000e+00 -8.32035000e+00 -6.94589000e-01 -8.72930000e+00 -9.22548000e+00 -6.04506000e-01 -7.86453000e+00 -1.48116000e+00 1.88888000e-02 -1.71593000e+01 -1.66865000e+00 1.68982000e-02 -1.76187000e+01 -1.90032000e+00 1.94636000e-02 -1.80572000e+01 -2.10315000e+00 -8.47609000e-02 -1.65300000e+01 -2.65074000e+00 5.71524000e-02 -1.74543000e+01 -8.09728000e+00 -6.76473000e-01 -1.12577000e+01 -9.02353000e+00 -5.92740000e-01 -1.21160000e+01 3.82537000e+00 1.32099000e-01 -1.95285000e+01 3.76247000e+00 6.22405000e-02 -1.95072000e+01 3.68935000e+00 8.13095000e-03 -1.94994000e+01 4.38636000e+00 2.28676000e-02 -1.95335000e+01 4.41503000e+00 -3.20712000e-02 -1.95202000e+01 2.99110000e+00 3.38135000e-02 -1.91632000e+01 2.96113000e+00 -1.92364000e-02 -1.94744000e+01 7.22506000e-01 1.52032000e-01 -1.99983000e+01 6.89924000e-01 1.07399000e-01 -1.99167000e+01 6.66852000e-01 6.01513000e-02 -1.98305000e+01 1.66636000e+00 1.25710000e-01 -1.99687000e+01 1.60466000e+00 -5.66847000e-03 -1.97831000e+01 2.37588000e+00 1.41131000e-01 -1.97652000e+01 2.35129000e+00 2.70189000e-02 -1.95249000e+01 6.82170000e-02 1.53686000e-02 -1.99979000e+01 3.63624000e-02 6.77494000e-03 -1.99943000e+01 4.11428000e-03 -1.35877000e-03 -1.99932000e+01 1.92842000e-01 1.22406000e-02 -2.00041000e+01 1.61901000e-01 -4.42882000e-03 -1.99695000e+01 7.43046000e-02 5.74265000e-02 -1.99885000e+01 1.16730000e-01 1.58169000e-02 -1.99569000e+01 3.45369000e-02 0.00000000e+00 -2.00000000e+01 0.00000000e+00 0.00000000e+00 -2.00000000e+01 -3.45369000e-02 0.00000000e+00 -2.00000000e+01 1.46773000e-02 0.00000000e+00 -2.00000000e+01 -1.46773000e-02 0.00000000e+00 -2.00000000e+01 -1.92549000e-02 2.60789000e-03 -1.99995000e+01 1.09231000e-02 -1.32980000e-03 -1.99957000e+01 1.20340000e-02 2.27094000e-03 -3.60808000e-03 -1.99612000e-02 1.89539000e-03 -4.72576000e-03 1.41868000e-02 0.00000000e+00 0.00000000e+00 -1.41868000e-02 0.00000000e+00 0.00000000e+00 2.33049000e-01 9.50877000e-02 -6.54365000e-02 1.95408000e-01 6.82320000e-02 -1.45110000e-01 2.12677000e+00 3.09676000e-01 -7.43917000e-01 2.15818000e+00 7.15028000e-02 -7.87599000e-01 -1.48506000e+00 -3.68924000e-01 -3.68576000e+00 -1.83196000e+00 -5.20270000e-01 -2.92080000e+00 -9.62445000e+00 -2.29923000e+00 -9.95674000e+00 -9.26450000e+00 -1.79715000e+00 -9.97962000e+00 -1.31455000e+00 -3.74139000e-01 -1.63399000e+01 -1.66054000e+00 -5.35427000e-01 -1.71076000e+01 2.10195000e+00 3.07251000e-01 -1.92626000e+01 2.13442000e+00 7.37403000e-02 -1.92078000e+01 1.85507000e-01 9.46309000e-02 -1.99328000e+01 1.48835000e-01 7.26554000e-02 -1.98556000e+01 4.95925000e-03 2.04715000e-03 -1.99957000e+01 -2.64035000e-02 2.19253000e-03 -1.99955000e+01 1.39061000e-02 0.00000000e+00 -2.00000000e+01 -1.39061000e-02 0.00000000e+00 -2.00000000e+01 -3.45374000e-02 0.00000000e+00 0.00000000e+00 0.00000000e+00 0.00000000e+00 0.00000000e+00 3.45374000e-02 0.00000000e+00 0.00000000e+00 -6.82257000e-02 -1.53684000e-02 -2.10855000e-03 -3.63705000e-02 -6.77464000e-03 -5.68292000e-03 -4.12189000e-03 1.35919000e-03 -6.77270000e-03 -1.39064000e-02 0.00000000e+00 0.00000000e+00 1.39064000e-02 0.00000000e+00 0.00000000e+00 1.92536000e-02 -2.60783000e-03 -5.44536000e-04 -1.09249000e-02 1.32988000e-03 -4.30043000e-03 -4.96486000e-03 -2.04726000e-03 -4.32590000e-03 2.63984000e-02 -2.19219000e-03 -4.51400000e-03 -7.22546000e-01 -1.52029000e-01 -1.65409000e-03 -6.89963000e-01 -1.07396000e-01 -8.33161000e-02 -6.66891000e-01 -6.01473000e-02 -1.69473000e-01 -7.43289000e-02 -5.74258000e-02 -1.14830000e-02 -1.16755000e-01 -1.58162000e-02 -4.31190000e-02 -1.85536000e-01 -9.46294000e-02 -6.71884000e-02 -1.48863000e-01 -7.26508000e-02 -1.44361000e-01 -3.82532000e+00 -1.32102000e-01 -4.71491000e-01 -3.76242000e+00 -6.22440000e-02 -4.92798000e-01 -3.68930000e+00 -8.13397000e-03 -5.00587000e-01 -2.37591000e+00 -1.41125000e-01 -2.34814000e-01 -2.35132000e+00 -2.70153000e-02 -4.75129000e-01 -2.10192000e+00 -3.07254000e-01 -7.37431000e-01 -2.13440000e+00 -7.37456000e-02 -7.92240000e-01 1.48144000e+00 -1.89026000e-02 -2.84073000e+00 1.66893000e+00 -1.69116000e-02 -2.38134000e+00 1.90060000e+00 -1.94752000e-02 -1.94285000e+00 -2.99087000e+00 -3.38278000e-02 -8.36808000e-01 -2.96090000e+00 1.92127000e-02 -5.25621000e-01 1.31475000e+00 3.74127000e-01 -3.66013000e+00 1.66074000e+00 5.35400000e-01 -2.89239000e+00 1.23199000e+01 1.44005000e+00 -1.00808000e+01 1.21424000e+01 1.38266000e+00 -1.00706000e+01 1.18608000e+01 1.26622000e+00 -1.00589000e+01 8.09753000e+00 6.76481000e-01 -8.74222000e+00 9.02376000e+00 5.92744000e-01 -7.88390000e+00 9.62446000e+00 2.29922000e+00 -1.00431000e+01 9.26450000e+00 1.79715000e+00 -1.00203000e+01 1.71521000e+00 -2.84973000e-02 -1.71049000e+01 1.91054000e+00 -2.70083000e-02 -1.75506000e+01 2.14927000e+00 -2.92832000e-02 -1.79779000e+01 8.32010000e+00 6.94576000e-01 -1.12706000e+01 9.22526000e+00 6.04498000e-01 -1.21354000e+01 1.48486000e+00 3.68929000e-01 -1.63142000e+01 1.83176000e+00 5.20289000e-01 -1.70792000e+01 -3.85277000e+00 -1.30021000e-01 -1.95308000e+01 -3.79198000e+00 -5.97526000e-02 -1.95191000e+01 -3.71954000e+00 -4.80906000e-03 -1.95194000e+01 -2.82809000e+00 -4.54528000e-02 -1.91417000e+01 -2.79211000e+00 -1.16953000e-03 -1.94801000e+01 -2.12682000e+00 -3.09675000e-01 -1.92561000e+01 -2.15822000e+00 -7.14968000e-02 -1.92124000e+01 -7.89618000e-01 -1.49567000e-01 -1.99994000e+01 -7.55719000e-01 -1.04400000e-01 -1.99151000e+01 -7.31151000e-01 -5.65529000e-02 -1.98266000e+01 -2.45893000e+00 -1.32018000e-01 -1.97609000e+01 -2.43601000e+00 -2.02480000e-02 -1.95225000e+01 -2.33040000e-01 -9.50891000e-02 -1.99346000e+01 -1.95400000e-01 -6.82344000e-02 -1.98549000e+01 -7.86254000e-02 -1.52775000e-02 -1.99993000e+01 -4.59892000e-02 -6.60639000e-03 -1.99948000e+01 -1.30179000e-02 1.61177000e-03 -1.99928000e+01 -1.07554000e-01 -5.65920000e-02 -1.99910000e+01 -1.50501000e-01 -1.51863000e-02 -1.99547000e+01 -1.20316000e-02 -2.27081000e-03 -1.99964000e+01 1.99631000e-02 -1.89549000e-03 -1.99953000e+01 -3.52668000e-02 0.00000000e+00 -2.00000000e+01 0.00000000e+00 0.00000000e+00 -2.00000000e+01 3.52668000e-02 0.00000000e+00 -2.00000000e+01 1.82532000e-02 -2.51044000e-03 -1.99999000e+01 -1.26437000e-02 1.39073000e-03 -1.99954000e+01 -1.41865000e-02 0.00000000e+00 -2.00000000e+01 1.41865000e-02 0.00000000e+00 -2.00000000e+01 -1.95147000e-03 0.00000000e+00 0.00000000e+00 0.00000000e+00 0.00000000e+00 0.00000000e+00 1.95147000e-03 0.00000000e+00 0.00000000e+00 -3.08783000e-01 -6.27391000e-03 6.01069000e-03 -3.08857000e-01 -1.30798000e-05 -2.33754000e-02 -3.10863000e-01 6.45047000e-03 -5.36300000e-02 -1.46776000e-02 0.00000000e+00 0.00000000e+00 1.46776000e-02 0.00000000e+00 0.00000000e+00 -4.35055000e-02 -1.29003000e-03 1.76711000e-03 -4.14736000e-02 4.87570000e-04 -1.30598000e-02 -1.92850000e-01 -1.22404000e-02 4.07644000e-03 -1.61909000e-01 4.42891000e-03 -3.05336000e-02 -2.47279000e+00 -5.11655000e-02 -1.13281000e-01 -2.46796000e+00 -1.89244000e-02 -2.34170000e-01 -2.46338000e+00 1.23945000e-02 -3.52280000e-01 -1.07461000e+00 -3.17663000e-02 -7.11233000e-03 -1.07314000e+00 5.20184000e-03 -1.60499000e-01 -1.66638000e+00 -1.25707000e-01 -3.12864000e-02 -1.60469000e+00 5.66925000e-03 -2.16908000e-01 -4.81118000e+00 3.77196000e-03 -6.12160000e-01 -4.80355000e+00 3.27887000e-02 -5.48847000e-01 -4.78138000e+00 6.60238000e-02 -4.97910000e-01 -4.22892000e+00 -7.13089000e-03 -3.64858000e-01 -4.17572000e+00 7.30906000e-02 -5.50592000e-01 -4.38627000e+00 -2.28714000e-02 -4.66487000e-01 -4.41494000e+00 3.20637000e-02 -4.79785000e-01 2.79812000e+00 7.95216000e-02 -4.37012000e+00 3.03832000e+00 3.74382000e-02 -3.91972000e+00 3.29348000e+00 -2.99748000e-03 -3.47151000e+00 -2.50176000e+00 -1.76698000e-02 -1.46330000e+00 -2.31895000e+00 -5.76575000e-02 -8.76795000e-01 2.10346000e+00 8.47522000e-02 -3.47000000e+00 2.65105000e+00 -5.71584000e-02 -2.54572000e+00 1.34695000e+01 3.53751000e-01 -1.00861000e+01 1.34133000e+01 3.21213000e-01 -1.00769000e+01 1.32944000e+01 2.99391000e-01 -1.00667000e+01 9.49065000e+00 3.24097000e-01 -9.26256000e+00 1.02035000e+01 2.86269000e-01 -8.47109000e+00 1.33561000e+01 7.23445000e-01 -1.00947000e+01 1.25597000e+01 6.81807000e-01 -1.00514000e+01 3.10140000e+00 8.41637000e-02 -1.55392000e+01 3.34500000e+00 4.07363000e-02 -1.59777000e+01 3.60256000e+00 -1.32599000e-03 -1.64153000e+01 9.75785000e+00 3.25382000e-01 -1.07624000e+01 1.04472000e+01 2.85992000e-01 -1.15545000e+01 2.38419000e+00 8.01383000e-02 -1.64505000e+01 2.93579000e+00 -6.17364000e-02 -1.73619000e+01 -4.73627000e+00 6.12152000e-04 -1.93816000e+01 -4.73070000e+00 2.70130000e-02 -1.94560000e+01 -4.71029000e+00 5.78801000e-02 -1.95170000e+01 -2.26409000e+00 -1.85323000e-02 -1.84715000e+01 -2.06684000e+00 -6.17537000e-02 -1.90779000e+01 -4.36238000e+00 -2.22428000e-02 -1.95338000e+01 -4.39132000e+00 2.66645000e-02 -1.95354000e+01 -2.49073000e+00 -5.01387000e-02 -1.98862000e+01 -2.48555000e+00 -1.89539000e-02 -1.97648000e+01 -2.48070000e+00 1.13394000e-02 -1.96464000e+01 -4.23191000e+00 -6.37370000e-03 -1.96347000e+01 -4.18070000e+00 7.17052000e-02 -1.94550000e+01 -1.71102000e+00 -1.22155000e-01 -1.99667000e+01 -1.64819000e+00 5.75988000e-03 -1.97796000e+01 -3.13799000e-01 -5.93624000e-03 -2.00063000e+01 -3.13718000e-01 6.77915000e-05 -1.99764000e+01 -3.15600000e-01 6.26023000e-03 -1.99455000e+01 -1.08809000e+00 -3.14890000e-02 -1.99927000e+01 -1.08650000e+00 4.92762000e-03 -1.98377000e+01 -2.01455000e-01 -1.20620000e-02 -2.00047000e+01 -1.69523000e-01 4.43067000e-03 -1.99688000e+01 -2.13474000e-03 0.00000000e+00 -2.00000000e+01 0.00000000e+00 0.00000000e+00 -2.00000000e+01 2.13474000e-03 0.00000000e+00 -2.00000000e+01 -4.41737000e-02 -1.18954000e-03 -2.00020000e+01 -4.23531000e-02 4.64206000e-04 -1.99868000e+01 -1.51271000e-02 0.00000000e+00 -2.00000000e+01 1.51271000e-02 0.00000000e+00 -2.00000000e+01 -8.95647000e-03 0.00000000e+00 0.00000000e+00 0.00000000e+00 0.00000000e+00 0.00000000e+00 8.95647000e-03 0.00000000e+00 0.00000000e+00 -3.54827000e-01 1.07952000e-05 8.69968000e-03 -3.48034000e-01 7.67694000e-06 -2.97097000e-02 -3.43865000e-01 4.70193000e-06 -6.84171000e-02 -1.71094000e-03 0.00000000e+00 0.00000000e+00 1.71094000e-03 0.00000000e+00 0.00000000e+00 -2.19722000e-02 1.81797000e-06 1.52463000e-03 -2.73807000e-02 3.54547000e-06 -1.30409000e-02 -3.49370000e-01 -2.01988000e-03 8.92041000e-03 -3.44024000e-01 -1.49214000e-03 -6.48311000e-02 -2.78828000e+00 2.55073000e-05 -1.21733000e-01 -2.76990000e+00 -9.49600000e-06 -2.53948000e-01 -2.75592000e+00 -4.62754000e-05 -3.84928000e-01 -1.23615000e+00 2.81269000e-05 -1.29648000e-02 -1.23739000e+00 -1.51762000e-05 -1.83637000e-01 -2.79277000e+00 -1.38357000e-02 -1.49941000e-01 -2.74990000e+00 -2.25643000e-03 -3.86981000e-01 -5.32250000e+00 -3.87335000e-05 -6.58351000e-01 -5.30708000e+00 -5.71454000e-05 -5.76262000e-01 -5.27250000e+00 -7.48378000e-05 -5.00631000e-01 -4.79767000e+00 -3.50764000e-05 -4.36073000e-01 -4.74786000e+00 -1.08066000e-04 -6.52562000e-01 -5.15338000e+00 -7.67491000e-04 -6.28882000e-01 -5.21193000e+00 3.43926000e-02 -5.28939000e-01 3.10272000e+00 -3.01734000e-05 -4.48458000e+00 3.35258000e+00 -2.77761000e-06 -4.04944000e+00 3.61938000e+00 2.75222000e-05 -3.61940000e+00 -2.46740000e+00 4.16937000e-05 -1.56040000e+00 -2.23111000e+00 6.87263000e-05 -9.19388000e-01 3.06644000e+00 7.11945000e-03 -4.55464000e+00 3.62958000e+00 9.89090000e-03 -3.65597000e+00 1.38510000e+01 5.58201000e-05 -1.00887000e+01 1.38217000e+01 5.50864000e-05 -1.00808000e+01 1.37282000e+01 5.42165000e-05 -1.00716000e+01 9.83556000e+00 -2.58663000e-04 -9.25077000e+00 1.05099000e+01 -2.02000000e-04 -8.44742000e+00 1.39720000e+01 1.66469000e-01 -1.00976000e+01 1.33844000e+01 1.23490000e-01 -1.00568000e+01 3.42303000e+00 7.82279000e-05 -1.54027000e+01 3.67411000e+00 4.82009000e-05 -1.58281000e+01 3.94071000e+00 1.59387000e-05 -1.62495000e+01 1.01020000e+01 3.45456000e-04 -1.07716000e+01 1.07528000e+01 2.83742000e-04 -1.15727000e+01 3.38927000e+00 1.09976000e-02 -1.53350000e+01 3.94852000e+00 1.21555000e-02 -1.62228000e+01 -5.22345000e+00 5.06040000e-05 -1.93391000e+01 -5.20946000e+00 6.93087000e-05 -1.94335000e+01 -5.17572000e+00 8.73193000e-05 -1.95206000e+01 -2.20288000e+00 -2.16472000e-05 -1.83649000e+01 -1.95197000e+00 -6.11227000e-05 -1.90242000e+01 -5.06114000e+00 -5.35799000e-03 -1.93684000e+01 -5.11879000e+00 2.81962000e-02 -1.94870000e+01 -2.80781000e+00 -2.13805000e-05 -1.98754000e+01 -2.78897000e+00 1.33983000e-05 -1.97433000e+01 -2.77439000e+00 4.93694000e-05 -1.96126000e+01 -4.79521000e+00 4.15468000e-05 -1.95621000e+01 -4.74799000e+00 1.15520000e-04 -1.93521000e+01 -2.80805000e+00 -1.34135000e-02 -1.98484000e+01 -2.76482000e+00 -1.47249000e-03 -1.96129000e+01 -3.60598000e-01 -1.10653000e-05 -2.00089000e+01 -3.53432000e-01 -7.54453000e-06 -1.99698000e+01 -3.48909000e-01 -4.06564000e-06 -1.99304000e+01 -1.25374000e+00 -2.70000000e-05 -1.99855000e+01 -1.25500000e+00 1.55501000e-05 -1.98129000e+01 -3.54214000e-01 -1.99350000e-03 -2.00089000e+01 -3.48267000e-01 -1.41775000e-03 -1.99342000e+01 -9.34215000e-03 0.00000000e+00 -2.00000000e+01 0.00000000e+00 0.00000000e+00 -2.00000000e+01 9.34215000e-03 0.00000000e+00 -2.00000000e+01 -2.29732000e-02 -2.00517000e-06 -2.00016000e+01 -2.88039000e-02 -3.28578000e-06 -1.99867000e+01 -1.99321000e-03 0.00000000e+00 -2.00000000e+01 1.99321000e-03 0.00000000e+00 -2.00000000e+01 -1.93895000e-03 0.00000000e+00 0.00000000e+00 0.00000000e+00 0.00000000e+00 0.00000000e+00 1.93895000e-03 0.00000000e+00 0.00000000e+00 -3.08357000e-01 6.30617000e-03 5.99985000e-03 -3.08445000e-01 2.28105000e-05 -2.33335000e-02 -3.10461000e-01 -6.46368000e-03 -5.35332000e-02 -1.70445000e-03 0.00000000e+00 0.00000000e+00 1.70445000e-03 0.00000000e+00 0.00000000e+00 -4.34892000e-02 1.30094000e-03 1.76258000e-03 -4.14442000e-02 -4.86591000e-04 -1.30485000e-02 -3.49216000e-01 2.04340000e-03 8.91825000e-03 -3.43881000e-01 1.49220000e-03 -6.47862000e-02 -2.47059000e+00 5.12833000e-02 -1.13023000e-01 -2.46578000e+00 1.89540000e-02 -2.33886000e-01 -2.46122000e+00 -1.24504000e-02 -3.51970000e-01 -1.07324000e+00 3.18482000e-02 -7.02770000e-03 -1.07177000e+00 -5.22663000e-03 -1.60274000e-01 -2.79171000e+00 1.38968000e-02 -1.49827000e-01 -2.74886000e+00 2.19601000e-03 -3.86831000e-01 -4.81001000e+00 -3.77579000e-03 -6.11915000e-01 -4.80239000e+00 -3.28386000e-02 -5.48713000e-01 -4.78024000e+00 -6.61276000e-02 -4.97886000e-01 -4.22670000e+00 7.10828000e-03 -3.64541000e-01 -4.17346000e+00 -7.32471000e-02 -5.50326000e-01 -5.15273000e+00 7.38754000e-04 -6.28740000e-01 -5.21130000e+00 -3.45181000e-02 -5.28913000e-01 2.79628000e+00 -7.96338000e-02 -4.36872000e+00 3.03642000e+00 -3.75172000e-02 -3.91825000e+00 3.29152000e+00 2.94026000e-03 -3.46999000e+00 -2.50261000e+00 1.75741000e-02 -1.46233000e+00 -2.31994000e+00 5.76779000e-02 -8.76062000e-01 3.06549000e+00 -7.20556000e-03 -4.55387000e+00 3.62858000e+00 -9.86452000e-03 -3.65513000e+00 1.34695000e+01 -3.53637000e-01 -1.00866000e+01 1.34134000e+01 -3.21107000e-01 -1.00771000e+01 1.32945000e+01 -2.99293000e-01 -1.00666000e+01 9.48872000e+00 -3.24753000e-01 -9.26173000e+00 1.02018000e+01 -2.86874000e-01 -8.47019000e+00 1.39721000e+01 -1.66362000e-01 -1.00975000e+01 1.33845000e+01 -1.23392000e-01 -1.00565000e+01 3.10356000e+00 -8.39677000e-02 -1.55376000e+01 3.34722000e+00 -4.05871000e-02 -1.59760000e+01 3.60482000e+00 1.43728000e-03 -1.64136000e+01 9.76000000e+00 -3.24532000e-01 -1.07616000e+01 1.04491000e+01 -2.85189000e-01 -1.15537000e+01 3.39038000e+00 -1.08181000e-02 -1.53342000e+01 3.94968000e+00 -1.21110000e-02 -1.62219000e+01 -4.73746000e+00 -5.76258000e-04 -1.93814000e+01 -4.73186000e+00 -2.69333000e-02 -1.94558000e+01 -4.71143000e+00 -5.77491000e-02 -1.95170000e+01 -2.26303000e+00 1.86515000e-02 -1.84704000e+01 -2.06562000e+00 6.17573000e-02 -1.90771000e+01 -5.06178000e+00 5.41677000e-03 -1.93682000e+01 -5.11941000e+00 -2.80426000e-02 -1.94870000e+01 -2.49294000e+00 5.00208000e-02 -1.98859000e+01 -2.48774000e+00 1.89256000e-02 -1.97646000e+01 -2.48288000e+00 -1.12810000e-02 -1.96461000e+01 -4.23420000e+00 6.40104000e-03 -1.96344000e+01 -4.18302000e+00 -7.15380000e-02 -1.94547000e+01 -2.80910000e+00 1.33584000e-02 -1.98482000e+01 -2.76585000e+00 1.54043000e-03 -1.96128000e+01 -3.14241000e-01 5.90516000e-03 -2.00063000e+01 -3.14145000e-01 -7.58552000e-05 -1.99763000e+01 -3.16016000e-01 -6.24478000e-03 -1.99454000e+01 -1.08947000e+00 3.14077000e-02 -1.99927000e+01 -1.08788000e+00 -4.90016000e-03 -1.98374000e+01 -3.54377000e-01 1.96972000e-03 -2.00089000e+01 -3.48417000e-01 1.41842000e-03 -1.99342000e+01 -2.14848000e-03 0.00000000e+00 -2.00000000e+01 0.00000000e+00 0.00000000e+00 -2.00000000e+01 2.14848000e-03 0.00000000e+00 -2.00000000e+01 -4.41982000e-02 1.17895000e-03 -2.00020000e+01 -4.23922000e-02 -4.64321000e-04 -1.99868000e+01 -2.00037000e-03 0.00000000e+00 -2.00000000e+01 2.00037000e-03 0.00000000e+00 -2.00000000e+01 -3.45635000e-02 0.00000000e+00 0.00000000e+00 0.00000000e+00 0.00000000e+00 0.00000000e+00 3.45635000e-02 0.00000000e+00 0.00000000e+00 -6.73207000e-02 1.53979000e-02 -2.22610000e-03 -3.54438000e-02 6.80198000e-03 -5.71089000e-03 -3.16782000e-03 -1.33314000e-03 -6.71107000e-03 -1.46853000e-02 0.00000000e+00 0.00000000e+00 1.46853000e-02 0.00000000e+00 0.00000000e+00 1.94105000e-02 2.61754000e-03 -5.86709000e-04 -1.07991000e-02 -1.32324000e-03 -4.28456000e-03 -1.92114000e-01 1.22714000e-02 4.02745000e-03 -1.61159000e-01 -4.43061000e-03 -3.04349000e-02 -7.17699000e-01 1.52363000e-01 -1.53190000e-03 -6.85101000e-01 1.07755000e-01 -8.31353000e-02 -6.62038000e-01 6.05347000e-02 -1.69248000e-01 -7.12922000e-02 5.75387000e-02 -1.16404000e-02 -1.13751000e-01 1.59615000e-02 -4.29445000e-02 -1.66244000e+00 1.26040000e-01 -3.09671000e-02 -1.60075000e+00 -5.56392000e-03 -2.16481000e-01 -3.82392000e+00 1.31956000e-01 -4.71351000e-01 -3.76092000e+00 6.21331000e-02 -4.92900000e-01 -3.68772000e+00 8.05761000e-03 -5.00911000e-01 -2.37156000e+00 1.41513000e-01 -2.34573000e-01 -2.34693000e+00 2.74208000e-02 -4.75149000e-01 -4.38469000e+00 2.27489000e-02 -4.66110000e-01 -4.41332000e+00 -3.22089000e-02 -4.79790000e-01 1.47776000e+00 1.84098000e-02 -2.83869000e+00 1.66527000e+00 1.64395000e-02 -2.37919000e+00 1.89699000e+00 1.90770000e-02 -1.94062000e+00 -2.99322000e+00 3.34976000e-02 -8.35948000e-01 -2.96338000e+00 -1.95972000e-02 -5.25325000e-01 2.10050000e+00 -8.50374000e-02 -3.46829000e+00 2.64805000e+00 5.69808000e-02 -2.54384000e+00 1.23200000e+01 -1.43998000e+00 -1.00829000e+01 1.21425000e+01 -1.38261000e+00 -1.00722000e+01 1.18609000e+01 -1.26617000e+00 -1.00600000e+01 8.09417000e+00 -6.76658000e-01 -8.74186000e+00 9.02073000e+00 -5.93078000e-01 -7.88343000e+00 1.33561000e+01 -7.23353000e-01 -1.00955000e+01 1.25598000e+01 -6.81720000e-01 -1.00515000e+01 1.71938000e+00 2.89939000e-02 -1.71025000e+01 1.91471000e+00 2.74918000e-02 -1.75481000e+01 2.15341000e+00 2.97026000e-02 -1.79753000e+01 8.32385000e+00 -6.94291000e-01 -1.12704000e+01 9.22857000e+00 -6.04051000e-01 -1.21350000e+01 2.38756000e+00 -7.97916000e-02 -1.64484000e+01 2.93920000e+00 6.19542000e-02 -1.73597000e+01 -3.85413000e+00 1.30187000e-01 -1.95306000e+01 -3.79345000e+00 5.98862000e-02 -1.95192000e+01 -3.72110000e+00 4.90857000e-03 -1.95197000e+01 -2.82543000e+00 4.58022000e-02 -1.91407000e+01 -2.78927000e+00 1.57454000e-03 -1.94797000e+01 -4.36399000e+00 2.23834000e-02 -1.95334000e+01 -4.39297000e+00 -2.64981000e-02 -1.95354000e+01 -7.94546000e-01 1.49239000e-01 -1.99992000e+01 -7.60664000e-01 1.04047000e-01 -1.99149000e+01 -7.36087000e-01 5.61754000e-02 -1.98263000e+01 -2.46336000e+00 1.31672000e-01 -1.97606000e+01 -2.44048000e+00 1.98767000e-02 -1.95225000e+01 -1.71501000e+00 1.21827000e-01 -1.99664000e+01 -1.65218000e+00 -5.85621000e-03 -1.97792000e+01 -7.95565000e-02 1.52504000e-02 -1.99994000e+01 -4.69440000e-02 6.58085000e-03 -1.99948000e+01 -1.40021000e-02 -1.63680000e-03 -1.99927000e+01 -1.10641000e-01 5.64808000e-02 -1.99912000e+01 -1.53552000e-01 1.50440000e-02 -1.99545000e+01 -2.02214000e-01 1.20325000e-02 -2.00047000e+01 -1.70296000e-01 -4.42706000e-03 -1.99687000e+01 -3.52390000e-02 0.00000000e+00 -2.00000000e+01 0.00000000e+00 0.00000000e+00 -2.00000000e+01 3.52390000e-02 0.00000000e+00 -2.00000000e+01 1.80786000e-02 2.50151000e-03 -1.99999000e+01 -1.27860000e-02 -1.39682000e-03 -1.99954000e+01 -1.51193000e-02 0.00000000e+00 -2.00000000e+01 1.51193000e-02 0.00000000e+00 -2.00000000e+01 -1.39135000e-02 0.00000000e+00 0.00000000e+00 1.39135000e-02 0.00000000e+00 0.00000000e+00 -4.33696000e-03 2.04674000e-03 -4.38883000e-03 2.70390000e-02 2.24278000e-03 -4.48083000e-03 -1.82276000e-01 9.47594000e-02 -6.72828000e-02 -1.45617000e-01 7.31106000e-02 -1.44389000e-01 -2.10077000e+00 3.07098000e-01 -7.37036000e-01 -2.13323000e+00 7.36230000e-02 -7.92171000e-01 1.31189000e+00 -3.75123000e-01 -3.65911000e+00 1.65787000e+00 -5.36816000e-01 -2.89147000e+00 9.62439000e+00 -2.29924000e+00 -1.00432000e+01 9.26447000e+00 -1.79715000e+00 -1.00200000e+01 1.48812000e+00 -3.67938000e-01 -1.63130000e+01 1.83501000e+00 -5.18859000e-01 -1.70781000e+01 -2.12795000e+00 3.09823000e-01 -1.92557000e+01 -2.15938000e+00 7.16163000e-02 -1.92123000e+01 -2.36364000e-01 9.49782000e-02 -1.99347000e+01 -1.98717000e-01 6.77924000e-02 -1.98549000e+01 -1.26710000e-02 2.27481000e-03 -1.99965000e+01 1.93044000e-02 1.84611000e-03 -1.99952000e+01 -1.41764000e-02 0.00000000e+00 -2.00000000e+01 1.41764000e-02 0.00000000e+00 -2.00000000e+01
        </DataArray>
        <DataArray type="Float64" Name="PEEQ" format="ascii">
          -6.13553000e-04 -2.71291000e-05 5.59295000e-04 -5.71592000e-04 -2.87292000e-05 5.14133000e-04 7.18962000e-03 3.01373000e-03 -1.16215000e-03 1.41957000e-03 1.26149000e-03 1.10342000e-03 1.10829000e-03 8.86553000e-04 6.64820000e-04 1.17541000e-03 9.19269000e-04 6.63130000e-04 3.30821000e-03 -2.81263000e-04 4.07387000e-03 -4.14236000e-04 1.68559000e-03 4.30767000e-04 -7.46617000e-04 4.55561000e-04 -7.52967000e-04 4.36651000e-04 1.19236000e-02 1.78644000e-02 2.38053000e-02 1.14972000e-02 1.46368000e-02 1.77765000e-02 1.11025000e-02 1.43430000e-02 1.75836000e-02 9.25353000e-03 1.22161000e-02 1.01573000e-02 2.07822000e-02 3.68071000e-03 7.25011000e-03 3.66860000e-03 7.31583000e-03 2.80417000e-02 1.32021000e-02 -1.63751000e-03 2.49657000e-01 2.37000000e-01 2.24344000e-01 2.49352000e-01 2.37036000e-01 2.24720000e-01 1.55542000e-02 1.55192000e-02 1.38135000e-01 1.07294000e-01 1.07907000e-01 9.61083000e-02 1.07201000e-01 9.58453000e-02 4.81904000e-02 2.62672000e-02 4.34405000e-03 3.25284000e-01 3.09214000e-01 2.93143000e-01 3.27125000e-01 3.09870000e-01 2.92615000e-01 4.66843000e-02 3.09786000e-03 1.91693000e-01 1.27909000e-01 3.02267000e-01 2.68780000e-01 3.03480000e-01 2.69388000e-01 9.88778000e-02 1.58222000e-01 2.17565000e-01 4.86019000e-01 5.22060000e-01 5.58102000e-01 4.85964000e-01 5.22027000e-01 5.58090000e-01 6.70918000e-02 1.05707000e-01 2.65208000e-01 3.87923000e-01 4.17638000e-01 4.43031000e-01 4.16730000e-01 4.41643000e-01 4.80148000e-02 2.64306000e-02 4.84651000e-03 3.26152000e-01 3.09532000e-01 2.92913000e-01 3.24483000e-01 3.08999000e-01 2.93516000e-01 6.71683000e-02 1.04909000e-01 1.92085000e-01 1.27600000e-01 4.17285000e-01 4.42294000e-01 4.18273000e-01 4.43773000e-01 2.72918000e-02 1.26381000e-02 -2.01567000e-03 2.48641000e-01 2.36134000e-01 2.23626000e-01 2.48888000e-01 2.36066000e-01 2.23245000e-01 4.61584000e-02 3.63708000e-03 1.37237000e-01 1.06537000e-01 3.01699000e-01 2.67935000e-01 3.00503000e-01 2.67287000e-01 1.22988000e-02 1.83718000e-02 2.44448000e-02 1.12466000e-02 1.45047000e-02 1.77628000e-02 1.15605000e-02 1.47428000e-02 1.79251000e-02 1.51017000e-02 1.56343000e-02 1.01209000e-02 2.10455000e-02 1.07542000e-01 9.59161000e-02 1.08149000e-01 9.61477000e-02 1.59066000e-03 1.27096000e-03 9.51264000e-04 1.16338000e-03 9.16602000e-04 6.69820000e-04 1.10804000e-03 8.91694000e-04 6.75344000e-04 9.57772000e-03 1.23905000e-02 1.79362000e-03 3.49611000e-04 3.64801000e-03 7.33231000e-03 3.66075000e-03 7.27591000e-03 7.17508000e-03 3.04480000e-03 -1.08548000e-03 -6.17640000e-04 -4.80758000e-05 5.21488000e-04 -6.49544000e-04 -4.71979000e-05 5.55148000e-04 4.16769000e-03 -4.12985000e-04 3.31893000e-03 -2.66107000e-04 -7.68162000e-04 4.40526000e-04 -7.65046000e-04 4.54819000e-04 -7.24599000e-04 -4.53817000e-04 -1.83035000e-04 -1.04532000e-03 2.91280000e-03 6.87092000e-03 2.82874000e-03 -6.44121000e-04 -1.15680000e-03 3.31664000e-03 -1.71343000e-05 4.07446000e-03 -3.48261000e-03 4.08028000e-04 4.29867000e-03 2.14507000e-03 5.13429000e-03 6.30432000e-03 1.25286000e-02 5.45808000e-02 2.24788000e-02 -9.62328000e-03 1.72565000e-02 -8.80230000e-04 4.21323000e-02 -2.92577000e-03 2.79579000e-02 6.39596000e-03 -1.51660000e-02 5.42274000e-02 -1.06705000e-02 3.20178000e-02 1.26101000e-02 4.73135000e-02 7.70708000e-02 1.06828000e-01 2.88485000e-02 4.29058000e-02 8.56397000e-02 1.71613000e-01 2.96313000e-02 6.98299000e-03 -1.56653000e-02 2.93332000e-02 4.27250000e-02 3.28647000e-02 1.30232000e-02 5.42660000e-02 2.22686000e-02 -9.72877000e-03 5.50273000e-02 -1.10590000e-02 4.15885000e-02 -3.00172000e-03 -3.45849000e-03 5.30397000e-04 4.51928000e-03 1.72649000e-02 -9.76558000e-04 6.65825000e-03 1.30223000e-02 -9.41105000e-04 2.85123000e-03 6.64357000e-03 2.27573000e-03 5.08796000e-03 1.29344000e-04 3.86725000e-03 -7.09011000e-04 -4.46500000e-04 -1.83988000e-04 -1.11672000e-03 3.21025000e-03 2.82557000e-03 -6.20509000e-04 8.54116000e-05 -1.48589000e-04 -3.82589000e-04 -3.76484000e-03 3.33498000e-03 1.04348000e-02 6.50960000e-05 -3.36165000e-04 -1.19734000e-03 4.55512000e-03 -2.62438000e-03 9.02254000e-03 2.49013000e-03 -3.66490000e-04 -3.22310000e-03 1.71098000e-03 6.15347000e-03 -1.03184000e-03 2.06757000e-03 2.19544000e-02 2.69771000e-02 3.19998000e-02 8.41338000e-03 1.10892000e-02 3.81578000e-02 1.25540000e-02 6.96804000e-03 3.67111000e-03 3.74179000e-04 2.17933000e-02 2.43611000e-02 1.85728000e-02 -4.59208000e-03 6.11218000e-02 7.86912000e-02 9.62607000e-02 2.75950000e-02 4.13343000e-02 6.89140000e-02 9.20388000e-02 7.11508000e-03 3.78001000e-03 4.44934000e-04 2.75173000e-02 4.13723000e-02 1.93198000e-02 -4.75182000e-03 2.18520000e-02 2.69009000e-02 3.19498000e-02 2.18058000e-02 2.44464000e-02 3.79818000e-02 1.24972000e-02 2.47373000e-03 -3.59663000e-04 -3.19306000e-03 8.38182000e-03 1.10596000e-02 -1.07287000e-03 2.18301000e-03 -3.76114000e-03 3.33053000e-03 1.04222000e-02 1.71095000e-03 6.16534000e-03 -2.57034000e-03 8.92030000e-03 8.58962000e-05 -1.48914000e-04 -3.83725000e-04 -1.19631000e-03 4.55036000e-03 5.45927000e-05 -3.09265000e-04 -7.07688000e-04 -4.47403000e-04 -1.87118000e-04 -9.47353000e-04 2.85410000e-03 6.65556000e-03 5.56687000e-05 -3.11065000e-04 -1.11913000e-03 3.21575000e-03 -2.57572000e-03 8.93109000e-03 -3.49577000e-03 4.99142000e-04 4.49405000e-03 2.27027000e-03 5.08516000e-03 -1.08317000e-03 2.17248000e-03 5.44816000e-02 2.23660000e-02 -9.74947000e-03 1.73121000e-02 -9.79451000e-04 3.81331000e-02 1.24945000e-02 2.92500000e-02 6.82231000e-03 -1.56054000e-02 5.48531000e-02 -1.09999000e-02 1.90762000e-02 -4.74756000e-03 4.73096000e-02 7.70710000e-02 1.06832000e-01 2.93030000e-02 4.27434000e-02 6.89146000e-02 9.20383000e-02 2.83424000e-02 6.56063000e-03 -1.52211000e-02 2.88754000e-02 4.28928000e-02 1.88162000e-02 -4.59228000e-03 5.43708000e-02 2.23788000e-02 -9.61329000e-03 5.44068000e-02 -1.07323000e-02 3.80089000e-02 1.25521000e-02 -3.44702000e-03 4.38225000e-04 4.32347000e-03 1.72116000e-02 -8.82129000e-04 -1.02275000e-03 2.07896000e-03 -1.03938000e-03 2.91004000e-03 6.85946000e-03 2.14940000e-03 5.13751000e-03 -2.61926000e-03 9.01210000e-03 -7.25907000e-04 -4.53065000e-04 -1.80223000e-04 -1.15449000e-03 3.31123000e-03 6.40794000e-05 -3.34534000e-04 7.19459000e-03 3.05308000e-03 -1.08843000e-03 1.58190000e-03 1.27350000e-03 9.65107000e-04 2.83539000e-03 -6.22784000e-04 4.17080000e-03 -4.17159000e-04 1.24112000e-04 3.88105000e-03 1.22585000e-02 1.83305000e-02 2.44026000e-02 9.55980000e-03 1.23806000e-02 6.60729000e-03 1.29690000e-02 2.73557000e-02 1.26411000e-02 -2.07359000e-03 1.50951000e-02 1.55467000e-02 4.17218000e-02 -3.01457000e-03 4.78529000e-02 2.63551000e-02 4.85729000e-03 4.61324000e-02 3.60102000e-03 3.26017000e-02 1.30092000e-02 9.88659000e-02 1.58211000e-01 2.17555000e-01 6.71324000e-02 1.05034000e-01 8.56377000e-02 1.71614000e-01 4.83544000e-02 2.63383000e-02 4.32223000e-03 6.71174000e-02 1.05562000e-01 3.22888000e-02 1.26196000e-02 2.79804000e-02 1.32056000e-02 -1.56922000e-03 4.67115000e-02 3.13972000e-03 4.19995000e-02 -2.91591000e-03 1.19624000e-02 1.79051000e-02 2.38478000e-02 1.55611000e-02 1.56103000e-02 6.35314000e-03 1.25815000e-02 1.42688000e-03 1.25826000e-03 1.08964000e-03 9.27225000e-03 1.22257000e-02 -1.27662000e-05 4.06078000e-03 7.17333000e-03 3.00596000e-03 -1.16141000e-03 4.07022000e-03 -4.10687000e-04 2.82033000e-03 -6.42806000e-04 -6.23733000e-04 -4.93594000e-05 5.25015000e-04 -6.50280000e-04 -4.86630000e-05 5.52954000e-04 1.15856000e-03 9.14847000e-04 6.71129000e-04 1.11209000e-03 8.94168000e-04 6.76249000e-04 3.32559000e-03 -2.65770000e-04 -7.69022000e-04 4.42034000e-04 -7.66559000e-04 4.53925000e-04 1.78492000e-03 3.57875000e-04 1.12813000e-02 1.45352000e-02 1.77891000e-02 1.15445000e-02 1.47351000e-02 1.79256000e-02 3.64674000e-03 7.32975000e-03 3.65789000e-03 7.28218000e-03 1.01292000e-02 2.10404000e-02 2.48601000e-01 2.36055000e-01 2.23510000e-01 2.48806000e-01 2.35994000e-01 2.23182000e-01 1.07614000e-01 9.59377000e-02 1.08125000e-01 9.61333000e-02 1.37263000e-01 1.06440000e-01 3.25950000e-01 3.09462000e-01 2.92975000e-01 3.24528000e-01 3.09011000e-01 2.93494000e-01 3.01466000e-01 2.67765000e-01 3.00441000e-01 2.67207000e-01 1.91874000e-01 1.27675000e-01 4.86035000e-01 5.22074000e-01 5.58113000e-01 4.85979000e-01 5.22040000e-01 5.58101000e-01 4.17410000e-01 4.42459000e-01 4.18259000e-01 4.43729000e-01 2.65201000e-01 3.87923000e-01 3.25480000e-01 3.09272000e-01 2.93065000e-01 3.27076000e-01 3.09848000e-01 2.92620000e-01 4.17522000e-01 4.42868000e-01 4.16755000e-01 4.41690000e-01 1.91899000e-01 1.27818000e-01 2.49700000e-01 2.37083000e-01 2.24466000e-01 2.49436000e-01 2.37112000e-01 2.24789000e-01 3.02507000e-01 2.68950000e-01 3.03549000e-01 2.69469000e-01 1.38116000e-01 1.07401000e-01 1.14640000e-02 1.46065000e-02 1.77490000e-02 1.11194000e-02 1.43505000e-02 1.75817000e-02 1.07833000e-01 9.60838000e-02 1.07222000e-01 9.58564000e-02 1.01480000e-02 2.07870000e-02 1.11318000e-03 8.88376000e-04 6.63574000e-04 1.17151000e-03 9.16976000e-04 6.62439000e-04 3.68111000e-03 7.25245000e-03 3.67051000e-03 7.30944000e-03 1.69360000e-03 4.22794000e-04 -6.07533000e-04 -2.51706000e-05 5.57192000e-04 -5.70666000e-04 -2.65796000e-05 5.17507000e-04 -7.45156000e-04 4.54195000e-04 -7.50852000e-04 4.37683000e-04 3.30329000e-03 -2.82273000e-04 -6.07513000e-04 -2.51617000e-05 5.57189000e-04 -5.70680000e-04 -2.65726000e-05 5.17535000e-04 1.11327000e-03 8.88421000e-04 6.63570000e-04 1.17143000e-03 9.16940000e-04 6.62453000e-04 1.42691000e-03 1.25822000e-03 1.08954000e-03 7.17323000e-03 3.00589000e-03 -1.16144000e-03 -7.45158000e-04 4.54187000e-04 -7.50842000e-04 4.37699000e-04 1.69368000e-03 4.22736000e-04 4.07021000e-03 -4.10646000e-04 3.30324000e-03 -2.82282000e-04 1.14637000e-02 1.46063000e-02 1.77489000e-02 1.11197000e-02 1.43508000e-02 1.75819000e-02 1.19629000e-02 1.79056000e-02 2.38483000e-02 3.68109000e-03 7.25253000e-03 3.67053000e-03 7.30940000e-03 1.01481000e-02 2.07872000e-02 9.27248000e-03 1.22258000e-02 2.49700000e-01 2.37083000e-01 2.24467000e-01 2.49436000e-01 2.37112000e-01 2.24788000e-01 2.79794000e-02 1.32054000e-02 -1.56865000e-03 1.07832000e-01 9.60836000e-02 1.07222000e-01 9.58566000e-02 1.38115000e-01 1.07401000e-01 1.55609000e-02 1.56111000e-02 3.25485000e-01 3.09275000e-01 2.93066000e-01 3.27070000e-01 3.09845000e-01 2.92619000e-01 4.83552000e-02 2.63395000e-02 4.32376000e-03 3.02510000e-01 2.68952000e-01 3.03546000e-01 2.69468000e-01 1.91903000e-01 1.27818000e-01 4.67110000e-02 3.14125000e-03 4.86035000e-01 5.22074000e-01 5.58113000e-01 4.85979000e-01 5.22040000e-01 5.58101000e-01 9.88657000e-02 1.58211000e-01 2.17556000e-01 4.17523000e-01 4.42868000e-01 4.16754000e-01 4.41690000e-01 2.65201000e-01 3.87923000e-01 6.71179000e-02 1.05561000e-01 3.25944000e-01 3.09459000e-01 2.92974000e-01 3.24533000e-01 3.09014000e-01 2.93494000e-01 4.78525000e-02 2.63541000e-02 4.85571000e-03 4.17410000e-01 4.42459000e-01 4.18259000e-01 4.43728000e-01 1.91871000e-01 1.27675000e-01 6.71319000e-02 1.05036000e-01 2.48601000e-01 2.36055000e-01 2.23509000e-01 2.48806000e-01 2.35995000e-01 2.23183000e-01 2.73568000e-02 1.26413000e-02 -2.07416000e-03 3.01464000e-01 2.67764000e-01 3.00444000e-01 2.67208000e-01 1.37264000e-01 1.06440000e-01 4.61332000e-02 3.59952000e-03 1.12815000e-02 1.45353000e-02 1.77892000e-02 1.15444000e-02 1.47350000e-02 1.79256000e-02 1.22582000e-02 1.83303000e-02 2.44024000e-02 1.07614000e-01 9.59378000e-02 1.08125000e-01 9.61331000e-02 1.01291000e-02 2.10404000e-02 1.50952000e-02 1.55461000e-02 1.15850000e-03 9.14831000e-04 6.71161000e-04 1.11216000e-03 8.94198000e-04 6.76233000e-04 1.58193000e-03 1.27354000e-03 9.65140000e-04 3.64674000e-03 7.32972000e-03 3.65787000e-03 7.28223000e-03 1.78489000e-03 3.57906000e-04 9.55971000e-03 1.23805000e-02 -6.23727000e-04 -4.93553000e-05 5.25016000e-04 -6.50278000e-04 -4.86537000e-05 5.52970000e-04 7.19475000e-03 3.05318000e-03 -1.08839000e-03 -7.69015000e-04 4.42044000e-04 -7.66560000e-04 4.53927000e-04 3.32568000e-03 -2.65747000e-04 4.17085000e-03 -4.17213000e-04 -1.03933000e-03 2.91003000e-03 6.85938000e-03 -7.25909000e-04 -4.53070000e-04 -1.80231000e-04 -1.27481000e-05 4.06068000e-03 -1.15446000e-03 3.31118000e-03 2.82030000e-03 -6.42836000e-04 -3.44699000e-03 4.38540000e-04 4.32407000e-03 6.35347000e-03 1.25821000e-02 2.14949000e-03 5.13771000e-03 5.43698000e-02 2.23779000e-02 -9.61387000e-03 4.19985000e-02 -2.91595000e-03 1.72117000e-02 -8.82679000e-04 2.83483000e-02 6.56256000e-03 -1.52231000e-02 3.22920000e-02 1.26206000e-02 5.44099000e-02 -1.07339000e-02 4.73097000e-02 7.70710000e-02 1.06832000e-01 8.56377000e-02 1.71614000e-01 2.88758000e-02 4.28929000e-02 2.92443000e-02 6.82049000e-03 -1.56033000e-02 3.25988000e-02 1.30082000e-02 2.93027000e-02 4.27434000e-02 5.44828000e-02 2.23668000e-02 -9.74914000e-03 4.17228000e-02 -3.01478000e-03 5.48501000e-02 -1.09984000e-02 -3.49579000e-03 4.98868000e-04 4.49353000e-03 6.60707000e-03 1.29686000e-02 1.73122000e-02 -9.79018000e-04 -9.47379000e-04 2.85412000e-03 6.65563000e-03 1.24132000e-04 3.88110000e-03 2.27021000e-03 5.08497000e-03 -7.07674000e-04 -4.47402000e-04 -1.87130000e-04 2.83546000e-03 -6.22764000e-04 -1.11914000e-03 3.21578000e-03 -3.76116000e-03 3.33055000e-03 1.04222000e-02 8.59035000e-05 -1.48930000e-04 -3.83763000e-04 -2.61924000e-03 9.01210000e-03 -1.19631000e-03 4.55036000e-03 6.40721000e-05 -3.34546000e-04 2.47404000e-03 -3.59471000e-04 -3.19299000e-03 -1.02266000e-03 2.07916000e-03 1.71108000e-03 6.16555000e-03 2.18497000e-02 2.69004000e-02 3.19511000e-02 3.80073000e-02 1.25527000e-02 8.38098000e-03 1.10601000e-02 7.11684000e-03 3.78135000e-03 4.45867000e-04 1.88197000e-02 -4.59273000e-03 2.18056000e-02 2.44481000e-02 6.11218000e-02 7.86912000e-02 9.62606000e-02 6.89147000e-02 9.20382000e-02 2.75161000e-02 4.13732000e-02 6.96668000e-03 3.66975000e-03 3.72824000e-04 1.90729000e-02 -4.74719000e-03 2.75962000e-02 4.13334000e-02 2.19560000e-02 2.69777000e-02 3.19993000e-02 3.81344000e-02 1.24942000e-02 2.17934000e-02 2.43594000e-02 2.48994000e-03 -3.66668000e-04 -3.22327000e-03 -1.08321000e-03 2.17228000e-03 8.41417000e-03 1.10888000e-02 -3.76482000e-03 3.33497000e-03 1.04348000e-02 -2.57573000e-03 8.93110000e-03 1.71086000e-03 6.15323000e-03 8.53954000e-05 -1.48572000e-04 -3.82540000e-04 5.56714000e-05 -3.11046000e-04 -1.19734000e-03 4.55513000e-03 -9.41084000e-04 2.85122000e-03 6.64352000e-03 -7.09030000e-04 -4.46503000e-04 -1.83977000e-04 -2.57033000e-03 8.92031000e-03 -1.11671000e-03 3.21022000e-03 5.45851000e-05 -3.09279000e-04 -3.45845000e-03 5.30666000e-04 4.51979000e-03 -1.07278000e-03 2.18317000e-03 2.27580000e-03 5.08815000e-03 5.42649000e-02 2.22679000e-02 -9.72914000e-03 3.79802000e-02 1.24979000e-02 1.72649000e-02 -9.76985000e-04 2.96370000e-02 6.98481000e-03 -1.56673000e-02 1.93233000e-02 -4.75234000e-03 5.50303000e-02 -1.10605000e-02 4.73135000e-02 7.70707000e-02 1.06828000e-01 6.89140000e-02 9.20387000e-02 2.93336000e-02 4.27251000e-02 2.79516000e-02 6.39398000e-03 -1.51636000e-02 1.85693000e-02 -4.59165000e-03 2.88481000e-02 4.29056000e-02 5.45832000e-02 2.24796000e-02 -9.62391000e-03 3.81597000e-02 1.25533000e-02 5.42253000e-02 -1.06700000e-02 -3.48264000e-03 4.07697000e-04 4.29803000e-03 -1.03182000e-03 2.06731000e-03 1.72564000e-02 -8.79505000e-04 -1.04535000e-03 2.91281000e-03 6.87097000e-03 -2.62438000e-03 9.02253000e-03 2.14502000e-03 5.13411000e-03 -7.24604000e-04 -4.53822000e-04 -1.83041000e-04 6.51010000e-05 -3.36153000e-04 -1.15683000e-03 3.31668000e-03 1.59063000e-03 1.27093000e-03 9.51234000e-04 7.17492000e-03 3.04469000e-03 -1.08553000e-03 1.29321000e-04 3.86720000e-03 4.16763000e-03 -4.12933000e-04 2.82550000e-03 -6.20532000e-04 1.22992000e-02 1.83720000e-02 2.44449000e-02 6.65846000e-03 1.30227000e-02 9.57783000e-03 1.23906000e-02 2.72908000e-02 1.26378000e-02 -2.01508000e-03 4.15875000e-02 -3.00152000e-03 1.51016000e-02 1.56348000e-02 4.80152000e-02 2.64316000e-02 4.84810000e-03 3.28675000e-02 1.30242000e-02 4.61576000e-02 3.63859000e-03 9.88780000e-02 1.58222000e-01 2.17565000e-01 8.56399000e-02 1.71612000e-01 6.71688000e-02 1.04907000e-01 4.81897000e-02 2.62660000e-02 4.34244000e-03 3.20145000e-02 1.26090000e-02 6.70913000e-02 1.05709000e-01 2.80425000e-02 1.32022000e-02 -1.63799000e-03 4.21339000e-02 -2.92623000e-03 4.66846000e-02 3.09635000e-03 1.19231000e-02 1.78640000e-02 2.38049000e-02 6.30397000e-03 1.25279000e-02 1.55543000e-02 1.55185000e-02 1.41958000e-03 1.26154000e-03 1.10349000e-03 -1.71228000e-05 4.07452000e-03 9.25332000e-03 1.22159000e-02 7.18975000e-03 3.01382000e-03 -1.16211000e-03 2.82878000e-03 -6.44094000e-04 4.07391000e-03 -4.14286000e-04 1.16345000e-03 9.16617000e-04 6.69784000e-04 1.10797000e-03 8.91666000e-04 6.75362000e-04 -6.17647000e-04 -4.80795000e-05 5.21488000e-04 -6.49545000e-04 -4.72080000e-05 5.55129000e-04 1.79365000e-03 3.49581000e-04 -7.68168000e-04 4.40515000e-04 -7.65046000e-04 4.54817000e-04 3.31884000e-03 -2.66129000e-04 1.12464000e-02 1.45046000e-02 1.77627000e-02 1.15606000e-02 1.47429000e-02 1.79252000e-02 1.01211000e-02 2.10455000e-02 3.64799000e-03 7.33234000e-03 3.66078000e-03 7.27586000e-03 2.48641000e-01 2.36134000e-01 2.23627000e-01 2.48888000e-01 2.36066000e-01 2.23245000e-01 1.37236000e-01 1.06537000e-01 1.07542000e-01 9.59159000e-02 1.08149000e-01 9.61479000e-02 3.26157000e-01 3.09536000e-01 2.92914000e-01 3.24478000e-01 3.08996000e-01 2.93515000e-01 1.92088000e-01 1.27600000e-01 3.01702000e-01 2.67936000e-01 3.00500000e-01 2.67285000e-01 4.86019000e-01 5.22060000e-01 5.58101000e-01 4.85963000e-01 5.22027000e-01 5.58090000e-01 2.65208000e-01 3.87923000e-01 4.17285000e-01 4.42294000e-01 4.18272000e-01 4.43773000e-01 3.25278000e-01 3.09210000e-01 2.93142000e-01 3.27131000e-01 3.09873000e-01 2.92616000e-01 1.91690000e-01 1.27909000e-01 4.17637000e-01 4.43031000e-01 4.16731000e-01 4.41643000e-01 2.49657000e-01 2.37000000e-01 2.24343000e-01 2.49352000e-01 2.37036000e-01 2.24721000e-01 1.38135000e-01 1.07294000e-01 3.02265000e-01 2.68778000e-01 3.03483000e-01 2.69390000e-01 1.14975000e-02 1.46371000e-02 1.77766000e-02 1.11022000e-02 1.43428000e-02 1.75834000e-02 1.01571000e-02 2.07821000e-02 1.07908000e-01 9.61086000e-02 1.07201000e-01 9.58451000e-02 1.10818000e-03 8.86499000e-04 6.64816000e-04 1.17550000e-03 9.19312000e-04 6.63123000e-04 1.68552000e-03 4.30819000e-04 3.68074000e-03 7.25005000e-03 3.66860000e-03 7.31590000e-03 -6.13578000e-04 -2.71395000e-05 5.59299000e-04 -5.71583000e-04 -2.87390000e-05 5.14105000e-04 3.30828000e-03 -2.81248000e-04 -7.46622000e-04 4.55567000e-04 -7.52980000e-04 4.36635000e-04 1.46966000e-03 1.29027000e-03 1.11087000e-03 7.30001000e-03 3.08287000e-03 -1.13428000e-03 1.69560000e-03 4.40644000e-04 4.14988000e-03 -4.32675000e-04 3.35531000e-03 -2.70612000e-04 1.18861000e-02 1.78993000e-02 2.39124000e-02 1.01797000e-02 2.08985000e-02 9.32588000e-03 1.22526000e-02 2.81014000e-02 1.29353000e-02 -2.23080000e-03 1.37821000e-01 1.06298000e-01 1.53262000e-02 1.50808000e-02 4.72061000e-02 2.59458000e-02 4.68547000e-03 1.90636000e-01 1.28319000e-01 4.63305000e-02 3.07520000e-03 9.88918000e-02 1.58318000e-01 2.17745000e-01 2.65267000e-01 3.87997000e-01 6.70110000e-02 1.06277000e-01 4.92663000e-02 2.69086000e-02 4.55092000e-03 1.93352000e-01 1.27243000e-01 6.74131000e-02 1.04502000e-01 2.72313000e-02 1.28845000e-02 -1.46229000e-03 1.37456000e-01 1.07520000e-01 4.66129000e-02 3.62895000e-03 1.24182000e-02 1.84669000e-02 2.45156000e-02 1.00617000e-02 2.09907000e-02 1.53739000e-02 1.62340000e-02 1.58811000e-03 1.25026000e-03 9.12407000e-04 1.81371000e-03 3.24669000e-04 9.58053000e-03 1.23948000e-02 7.06521000e-03 2.98415000e-03 -1.09690000e-03 3.27985000e-03 -2.74169000e-04 4.11750000e-03 -3.88042000e-04 -1.02747000e-03 2.90043000e-03 6.82833000e-03 -7.07678000e-04 -4.53517000e-04 -1.99355000e-04 3.61324000e-05 4.05064000e-03 -1.15069000e-03 3.29630000e-03 2.88759000e-03 -6.42189000e-04 -3.66753000e-03 2.84603000e-04 4.23674000e-03 6.20630000e-03 1.24676000e-02 2.18349000e-03 5.07613000e-03 5.56173000e-02 2.29589000e-02 -9.69954000e-03 4.26763000e-02 -3.02937000e-03 1.75055000e-02 -9.01905000e-04 2.64053000e-02 5.68564000e-03 -1.50340000e-02 3.08346000e-02 1.27308000e-02 5.34940000e-02 -1.04519000e-02 4.74484000e-02 7.71166000e-02 1.06785000e-01 8.56341000e-02 1.71679000e-01 2.89605000e-02 4.29352000e-02 3.14598000e-02 7.81627000e-03 -1.58272000e-02 3.43181000e-02 1.29360000e-02 2.93680000e-02 4.27178000e-02 5.28714000e-02 2.16837000e-02 -9.50404000e-03 4.09277000e-02 -2.87432000e-03 5.58329000e-02 -1.12576000e-02 -3.20280000e-03 6.91709000e-04 4.58622000e-03 6.86943000e-03 1.31965000e-02 1.69147000e-02 -9.02363000e-04 -9.40434000e-04 2.85602000e-03 6.65247000e-03 1.09237000e-04 3.85208000e-03 2.25656000e-03 5.11750000e-03 -7.22583000e-04 -4.42714000e-04 -1.62845000e-04 2.76934000e-03 -6.15114000e-04 -1.11626000e-03 3.21342000e-03 -3.78858000e-03 3.35946000e-03 1.05075000e-02 8.39459000e-05 -1.46490000e-04 -3.76925000e-04 -2.62998000e-03 9.03962000e-03 -1.20545000e-03 4.58512000e-03 6.67239000e-05 -3.32102000e-04 2.59885000e-03 -4.06808000e-04 -3.41246000e-03 -1.08785000e-03 2.03914000e-03 1.70588000e-03 6.07835000e-03 2.24903000e-02 2.73769000e-02 3.22635000e-02 3.89103000e-02 1.25556000e-02 8.60804000e-03 1.12222000e-02 6.22826000e-03 3.11739000e-03 6.52047000e-06 1.74945000e-02 -4.63843000e-03 2.17083000e-02 2.38678000e-02 6.10183000e-02 7.87153000e-02 9.64122000e-02 6.89305000e-02 9.21048000e-02 2.80870000e-02 4.12259000e-02 8.12436000e-03 4.53100000e-03 9.37650000e-04 2.06824000e-02 -4.67791000e-03 2.70939000e-02 4.17142000e-02 2.11533000e-02 2.64010000e-02 3.16487000e-02 3.69717000e-02 1.25714000e-02 2.18485000e-02 2.50013000e-02 2.37516000e-03 -3.18117000e-04 -3.01139000e-03 -9.76393000e-04 2.20066000e-03 8.19038000e-03 1.08504000e-02 -3.73902000e-03 3.29875000e-03 1.03365000e-02 -2.55688000e-03 8.88766000e-03 1.70260000e-03 6.24057000e-03 9.04338000e-05 -1.50674000e-04 -3.91782000e-04 5.27765000e-05 -3.08951000e-04 -1.19106000e-03 4.51862000e-03 -1.01985000e-03 2.89590000e-03 6.81166000e-03 -7.06348000e-04 -4.53085000e-04 -1.99821000e-04 -2.62625000e-03 9.03259000e-03 -1.14779000e-03 3.28848000e-03 6.60142000e-05 -3.30218000e-04 -3.66911000e-03 2.91346000e-04 4.25180000e-03 -1.09220000e-03 2.04761000e-03 2.19297000e-03 5.07226000e-03 5.56110000e-02 2.29487000e-02 -9.71370000e-03 3.89090000e-02 1.25491000e-02 1.75106000e-02 -9.11552000e-04 2.65088000e-02 5.72135000e-03 -1.50661000e-02 1.75344000e-02 -4.64898000e-03 5.35455000e-02 -1.04787000e-02 4.74446000e-02 7.71168000e-02 1.06789000e-01 6.89313000e-02 9.21042000e-02 2.89949000e-02 4.29251000e-02 3.13600000e-02 7.78508000e-03 -1.57899000e-02 2.06426000e-02 -4.66327000e-03 2.93306000e-02 4.27337000e-02 5.28838000e-02 2.16911000e-02 -9.50154000e-03 3.69754000e-02 1.25732000e-02 5.57867000e-02 -1.12334000e-02 -3.20305000e-03 6.84007000e-04 4.57106000e-03 -9.72709000e-04 2.19285000e-03 1.69124000e-02 -8.98136000e-04 -9.48307000e-04 2.86070000e-03 6.66971000e-03 -2.56083000e-03 8.89501000e-03 2.24624000e-03 5.12165000e-03 -7.23811000e-04 -4.43314000e-04 -1.62817000e-04 5.35594000e-05 -3.11025000e-04 -1.11925000e-03 3.22132000e-03 1.48194000e-03 1.29077000e-03 1.09960000e-03 7.30156000e-03 3.08635000e-03 -1.12886000e-03 4.69090000e-05 4.03541000e-03 4.15736000e-03 -4.33440000e-04 2.88857000e-03 -6.40656000e-04 1.19122000e-02 1.79361000e-02 2.39600000e-02 6.22963000e-03 1.25022000e-02 9.35033000e-03 1.22656000e-02 2.80479000e-02 1.28938000e-02 -2.26035000e-03 4.26433000e-02 -3.03712000e-03 1.52904000e-02 1.50849000e-02 4.71812000e-02 2.59508000e-02 4.72041000e-03 3.08846000e-02 1.27603000e-02 4.62876000e-02 3.11747000e-03 9.88799000e-02 1.58308000e-01 2.17736000e-01 8.56321000e-02 1.71681000e-01 6.70095000e-02 1.06215000e-01 4.92946000e-02 2.68998000e-02 4.50495000e-03 3.42770000e-02 1.29024000e-02 6.74049000e-02 1.04544000e-01 2.72866000e-02 1.29321000e-02 -1.42235000e-03 4.09612000e-02 -2.86990000e-03 4.66573000e-02 3.59252000e-03 1.23912000e-02 1.84305000e-02 2.44698000e-02 6.84461000e-03 1.31625000e-02 1.54099000e-02 1.62344000e-02 1.57477000e-03 1.24890000e-03 9.23031000e-04 9.77595000e-05 3.86718000e-03 9.55734000e-03 1.23819000e-02 7.06648000e-03 2.98135000e-03 -1.10377000e-03 2.76962000e-03 -6.17367000e-04 4.10965000e-03 -3.88034000e-04 1.70332000e-03 4.34871000e-04 3.35737000e-03 -2.69419000e-04 1.01775000e-02 2.09190000e-02 1.37755000e-01 1.06236000e-01 1.90648000e-01 1.28294000e-01 2.65260000e-01 3.87997000e-01 1.93336000e-01 1.27254000e-01 1.37528000e-01 1.07592000e-01 1.00628000e-02 2.09705000e-02 1.80563000e-03 3.30316000e-04 3.27945000e-03 -2.75684000e-04 7.06664000e-03 2.98143000e-03 -1.10378000e-03 1.57474000e-03 1.24894000e-03 9.23139000e-04 3.27953000e-03 -2.75682000e-04 4.10967000e-03 -3.88083000e-04 1.80555000e-03 3.30391000e-04 1.23908000e-02 1.84301000e-02 2.44694000e-02 9.55714000e-03 1.23818000e-02 1.00628000e-02 2.09704000e-02 2.72876000e-02 1.29324000e-02 -1.42284000e-03 1.54100000e-02 1.62336000e-02 1.37529000e-01 1.07592000e-01 4.92938000e-02 2.68985000e-02 4.50323000e-03 4.66580000e-02 3.59102000e-03 1.93332000e-01 1.27254000e-01 9.88798000e-02 1.58308000e-01 2.17735000e-01 6.74042000e-02 1.04546000e-01 2.65260000e-01 3.87997000e-01 4.71816000e-02 2.59517000e-02 4.72184000e-03 6.70099000e-02 1.06213000e-01 1.90652000e-01 1.28293000e-01 2.80468000e-02 1.28935000e-02 -2.25973000e-03 4.62869000e-02 3.11905000e-03 1.37755000e-01 1.06236000e-01 1.19126000e-02 1.79364000e-02 2.39602000e-02 1.52902000e-02 1.50854000e-02 1.01777000e-02 2.09190000e-02 1.48190000e-03 1.29073000e-03 1.09956000e-03 9.35044000e-03 1.22657000e-02 1.70335000e-03 4.34846000e-04 7.30145000e-03 3.08627000e-03 -1.12891000e-03 4.15732000e-03 -4.33401000e-04 3.35730000e-03 -2.69437000e-04 -7.23809000e-04 -4.43316000e-04 -1.62824000e-04 -9.48359000e-04 2.86073000e-03 6.66981000e-03 2.76969000e-03 -6.17357000e-04 -1.11928000e-03 3.22138000e-03 9.77371000e-05 3.86729000e-03 -3.20319000e-03 6.83680000e-04 4.57055000e-03 2.24614000e-03 5.12150000e-03 6.84426000e-03 1.31619000e-02 5.28856000e-02 2.16921000e-02 -9.50136000e-03 1.69126000e-02 -8.97778000e-04 4.09624000e-02 -2.87012000e-03 3.13540000e-02 7.78305000e-03 -1.57879000e-02 5.57837000e-02 -1.12320000e-02 3.42738000e-02 1.29012000e-02 4.74443000e-02 7.71166000e-02 1.06789000e-01 2.93300000e-02 4.27336000e-02 8.56320000e-02 1.71681000e-01 2.65144000e-02 5.72311000e-03 -1.50682000e-02 2.89952000e-02 4.29251000e-02 3.08874000e-02 1.27613000e-02 5.56103000e-02 2.29480000e-02 -9.71439000e-03 5.35485000e-02 -1.04803000e-02 4.26424000e-02 -3.03716000e-03 -3.66915000e-03 2.91620000e-04 4.25238000e-03 1.75108000e-02 -9.12108000e-04 6.22983000e-03 1.25027000e-02 -1.01983000e-03 2.89589000e-03 6.81162000e-03 2.19303000e-03 5.07249000e-03 4.68776000e-05 4.03537000e-03 -7.06362000e-04 -4.53094000e-04 -1.99826000e-04 -1.14777000e-03 3.28845000e-03 2.88853000e-03 -6.40692000e-04 9.04188000e-05 -1.50659000e-04 -3.91737000e-04 -3.73899000e-03 3.29874000e-03 1.03365000e-02 5.35635000e-05 -3.11014000e-04 -1.19105000e-03 4.51862000e-03 -2.56084000e-03 8.89502000e-03 2.37485000e-03 -3.18301000e-04 -3.01146000e-03 1.70249000e-03 6.24037000e-03 -9.72835000e-04 2.19271000e-03 2.11559000e-02 2.64017000e-02 3.16476000e-02 8.19121000e-03 1.08500000e-02 3.69775000e-02 1.25725000e-02 8.12222000e-03 4.52931000e-03 9.36408000e-04 2.18489000e-02 2.49993000e-02 2.06388000e-02 -4.66288000e-03 6.10187000e-02 7.87152000e-02 9.64118000e-02 2.70950000e-02 4.17130000e-02 6.89313000e-02 9.21039000e-02 6.22945000e-03 3.11846000e-03 7.47677000e-06 2.80857000e-02 4.12264000e-02 1.75374000e-02 -4.64943000e-03 2.24884000e-02 2.73765000e-02 3.22647000e-02 2.17081000e-02 2.38696000e-02 3.89078000e-02 1.25495000e-02 2.59904000e-03 -4.06626000e-04 -3.41229000e-03 8.60711000e-03 1.12229000e-02 -1.09220000e-03 2.04785000e-03 -3.78859000e-03 3.35948000e-03 1.05075000e-02 1.70601000e-03 6.07861000e-03 -2.62624000e-03 9.03259000e-03 8.39482000e-05 -1.46507000e-04 -3.76962000e-04 -1.20544000e-03 4.58511000e-03 6.60051000e-05 -3.30237000e-04 -7.22579000e-04 -4.42717000e-04 -1.62855000e-04 -9.40488000e-04 2.85604000e-03 6.65258000e-03 5.27810000e-05 -3.08941000e-04 -1.11629000e-03 3.21347000e-03 -2.55690000e-03 8.88767000e-03 -3.20295000e-03 6.91382000e-04 4.58572000e-03 2.25646000e-03 5.11736000e-03 -9.76521000e-04 2.20052000e-03 5.28731000e-02 2.16846000e-02 -9.50391000e-03 1.69149000e-02 -9.02031000e-04 3.69737000e-02 1.25707000e-02 3.14538000e-02 7.81425000e-03 -1.58253000e-02 5.58299000e-02 -1.12562000e-02 2.06786000e-02 -4.67751000e-03 4.74480000e-02 7.71164000e-02 1.06785000e-01 2.93674000e-02 4.27177000e-02 6.89306000e-02 9.21045000e-02 2.64109000e-02 5.68741000e-03 -1.50360000e-02 2.89607000e-02 4.29352000e-02 1.74976000e-02 -4.63887000e-03 5.56166000e-02 2.29582000e-02 -9.70023000e-03 5.34971000e-02 -1.04535000e-02 3.89090000e-02 1.25561000e-02 -3.66756000e-03 2.84875000e-04 4.23731000e-03 1.75057000e-02 -9.02451000e-04 -1.08784000e-03 2.03937000e-03 -1.02745000e-03 2.90042000e-03 6.82829000e-03 2.18356000e-03 5.07636000e-03 -2.62997000e-03 9.03962000e-03 -7.07694000e-04 -4.53526000e-04 -1.99358000e-04 -1.15067000e-03 3.29627000e-03 6.67147000e-05 -3.32120000e-04 7.06537000e-03 2.98423000e-03 -1.09691000e-03 1.58807000e-03 1.25029000e-03 9.12514000e-04 2.76940000e-03 -6.15105000e-04 4.11751000e-03 -3.88090000e-04 1.09211000e-04 3.85219000e-03 1.24178000e-02 1.84665000e-02 2.45151000e-02 9.58032000e-03 1.23946000e-02 6.86907000e-03 1.31959000e-02 2.72322000e-02 1.28847000e-02 -1.46280000e-03 1.53740000e-02 1.62332000e-02 4.09289000e-02 -2.87457000e-03 4.92655000e-02 2.69074000e-02 4.54918000e-03 4.66135000e-02 3.62743000e-03 3.43149000e-02 1.29348000e-02 9.88916000e-02 1.58318000e-01 2.17745000e-01 6.74124000e-02 1.04503000e-01 8.56340000e-02 1.71679000e-01 4.72065000e-02 2.59467000e-02 4.68686000e-03 6.70114000e-02 1.06275000e-01 3.08375000e-02 1.27318000e-02 2.81003000e-02 1.29351000e-02 -2.23013000e-03 4.63298000e-02 3.07678000e-03 4.26754000e-02 -3.02940000e-03 1.18865000e-02 1.78995000e-02 2.39126000e-02 1.53260000e-02 1.50813000e-02 6.20650000e-03 1.24681000e-02 1.46961000e-03 1.29023000e-03 1.11084000e-03 9.32600000e-03 1.22527000e-02 3.61019000e-05 4.05059000e-03 7.29991000e-03 3.08278000e-03 -1.13434000e-03 4.14983000e-03 -4.32638000e-04 2.88754000e-03 -6.42222000e-04 3.27994000e-03 -2.74165000e-04 1.81363000e-03 3.24742000e-04 1.00616000e-02 2.09906000e-02 1.37457000e-01 1.07520000e-01 1.93349000e-01 1.27243000e-01 2.65266000e-01 3.87997000e-01 1.90639000e-01 1.28319000e-01 1.37820000e-01 1.06299000e-01 1.01799000e-02 2.08985000e-02 1.69563000e-03 4.40621000e-04 3.35525000e-03 -2.70631000e-04
        </DataArray>
        <DataArray type="Float64" Name="S_Mises" format="ascii">
          2.11793641e+02 1.07065159e+02 2.20223655e+02 2.13207094e+02 1.07263337e+02 2.21585308e+02 2.95597253e+02 4.83832405e+01 2.79833095e+02 1.05210776e+02 3.86690207e+01 5.25323203e+01 1.02409188e+02 1.09077573e+02 1.41733138e+02 1.13482220e+02 1.12784028e+02 1.39803856e+02 2.42954614e+02 2.25222172e+02 3.86423371e+01 3.52948367e+01 1.08851646e+02 5.62336932e+01 7.77810140e+01 1.09131551e+02 7.80092243e+01 1.12112387e+02 1.45780861e+02 1.08798468e+02 1.60157847e+02 1.35762827e+02 1.24575920e+02 1.13836291e+02 1.36351826e+02 1.24662620e+02 1.13431262e+02 9.96991056e+01 1.02489708e+02 1.01815650e+02 1.24458916e+02 1.07233747e+02 9.61426027e+01 1.07357997e+02 9.63326252e+01 2.36648804e+02 1.13810177e+02 2.14275417e+02 2.07108898e+02 2.13621574e+02 2.23526381e+02 2.07500131e+02 2.13035303e+02 2.22150938e+02 1.20899725e+02 9.60457567e+01 1.61462093e+02 1.18814551e+02 1.41731855e+02 1.46296438e+02 1.41524188e+02 1.45955646e+02 1.89409401e+02 7.49807941e+01 1.74935238e+02 2.48469791e+02 2.45408983e+02 2.45819935e+02 2.46415184e+02 2.44780031e+02 2.46478030e+02 1.64822928e+02 1.25147944e+02 1.79541777e+02 1.44599934e+02 2.24284673e+02 2.31459950e+02 2.23491237e+02 2.30538481e+02 1.81335417e+02 7.90366860e+01 2.80028477e+02 2.76674213e+02 2.88888142e+02 3.07682227e+02 2.76663806e+02 2.88871916e+02 3.07658506e+02 1.45533415e+02 1.51585207e+02 1.98705902e+02 2.04577178e+02 2.36676735e+02 2.40016474e+02 2.36866464e+02 2.40185231e+02 1.89836053e+02 7.43799216e+01 1.73718752e+02 2.45848877e+02 2.44069022e+02 2.45742182e+02 2.47651416e+02 2.44569472e+02 2.45109794e+02 1.46127617e+02 1.51766432e+02 1.81934308e+02 1.43911822e+02 2.36992017e+02 2.40280414e+02 2.36821020e+02 2.40194998e+02 2.36135067e+02 1.14412040e+02 2.14474431e+02 2.06780971e+02 2.12863131e+02 2.22441401e+02 2.06370485e+02 2.13372656e+02 2.23719563e+02 1.62394972e+02 1.23420642e+02 1.61226998e+02 1.19820374e+02 2.22324749e+02 2.30140450e+02 2.22933988e+02 2.30778742e+02 1.45362027e+02 1.07717177e+02 1.59916811e+02 1.36500207e+02 1.24847246e+02 1.13654773e+02 1.36005185e+02 1.24787872e+02 1.14031275e+02 1.19894495e+02 9.66643683e+01 1.01452561e+02 1.24497565e+02 1.41736663e+02 1.46141640e+02 1.41929107e+02 1.46466008e+02 1.10001841e+02 4.00958849e+01 6.79419157e+01 1.10861246e+02 1.12510325e+02 1.40527656e+02 1.02433415e+02 1.09639254e+02 1.42095905e+02 9.94069110e+01 1.02677109e+02 1.14945646e+02 5.52494538e+01 1.07377213e+02 9.63126083e+01 1.07258195e+02 9.61386211e+01 2.93296484e+02 4.88822044e+01 2.76985641e+02 2.12358258e+02 1.06538625e+02 2.20750140e+02 2.11593512e+02 1.06199572e+02 2.20258972e+02 4.35822468e+01 4.32950004e+01 2.41352923e+02 2.21671821e+02 7.88048364e+01 1.12895461e+02 7.85803536e+01 1.10539792e+02 7.18699662e+01 6.76377683e+01 1.30975606e+02 1.43223107e+02 6.03611830e+01 1.81537451e+02 2.62191915e+02 2.29216112e+02 7.86366145e+01 1.38522540e+02 1.11124751e+02 9.75226717e+01 1.22217123e+02 6.74353013e+01 1.40888984e+02 1.38301033e+02 1.56584955e+02 1.23959266e+02 1.56331587e+02 2.37847362e+02 4.59927640e+01 2.27662297e+02 1.50863749e+02 1.39584136e+02 1.81450691e+02 2.03315726e+02 1.86741801e+02 1.18005811e+02 1.67709203e+02 1.59662752e+02 1.35475751e+02 8.43565297e+01 1.05558591e+02 1.36461372e+02 6.18847180e+01 1.71936376e+02 1.26359611e+02 1.77353895e+02 1.44491727e+02 1.68598743e+02 1.87236196e+02 1.19004739e+02 1.71283518e+02 1.25131541e+02 1.76706471e+02 8.59303001e+01 1.05131258e+02 2.38636860e+02 4.58203602e+01 2.28219615e+02 1.58811887e+02 1.35846494e+02 1.82602465e+02 2.03058899e+02 1.25444275e+02 7.13199606e+01 1.43391122e+02 1.48112611e+02 1.36378427e+02 1.28598726e+02 1.57147263e+02 1.43938104e+02 6.10587376e+01 1.83230704e+02 1.37778797e+02 1.55951727e+02 1.11587908e+02 9.19593313e+01 7.47421601e+01 6.89296070e+01 1.29555133e+02 7.99316777e+01 1.39983976e+02 2.61290634e+02 2.27928251e+02 3.27836675e+02 8.01950989e+01 2.01929749e+02 1.83012523e+02 5.49072663e+01 1.82013683e+02 5.52953425e+01 1.32895102e+02 6.00627098e+01 1.11274784e+02 1.21515971e+02 1.62246348e+02 5.49270203e+01 2.08717658e+01 5.75996558e+01 1.79345031e+02 1.65502218e+02 7.39655322e+01 6.00442443e+01 1.85357234e+02 1.52208459e+01 1.91702371e+02 1.56678151e+02 1.32490220e+02 2.07921737e+02 2.05140057e+02 8.93623861e+01 6.95924032e+01 1.46007970e+02 1.99711680e+02 1.93208469e+02 9.82710532e+01 9.39453100e+01 1.59266195e+02 4.13183797e+00 1.65934133e+02 1.53299187e+02 1.52170738e+02 1.44404131e+02 1.51475578e+02 8.92998387e+01 6.93499242e+01 1.45949441e+02 1.53484648e+02 1.52244694e+02 9.87595491e+01 9.43000775e+01 1.85349642e+02 1.51574811e+01 1.91690508e+02 2.00007110e+02 1.93257693e+02 2.08050653e+02 2.04934230e+02 5.56172335e+01 2.09284133e+01 5.80545305e+01 1.56463300e+02 1.32041560e+02 7.59126012e+01 6.06519837e+01 1.83012119e+02 5.49119443e+01 1.81984478e+02 1.79366078e+02 1.65479672e+02 1.20803401e+02 1.61747174e+02 3.28058413e+02 8.03342963e+01 2.01846693e+02 6.00282230e+01 1.11303521e+02 5.10383147e+01 1.31544993e+02 7.43855294e+01 6.86978363e+01 1.29925701e+02 1.43880340e+02 6.09293737e+01 1.83052781e+02 5.12025923e+01 1.31762842e+02 7.99030230e+01 1.39901074e+02 1.20939437e+02 1.61826975e+02 1.25121182e+02 7.10930292e+01 1.43308718e+02 1.37736831e+02 1.55944037e+02 7.59200762e+01 6.05020538e+01 2.38787199e+02 4.58693712e+01 2.28334754e+02 1.48381826e+02 1.36570195e+02 2.08118353e+02 2.04968701e+02 1.87035616e+02 1.19089870e+02 1.71286403e+02 1.58501079e+02 1.35312826e+02 9.88435087e+01 9.42696730e+01 1.36455942e+02 6.18867498e+01 1.71935781e+02 1.25158660e+02 1.76678340e+02 1.44405270e+02 1.51469764e+02 1.86966104e+02 1.17920487e+02 1.67770003e+02 1.26327696e+02 1.77384465e+02 9.81925394e+01 9.39281937e+01 2.37712388e+02 4.59451026e+01 2.27567798e+02 1.59964795e+02 1.36011648e+02 2.07845788e+02 2.05083208e+02 1.22608457e+02 6.76603065e+01 1.41021452e+02 1.50535905e+02 1.39382753e+02 7.39280805e+01 6.01313040e+01 1.43263956e+02 6.04815695e+01 1.81703522e+02 1.38333189e+02 1.56588873e+02 1.21362003e+02 1.62159536e+02 7.21879696e+01 6.78629572e+01 1.30608241e+02 7.86569737e+01 1.38612246e+02 5.50999656e+01 1.32670743e+02 2.93527688e+02 4.88721345e+01 2.77268384e+02 1.09558575e+02 3.99360572e+01 6.66929847e+01 2.61493849e+02 2.28126247e+02 4.31142025e+01 4.25471966e+01 1.11561557e+02 9.24993961e+01 1.45317195e+02 1.07800473e+02 1.59845126e+02 9.94564533e+01 1.02680456e+02 1.28351643e+02 1.57078710e+02 2.35971482e+02 1.14514077e+02 2.14524147e+02 1.19910207e+02 9.65858536e+01 1.82711968e+02 2.03143021e+02 1.89454400e+02 7.42337590e+01 1.73858173e+02 1.62681082e+02 1.23692672e+02 8.58574137e+01 1.04798708e+02 1.81322289e+02 7.90397765e+01 2.80036237e+02 1.46001481e+02 1.51504201e+02 1.44486886e+02 1.68600210e+02 1.89833579e+02 7.51163567e+01 1.74812327e+02 1.45635676e+02 1.51821474e+02 8.44494034e+01 1.05854827e+02 2.36826174e+02 1.13705533e+02 2.14239537e+02 1.64526094e+02 1.24854448e+02 1.81346797e+02 2.03241322e+02 1.45805492e+02 1.08705833e+02 1.60229717e+02 1.20880978e+02 9.61357848e+01 1.24240791e+02 1.56414856e+02 1.05668572e+02 3.88032829e+01 5.37549623e+01 9.96440444e+01 1.02483929e+02 1.11151808e+02 9.69856385e+01 2.95384669e+02 4.83950444e+01 2.79582829e+02 3.90481745e+01 3.58423022e+01 2.61999212e+02 2.29037113e+02 2.12234211e+02 1.06451286e+02 2.20671632e+02 2.11624966e+02 1.06149705e+02 2.20308287e+02 1.10032663e+02 1.12282222e+02 1.40698150e+02 1.03006700e+02 1.09884471e+02 1.42013693e+02 2.41459569e+02 2.21929383e+02 7.88235267e+01 1.12780390e+02 7.86317430e+01 1.10809463e+02 1.14361671e+02 5.52053660e+01 1.36475508e+02 1.24857807e+02 1.13703620e+02 1.36057556e+02 1.24809813e+02 1.14017272e+02 1.07372631e+02 9.62953759e+01 1.07270606e+02 9.61480359e+01 1.01467695e+02 1.24474439e+02 2.06692392e+02 2.12886045e+02 2.22558111e+02 2.06338063e+02 2.13316953e+02 2.23645856e+02 1.41767346e+02 1.46177987e+02 1.41934591e+02 1.46459834e+02 1.61237172e+02 1.19591135e+02 2.45934562e+02 2.44042786e+02 2.45631733e+02 2.47449325e+02 2.44460445e+02 2.45092454e+02 2.22272588e+02 2.30149005e+02 2.22780773e+02 2.30671305e+02 1.81650447e+02 1.44180547e+02 2.76671492e+02 2.88889785e+02 3.07686419e+02 2.76669603e+02 2.88871700e+02 3.07662834e+02 2.36991282e+02 2.40284279e+02 2.36844789e+02 2.40217364e+02 1.98706690e+02 2.04571436e+02 2.48394516e+02 2.45431862e+02 2.45920723e+02 2.46617169e+02 2.44884946e+02 2.46490400e+02 2.36678271e+02 2.40016173e+02 2.36843022e+02 2.40166724e+02 1.79829542e+02 1.44336113e+02 2.07200826e+02 2.13601603e+02 2.23411641e+02 2.07534856e+02 2.13093692e+02 2.22225038e+02 2.24346669e+02 2.31445064e+02 2.23651940e+02 2.30637840e+02 1.61460362e+02 1.19041568e+02 1.35784763e+02 1.24564551e+02 1.13793520e+02 1.36296384e+02 1.24640244e+02 1.13439472e+02 1.41699057e+02 1.46262152e+02 1.41516112e+02 1.45971726e+02 1.01797102e+02 1.24479434e+02 1.03170849e+02 1.09308841e+02 1.41593324e+02 1.12861732e+02 1.12539244e+02 1.39900244e+02 1.07241753e+02 9.61518085e+01 1.07349971e+02 9.63167006e+01 1.09419578e+02 5.61350538e+01 2.11918938e+02 1.07156922e+02 2.20339090e+02 2.13173575e+02 1.07322421e+02 2.21574964e+02 7.76497554e+01 1.09241008e+02 7.78423987e+01 1.11834895e+02 2.42868665e+02 2.24989680e+02 2.11918949e+02 1.07157129e+02 2.20340678e+02 2.13172998e+02 1.07321386e+02 2.21574170e+02 1.03176923e+02 1.09311948e+02 1.41593712e+02 1.12854961e+02 1.12536465e+02 1.39900431e+02 1.05674070e+02 3.88054713e+01 5.37704233e+01 2.95381657e+02 4.83949397e+01 2.79578396e+02 7.76490147e+01 1.09242808e+02 7.78422509e+01 1.11832979e+02 1.09425382e+02 5.61351743e+01 3.90538744e+01 3.58488294e+01 2.42867014e+02 2.24986605e+02 1.35781690e+02 1.24564160e+02 1.13797886e+02 1.36292104e+02 1.24640581e+02 1.13439991e+02 1.45805742e+02 1.08704898e+02 1.60230534e+02 1.07242457e+02 9.61521732e+01 1.07349812e+02 9.63166496e+01 1.01796548e+02 1.24479905e+02 9.96434410e+01 1.02484341e+02 2.07201404e+02 2.13600885e+02 2.23409563e+02 2.07533727e+02 2.13094379e+02 2.22226226e+02 2.36827748e+02 1.13703986e+02 2.14239081e+02 1.41701262e+02 1.46261692e+02 1.41517319e+02 1.45972179e+02 1.61460067e+02 1.19043565e+02 1.20880497e+02 9.61358008e+01 2.48394958e+02 2.45432489e+02 2.45923965e+02 2.46616779e+02 2.44884968e+02 2.46483932e+02 1.89839454e+02 7.51169709e+01 1.74809775e+02 2.24345961e+02 2.31445353e+02 2.23652712e+02 2.30638087e+02 1.79832574e+02 1.44333680e+02 1.64524955e+02 1.24852782e+02 2.76671383e+02 2.88889715e+02 3.07686365e+02 2.76663097e+02 2.88872232e+02 3.07662612e+02 1.81321918e+02 7.90398952e+01 2.80036227e+02 2.36678815e+02 2.40016285e+02 2.36843253e+02 2.40166135e+02 1.98706695e+02 2.04579576e+02 1.45637314e+02 1.51823568e+02 2.45926746e+02 2.44042318e+02 2.45632245e+02 2.47449920e+02 2.44460850e+02 2.45092096e+02 1.89448712e+02 7.42332599e+01 1.73861105e+02 2.36990789e+02 2.40284419e+02 2.36845352e+02 2.40217773e+02 1.81647149e+02 1.44182652e+02 1.45999515e+02 1.51501471e+02 2.06692775e+02 2.12886656e+02 2.22559318e+02 2.06337775e+02 2.13315577e+02 2.23643108e+02 2.35969934e+02 1.14516071e+02 2.14526007e+02 2.22272741e+02 2.30148502e+02 2.22780979e+02 2.30672317e+02 1.61237598e+02 1.19589428e+02 1.62681327e+02 1.23693129e+02 1.36477913e+02 1.24858132e+02 1.13700852e+02 1.36058757e+02 1.24809401e+02 1.14016758e+02 1.45316951e+02 1.07801045e+02 1.59844626e+02 1.41768500e+02 1.46178373e+02 1.41932723e+02 1.46459443e+02 1.01467549e+02 1.24474646e+02 1.19910108e+02 9.65859894e+01 1.10030690e+02 1.12280176e+02 1.40696375e+02 1.03010060e+02 1.09886630e+02 1.42014681e+02 1.09554344e+02 3.99334494e+01 6.66816730e+01 1.07372575e+02 9.62952972e+01 1.07270872e+02 9.61481809e+01 1.14358536e+02 5.52034987e+01 9.94571117e+01 1.02680266e+02 2.12234373e+02 1.06450435e+02 2.20670964e+02 2.11625859e+02 1.06149936e+02 2.20308307e+02 2.93530670e+02 4.88722646e+01 2.77271095e+02 7.88230379e+01 1.12779315e+02 7.86309635e+01 1.10810158e+02 2.41461082e+02 2.21932425e+02 4.31099893e+01 4.25414380e+01 1.43263822e+02 6.04822556e+01 1.81705607e+02 7.21922193e+01 6.78653285e+01 1.30605417e+02 1.11150939e+02 9.69783722e+01 7.86569131e+01 1.38613456e+02 2.61997391e+02 2.29035057e+02 1.22611197e+02 6.76625627e+01 1.41021939e+02 1.24244986e+02 1.56416478e+02 1.38332695e+02 1.56589038e+02 2.37710563e+02 4.59436106e+01 2.27566178e+02 1.81346738e+02 2.03241233e+02 1.50532536e+02 1.39379737e+02 1.86970614e+02 1.17920300e+02 1.67773442e+02 8.44517035e+01 1.05854807e+02 1.59967918e+02 1.36018502e+02 1.36455813e+02 6.18867641e+01 1.71936411e+02 1.44486875e+02 1.68601157e+02 1.26327605e+02 1.77384921e+02 1.87031057e+02 1.19090983e+02 1.71286443e+02 8.58544442e+01 1.04798735e+02 1.25158704e+02 1.76677224e+02 2.38789202e+02 4.58712778e+01 2.28337046e+02 1.82712357e+02 2.03143709e+02 1.58496598e+02 1.35306303e+02 1.25120024e+02 7.10924522e+01 1.43308457e+02 1.28350243e+02 1.57077789e+02 1.48383796e+02 1.36571592e+02 1.43879676e+02 6.09290136e+01 1.83050580e+02 1.11562299e+02 9.25046326e+01 1.37736365e+02 1.55944079e+02 7.43828941e+01 6.86959924e+01 1.29928208e+02 2.61495641e+02 2.28128561e+02 7.99027133e+01 1.39899988e+02 1.83011324e+02 5.49119179e+01 1.81984644e+02 3.28059027e+02 8.03355405e+01 2.01844736e+02 1.21358589e+02 1.62158701e+02 6.00263660e+01 1.11303774e+02 5.50989877e+01 1.32668627e+02 5.56267240e+01 2.09292284e+01 5.80591715e+01 7.39297236e+01 6.01347574e+01 1.79364065e+02 1.65478341e+02 1.85350831e+02 1.51574505e+01 1.91691965e+02 2.07845220e+02 2.05082489e+02 1.56456924e+02 1.32034689e+02 8.93030900e+01 6.93498780e+01 1.45952277e+02 9.81935779e+01 9.39292617e+01 2.00008953e+02 1.93256633e+02 1.59265743e+02 4.13193770e+00 1.65934348e+02 1.44404410e+02 1.51470712e+02 1.53485421e+02 1.52243006e+02 8.93587415e+01 6.95923651e+01 1.46005097e+02 9.88418391e+01 9.42695525e+01 1.53298278e+02 1.52172663e+02 1.85356976e+02 1.52206162e+01 1.91700889e+02 2.08119682e+02 2.04968425e+02 1.99710045e+02 1.93209691e+02 5.49184336e+01 2.08707623e+01 5.75952794e+01 7.59186143e+01 6.04991586e+01 1.56683398e+02 1.32496628e+02 1.83014236e+02 5.49071517e+01 1.82013931e+02 1.20941528e+02 1.61827371e+02 1.79347164e+02 1.65502685e+02 3.27839495e+02 8.01944329e+01 2.01932966e+02 5.12037757e+01 1.31765137e+02 6.00652700e+01 1.11274587e+02 1.43938773e+02 6.10591584e+01 1.83232848e+02 7.47455082e+01 6.89315689e+01 1.29552677e+02 1.20800797e+02 1.61745937e+02 7.99320103e+01 1.39985166e+02 5.10380076e+01 1.31542980e+02 1.25445789e+02 7.13207971e+01 1.43390794e+02 7.59141294e+01 6.06549399e+01 1.37778949e+02 1.55952842e+02 2.38634257e+02 4.58185427e+01 2.28218160e+02 2.08049684e+02 2.04933230e+02 1.48110407e+02 1.36377161e+02 1.87240982e+02 1.19003851e+02 1.71283944e+02 9.87608859e+01 9.43005421e+01 1.58815495e+02 1.35852540e+02 1.36461554e+02 6.18847584e+01 1.71936326e+02 1.44405062e+02 1.51475627e+02 1.25131614e+02 1.76707104e+02 1.86736429e+02 1.18005765e+02 1.67705770e+02 9.82710445e+01 9.39438900e+01 1.26360580e+02 1.77353446e+02 2.37849196e+02 4.59939032e+01 2.27663029e+02 2.07922351e+02 2.05140326e+02 1.59660376e+02 1.35469438e+02 1.22212455e+02 6.74330986e+01 1.40886883e+02 7.39639020e+01 6.00418807e+01 1.50868272e+02 1.39587844e+02 1.43222360e+02 6.03605772e+01 1.81534705e+02 1.21518222e+02 1.62247927e+02 1.38301546e+02 1.56583850e+02 7.18663266e+01 6.76353976e+01 1.30978526e+02 5.52948582e+01 1.32896566e+02 7.86371351e+01 1.38521766e+02 1.10005983e+02 4.00983802e+01 6.79528409e+01 2.93295191e+02 4.88820883e+01 2.76982522e+02 1.11587180e+02 9.19534443e+01 4.35859930e+01 4.33007850e+01 2.61288852e+02 2.27925904e+02 1.45362045e+02 1.07716484e+02 1.59917888e+02 1.28599916e+02 1.57148130e+02 9.94062593e+01 1.02677192e+02 2.36136634e+02 1.14410086e+02 2.14473324e+02 1.82601885e+02 2.03058707e+02 1.19894534e+02 9.66642045e+01 1.89841537e+02 7.43804887e+01 1.73715983e+02 8.59319989e+01 1.05131413e+02 1.62394718e+02 1.23420274e+02 1.81335807e+02 7.90366143e+01 2.80028187e+02 1.44491630e+02 1.68598716e+02 1.46129199e+02 1.51768967e+02 1.89403419e+02 7.49801906e+01 1.74937615e+02 8.43544208e+01 1.05558385e+02 1.45531883e+02 1.51582571e+02 2.36646834e+02 1.13811654e+02 2.14276064e+02 1.81450736e+02 2.03316614e+02 1.64823993e+02 1.25149523e+02 1.45781084e+02 1.08799464e+02 1.60156924e+02 1.23955158e+02 1.56329945e+02 1.20900390e+02 9.60453635e+01 1.05205540e+02 3.86668764e+01 5.25180946e+01 1.11125224e+02 9.75297090e+01 9.96997087e+01 1.02489359e+02 2.95600216e+02 4.83833201e+01 2.79837462e+02 2.62193747e+02 2.29216305e+02 3.86372663e+01 3.52886307e+01 1.10863028e+02 1.12512404e+02 1.40528532e+02 1.02430722e+02 1.09637147e+02 1.42094874e+02 2.12358176e+02 1.06539637e+02 2.20749477e+02 2.11594204e+02 1.06199257e+02 2.20258904e+02 1.14948655e+02 5.52513276e+01 7.88048727e+01 1.12896473e+02 7.85809601e+01 1.10539158e+02 2.41351398e+02 2.21670241e+02 1.36502192e+02 1.24846732e+02 1.13662440e+02 1.36003207e+02 1.24788325e+02 1.14031706e+02 1.01452316e+02 1.24497281e+02 1.07377172e+02 9.63126225e+01 1.07257851e+02 9.61384756e+01 2.06781326e+02 2.12862523e+02 2.22439480e+02 2.06369174e+02 2.13373177e+02 2.23721514e+02 1.61226585e+02 1.19821944e+02 1.41737328e+02 1.46141255e+02 1.41930945e+02 1.46466400e+02 2.45842165e+02 2.44069467e+02 2.45748473e+02 2.47650757e+02 2.44569069e+02 2.45106708e+02 1.81937224e+02 1.43909734e+02 2.22324912e+02 2.30140957e+02 2.22933268e+02 2.30778285e+02 2.76674324e+02 2.88888296e+02 3.07682317e+02 2.76669443e+02 2.88872054e+02 3.07656687e+02 1.98706017e+02 2.04578018e+02 2.36992535e+02 2.40280361e+02 2.36819852e+02 2.40195125e+02 2.48476798e+02 2.45409072e+02 2.45816714e+02 2.46413232e+02 2.44780028e+02 2.46474431e+02 1.79537717e+02 1.44602819e+02 2.36676195e+02 2.40016681e+02 2.36867806e+02 2.40184975e+02 2.07108494e+02 2.13622489e+02 2.23528529e+02 2.07499787e+02 2.13034245e+02 2.22148856e+02 1.61462171e+02 1.18812298e+02 2.24284569e+02 2.31459841e+02 2.23491141e+02 2.30538654e+02 1.35762521e+02 1.24576374e+02 1.13840251e+02 1.36350955e+02 1.24662342e+02 1.13430695e+02 1.01815887e+02 1.24459212e+02 1.41735432e+02 1.46304559e+02 1.41524904e+02 1.45963309e+02 1.02403213e+02 1.09074596e+02 1.41732651e+02 1.13488198e+02 1.12786812e+02 1.39803651e+02 1.08845708e+02 5.62334528e+01 1.07233179e+02 9.61421658e+01 1.07358583e+02 9.63335422e+01 2.11793283e+02 1.07064570e+02 2.20223440e+02 2.13207518e+02 1.07263984e+02 2.21585958e+02 2.42956197e+02 2.25226740e+02 7.77822969e+01 1.09129561e+02 7.80102092e+01 1.12114297e+02 1.05110153e+02 3.84982090e+01 5.35967577e+01 2.95588199e+02 4.87142749e+01 2.79822660e+02 1.08811905e+02 5.54937429e+01 3.86923449e+01 3.55680247e+01 2.42788793e+02 2.24791059e+02 1.45390860e+02 1.08764592e+02 1.59547010e+02 1.01737288e+02 1.24367592e+02 9.99169168e+01 1.02656257e+02 2.35334085e+02 1.14861245e+02 2.14604976e+02 1.61411162e+02 1.17950753e+02 1.20459102e+02 9.59145252e+01 1.87049435e+02 7.38181070e+01 1.75340845e+02 1.78929675e+02 1.46012189e+02 1.65319033e+02 1.25877458e+02 1.81257629e+02 7.92188620e+01 2.80215206e+02 1.98677510e+02 2.04598942e+02 1.45048762e+02 1.50046746e+02 1.92220368e+02 7.55777286e+01 1.73559125e+02 1.82785972e+02 1.42546186e+02 1.46575925e+02 1.53243768e+02 2.37463031e+02 1.13595774e+02 2.14058161e+02 1.61304305e+02 1.20951969e+02 1.61437507e+02 1.22155898e+02 1.45839696e+02 1.07557813e+02 1.60467943e+02 1.01488335e+02 1.24662689e+02 1.20154072e+02 9.70234587e+01 1.11200427e+02 4.05344825e+01 7.06239940e+01 1.16679126e+02 5.54558890e+01 9.92185353e+01 1.02615276e+02 2.92510109e+02 4.88728550e+01 2.76051543e+02 2.41395917e+02 2.21320788e+02 4.47916016e+01 4.49010070e+01 1.43187383e+02 6.00147926e+01 1.81350800e+02 7.15271463e+01 6.71147506e+01 1.32374134e+02 1.11277525e+02 9.80199454e+01 7.89642105e+01 1.38588327e+02 2.62955747e+02 2.29790515e+02 1.22099968e+02 6.82297410e+01 1.41701035e+02 1.24808874e+02 1.56199116e+02 1.37717176e+02 1.56193784e+02 2.39126403e+02 4.62611123e+01 2.28661519e+02 1.82738603e+02 2.03664397e+02 1.51336489e+02 1.39204019e+02 1.85492445e+02 1.19070736e+02 1.69553686e+02 8.45617747e+01 1.03691353e+02 1.57219021e+02 1.32487685e+02 1.36236385e+02 6.19594511e+01 1.71834150e+02 1.44337259e+02 1.68505672e+02 1.25943620e+02 1.76782619e+02 1.88217753e+02 1.18065915e+02 1.70152400e+02 8.57670688e+01 1.07677123e+02 1.25476148e+02 1.77110183e+02 2.37349327e+02 4.56001243e+01 2.27313802e+02 1.81487854e+02 2.02643978e+02 1.61086339e+02 1.39375478e+02 1.26882772e+02 7.14189285e+01 1.43176233e+02 1.28586911e+02 1.57262141e+02 1.47310465e+02 1.36408852e+02 1.43894828e+02 6.16875357e+01 1.83742590e+02 1.11655206e+02 9.05954436e+01 1.38149252e+02 1.56244412e+02 7.61604997e+01 7.01444824e+01 1.27498065e+02 2.60337548e+02 2.27262009e+02 7.93669328e+01 1.39816640e+02 1.83096269e+02 5.49654781e+01 1.82191043e+02 3.26538907e+02 7.94529287e+01 2.02170417e+02 1.21909937e+02 1.62447006e+02 6.00054890e+01 1.11023217e+02 5.46583997e+01 1.33458241e+02 5.16494091e+01 2.06749260e+01 5.52597668e+01 7.53572021e+01 5.99266910e+01 1.79304628e+02 1.65663240e+02 1.85597092e+02 1.56526826e+01 1.91854397e+02 2.08500661e+02 2.05380825e+02 1.57464343e+02 1.34716416e+02 8.96727559e+01 7.10285531e+01 1.46010135e+02 9.92268546e+01 9.43648419e+01 1.97825793e+02 1.92677226e+02 1.58881361e+02 4.20622938e+00 1.65666746e+02 1.44127391e+02 1.51266206e+02 1.52287967e+02 1.51780636e+02 8.88709226e+01 6.79231534e+01 1.45305399e+02 9.82385129e+01 9.45650719e+01 1.54656105e+02 1.52696702e+02 1.85596318e+02 1.48549322e+01 1.91782941e+02 2.07591321e+02 2.04795722e+02 2.01599710e+02 1.93280548e+02 6.07208143e+01 2.14110628e+01 6.11839212e+01 7.53905970e+01 6.16764764e+01 1.54333333e+02 1.28688167e+02 1.83075066e+02 5.50458521e+01 1.81811933e+02 1.19944931e+02 1.61313274e+02 1.79508831e+02 1.65370213e+02 3.29430846e+02 8.12708463e+01 2.01079766e+02 5.21434018e+01 1.30508880e+02 5.95012224e+01 1.11365642e+02 1.43232972e+02 6.00576763e+01 1.81464760e+02 7.17102500e+01 6.71936867e+01 1.32290430e+02 1.21857222e+02 1.62411176e+02 7.90604620e+01 1.38698116e+02 5.43260316e+01 1.33367181e+02 1.22345715e+02 6.85160491e+01 1.41903600e+02 7.55038680e+01 5.99449750e+01 1.37668831e+02 1.56141628e+02 2.39204771e+02 4.62535981e+01 2.28721864e+02 2.08515708e+02 2.05359328e+02 1.51123724e+02 1.38964210e+02 1.85526028e+02 1.19156031e+02 1.69870909e+02 9.92742895e+01 9.43736691e+01 1.57121947e+02 1.32477514e+02 1.36231837e+02 6.19618038e+01 1.71834101e+02 1.44126820e+02 1.51260456e+02 1.25847607e+02 1.76730231e+02 1.88204270e+02 1.17982293e+02 1.69909681e+02 9.81984488e+01 9.45097041e+01 1.25566833e+02 1.77164313e+02 2.37281417e+02 4.56141079e+01 2.27271451e+02 2.07575644e+02 2.04800975e+02 1.61172206e+02 1.39389455e+02 1.26686860e+02 7.11429170e+01 1.43017518e+02 7.52232245e+01 6.16251494e+01 1.47484273e+02 1.36637534e+02 1.43832633e+02 6.16407164e+01 1.83618911e+02 1.19976753e+02 1.61342298e+02 1.38185967e+02 1.56292456e+02 7.59467615e+01 7.00606120e+01 1.27580736e+02 5.24454078e+01 1.30592765e+02 7.92595266e+01 1.39713905e+02 1.05449342e+02 3.85870333e+01 5.46705049e+01 2.95434110e+02 4.87521252e+01 2.79631397e+02 1.11313246e+02 9.76275547e+01 3.90116383e+01 3.60522451e+01 2.62905813e+02 2.29714444e+02 1.45345906e+02 1.08683428e+02 1.59522721e+02 1.25163245e+02 1.56263491e+02 9.98948488e+01 1.02669382e+02 2.35285829e+02 1.14915212e+02 2.14630871e+02 1.82838296e+02 2.03653959e+02 1.20381486e+02 9.59611759e+01 1.87071766e+02 7.37554903e+01 1.75261153e+02 8.46874099e+01 1.03617323e+02 1.65146099e+02 1.25752210e+02 1.81243111e+02 7.92220818e+01 2.80223240e+02 1.44331394e+02 1.68507647e+02 1.45074508e+02 1.50029628e+02 1.92241126e+02 7.56306625e+01 1.73654955e+02 8.56594217e+01 1.07716332e+02 1.46527091e+02 1.53235583e+02 2.37523289e+02 1.13541216e+02 2.14044112e+02 1.81396522e+02 2.02664205e+02 1.61597083e+02 1.22257257e+02 1.45862880e+02 1.07628782e+02 1.60490976e+02 1.28276189e+02 1.57215151e+02 1.20227754e+02 9.69881684e+01 1.10878695e+02 4.04194740e+01 6.95344800e+01 1.11620154e+02 9.09795786e+01 9.92338947e+01 1.02600857e+02 2.92680287e+02 4.88365093e+01 2.76269720e+02 2.60399147e+02 2.27361646e+02 4.44199419e+01 4.42455745e+01 1.09235053e+02 5.53751108e+01 2.42680456e+02 2.24544539e+02 1.01708228e+02 1.24368706e+02 1.61397589e+02 1.18010995e+02 1.79096475e+02 1.45981830e+02 1.98666710e+02 2.04600536e+02 1.82625253e+02 1.42580336e+02 1.61326379e+02 1.20891070e+02 1.01512709e+02 1.24660753e+02 1.16245675e+02 5.54375580e+01 2.41522611e+02 2.21583175e+02 2.92683408e+02 4.88363410e+01 2.76274136e+02 1.10873188e+02 4.04167237e+01 6.95185003e+01 2.41525927e+02 2.21587953e+02 4.44143722e+01 4.42362748e+01 1.16239933e+02 5.54356535e+01 1.45862591e+02 1.07629702e+02 1.60490560e+02 9.92345780e+01 1.02599969e+02 1.01512848e+02 1.24661167e+02 2.37521744e+02 1.13542721e+02 2.14045637e+02 1.20227970e+02 9.69879134e+01 1.61326899e+02 1.20888806e+02 1.92235504e+02 7.56300243e+01 1.73657431e+02 1.61598105e+02 1.22258574e+02 1.82621939e+02 1.42582479e+02 1.81242860e+02 7.92217518e+01 2.80223035e+02 1.46525290e+02 1.53232754e+02 1.98671008e+02 2.04601291e+02 1.87077483e+02 7.37559928e+01 1.75258804e+02 1.45075932e+02 1.50031776e+02 1.79100059e+02 1.45979618e+02 2.35287429e+02 1.14913167e+02 2.14629602e+02 1.65145548e+02 1.25751345e+02 1.61396640e+02 1.18012722e+02 1.45345949e+02 1.08682720e+02 1.59523776e+02 1.20381324e+02 9.59611045e+01 1.01708010e+02 1.24367878e+02 1.05453202e+02 3.85890758e+01 5.46807539e+01 9.98942981e+01 1.02669326e+02 1.09238571e+02 5.53764443e+01 2.95431187e+02 4.87515704e+01 2.79628349e+02 3.90154085e+01 3.60565259e+01 2.42678865e+02 2.24543018e+02 7.59418853e+01 7.00578064e+01 1.27583899e+02 1.43832080e+02 6.16397529e+01 1.83616395e+02 2.60401045e+02 2.27363584e+02 7.92595623e+01 1.39712876e+02 1.11620512e+02 9.09865310e+01 1.26683873e+02 7.11409487e+01 1.43016708e+02 1.38186305e+02 1.56292452e+02 1.28272955e+02 1.57214322e+02 2.37283899e+02 4.56158539e+01 2.27273516e+02 1.47487390e+02 1.36639739e+02 1.81396610e+02 2.02664939e+02 1.88199922e+02 1.17982681e+02 1.69907678e+02 1.61168154e+02 1.39381942e+02 8.56572167e+01 1.07714737e+02 1.36232023e+02 6.19616873e+01 1.71834233e+02 1.25566832e+02 1.77163802e+02 1.44331267e+02 1.68507459e+02 1.85530829e+02 1.19155413e+02 1.69871426e+02 1.25847496e+02 1.76731445e+02 8.46900575e+01 1.03617204e+02 2.39203402e+02 4.62517731e+01 2.28719642e+02 1.57125696e+02 1.32483722e+02 1.82837426e+02 2.03653384e+02 1.22347265e+02 6.85167040e+01 1.41903671e+02 1.51120807e+02 1.38961569e+02 1.25165974e+02 1.56264527e+02 1.43232980e+02 6.00579394e+01 1.81466804e+02 1.37669541e+02 1.56142699e+02 1.11312095e+02 9.76213201e+01 7.17128278e+01 6.71953361e+01 1.32287999e+02 7.90608026e+01 1.38699272e+02 2.62904074e+02 2.29712702e+02 3.29431823e+02 8.12698095e+01 2.01083157e+02 1.83077026e+02 5.50455194e+01 1.81812925e+02 5.24451485e+01 1.30594916e+02 5.95039241e+01 1.11365831e+02 1.19979150e+02 1.61343909e+02 6.07107361e+01 2.14100551e+01 6.11789220e+01 1.79510910e+02 1.65371077e+02 7.52204794e+01 6.16211136e+01 1.85594243e+02 1.48549677e+01 1.91781270e+02 1.54341402e+02 1.28696482e+02 2.07576411e+02 2.04799801e+02 8.88684289e+01 6.79233026e+01 1.45303681e+02 2.01598910e+02 1.93282363e+02 9.81966028e+01 9.45075477e+01 1.58882383e+02 4.20609603e+00 1.65667659e+02 1.54654910e+02 1.52698011e+02 1.44127134e+02 1.51260995e+02 8.96758465e+01 7.10285516e+01 1.46013093e+02 1.52288663e+02 1.51778806e+02 9.92747309e+01 9.43738314e+01 1.85597220e+02 1.56526823e+01 1.91855448e+02 1.97827598e+02 1.92676813e+02 2.08514603e+02 2.05359854e+02 5.16562996e+01 2.06751191e+01 5.52646514e+01 1.57461437e+02 1.34711632e+02 7.55045073e+01 5.99463061e+01 1.83093655e+02 5.49651153e+01 1.82190052e+02 1.79302991e+02 1.65661969e+02 1.21855369e+02 1.62410505e+02 3.26539276e+02 7.94540560e+01 2.02170074e+02 6.00040432e+01 1.11023598e+02 5.43247164e+01 1.33365402e+02 7.61556371e+01 7.01416535e+01 1.27501541e+02 1.43894264e+02 6.16867099e+01 1.83739251e+02 5.21432052e+01 1.30511070e+02 7.93670802e+01 1.39815715e+02 1.19947198e+02 1.61314814e+02 1.26879873e+02 7.14168181e+01 1.43175997e+02 1.38149062e+02 1.56244411e+02 7.53876322e+01 6.16717865e+01 2.37351198e+02 4.56018693e+01 2.27315095e+02 1.47312917e+02 1.36411090e+02 2.07591384e+02 2.04795925e+02 1.88213406e+02 1.18066277e+02 1.70149752e+02 1.61082253e+02 1.39368602e+02 9.82367628e+01 9.45620043e+01 1.36237380e+02 6.19593419e+01 1.71833760e+02 1.25476606e+02 1.77109691e+02 1.44127700e+02 1.51266333e+02 1.85497266e+02 1.19070037e+02 1.69554896e+02 1.25943718e+02 1.76783457e+02 9.92272951e+01 9.43643304e+01 2.39124899e+02 4.62593161e+01 2.28659288e+02 1.57223558e+02 1.32493843e+02 2.08499557e+02 2.05380766e+02 1.22101407e+02 6.82303974e+01 1.41701096e+02 1.51333598e+02 1.39201292e+02 7.53578595e+01 5.99280400e+01 1.43187599e+02 6.00149904e+01 1.81352842e+02 1.37717138e+02 1.56194911e+02 1.21907244e+02 1.62446335e+02 7.15297019e+01 6.71163161e+01 1.32371489e+02 7.89645884e+01 1.38589539e+02 5.46571203e+01 1.33456463e+02 2.92513265e+02 4.88727724e+01 2.76056201e+02 1.11194767e+02 4.05315610e+01 7.06080612e+01 2.60339452e+02 2.27264125e+02 4.47852059e+01 4.48922559e+01 1.11655634e+02 9.06023264e+01 1.45839545e+02 1.07558732e+02 1.60466902e+02 9.92189437e+01 1.02615325e+02 1.28583563e+02 1.57260898e+02 2.37461696e+02 1.13597247e+02 2.14059529e+02 1.20154285e+02 9.70232437e+01 1.81487968e+02 2.02644785e+02 1.92214748e+02 7.55771043e+01 1.73561581e+02 1.61438467e+02 1.22157117e+02 8.57644029e+01 1.07676512e+02 1.81257372e+02 7.92185249e+01 2.80215205e+02 1.46574629e+02 1.53241420e+02 1.44337070e+02 1.68505479e+02 1.87054953e+02 7.38185895e+01 1.75337955e+02 1.45050244e+02 1.50049181e+02 8.45637303e+01 1.03690536e+02 2.35335313e+02 1.14859419e+02 2.14603012e+02 1.65318522e+02 1.25876521e+02 1.82738448e+02 2.03664503e+02 1.45391145e+02 1.08763894e+02 1.59547950e+02 1.20459137e+02 9.59145996e+01 1.24810955e+02 1.56200780e+02 1.05113970e+02 3.85002350e+01 5.36066535e+01 9.99161047e+01 1.02656139e+02 1.11276503e+02 9.80144644e+01 2.95586992e+02 4.87138414e+01 2.79819823e+02 3.86961318e+01 3.55720958e+01 2.62954012e+02 2.29790153e+02 2.41397529e+02 2.21323924e+02 1.16673547e+02 5.54538774e+01 1.01488754e+02 1.24663005e+02 1.61304901e+02 1.20949947e+02 1.82782687e+02 1.42548656e+02 1.98677384e+02 2.04599710e+02 1.78933304e+02 1.46009732e+02 1.61410120e+02 1.17952482e+02 1.01737201e+02 1.24367384e+02 1.08815489e+02 5.54950186e+01 2.42787207e+02 2.24789574e+02
        </DataArray>
      </PointData>
    </Piece>
  </UnstructuredGrid>
</VTKFile>
