<?xml version="1.0"?>
<VTKFile type="UnstructuredGrid" version="0.1" byte_order="LittleEndian">
  <UnstructuredGrid>
    <Piece NumberOfPoints="3003" NumberOfCells="400">
      <Points>
        <DataArray type="Float64" Name="Points" NumberOfComponents="3" format="ascii">
          0.00000000e+00 0.00000000e+00 4.59022000e+01 0.00000000e+00 0.00000000e+00 4.61444000e+01 0.00000000e+00 0.00000000e+00 4.63864000e+01 0.00000000e+00 5.03691780e+00 4.58484000e+01 0.00000000e+00 5.04187830e+00 4.60920000e+01 0.00000000e+00 5.04683340e+00 4.63354000e+01 0.00000000e+00 1.00703534e+01 4.56915000e+01 0.00000000e+00 1.00803471e+01 4.59358000e+01 0.00000000e+00 1.00903299e+01 4.61798000e+01 0.00000000e+00 1.50970906e+01 4.54325000e+01 0.00000000e+00 1.51121190e+01 4.56770000e+01 0.00000000e+00 1.51271300e+01 4.59213000e+01 0.00000000e+00 2.01143820e+01 4.50741000e+01 0.00000000e+00 2.01341570e+01 4.53181000e+01 0.00000000e+00 2.01539090e+01 4.55619000e+01 0.00000000e+00 2.51194520e+01 4.46194000e+01 0.00000000e+00 2.51437390e+01 4.48620000e+01 0.00000000e+00 2.51679950e+01 4.51044000e+01 0.00000000e+00 3.01099600e+01 4.40716000e+01 0.00000000e+00 3.01385440e+01 4.43128000e+01 0.00000000e+00 3.01670930e+01 4.45537000e+01 0.00000000e+00 3.50850531e+01 4.34407000e+01 0.00000000e+00 3.51172100e+01 4.36801000e+01 0.00000000e+00 3.51493070e+01 4.39193000e+01 0.00000000e+00 4.00434640e+01 4.27402000e+01 0.00000000e+00 4.00788030e+01 4.29776000e+01 0.00000000e+00 4.01141180e+01 4.32148000e+01 0.00000000e+00 4.49420990e+01 4.18659000e+01 0.00000000e+00 4.49974933e+01 4.20986000e+01 0.00000000e+00 4.50524838e+01 4.23295000e+01 0.00000000e+00 4.94010430e+01 3.98955000e+01 0.00000000e+00 4.95365800e+01 4.00927000e+01 0.00000000e+00 4.96705490e+01 4.02883000e+01 0.00000000e+00 5.28755800e+01 3.64009000e+01 0.00000000e+00 5.30488600e+01 3.65552000e+01 0.00000000e+00 5.32244700e+01 3.67116000e+01 0.00000000e+00 5.63131200e+01 3.27458000e+01 0.00000000e+00 5.64785400e+01 3.29045000e+01 0.00000000e+00 5.66462300e+01 3.30655000e+01 0.00000000e+00 5.98140700e+01 2.91798000e+01 0.00000000e+00 5.99768900e+01 2.93360000e+01 0.00000000e+00 6.01422700e+01 2.94948000e+01 0.00000000e+00 6.32612900e+01 2.55695000e+01 0.00000000e+00 6.34204900e+01 2.57204000e+01 0.00000000e+00 6.35827100e+01 2.58742000e+01 0.00000000e+00 6.66828600e+01 2.19093000e+01 0.00000000e+00 6.68380000e+01 2.20574000e+01 0.00000000e+00 6.69972800e+01 2.22092000e+01 0.00000000e+00 7.01802000e+01 1.83268000e+01 0.00000000e+00 7.03290000e+01 1.84680000e+01 0.00000000e+00 7.04773300e+01 1.86097000e+01 0.00000000e+00 7.24151000e+01 1.39502000e+01 0.00000000e+00 7.25837000e+01 1.40236000e+01 0.00000000e+00 7.27512000e+01 1.40965000e+01 0.00000000e+00 7.38423000e+01 9.15913000e+00 0.00000000e+00 7.40051000e+01 9.21019000e+00 0.00000000e+00 7.41653000e+01 9.25961000e+00 0.00000000e+00 7.48112000e+01 4.25740000e+00 0.00000000e+00 7.49819000e+01 4.24754000e+00 0.00000000e+00 7.51435000e+01 4.24079000e+00 0.00000000e+00 7.69502000e+01 -2.59936320e-01 0.00000000e+00 7.69388000e+01 0.00000000e+00 0.00000000e+00 7.69502000e+01 2.59936320e-01 5.03691720e+00 0.00000000e+00 4.58484000e+01 5.04187750e+00 0.00000000e+00 4.60920000e+01 5.04683240e+00 0.00000000e+00 4.63354000e+01 5.03700530e+00 5.03700600e+00 4.57939000e+01 5.04207050e+00 5.04207130e+00 4.60390000e+01 5.04713010e+00 5.04713110e+00 4.62838000e+01 5.03741700e+00 1.00704743e+01 4.56347000e+01 5.04269730e+00 1.00806826e+01 4.58806000e+01 5.04797190e+00 1.00908799e+01 4.61262000e+01 5.03795520e+00 1.50971441e+01 4.53721000e+01 5.04356420e+00 1.51125080e+01 4.56184000e+01 5.04916720e+00 1.51278540e+01 4.58644000e+01 5.03834230e+00 2.01142380e+01 4.50087000e+01 5.04438270e+00 2.01344830e+01 4.52546000e+01 5.05041670e+00 2.01547050e+01 4.55003000e+01 5.03812770e+00 2.51188830e+01 4.45469000e+01 5.04473830e+00 2.51438340e+01 4.47917000e+01 5.05134140e+00 2.51687540e+01 4.50363000e+01 5.03662550e+00 3.01085100e+01 4.39884000e+01 5.04411540e+00 3.01381220e+01 4.42321000e+01 5.05159860e+00 3.01676960e+01 4.44757000e+01 5.03299900e+00 3.50814695e+01 4.33381000e+01 5.04207660e+00 3.51153870e+01 4.35805000e+01 5.05113920e+00 3.51492540e+01 4.38227000e+01 5.02623880e+00 4.00366420e+01 4.26035000e+01 5.03868350e+00 4.00746792e+01 4.28442000e+01 5.05113070e+00 4.01126610e+01 4.30846000e+01 5.01603960e+00 4.49433294e+01 4.17044000e+01 5.02972700e+00 4.49981068e+01 4.19416000e+01 5.04328930e+00 4.50526706e+01 4.21775000e+01 4.98124890e+00 4.95485430e+01 3.99796000e+01 4.97197590e+00 4.96695260e+01 4.01936000e+01 4.96290320e+00 4.97890630e+01 4.04053000e+01 4.95368870e+00 5.34217200e+01 3.69099000e+01 4.89714600e+00 5.35824000e+01 3.70818000e+01 4.84069200e+00 5.37427500e+01 3.72534000e+01 4.94110300e+00 5.70366900e+01 3.34544000e+01 4.85604000e+00 5.71914700e+01 3.36171000e+01 4.77060700e+00 5.73466600e+01 3.37803000e+01 4.90330920e+00 6.06968900e+01 3.00278000e+01 4.79734900e+00 6.08428600e+01 3.01852000e+01 4.69102600e+00 6.09891800e+01 3.03429000e+01 4.87136400e+00 6.42500200e+01 2.64935000e+01 4.75858700e+00 6.43961600e+01 2.66375000e+01 4.64568300e+00 6.45422900e+01 2.67815000e+01 4.88916900e+00 6.75357900e+01 2.27242000e+01 4.80041600e+00 6.77029100e+01 2.28564000e+01 4.71257200e+00 6.78690700e+01 2.29874000e+01 4.96623380e+00 7.03538200e+01 1.85927000e+01 4.94268050e+00 7.05499400e+01 1.87046000e+01 4.91916470e+00 7.07424900e+01 1.88148000e+01 4.94865240e+00 7.19459000e+01 1.38863000e+01 4.97753490e+00 7.21490000e+01 1.39377000e+01 5.00606614e+00 7.23494000e+01 1.39889000e+01 4.78960900e+00 7.28206000e+01 8.95599000e+00 4.85779000e+00 7.30057000e+01 8.98523000e+00 4.92444080e+00 7.31886000e+01 9.01327000e+00 4.40690500e+00 7.30662000e+01 3.99998000e+00 4.49941300e+00 7.32238000e+01 3.96928000e+00 4.59147300e+00 7.33803000e+01 3.94347000e+00 5.30881300e+00 7.55944000e+01 -2.41713400e-01 5.30331000e+00 7.55856000e+01 0.00000000e+00 5.30881300e+00 7.55944000e+01 2.41713400e-01 1.00703522e+01 0.00000000e+00 4.56915000e+01 1.00803456e+01 0.00000000e+00 4.59358000e+01 1.00903280e+01 0.00000000e+00 4.61798000e+01 1.00704732e+01 5.03741760e+00 4.56347000e+01 1.00806812e+01 5.04269800e+00 4.58806000e+01 1.00908781e+01 5.04797280e+00 4.61262000e+01 1.00711471e+01 1.00711480e+01 4.54692000e+01 1.00817861e+01 1.00817873e+01 4.57159000e+01 1.00924137e+01 1.00924154e+01 4.59624000e+01 1.00719802e+01 1.50978220e+01 4.51966000e+01 1.00832595e+01 1.51138380e+01 4.54439000e+01 1.00945270e+01 1.51298360e+01 4.56909000e+01 1.00723955e+01 2.01146060e+01 4.48196000e+01 1.00844795e+01 2.01357230e+01 4.50666000e+01 1.00965512e+01 2.01568160e+01 4.53134000e+01 1.00714114e+01 2.51184280e+01 4.43395000e+01 1.00845032e+01 2.51445700e+01 4.45855000e+01 1.00975815e+01 2.51706810e+01 4.48313000e+01 1.00674685e+01 3.01062350e+01 4.37547000e+01 1.00819937e+01 3.01376490e+01 4.39998000e+01 1.00965046e+01 3.01690250e+01 4.42446000e+01 1.00586412e+01 3.50750481e+01 4.30615000e+01 1.00752896e+01 3.51120630e+01 4.33053000e+01 1.00919191e+01 3.51490290e+01 4.35488000e+01 1.00415167e+01 4.00212631e+01 4.22504000e+01 1.00618624e+01 4.00643988e+01 4.24924000e+01 1.00821939e+01 4.01074760e+01 4.27341000e+01 1.00087506e+01 4.49303809e+01 4.12729000e+01 1.00341351e+01 4.49853830e+01 4.15118000e+01 1.00594524e+01 4.50402794e+01 4.17501000e+01 9.93657820e+00 4.96879330e+01 3.98132000e+01 9.95187430e+00 4.97816190e+01 4.00421000e+01 9.96704540e+00 4.98746900e+01 4.02694000e+01 9.80140200e+00 5.40701880e+01 3.74707000e+01 9.77906200e+00 5.42064270e+01 3.76775000e+01 9.75699000e+00 5.43415010e+01 3.78827000e+01 9.64418400e+00 5.81302400e+01 3.45293000e+01 9.58325300e+00 5.82727200e+01 3.47232000e+01 9.52275900e+00 5.84145000e+01 3.49161000e+01 9.49256200e+00 6.20157600e+01 3.13525000e+01 9.41223500e+00 6.21689900e+01 3.15273000e+01 9.33276100e+00 6.23212700e+01 3.17008000e+01 9.45129300e+00 6.53950400e+01 2.76683000e+01 9.41067100e+00 6.55962900e+01 2.78079000e+01 9.37119100e+00 6.57937600e+01 2.79446000e+01 9.63706700e+00 6.78455000e+01 2.32796000e+01 9.66808600e+00 6.80687300e+01 2.33815000e+01 9.69803200e+00 6.82874000e+01 2.34815000e+01 9.69092000e+00 6.93869000e+01 1.85036000e+01 9.78379500e+00 6.96065000e+01 1.85556000e+01 9.87487900e+00 6.98230000e+01 1.86069000e+01 9.46337700e+00 7.01189000e+01 1.35521000e+01 9.58130700e+00 7.03261000e+01 1.35650000e+01 9.69846500e+00 7.05324000e+01 1.35784000e+01 9.11394600e+00 7.04584000e+01 8.54364000e+00 9.23463400e+00 7.06615000e+01 8.54283000e+00 9.35482100e+00 7.08636000e+01 8.54039000e+00 8.58759000e+00 7.04387000e+01 3.55758000e+00 8.69983000e+00 7.06385000e+01 3.53939000e+00 8.81398000e+00 7.08412000e+01 3.52747000e+00 9.65310700e+00 7.33572000e+01 -2.73385100e-01 9.64958500e+00 7.33517000e+01 0.00000000e+00 9.65310700e+00 7.33572000e+01 2.73385100e-01 1.50970893e+01 0.00000000e+00 4.54325000e+01 1.51121170e+01 0.00000000e+00 4.56770000e+01 1.51271280e+01 0.00000000e+00 4.59213000e+01 1.50971429e+01 5.03795560e+00 4.53721000e+01 1.51125060e+01 5.04356480e+00 4.56184000e+01 1.51278520e+01 5.04916800e+00 4.58644000e+01 1.50978211e+01 1.00719808e+01 4.51966000e+01 1.51138360e+01 1.00832605e+01 4.54439000e+01 1.51298340e+01 1.00945283e+01 4.56909000e+01 1.50985601e+01 1.50985605e+01 4.49088000e+01 1.51155040e+01 1.51155050e+01 4.51567000e+01 1.51324300e+01 1.51324310e+01 4.54044000e+01 1.50985081e+01 2.01148530e+01 4.45121000e+01 1.51165370e+01 2.01371330e+01 4.47599000e+01 1.51345470e+01 2.01593900e+01 4.50075000e+01 1.50961074e+01 2.51175830e+01 4.40074000e+01 1.51153670e+01 2.51452130e+01 4.42543000e+01 1.51346070e+01 2.51728110e+01 4.45009000e+01 1.50887922e+01 3.01032260e+01 4.33901000e+01 1.51096480e+01 3.01366900e+01 4.36361000e+01 1.51304830e+01 3.01701150e+01 4.38818000e+01 1.50730682e+01 3.50679160e+01 4.26507000e+01 1.50961103e+01 3.51079220e+01 4.28953000e+01 1.51191300e+01 3.51478780e+01 4.31396000e+01 1.50438904e+01 4.00049855e+01 4.17682000e+01 1.50697294e+01 4.00529894e+01 4.20109000e+01 1.50955421e+01 4.01009290e+01 4.22533000e+01 1.49915418e+01 4.49021249e+01 4.07019000e+01 1.50209939e+01 4.49614821e+01 4.09417000e+01 1.50504139e+01 4.50207511e+01 4.11811000e+01 1.48968770e+01 4.97120020e+01 3.93229000e+01 1.49243956e+01 4.97929310e+01 3.95578000e+01 1.49518496e+01 4.98736540e+01 3.97920000e+01 1.47386490e+01 5.43298670e+01 3.74201000e+01 1.47455570e+01 5.44401790e+01 3.76455000e+01 1.47523850e+01 5.45500970e+01 3.78702000e+01 1.45190600e+01 5.87317100e+01 3.50332000e+01 1.44978460e+01 5.88561300e+01 3.52497000e+01 1.44767330e+01 5.89805700e+01 3.54658000e+01 1.42750800e+01 6.26729400e+01 3.21193000e+01 1.42618800e+01 6.28717900e+01 3.22873000e+01 1.42488930e+01 6.30667700e+01 3.24516000e+01 1.42189070e+01 6.48745200e+01 2.77331000e+01 1.42900520e+01 6.51098400e+01 2.78053000e+01 1.43602150e+01 6.53426000e+01 2.78773000e+01 1.41340790e+01 6.60844300e+01 2.29097000e+01 1.42548410e+01 6.63022100e+01 2.29550000e+01 1.43756490e+01 6.65198800e+01 2.30002000e+01 1.39728600e+01 6.69759000e+01 1.80125000e+01 1.41029950e+01 6.71959000e+01 1.80368000e+01 1.42337590e+01 6.74164000e+01 1.80611000e+01 1.37470000e+01 6.75902000e+01 1.30572000e+01 1.38631300e+01 6.78204000e+01 1.30783000e+01 1.39803500e+01 6.80525000e+01 1.31000000e+01 1.35494000e+01 6.81494000e+01 8.09230000e+00 1.36419600e+01 6.83947000e+01 8.10932000e+00 1.37348300e+01 6.86399000e+01 8.12465000e+00 1.32493200e+01 6.83910000e+01 3.11810000e+00 1.33206600e+01 6.86403000e+01 3.13908000e+00 1.33933700e+01 6.88952000e+01 3.16673000e+00 1.38536200e+01 7.18274000e+01 -2.97977800e-01 1.38528200e+01 7.18259000e+01 0.00000000e+00 1.38536200e+01 7.18274000e+01 2.97977800e-01 2.01143810e+01 0.00000000e+00 4.50742000e+01 2.01341550e+01 0.00000000e+00 4.53181000e+01 2.01539070e+01 0.00000000e+00 4.55619000e+01 2.01142370e+01 5.03834260e+00 4.50087000e+01 2.01344810e+01 5.04438310e+00 4.52546000e+01 2.01547020e+01 5.05041730e+00 4.55003000e+01 2.01146060e+01 1.00723957e+01 4.48196000e+01 2.01357220e+01 1.00844801e+01 4.50666000e+01 2.01568140e+01 1.00965521e+01 4.53134000e+01 2.01148530e+01 1.50985079e+01 4.45121000e+01 2.01371330e+01 1.51165370e+01 4.47599000e+01 2.01593890e+01 1.51345480e+01 4.50075000e+01 2.01139790e+01 2.01139780e+01 4.40924000e+01 2.01374670e+01 2.01374670e+01 4.43400000e+01 2.01609320e+01 2.01609320e+01 4.45874000e+01 2.01099470e+01 2.51154620e+01 4.35617000e+01 2.01345960e+01 2.51444480e+01 4.38083000e+01 2.01592200e+01 2.51734020e+01 4.40546000e+01 2.00992804e+01 3.00990360e+01 4.29138000e+01 2.01251910e+01 3.01342400e+01 4.31594000e+01 2.01510760e+01 3.01694050e+01 4.34048000e+01 2.00771694e+01 3.50601321e+01 4.21356000e+01 2.01045950e+01 3.51024320e+01 4.23798000e+01 2.01319950e+01 3.51446810e+01 4.26237000e+01 2.00367300e+01 3.99912657e+01 4.12031000e+01 2.00659997e+01 4.00421203e+01 4.14451000e+01 2.00952389e+01 4.00929104e+01 4.16869000e+01 1.99686160e+01 4.48802130e+01 4.00796000e+01 1.99997698e+01 4.49418658e+01 4.03190000e+01 2.00308893e+01 4.50034326e+01 4.05580000e+01 1.98609060e+01 4.97071400e+01 3.87158000e+01 1.98920730e+01 4.97824970e+01 3.89522000e+01 1.99231869e+01 4.98577270e+01 3.91882000e+01 1.97020230e+01 5.44366130e+01 3.70483000e+01 1.97253800e+01 5.45287280e+01 3.72810000e+01 1.97486950e+01 5.46205020e+01 3.75130000e+01 1.94907460e+01 5.90154550e+01 3.50750000e+01 1.94983720e+01 5.91301880e+01 3.53000000e+01 1.95059550e+01 5.92445100e+01 3.55231000e+01 1.92430590e+01 6.27554600e+01 3.21373000e+01 1.92350570e+01 6.29880900e+01 3.22763000e+01 1.92272510e+01 6.32156900e+01 3.24131000e+01 1.90891220e+01 6.37694900e+01 2.74520000e+01 1.90786510e+01 6.40287900e+01 2.74786000e+01 1.90680000e+01 6.42945100e+01 2.75063000e+01 1.89451000e+01 6.45665000e+01 2.24885000e+01 1.89394400e+01 6.48260000e+01 2.25350000e+01 1.89338300e+01 6.50911900e+01 2.25825000e+01 1.87954200e+01 6.54794000e+01 1.75989000e+01 1.87909700e+01 6.57401000e+01 1.76456000e+01 1.87864700e+01 6.60053000e+01 1.76929000e+01 1.86472000e+01 6.63348000e+01 1.26930000e+01 1.86410700e+01 6.65967000e+01 1.27402000e+01 1.86348100e+01 6.68630000e+01 1.27887000e+01 1.85087600e+01 6.72534000e+01 7.80236000e+00 1.85006300e+01 6.75206000e+01 7.84242000e+00 1.84925100e+01 6.77881000e+01 7.88102000e+00 1.83777800e+01 6.77244000e+01 2.85761000e+00 1.83696900e+01 6.79886000e+01 2.90366000e+00 1.83613200e+01 6.82589000e+01 2.95659000e+00 1.81390000e+01 7.14671000e+01 -2.91500400e-01 1.81389700e+01 7.14665000e+01 0.00000000e+00 1.81390000e+01 7.14671000e+01 2.91500400e-01 2.51194530e+01 0.00000000e+00 4.46195000e+01 2.51437390e+01 0.00000000e+00 4.48621000e+01 2.51679930e+01 0.00000000e+00 4.51044000e+01 2.51188840e+01 5.03812760e+00 4.45469000e+01 2.51438340e+01 5.04473850e+00 4.47917000e+01 2.51687530e+01 5.05134190e+00 4.50363000e+01 2.51184280e+01 1.00714111e+01 4.43395000e+01 2.51445700e+01 1.00845033e+01 4.45855000e+01 2.51706800e+01 1.00975820e+01 4.48314000e+01 2.51175840e+01 1.50961063e+01 4.40075000e+01 2.51452130e+01 1.51153660e+01 4.42543000e+01 2.51728110e+01 1.51346070e+01 4.45009000e+01 2.51154640e+01 2.01099440e+01 4.35617000e+01 2.51444500e+01 2.01345940e+01 4.38083000e+01 2.51734040e+01 2.01592190e+01 4.40546000e+01 2.51098000e+01 2.51097960e+01 4.30061000e+01 2.51398060e+01 2.51398030e+01 4.32514000e+01 2.51697810e+01 2.51697780e+01 4.34964000e+01 2.50963965e+01 3.00916586e+01 4.23338000e+01 2.51272630e+01 3.01278770e+01 4.25780000e+01 2.51580970e+01 3.01640560e+01 4.28218000e+01 2.50696463e+01 3.50503221e+01 4.15297000e+01 2.51011650e+01 3.50937994e+01 4.17721000e+01 2.51326500e+01 3.51372240e+01 4.20143000e+01 2.50213032e+01 3.99769709e+01 4.05666000e+01 2.50534599e+01 4.00292933e+01 4.08067000e+01 2.50855801e+01 4.00815496e+01 4.10465000e+01 2.49408127e+01 4.48579180e+01 3.94069000e+01 2.49738202e+01 4.49210590e+01 3.96439000e+01 2.50067920e+01 4.49841104e+01 3.98806000e+01 2.48170650e+01 4.96754080e+01 3.80127000e+01 2.48517700e+01 4.97510300e+01 3.82465000e+01 2.48864200e+01 4.98265690e+01 3.84801000e+01 2.46466800e+01 5.44168910e+01 3.63738000e+01 2.46849660e+01 5.45043280e+01 3.66037000e+01 2.47232190e+01 5.45915710e+01 3.68332000e+01 2.44443880e+01 5.90629150e+01 3.44986000e+01 2.44825350e+01 5.91639900e+01 3.47236000e+01 2.45203320e+01 5.92649470e+01 3.49477000e+01 2.41851710e+01 6.31814500e+01 3.19062000e+01 2.41849840e+01 6.33770600e+01 3.20817000e+01 2.41847480e+01 6.35684300e+01 3.22530000e+01 2.38496300e+01 6.53080900e+01 2.75362000e+01 2.37557700e+01 6.55361900e+01 2.76010000e+01 2.36628800e+01 6.57619600e+01 2.76657000e+01 2.36958900e+01 6.63176400e+01 2.26752000e+01 2.35628600e+01 6.65282700e+01 2.27178000e+01 2.34292000e+01 6.67391400e+01 2.27604000e+01 2.35781200e+01 6.71363000e+01 1.77636000e+01 2.34427500e+01 6.73508000e+01 1.77967000e+01 2.33067100e+01 6.75657000e+01 1.78298000e+01 2.35034400e+01 6.77845000e+01 1.28204000e+01 2.33829400e+01 6.80100000e+01 1.28499000e+01 2.32614600e+01 6.82370000e+01 1.28800000e+01 2.34309100e+01 6.83669000e+01 7.87363000e+00 2.33341700e+01 6.86084000e+01 7.89344000e+00 2.32374500e+01 6.88494000e+01 7.91156000e+00 2.34745100e+01 6.86453000e+01 2.88106000e+00 2.33949700e+01 6.88882000e+01 2.92648000e+00 2.33135600e+01 6.91368000e+01 2.97868000e+00 2.24361100e+01 7.22785000e+01 -2.78670100e-01 2.24367900e+01 7.22769000e+01 0.00000000e+00 2.24361100e+01 7.22785000e+01 2.78670100e-01 3.01099630e+01 0.00000000e+00 4.40717000e+01 3.01385450e+01 0.00000000e+00 4.43129000e+01 3.01670920e+01 0.00000000e+00 4.45538000e+01 3.01085130e+01 5.03662520e+00 4.39884000e+01 3.01381230e+01 5.04411530e+00 4.42322000e+01 3.01676960e+01 5.05159880e+00 4.44757000e+01 3.01062380e+01 1.00674675e+01 4.37547000e+01 3.01376510e+01 1.00819933e+01 4.39998000e+01 3.01690250e+01 1.00965046e+01 4.42447000e+01 3.01032290e+01 1.50887900e+01 4.33902000e+01 3.01366920e+01 1.51096460e+01 4.36361000e+01 3.01701170e+01 1.51304820e+01 4.38818000e+01 3.00990410e+01 2.00992766e+01 4.29139000e+01 3.01342450e+01 2.01251880e+01 4.31595000e+01 3.01694080e+01 2.01510740e+01 4.34048000e+01 3.00916652e+01 2.50963906e+01 4.23338000e+01 3.01278830e+01 2.51272580e+01 4.25780000e+01 3.01640610e+01 2.51580920e+01 4.28218000e+01 3.00764642e+01 3.00764556e+01 4.16437000e+01 3.01132700e+01 3.01132620e+01 4.18866000e+01 3.01500350e+01 3.01500280e+01 4.21292000e+01 3.00474148e+01 3.50341778e+01 4.08271000e+01 3.00842932e+01 3.50780129e+01 4.10681000e+01 3.01211290e+01 3.51217940e+01 4.13089000e+01 2.99956745e+01 3.99594964e+01 3.98547000e+01 3.00321785e+01 4.00121403e+01 4.00932000e+01 3.00686372e+01 4.00647109e+01 4.03315000e+01 2.99094418e+01 4.48359100e+01 3.86836000e+01 2.99453731e+01 4.48996890e+01 3.89189000e+01 2.99812571e+01 4.49633721e+01 3.91540000e+01 2.97750690e+01 4.96367510e+01 3.72581000e+01 2.98110840e+01 4.97149360e+01 3.74899000e+01 2.98470440e+01 4.97929880e+01 3.77214000e+01 2.95804650e+01 5.43277270e+01 3.55266000e+01 2.96204030e+01 5.44220810e+01 3.57523000e+01 2.96603090e+01 5.45163380e+01 3.59778000e+01 2.93284830e+01 5.89031100e+01 3.34992000e+01 2.93820430e+01 5.90102180e+01 3.37172000e+01 2.94355510e+01 5.91172920e+01 3.39351000e+01 2.90097370e+01 6.31926100e+01 3.09940000e+01 2.90603300e+01 6.33415800e+01 3.11877000e+01 2.91103440e+01 6.34896200e+01 3.13799000e+01 2.85280400e+01 6.65728700e+01 2.74379000e+01 2.85155000e+01 6.67859700e+01 2.75731000e+01 2.85031200e+01 6.69955400e+01 2.77058000e+01 2.80351500e+01 6.86036400e+01 2.29190000e+01 2.79560200e+01 6.88282400e+01 2.30004000e+01 2.78785700e+01 6.90500300e+01 2.30811000e+01 2.77795400e+01 6.97784000e+01 1.80762000e+01 2.76611300e+01 6.99947000e+01 1.81182000e+01 2.75439000e+01 7.02092600e+01 1.81597000e+01 2.77442100e+01 7.04227000e+01 1.31214000e+01 2.76123400e+01 7.06328000e+01 1.31372000e+01 2.74810000e+01 7.08422000e+01 1.31534000e+01 2.78909800e+01 7.06602000e+01 8.12929000e+00 2.77636500e+01 7.08734000e+01 8.12441000e+00 2.76366400e+01 7.10860000e+01 8.11783000e+00 2.81346600e+01 7.07461000e+01 3.09689000e+00 2.80134400e+01 7.09591000e+01 3.12695000e+00 2.78897500e+01 7.11765000e+01 3.16333000e+00 2.66123800e+01 7.40313000e+01 -2.70852000e-01 2.66141400e+01 7.40284000e+01 0.00000000e+00 2.66123800e+01 7.40313000e+01 2.70852000e-01 3.50850587e+01 0.00000000e+00 4.34408000e+01 3.51172140e+01 0.00000000e+00 4.36802000e+01 3.51493090e+01 0.00000000e+00 4.39194000e+01 3.50814752e+01 5.03299830e+00 4.33382000e+01 3.51153910e+01 5.04207640e+00 4.35806000e+01 3.51492570e+01 5.05113940e+00 4.38228000e+01 3.50750542e+01 1.00586394e+01 4.30616000e+01 3.51120680e+01 1.00752885e+01 4.33054000e+01 3.51490320e+01 1.00919186e+01 4.35489000e+01 3.50679230e+01 1.50730646e+01 4.26507000e+01 3.51079270e+01 1.50961075e+01 4.28953000e+01 3.51478830e+01 1.51191280e+01 4.31397000e+01 3.50601402e+01 2.00771637e+01 4.21357000e+01 3.51024390e+01 2.01045910e+01 4.23798000e+01 3.51446880e+01 2.01319910e+01 4.26237000e+01 3.50503318e+01 2.50696380e+01 4.15297000e+01 3.50938082e+01 2.51011580e+01 4.17721000e+01 3.51372320e+01 2.51326440e+01 4.20143000e+01 3.50341896e+01 3.00474035e+01 4.08271000e+01 3.50780238e+01 3.00842828e+01 4.10682000e+01 3.51218040e+01 3.01211190e+01 4.13089000e+01 3.50055962e+01 3.50055817e+01 4.00098000e+01 3.50489636e+01 3.50489499e+01 4.02489000e+01 3.50922749e+01 3.50922622e+01 4.04878000e+01 3.49553771e+01 3.99337041e+01 3.90469000e+01 3.49975125e+01 3.99853856e+01 3.92835000e+01 3.50395897e+01 4.00369921e+01 3.95197000e+01 3.48709280e+01 4.48143980e+01 3.78935000e+01 3.49112206e+01 4.48768160e+01 3.81269000e+01 3.49514510e+01 4.49391270e+01 3.83599000e+01 3.47359970e+01 4.96167000e+01 3.64830000e+01 3.47741890e+01 4.96941340e+01 3.67129000e+01 3.48123140e+01 4.97714110e+01 3.69423000e+01 3.45322790e+01 5.42849120e+01 3.47197000e+01 3.45683260e+01 5.43831320e+01 3.49428000e+01 3.46042950e+01 5.44810950e+01 3.51653000e+01 3.42418010e+01 5.87536000e+01 3.25226000e+01 3.42814840e+01 5.88738100e+01 3.27339000e+01 3.43211770e+01 5.89939800e+01 3.29452000e+01 3.38610400e+01 6.29891000e+01 2.99025000e+01 3.39095100e+01 6.31306100e+01 3.00985000e+01 3.39579700e+01 6.32720100e+01 3.02945000e+01 3.33786900e+01 6.67536000e+01 2.66883000e+01 3.34105400e+01 6.69317000e+01 2.68537000e+01 3.34420600e+01 6.71090000e+01 2.70182000e+01 3.28116300e+01 6.96752900e+01 2.27160000e+01 3.27977700e+01 6.98865500e+01 2.28385000e+01 3.27837000e+01 7.00961100e+01 2.29598000e+01 3.23224500e+01 7.16673500e+01 1.81820000e+01 3.22595900e+01 7.18886900e+01 1.82616000e+01 3.21972900e+01 7.21080500e+01 1.83404000e+01 3.20643300e+01 7.28357000e+01 1.33460000e+01 3.19616600e+01 7.30493000e+01 1.33850000e+01 3.18596300e+01 7.32616000e+01 1.34242000e+01 3.20987500e+01 7.33357000e+01 8.38517000e+00 3.19706100e+01 7.35357000e+01 8.39111000e+00 3.18431900e+01 7.37348000e+01 8.39561000e+00 3.23555500e+01 7.34652000e+01 3.36888000e+00 3.22214300e+01 7.36550000e+01 3.37872000e+00 3.20854400e+01 7.38474000e+01 3.39442000e+00 3.07092300e+01 7.64202000e+01 -2.61584200e-01 3.07125300e+01 7.64156000e+01 0.00000000e+00 3.07092300e+01 7.64202000e+01 2.61584200e-01 4.00434745e+01 0.00000000e+00 4.27403000e+01 4.00788115e+01 0.00000000e+00 4.29777000e+01 4.01141250e+01 0.00000000e+00 4.32149000e+01 4.00366528e+01 5.02623790e+00 4.26036000e+01 4.00746881e+01 5.03868320e+00 4.28443000e+01 4.01126680e+01 5.05113120e+00 4.30848000e+01 4.00212741e+01 1.00415138e+01 4.22506000e+01 4.00644081e+01 1.00618605e+01 4.24925000e+01 4.01074840e+01 1.00821930e+01 4.27342000e+01 4.00049966e+01 1.50438849e+01 4.17683000e+01 4.00529993e+01 1.50697249e+01 4.20110000e+01 4.01009370e+01 1.50955386e+01 4.22534000e+01 3.99912779e+01 2.00367216e+01 4.12031000e+01 4.00421314e+01 2.00659923e+01 4.14452000e+01 4.00929204e+01 2.00952324e+01 4.16870000e+01 3.99769845e+01 2.50212918e+01 4.05666000e+01 4.00293060e+01 2.50534493e+01 4.08067000e+01 4.00815614e+01 2.50855703e+01 4.10465000e+01 3.99595120e+01 2.99956597e+01 3.98547000e+01 4.00121549e+01 3.00321646e+01 4.00933000e+01 4.00647247e+01 3.00686242e+01 4.03316000e+01 3.99337223e+01 3.49553590e+01 3.90469000e+01 3.99854029e+01 3.49974952e+01 3.92835000e+01 4.00370085e+01 3.50395734e+01 3.95198000e+01 3.98897780e+01 3.98897570e+01 3.81092000e+01 3.99394643e+01 3.99394435e+01 3.83431000e+01 3.99890731e+01 3.99890531e+01 3.85767000e+01 3.98137200e+01 4.47820470e+01 3.69953000e+01 3.98605270e+01 4.48416300e+01 3.72260000e+01 3.99072534e+01 4.49011030e+01 3.74564000e+01 3.96867540e+01 4.96026100e+01 3.56375000e+01 3.97301050e+01 4.96763120e+01 3.58653000e+01 3.97733700e+01 4.97498510e+01 3.60926000e+01 3.94862720e+01 5.42958340e+01 3.39325000e+01 3.95244830e+01 5.43901810e+01 3.41541000e+01 3.95626020e+01 5.44842320e+01 3.43750000e+01 3.91877680e+01 5.87647700e+01 3.17444000e+01 3.92197180e+01 5.88857600e+01 3.19535000e+01 3.92515950e+01 5.90063820e+01 3.21620000e+01 3.87819000e+01 6.29349500e+01 2.90381000e+01 3.88129300e+01 6.30793000e+01 2.92305000e+01 3.88439400e+01 6.32234900e+01 2.94227000e+01 3.82814200e+01 6.67557700e+01 2.58634000e+01 3.83120900e+01 6.69205000e+01 2.60355000e+01 3.83427400e+01 6.70848900e+01 2.62072000e+01 3.77156400e+01 7.00628500e+01 2.21776000e+01 3.77308500e+01 7.02527200e+01 2.23215000e+01 3.77460300e+01 7.04417400e+01 2.24647000e+01 3.71452700e+01 7.27019000e+01 1.79869000e+01 3.71310900e+01 7.29094900e+01 1.80986000e+01 3.71170900e+01 7.31156000e+01 1.82094000e+01 3.66666900e+01 7.46197000e+01 1.34058000e+01 3.66141800e+01 7.48317000e+01 1.34829000e+01 3.65619800e+01 7.50419900e+01 1.35596000e+01 3.63689700e+01 7.58417000e+01 8.57998000e+00 3.62757600e+01 7.60446000e+01 8.62344000e+00 3.61841100e+01 7.62451000e+01 8.66540000e+00 3.63915700e+01 7.62606000e+01 3.61524000e+00 3.62767000e+01 7.64478000e+01 3.61414000e+00 3.61619500e+01 7.66347000e+01 3.61817000e+00 3.49894200e+01 7.90248000e+01 -2.62261500e-01 3.49934300e+01 7.90184000e+01 0.00000000e+00 3.49894200e+01 7.90248000e+01 2.62261500e-01 4.49421092e+01 0.00000000e+00 4.18661000e+01 4.49975044e+01 0.00000000e+00 4.20987000e+01 4.50524956e+01 0.00000000e+00 4.23296000e+01 4.49433422e+01 5.01603870e+00 4.17046000e+01 4.49981198e+01 5.02972630e+00 4.19417000e+01 4.50526836e+01 5.04328890e+00 4.21777000e+01 4.49303967e+01 1.00087458e+01 4.12730000e+01 4.49853980e+01 1.00341315e+01 4.15119000e+01 4.50402935e+01 1.00594500e+01 4.17503000e+01 4.49021413e+01 1.49915332e+01 4.07020000e+01 4.49614974e+01 1.50209866e+01 4.09418000e+01 4.50207653e+01 1.50504079e+01 4.11812000e+01 4.48802300e+01 1.99686039e+01 4.00797000e+01 4.49418820e+01 1.99997588e+01 4.03191000e+01 4.50034479e+01 2.00308793e+01 4.05581000e+01 4.48579360e+01 2.49407970e+01 3.94069000e+01 4.49210766e+01 2.49738054e+01 3.96440000e+01 4.49841271e+01 2.50067781e+01 3.98807000e+01 4.48359300e+01 2.99094223e+01 3.86836000e+01 4.48997080e+01 2.99453546e+01 3.89190000e+01 4.49633905e+01 2.99812396e+01 3.91540000e+01 4.48144200e+01 3.48709050e+01 3.78935000e+01 4.48768380e+01 3.49111985e+01 3.81269000e+01 4.49391476e+01 3.49514298e+01 3.83599000e+01 4.47820720e+01 3.98136940e+01 3.69953000e+01 4.48416550e+01 3.98605010e+01 3.72260000e+01 4.49011270e+01 3.99072286e+01 3.74564000e+01 4.47220600e+01 4.47220300e+01 3.59398000e+01 4.47776900e+01 4.47776610e+01 3.61677000e+01 4.48332090e+01 4.48331800e+01 3.63951000e+01 4.46122680e+01 4.95691600e+01 3.46601000e+01 4.46630920e+01 4.96377170e+01 3.48859000e+01 4.47138020e+01 4.97061080e+01 3.51111000e+01 4.44262880e+01 5.43060060e+01 3.30580000e+01 4.44703540e+01 5.43937210e+01 3.32789000e+01 4.45143010e+01 5.44811680e+01 3.34991000e+01 4.41356040e+01 5.88396500e+01 3.09904000e+01 4.41695120e+01 5.89534700e+01 3.12003000e+01 4.42033250e+01 5.90668450e+01 3.14096000e+01 4.37283200e+01 6.30510300e+01 2.83535000e+01 4.37514000e+01 6.31923400e+01 2.85457000e+01 4.37744400e+01 6.33332000e+01 2.87374000e+01 4.32222600e+01 6.68780300e+01 2.51881000e+01 4.32395400e+01 6.70394600e+01 2.53602000e+01 4.32568000e+01 6.72006200e+01 2.55320000e+01 4.26547000e+01 7.02781200e+01 2.15759000e+01 4.26666800e+01 7.04579000e+01 2.17255000e+01 4.26786200e+01 7.06374100e+01 2.18749000e+01 4.20716200e+01 7.31892900e+01 1.75587000e+01 4.20736500e+01 7.33837800e+01 1.76833000e+01 4.20756700e+01 7.35776500e+01 1.78075000e+01 4.15210000e+01 7.55521200e+01 1.31824000e+01 4.15086100e+01 7.57549800e+01 1.32806000e+01 4.14961700e+01 7.59570400e+01 1.33785000e+01 4.10491900e+01 7.73568000e+01 8.54102000e+00 4.10167700e+01 7.75635000e+01 8.61237000e+00 4.09848200e+01 7.77676000e+01 8.68196000e+00 4.07653800e+01 7.82564000e+01 3.65062000e+00 4.07094600e+01 7.84637000e+01 3.66476000e+00 4.06542400e+01 7.86687000e+01 3.68342000e+00 3.97704900e+01 8.11564000e+01 -2.70175800e-01 3.97727800e+01 8.11489000e+01 0.00000000e+00 3.97704900e+01 8.11564000e+01 2.70175800e-01 4.94009930e+01 0.00000000e+00 3.98956000e+01 4.95365360e+01 0.00000000e+00 4.00927000e+01 4.96705120e+01 0.00000000e+00 4.02884000e+01 4.95485220e+01 4.98124400e+00 3.99797000e+01 4.96695110e+01 4.97196780e+00 4.01937000e+01 4.97890530e+01 4.96289190e+00 4.04054000e+01 4.96879420e+01 9.93656820e+00 3.98133000e+01 4.97816300e+01 9.95186320e+00 4.00422000e+01 4.98747030e+01 9.96703310e+00 4.02695000e+01 4.97120210e+01 1.48968630e+01 3.93230000e+01 4.97929490e+01 1.49243820e+01 3.95579000e+01 4.98736720e+01 1.49518366e+01 3.97922000e+01 4.97071620e+01 1.98608890e+01 3.87159000e+01 4.97825190e+01 1.98920560e+01 3.89523000e+01 4.98577480e+01 1.99231712e+01 3.91883000e+01 4.96754330e+01 2.48170430e+01 3.80128000e+01 4.97510540e+01 2.48517490e+01 3.82466000e+01 4.98265920e+01 2.48864010e+01 3.84802000e+01 4.96367760e+01 2.97750430e+01 3.72582000e+01 4.97149610e+01 2.98110590e+01 3.74900000e+01 4.97930120e+01 2.98470210e+01 3.77215000e+01 4.96167260e+01 3.47359680e+01 3.64830000e+01 4.96941600e+01 3.47741600e+01 3.67129000e+01 4.97714370e+01 3.48122860e+01 3.69424000e+01 4.96026400e+01 3.96867210e+01 3.56375000e+01 4.96763410e+01 3.97300730e+01 3.58653000e+01 4.97498800e+01 3.97733390e+01 3.60926000e+01 4.95691940e+01 4.46122320e+01 3.46601000e+01 4.96377500e+01 4.46630560e+01 3.48859000e+01 4.97061410e+01 4.47137670e+01 3.51111000e+01 4.94901530e+01 4.94901130e+01 3.34862000e+01 4.95525630e+01 4.95525240e+01 3.37116000e+01 4.96148070e+01 4.96147690e+01 3.39364000e+01 4.93351880e+01 5.42785270e+01 3.20229000e+01 4.93888500e+01 5.43589010e+01 3.22458000e+01 4.94423510e+01 5.44390180e+01 3.24679000e+01 4.90703220e+01 5.88974700e+01 3.01328000e+01 4.91113560e+01 5.90030180e+01 3.03476000e+01 4.91522530e+01 5.91081530e+01 3.05617000e+01 4.86775900e+01 6.32211400e+01 2.76785000e+01 4.87024200e+01 6.33562700e+01 2.78777000e+01 4.87271800e+01 6.34908600e+01 2.80762000e+01 4.81759100e+01 6.71373600e+01 2.46325000e+01 4.81859900e+01 6.72973900e+01 2.48106000e+01 4.81960800e+01 6.74569200e+01 2.49883000e+01 4.76095500e+01 7.05960400e+01 2.10820000e+01 4.76097100e+01 7.07763000e+01 2.12374000e+01 4.76098800e+01 7.09562000e+01 2.13926000e+01 4.70252300e+01 7.35677400e+01 1.71169000e+01 4.70195500e+01 7.37643200e+01 1.72472000e+01 4.70138900e+01 7.39604300e+01 1.73772000e+01 4.64652500e+01 7.60019200e+01 1.27958000e+01 4.64592300e+01 7.62102100e+01 1.28980000e+01 4.64532100e+01 7.64180700e+01 1.30003000e+01 4.59644300e+01 7.78943000e+01 8.19939000e+00 4.59592100e+01 7.81099000e+01 8.27565000e+00 4.59539700e+01 7.83242000e+01 8.35040000e+00 4.55535800e+01 7.90917000e+01 3.36434000e+00 4.55312800e+01 7.93094000e+01 3.40863000e+00 4.55089700e+01 7.95270000e+01 3.45780000e+00 4.47591600e+01 8.24565000e+01 -2.66344600e-01 4.47599800e+01 8.24504000e+01 0.00000000e+00 4.47591600e+01 8.24565000e+01 2.66344600e-01 5.28754700e+01 0.00000000e+00 3.64008000e+01 5.30487600e+01 0.00000000e+00 3.65552000e+01 5.32243600e+01 0.00000000e+00 3.67116000e+01 5.34216600e+01 4.95368690e+00 3.69099000e+01 5.35823300e+01 4.89714000e+00 3.70818000e+01 5.37426800e+01 4.84068200e+00 3.72534000e+01 5.40701750e+01 9.80138300e+00 3.74708000e+01 5.42064150e+01 9.77904000e+00 3.76776000e+01 5.43414910e+01 9.75696500e+00 3.78828000e+01 5.43298800e+01 1.47386260e+01 3.74203000e+01 5.44401930e+01 1.47455330e+01 3.76457000e+01 5.45501110e+01 1.47523590e+01 3.78703000e+01 5.44366400e+01 1.97019980e+01 3.70484000e+01 5.45287540e+01 1.97253550e+01 3.72811000e+01 5.46205280e+01 1.97486700e+01 3.75132000e+01 5.44169240e+01 2.46466520e+01 3.63739000e+01 5.45043600e+01 2.46849390e+01 3.66038000e+01 5.45916010e+01 2.47231930e+01 3.68333000e+01 5.43277590e+01 2.95804310e+01 3.55267000e+01 5.44221120e+01 2.96203710e+01 3.57524000e+01 5.45163680e+01 2.96602780e+01 3.59779000e+01 5.42849420e+01 3.45322420e+01 3.47198000e+01 5.43831620e+01 3.45682900e+01 3.49429000e+01 5.44811250e+01 3.46042590e+01 3.51654000e+01 5.42958670e+01 3.94862300e+01 3.39326000e+01 5.43902130e+01 3.95244430e+01 3.41542000e+01 5.44842640e+01 3.95625620e+01 3.43751000e+01 5.43060440e+01 4.44262440e+01 3.30580000e+01 5.43937580e+01 4.44703100e+01 3.32789000e+01 5.44812050e+01 4.45142570e+01 3.34992000e+01 5.42785700e+01 4.93351400e+01 3.20229000e+01 5.43589440e+01 4.93888020e+01 3.22458000e+01 5.44390610e+01 4.94423040e+01 3.24679000e+01 5.41804130e+01 5.41803610e+01 3.07436000e+01 5.42502420e+01 5.42501910e+01 3.09672000e+01 5.43198250e+01 5.43197740e+01 3.11899000e+01 5.39696400e+01 5.88961400e+01 2.90870000e+01 5.40242490e+01 5.89899600e+01 2.93065000e+01 5.40786380e+01 5.90833850e+01 2.95251000e+01 5.36158600e+01 6.33664000e+01 2.68971000e+01 5.36505000e+01 6.34908000e+01 2.71049000e+01 5.36850100e+01 6.36146300e+01 2.73118000e+01 5.31296000e+01 6.74483000e+01 2.40810000e+01 5.31429700e+01 6.76024900e+01 2.42688000e+01 5.31563100e+01 6.77560300e+01 2.44559000e+01 5.25620000e+01 7.10310100e+01 2.06693000e+01 5.25586800e+01 7.12110100e+01 2.08319000e+01 5.25553900e+01 7.13904300e+01 2.09941000e+01 5.19739900e+01 7.40413900e+01 1.67501000e+01 5.19617000e+01 7.42429500e+01 1.68829000e+01 5.19494500e+01 7.44438700e+01 1.70153000e+01 5.14194300e+01 7.64142100e+01 1.24115000e+01 5.14055600e+01 7.66311800e+01 1.25117000e+01 5.13916900e+01 7.68477600e+01 1.26121000e+01 5.09223400e+01 7.82204000e+01 7.78654000e+00 5.09092700e+01 7.84448000e+01 7.86168000e+00 5.08962500e+01 7.86691000e+01 7.93551000e+00 5.04648300e+01 7.96940000e+01 3.00112000e+00 5.04387200e+01 7.99130000e+01 3.07931000e+00 5.04124600e+01 8.01332000e+01 3.16272000e+00 4.96491600e+01 8.34228000e+01 -2.66387800e-01 4.96498000e+01 8.34186000e+01 0.00000000e+00 4.96491600e+01 8.34228000e+01 2.66387800e-01 5.63130300e+01 0.00000000e+00 3.27458000e+01 5.64784500e+01 0.00000000e+00 3.29045000e+01 5.66461500e+01 0.00000000e+00 3.30655000e+01 5.70366200e+01 4.94109880e+00 3.34544000e+01 5.71914100e+01 4.85603300e+00 3.36171000e+01 5.73465900e+01 4.77059700e+00 3.37803000e+01 5.81302200e+01 9.64416100e+00 3.45294000e+01 5.82727000e+01 9.58322600e+00 3.47232000e+01 5.84144700e+01 9.52272900e+00 3.49162000e+01 5.87317200e+01 1.45190280e+01 3.50333000e+01 5.88561400e+01 1.44978110e+01 3.52499000e+01 5.89805800e+01 1.44766970e+01 3.54659000e+01 5.90154850e+01 1.94907120e+01 3.50752000e+01 5.91302180e+01 1.94983370e+01 3.53001000e+01 5.92445400e+01 1.95059200e+01 3.55233000e+01 5.90629560e+01 2.44443540e+01 3.44988000e+01 5.91640310e+01 2.44825020e+01 3.47238000e+01 5.92649870e+01 2.45202980e+01 3.49479000e+01 5.89031500e+01 2.93284420e+01 3.34993000e+01 5.90102590e+01 2.93820040e+01 3.37173000e+01 5.91173320e+01 2.94355140e+01 3.39352000e+01 5.87536300e+01 3.42417520e+01 3.25227000e+01 5.88738500e+01 3.42814370e+01 3.27340000e+01 5.89940100e+01 3.43211310e+01 3.29453000e+01 5.87648000e+01 3.91877150e+01 3.17444000e+01 5.88858000e+01 3.92196660e+01 3.19536000e+01 5.90064170e+01 3.92515440e+01 3.21621000e+01 5.88396800e+01 4.41355480e+01 3.09904000e+01 5.89535000e+01 4.41694560e+01 3.12004000e+01 5.90668840e+01 4.42032700e+01 3.14096000e+01 5.88975100e+01 4.90702620e+01 3.01328000e+01 5.90030630e+01 4.91112970e+01 3.03477000e+01 5.91081980e+01 4.91521950e+01 3.05617000e+01 5.88962000e+01 5.39695800e+01 2.90870000e+01 5.89900200e+01 5.40241870e+01 2.93065000e+01 5.90834390e+01 5.40785760e+01 2.95251000e+01 5.87852500e+01 5.87851800e+01 2.77279000e+01 5.88617100e+01 5.88616500e+01 2.79485000e+01 5.89378100e+01 5.89377500e+01 2.81680000e+01 5.85151900e+01 6.34195500e+01 2.58870000e+01 5.85682400e+01 6.35265200e+01 2.61016000e+01 5.86210200e+01 6.36329100e+01 2.63152000e+01 5.80750800e+01 6.77201900e+01 2.34116000e+01 5.81006700e+01 6.78611800e+01 2.36102000e+01 5.81261600e+01 6.80014100e+01 2.38077000e+01 5.75135900e+01 7.15110400e+01 2.02454000e+01 5.75135100e+01 7.16847300e+01 2.04174000e+01 5.75134700e+01 7.18576100e+01 2.05887000e+01 5.69149100e+01 7.46388100e+01 1.64361000e+01 5.68967000e+01 7.48398500e+01 1.65731000e+01 5.68785800e+01 7.50401400e+01 1.67095000e+01 5.63582000e+01 7.70317800e+01 1.21145000e+01 5.63298800e+01 7.72499700e+01 1.22155000e+01 5.63016000e+01 7.74678100e+01 1.23168000e+01 5.58670800e+01 7.88507000e+01 7.49097000e+00 5.58336300e+01 7.90751000e+01 7.56923000e+00 5.58001800e+01 7.92996000e+01 7.64629000e+00 5.53862100e+01 8.05516000e+01 2.76995000e+00 5.53466300e+01 8.07645000e+01 2.86949000e+00 5.53067500e+01 8.09788000e+01 2.97416000e+00 5.44633100e+01 8.44567000e+01 -2.65416000e-01 5.44639800e+01 8.44535000e+01 0.00000000e+00 5.44633100e+01 8.44567000e+01 2.65416000e-01 5.98139900e+01 0.00000000e+00 2.91798000e+01 5.99768100e+01 0.00000000e+00 2.93360000e+01 6.01421900e+01 0.00000000e+00 2.94948000e+01 6.06968300e+01 4.90330340e+00 3.00279000e+01 6.08428000e+01 4.79734000e+00 3.01852000e+01 6.09891100e+01 4.69101600e+00 3.03429000e+01 6.20157300e+01 9.49253700e+00 3.13525000e+01 6.21689600e+01 9.41220600e+00 3.15273000e+01 6.23212400e+01 9.33273000e+00 3.17009000e+01 6.26729200e+01 1.42750430e+01 3.21194000e+01 6.28717800e+01 1.42618440e+01 3.22874000e+01 6.30667700e+01 1.42488570e+01 3.24517000e+01 6.27554100e+01 1.92430180e+01 3.21374000e+01 6.29880500e+01 1.92350160e+01 3.22764000e+01 6.32156500e+01 1.92272100e+01 3.24132000e+01 6.31814500e+01 2.41851230e+01 3.19063000e+01 6.33770700e+01 2.41849320e+01 3.20818000e+01 6.35684400e+01 2.41846930e+01 3.22531000e+01 6.31926500e+01 2.90096860e+01 3.09941000e+01 6.33416200e+01 2.90602780e+01 3.11878000e+01 6.34896600e+01 2.91102920e+01 3.13800000e+01 6.29891400e+01 3.38609700e+01 2.99026000e+01 6.31306400e+01 3.39094500e+01 3.00986000e+01 6.32720400e+01 3.39579100e+01 3.02945000e+01 6.29349900e+01 3.87818400e+01 2.90381000e+01 6.30793400e+01 3.88128700e+01 2.92305000e+01 6.32235300e+01 3.88438800e+01 2.94228000e+01 6.30510700e+01 4.37282500e+01 2.83535000e+01 6.31923700e+01 4.37513300e+01 2.85458000e+01 6.33332400e+01 4.37743700e+01 2.87375000e+01 6.32211800e+01 4.86775200e+01 2.76786000e+01 6.33563100e+01 4.87023500e+01 2.78778000e+01 6.34909000e+01 4.87271100e+01 2.80762000e+01 6.33664600e+01 5.36157900e+01 2.68971000e+01 6.34908600e+01 5.36504200e+01 2.71049000e+01 6.36146800e+01 5.36849300e+01 2.73118000e+01 6.34196100e+01 5.85151100e+01 2.58870000e+01 6.35265800e+01 5.85681600e+01 2.61016000e+01 6.36329800e+01 5.86209400e+01 2.63152000e+01 6.33068300e+01 6.33067500e+01 2.44769000e+01 6.33887500e+01 6.33886700e+01 2.46936000e+01 6.34701800e+01 6.34701000e+01 2.49089000e+01 6.29792500e+01 6.78550000e+01 2.24673000e+01 6.30288200e+01 6.79738900e+01 2.26758000e+01 6.30780900e+01 6.80919700e+01 2.28830000e+01 6.24579900e+01 7.19470500e+01 1.97003000e+01 6.24718500e+01 7.21059900e+01 1.98859000e+01 6.24856600e+01 7.22638800e+01 2.00704000e+01 6.18429000e+01 7.53401800e+01 1.61389000e+01 6.18250500e+01 7.55337200e+01 1.62867000e+01 6.18073400e+01 7.57262300e+01 1.64337000e+01 6.12587900e+01 7.79119200e+01 1.19290000e+01 6.12196400e+01 7.81256100e+01 1.20362000e+01 6.11806000e+01 7.83387400e+01 1.21434000e+01 6.07575900e+01 7.98425000e+01 7.35207000e+00 6.07082700e+01 8.00626700e+01 7.43445000e+00 6.06589500e+01 8.02828200e+01 7.51562000e+00 6.02647600e+01 8.16650000e+01 2.67530000e+00 6.02139700e+01 8.18724000e+01 2.78332000e+00 6.01628500e+01 8.20811000e+01 2.89637000e+00 5.92414600e+01 8.56259000e+01 -2.63975900e-01 5.92422100e+01 8.56229000e+01 0.00000000e+00 5.92414600e+01 8.56259000e+01 2.63975900e-01 6.32612000e+01 0.00000000e+00 2.55695000e+01 6.34204100e+01 0.00000000e+00 2.57204000e+01 6.35826300e+01 0.00000000e+00 2.58742000e+01 6.42499500e+01 4.87135800e+00 2.64935000e+01 6.43961000e+01 4.75857900e+00 2.66375000e+01 6.45422300e+01 4.64567300e+00 2.67815000e+01 6.53950000e+01 9.45127500e+00 2.76684000e+01 6.55962500e+01 9.41065200e+00 2.78080000e+01 6.57937100e+01 9.37117100e+00 2.79446000e+01 6.48744500e+01 1.42188780e+01 2.77331000e+01 6.51097700e+01 1.42900270e+01 2.78053000e+01 6.53425200e+01 1.43601940e+01 2.78773000e+01 6.37693300e+01 1.90890800e+01 2.74521000e+01 6.40286300e+01 1.90786110e+01 2.74787000e+01 6.42943600e+01 1.90679620e+01 2.75063000e+01 6.53079800e+01 2.38495900e+01 2.75363000e+01 6.55360800e+01 2.37557200e+01 2.76011000e+01 6.57618500e+01 2.36628200e+01 2.76658000e+01 6.65728600e+01 2.85279700e+01 2.74380000e+01 6.67859500e+01 2.85154200e+01 2.75732000e+01 6.69955200e+01 2.85030400e+01 2.77059000e+01 6.67536300e+01 3.33786100e+01 2.66883000e+01 6.69317300e+01 3.34104600e+01 2.68538000e+01 6.71090200e+01 3.34419800e+01 2.70183000e+01 6.67558000e+01 3.82813400e+01 2.58635000e+01 6.69205300e+01 3.83120000e+01 2.60355000e+01 6.70849200e+01 3.83426600e+01 2.62073000e+01 6.68780700e+01 4.32221700e+01 2.51881000e+01 6.70395000e+01 4.32394500e+01 2.53602000e+01 6.72006600e+01 4.32567200e+01 2.55321000e+01 6.71374000e+01 4.81758200e+01 2.46325000e+01 6.72974300e+01 4.81859000e+01 2.48106000e+01 6.74569600e+01 4.81959900e+01 2.49883000e+01 6.74483500e+01 5.31295100e+01 2.40810000e+01 6.76025400e+01 5.31428700e+01 2.42688000e+01 6.77560800e+01 5.31562200e+01 2.44559000e+01 6.77202500e+01 5.80749800e+01 2.34116000e+01 6.78612400e+01 5.81005700e+01 2.36102000e+01 6.80014700e+01 5.81260700e+01 2.38077000e+01 6.78550700e+01 6.29791600e+01 2.24673000e+01 6.79739600e+01 6.30287200e+01 2.26758000e+01 6.80920500e+01 6.30779900e+01 2.28830000e+01 6.77520500e+01 6.77519600e+01 2.10285000e+01 6.78382300e+01 6.78381400e+01 2.12407000e+01 6.79237500e+01 6.79236600e+01 2.14512000e+01 6.73647500e+01 7.21979300e+01 1.88461000e+01 6.74081700e+01 7.23305700e+01 1.90468000e+01 6.74512600e+01 7.24620600e+01 1.92457000e+01 6.67640100e+01 7.60100200e+01 1.57441000e+01 6.67609700e+01 7.61877400e+01 1.59108000e+01 6.67580300e+01 7.63640700e+01 1.60762000e+01 6.61289100e+01 7.89365100e+01 1.17940000e+01 6.60891600e+01 7.91420700e+01 1.19140000e+01 6.60496300e+01 7.93466600e+01 1.20337000e+01 6.55919500e+01 8.10704300e+01 7.32115000e+00 6.55341000e+01 8.12855000e+01 7.40798000e+00 6.54763400e+01 8.15003300e+01 7.49354000e+00 6.50919800e+01 8.29625000e+01 2.67357000e+00 6.50334700e+01 8.31665000e+01 2.78263000e+00 6.49746200e+01 8.33716000e+01 2.89663000e+00 6.39982900e+01 8.69083000e+01 -2.63621900e-01 6.39991600e+01 8.69052000e+01 0.00000000e+00 6.39982900e+01 8.69083000e+01 2.63621900e-01 6.66827800e+01 0.00000000e+00 2.19094000e+01 6.68379200e+01 0.00000000e+00 2.20574000e+01 6.69972000e+01 0.00000000e+00 2.22093000e+01 6.75357200e+01 4.88916400e+00 2.27242000e+01 6.77028400e+01 4.80041000e+00 2.28564000e+01 6.78690000e+01 4.71256400e+00 2.29874000e+01 6.78454400e+01 9.63705900e+00 2.32797000e+01 6.80686700e+01 9.66807700e+00 2.33815000e+01 6.82873400e+01 9.69802300e+00 2.34816000e+01 6.60843400e+01 1.41340550e+01 2.29097000e+01 6.63021200e+01 1.42548190e+01 2.29550000e+01 6.65197800e+01 1.43756300e+01 2.30003000e+01 6.45663000e+01 1.89450500e+01 2.24885000e+01 6.48258000e+01 1.89394000e+01 2.25350000e+01 6.50910400e+01 1.89338000e+01 2.25825000e+01 6.63174900e+01 2.36958500e+01 2.26752000e+01 6.65281200e+01 2.35628200e+01 2.27179000e+01 6.67389900e+01 2.34291500e+01 2.27604000e+01 6.86035700e+01 2.80350600e+01 2.29190000e+01 6.88281600e+01 2.79559400e+01 2.30004000e+01 6.90499600e+01 2.78784800e+01 2.30811000e+01 6.96752800e+01 3.28115400e+01 2.27161000e+01 6.98865400e+01 3.27976700e+01 2.28385000e+01 7.00961000e+01 3.27836000e+01 2.29598000e+01 7.00628700e+01 3.77155300e+01 2.21777000e+01 7.02527300e+01 3.77307500e+01 2.23215000e+01 7.04417600e+01 3.77459300e+01 2.24647000e+01 7.02781400e+01 4.26546000e+01 2.15759000e+01 7.04579200e+01 4.26665800e+01 2.17255000e+01 7.06374400e+01 4.26785200e+01 2.18749000e+01 7.05960800e+01 4.76094400e+01 2.10820000e+01 7.07763400e+01 4.76096000e+01 2.12374000e+01 7.09562300e+01 4.76097800e+01 2.13926000e+01 7.10310600e+01 5.25618900e+01 2.06693000e+01 7.12110600e+01 5.25585700e+01 2.08319000e+01 7.13904800e+01 5.25552800e+01 2.09941000e+01 7.15111000e+01 5.75134700e+01 2.02453000e+01 7.16847900e+01 5.75134000e+01 2.04174000e+01 7.18576700e+01 5.75133600e+01 2.05887000e+01 7.19471200e+01 6.24578800e+01 1.97003000e+01 7.21060600e+01 6.24717400e+01 1.98859000e+01 7.22639500e+01 6.24855500e+01 2.00704000e+01 7.21980200e+01 6.73646400e+01 1.88461000e+01 7.23306600e+01 6.74080500e+01 1.90467000e+01 7.24621600e+01 6.74511400e+01 1.92457000e+01 7.21187400e+01 7.21186200e+01 1.73971000e+01 7.22095700e+01 7.22094600e+01 1.76045000e+01 7.22995000e+01 7.22993800e+01 1.78098000e+01 7.16640500e+01 7.64361400e+01 1.50235000e+01 7.16979200e+01 7.65839300e+01 1.52134000e+01 7.17315700e+01 7.67300600e+01 1.54013000e+01 7.09993000e+01 7.99157400e+01 1.15819000e+01 7.09755300e+01 8.01069200e+01 1.17246000e+01 7.09520400e+01 8.02964900e+01 1.18666000e+01 7.03910500e+01 8.24147700e+01 7.33564000e+00 7.03317900e+01 8.26232700e+01 7.43113000e+00 7.02727700e+01 8.28310800e+01 7.52522000e+00 6.98752200e+01 8.43952000e+01 2.73339000e+00 6.98108000e+01 8.45964000e+01 2.83944000e+00 6.97461400e+01 8.47985000e+01 2.95034000e+00 6.87405900e+01 8.82827000e+01 -2.64040800e-01 6.87416200e+01 8.82794000e+01 0.00000000e+00 6.87405900e+01 8.82827000e+01 2.64040800e-01 7.01801300e+01 0.00000000e+00 1.83268000e+01 7.03289300e+01 0.00000000e+00 1.84680000e+01 7.04772500e+01 0.00000000e+00 1.86097000e+01 7.03537500e+01 4.96623310e+00 1.85927000e+01 7.05498800e+01 4.94267910e+00 1.87046000e+01 7.07424200e+01 4.91916270e+00 1.88148000e+01 6.93869000e+01 9.69091400e+00 1.85037000e+01 6.96065000e+01 9.78379000e+00 1.85556000e+01 6.98229000e+01 9.87487500e+00 1.86069000e+01 6.69757000e+01 1.39728300e+01 1.80126000e+01 6.71957000e+01 1.41029680e+01 1.80368000e+01 6.74162000e+01 1.42337340e+01 1.80611000e+01 6.54792000e+01 1.87953800e+01 1.75989000e+01 6.57400000e+01 1.87909200e+01 1.76456000e+01 6.60051000e+01 1.87864300e+01 1.76929000e+01 6.71361000e+01 2.35780800e+01 1.77637000e+01 6.73506000e+01 2.34427100e+01 1.77967000e+01 6.75655000e+01 2.33066600e+01 1.78298000e+01 6.97783000e+01 2.77794600e+01 1.80763000e+01 6.99946000e+01 2.76610500e+01 1.81182000e+01 7.02091400e+01 2.75438200e+01 1.81597000e+01 7.16673000e+01 3.23223400e+01 1.81820000e+01 7.18886400e+01 3.22594800e+01 1.82616000e+01 7.21080000e+01 3.21971800e+01 1.83404000e+01 7.27018900e+01 3.71451600e+01 1.79870000e+01 7.29094800e+01 3.71309700e+01 1.80986000e+01 7.31155900e+01 3.71169700e+01 1.82095000e+01 7.31893000e+01 4.20715000e+01 1.75587000e+01 7.33837900e+01 4.20735300e+01 1.76833000e+01 7.35776600e+01 4.20755500e+01 1.78075000e+01 7.35677700e+01 4.70251100e+01 1.71169000e+01 7.37643500e+01 4.70194300e+01 1.72472000e+01 7.39604600e+01 4.70137700e+01 1.73772000e+01 7.40414400e+01 5.19738600e+01 1.67501000e+01 7.42429900e+01 5.19615700e+01 1.68830000e+01 7.44439200e+01 5.19493300e+01 1.70153000e+01 7.46388700e+01 5.69147900e+01 1.64361000e+01 7.48399100e+01 5.68965800e+01 1.65731000e+01 7.50402000e+01 5.68784600e+01 1.67095000e+01 7.53402400e+01 6.18427700e+01 1.61389000e+01 7.55337900e+01 6.18249200e+01 1.62867000e+01 7.57263000e+01 6.18072100e+01 1.64337000e+01 7.60101000e+01 6.67638800e+01 1.57441000e+01 7.61878200e+01 6.67608400e+01 1.59108000e+01 7.63641600e+01 6.67579000e+01 1.60761000e+01 7.64362400e+01 7.16639100e+01 1.50235000e+01 7.65840400e+01 7.16977800e+01 1.52134000e+01 7.67301700e+01 7.17314400e+01 1.54013000e+01 7.64023200e+01 7.64021900e+01 1.35953000e+01 7.64971300e+01 7.64970000e+01 1.37965000e+01 7.65906900e+01 7.65905600e+01 1.39949000e+01 7.58795900e+01 8.05763900e+01 1.10352000e+01 7.59001000e+01 8.07366800e+01 1.12092000e+01 7.59204300e+01 8.08948400e+01 1.13811000e+01 7.51867900e+01 8.37167000e+01 7.29635000e+00 7.51431400e+01 8.39138900e+01 7.41398000e+00 7.51000100e+01 8.41094800e+01 7.52957000e+00 7.46224400e+01 8.59260500e+01 2.83372000e+00 7.45549700e+01 8.61231400e+01 2.93650000e+00 7.44874000e+01 8.63204100e+01 3.04382000e+00 7.34763100e+01 8.97383000e+01 -2.64223000e-01 7.34776000e+01 8.97345000e+01 0.00000000e+00 7.34763100e+01 8.97383000e+01 2.64223000e-01 7.24151000e+01 0.00000000e+00 1.39502000e+01 7.25836000e+01 0.00000000e+00 1.40237000e+01 7.27511000e+01 0.00000000e+00 1.40965000e+01 7.19458000e+01 4.94865270e+00 1.38863000e+01 7.21489000e+01 4.97753490e+00 1.39378000e+01 7.23493000e+01 5.00606583e+00 1.39890000e+01 7.01188000e+01 9.46336600e+00 1.35521000e+01 7.03260000e+01 9.58129700e+00 1.35650000e+01 7.05323000e+01 9.69845600e+00 1.35784000e+01 6.75901000e+01 1.37469600e+01 1.30572000e+01 6.78202000e+01 1.38630900e+01 1.30783000e+01 6.80524000e+01 1.39803200e+01 1.31001000e+01 6.63346000e+01 1.86471600e+01 1.26931000e+01 6.65965000e+01 1.86410200e+01 1.27403000e+01 6.68628000e+01 1.86347600e+01 1.27888000e+01 6.77843000e+01 2.35034000e+01 1.28204000e+01 6.80098000e+01 2.33829000e+01 1.28499000e+01 6.82368000e+01 2.32614200e+01 1.28801000e+01 7.04226000e+01 2.77441400e+01 1.31214000e+01 7.06326000e+01 2.76122600e+01 1.31372000e+01 7.08420000e+01 2.74809200e+01 1.31535000e+01 7.28356000e+01 3.20642200e+01 1.33460000e+01 7.30492000e+01 3.19615500e+01 1.33850000e+01 7.32615000e+01 3.18595100e+01 1.34242000e+01 7.46196000e+01 3.66665600e+01 1.34058000e+01 7.48317000e+01 3.66140500e+01 1.34830000e+01 7.50419500e+01 3.65618500e+01 1.35597000e+01 7.55521100e+01 4.15208700e+01 1.31824000e+01 7.57549700e+01 4.15084700e+01 1.32806000e+01 7.59570300e+01 4.14960400e+01 1.33785000e+01 7.60019400e+01 4.64651200e+01 1.27959000e+01 7.62102300e+01 4.64591000e+01 1.28981000e+01 7.64180900e+01 4.64530700e+01 1.30003000e+01 7.64142600e+01 5.14192900e+01 1.24115000e+01 7.66312300e+01 5.14054200e+01 1.25117000e+01 7.68478100e+01 5.13915500e+01 1.26121000e+01 7.70318500e+01 5.63580500e+01 1.21145000e+01 7.72500300e+01 5.63297400e+01 1.22155000e+01 7.74678700e+01 5.63014500e+01 1.23168000e+01 7.79119800e+01 6.12586400e+01 1.19290000e+01 7.81256800e+01 6.12195000e+01 1.20362000e+01 7.83388100e+01 6.11804600e+01 1.21434000e+01 7.89365900e+01 6.61287700e+01 1.17940000e+01 7.91421500e+01 6.60890200e+01 1.19140000e+01 7.93467400e+01 6.60494800e+01 1.20337000e+01 7.99158400e+01 7.09991500e+01 1.15819000e+01 8.01070100e+01 7.09753800e+01 1.17246000e+01 8.02965900e+01 7.09518900e+01 1.18666000e+01 8.05765100e+01 7.58794400e+01 1.10352000e+01 8.07368000e+01 7.58999500e+01 1.12092000e+01 8.08949600e+01 7.59202800e+01 1.13811000e+01 8.06111800e+01 8.06110300e+01 9.66863000e+00 8.07062500e+01 8.07061000e+01 9.85673000e+00 8.07995900e+01 8.07994400e+01 1.00418400e+01 8.00271900e+01 8.46495000e+01 6.94383000e+00 8.00344600e+01 8.48128500e+01 7.09844000e+00 8.00423500e+01 8.49732100e+01 7.25012000e+00 7.93461600e+01 8.74573400e+01 2.91457000e+00 7.92905900e+01 8.76413900e+01 3.02635000e+00 7.92355800e+01 8.78240300e+01 3.14211000e+00 7.82339300e+01 9.12515500e+01 -2.63478800e-01 7.82357500e+01 9.12468200e+01 0.00000000e+00 7.82339300e+01 9.12515500e+01 2.63478800e-01 7.38422000e+01 0.00000000e+00 9.15914000e+00 7.40050000e+01 0.00000000e+00 9.21021000e+00 7.41652000e+01 0.00000000e+00 9.25962000e+00 7.28205000e+01 4.78960900e+00 8.95601000e+00 7.30056000e+01 4.85779000e+00 8.98525000e+00 7.31885000e+01 4.92444000e+00 9.01329000e+00 7.04583000e+01 9.11393000e+00 8.54366000e+00 7.06613000e+01 9.23461900e+00 8.54285000e+00 7.08635000e+01 9.35480800e+00 8.54041000e+00 6.81492000e+01 1.35493600e+01 8.09233000e+00 6.83945000e+01 1.36419200e+01 8.10936000e+00 6.86398000e+01 1.37347900e+01 8.12468000e+00 6.72532000e+01 1.85087200e+01 7.80239000e+00 6.75204000e+01 1.85005800e+01 7.84245000e+00 6.77879000e+01 1.84924600e+01 7.88105000e+00 6.83667000e+01 2.34308500e+01 7.87366000e+00 6.86082000e+01 2.33341200e+01 7.89347000e+00 6.88492000e+01 2.32373900e+01 7.91159000e+00 7.06601000e+01 2.78909000e+01 8.12931000e+00 7.08733000e+01 2.77635600e+01 8.12443000e+00 7.10858000e+01 2.76365500e+01 8.11786000e+00 7.33356000e+01 3.20986400e+01 8.38519000e+00 7.35356000e+01 3.19704900e+01 8.39112000e+00 7.37347000e+01 3.18430700e+01 8.39563000e+00 7.58416000e+01 3.63688400e+01 8.57999000e+00 7.60446000e+01 3.62756200e+01 8.62346000e+00 7.62451000e+01 3.61839800e+01 8.66541000e+00 7.73568000e+01 4.10490400e+01 8.54102000e+00 7.75634000e+01 4.10166300e+01 8.61237000e+00 7.77676000e+01 4.09846800e+01 8.68196000e+00 7.78943000e+01 4.59642800e+01 8.19940000e+00 7.81099000e+01 4.59590600e+01 8.27566000e+00 7.83243000e+01 4.59538200e+01 8.35041000e+00 7.82205000e+01 5.09221900e+01 7.78655000e+00 7.84448000e+01 5.09091100e+01 7.86169000e+00 7.86691000e+01 5.08961000e+01 7.93552000e+00 7.88508000e+01 5.58669300e+01 7.49098000e+00 7.90751000e+01 5.58334800e+01 7.56923000e+00 7.92997000e+01 5.58000300e+01 7.64630000e+00 7.98426000e+01 6.07574400e+01 7.35207000e+00 8.00627400e+01 6.07081100e+01 7.43445000e+00 8.02828900e+01 6.06588000e+01 7.51562000e+00 8.10705200e+01 6.55917900e+01 7.32114000e+00 8.12855800e+01 6.55339400e+01 7.40797000e+00 8.15004100e+01 6.54761800e+01 7.49353000e+00 8.24148700e+01 7.03908900e+01 7.33562000e+00 8.26233700e+01 7.03316200e+01 7.43112000e+00 8.28311800e+01 7.02726000e+01 7.52520000e+00 8.37168100e+01 7.51866300e+01 7.29633000e+00 8.39140100e+01 7.51429700e+01 7.41396000e+00 8.41095900e+01 7.50998400e+01 7.52956000e+00 8.46496400e+01 8.00270200e+01 6.94382000e+00 8.48129900e+01 8.00342900e+01 7.09843000e+00 8.49733500e+01 8.00421700e+01 7.25011000e+00 8.47667200e+01 8.47665500e+01 5.67331000e+00 8.48568500e+01 8.48566800e+01 5.84804000e+00 8.49451900e+01 8.49450100e+01 6.01671000e+00 8.40835800e+01 8.86527000e+01 2.73560000e+00 8.40864500e+01 8.88119700e+01 2.88808000e+00 8.40896200e+01 8.89659800e+01 3.04060000e+00 8.31806000e+01 9.26390600e+01 -2.63242700e-01 8.31817300e+01 9.26331300e+01 0.00000000e+00 8.31806000e+01 9.26390600e+01 2.63242700e-01 7.48110000e+01 0.00000000e+00 4.25741000e+00 7.49818000e+01 0.00000000e+00 4.24755000e+00 7.51433000e+01 0.00000000e+00 4.24080000e+00 7.30661000e+01 4.40689900e+00 4.00000000e+00 7.32237000e+01 4.49940700e+00 3.96929000e+00 7.33802000e+01 4.59146700e+00 3.94348000e+00 7.04385000e+01 8.58756000e+00 3.55761000e+00 7.06383000e+01 8.69980000e+00 3.53942000e+00 7.08410000e+01 8.81396000e+00 3.52749000e+00 6.83908000e+01 1.32492700e+01 3.11814000e+00 6.86401000e+01 1.33206100e+01 3.13911000e+00 6.88950000e+01 1.33933300e+01 3.16675000e+00 6.77242000e+01 1.83777300e+01 2.85765000e+00 6.79883000e+01 1.83696400e+01 2.90370000e+00 6.82586000e+01 1.83612700e+01 2.95662000e+00 6.86451000e+01 2.34744600e+01 2.88109000e+00 6.88880000e+01 2.33949100e+01 2.92650000e+00 6.91366000e+01 2.33135000e+01 2.97871000e+00 7.07459000e+01 2.81345800e+01 3.09692000e+00 7.09590000e+01 2.80133600e+01 3.12697000e+00 7.11763000e+01 2.78896700e+01 3.16335000e+00 7.34651000e+01 3.23554300e+01 3.36890000e+00 7.36549000e+01 3.22213100e+01 3.37874000e+00 7.38473000e+01 3.20853200e+01 3.39443000e+00 7.62606000e+01 3.63914300e+01 3.61525000e+00 7.64477000e+01 3.62765700e+01 3.61415000e+00 7.66346000e+01 3.61618100e+01 3.61817000e+00 7.82563000e+01 4.07652400e+01 3.65062000e+00 7.84636000e+01 4.07093100e+01 3.66476000e+00 7.86687000e+01 4.06540900e+01 3.68342000e+00 7.90917000e+01 4.55534300e+01 3.36435000e+00 7.93094000e+01 4.55311200e+01 3.40863000e+00 7.95270000e+01 4.55088100e+01 3.45780000e+00 7.96940000e+01 5.04646700e+01 3.00112000e+00 7.99130000e+01 5.04385700e+01 3.07931000e+00 8.01333000e+01 5.04123000e+01 3.16272000e+00 8.05516000e+01 5.53860500e+01 2.76995000e+00 8.07646000e+01 5.53464700e+01 2.86950000e+00 8.09789000e+01 5.53065900e+01 2.97417000e+00 8.16650000e+01 6.02645900e+01 2.67530000e+00 8.18725000e+01 6.02138000e+01 2.78332000e+00 8.20812000e+01 6.01626800e+01 2.89637000e+00 8.29626000e+01 6.50918100e+01 2.67357000e+00 8.31666000e+01 6.50332900e+01 2.78263000e+00 8.33717000e+01 6.49744500e+01 2.89662000e+00 8.43953000e+01 6.98750400e+01 2.73338000e+00 8.45965000e+01 6.98106300e+01 2.83943000e+00 8.47986000e+01 6.97459600e+01 2.95034000e+00 8.59261800e+01 7.46222600e+01 2.83371000e+00 8.61232600e+01 7.45547900e+01 2.93649000e+00 8.63205400e+01 7.44872200e+01 3.04381000e+00 8.74574800e+01 7.93459700e+01 2.91456000e+00 8.76415400e+01 7.92904100e+01 3.02634000e+00 8.78241700e+01 7.92354000e+01 3.14211000e+00 8.86528600e+01 8.40833900e+01 2.73560000e+00 8.88121400e+01 8.40862600e+01 2.88808000e+00 8.89661400e+01 8.40894300e+01 3.04060000e+00 8.87181700e+01 8.87179800e+01 1.40096000e+00 8.88261600e+01 8.88259700e+01 1.60376000e+00 8.89312800e+01 8.89310900e+01 1.80716000e+00 8.83941400e+01 9.34637100e+01 -2.50580496e-01 8.83932500e+01 9.34617300e+01 0.00000000e+00 8.83941400e+01 9.34637100e+01 2.50580496e-01 7.69500000e+01 0.00000000e+00 -2.59935660e-01 7.69386000e+01 0.00000000e+00 0.00000000e+00 7.69500000e+01 0.00000000e+00 2.59935660e-01 7.55942000e+01 5.30881700e+00 -2.41711880e-01 7.55854000e+01 5.30331300e+00 0.00000000e+00 7.55942000e+01 5.30881700e+00 2.41711880e-01 7.33570000e+01 9.65310200e+00 -2.73384200e-01 7.33515000e+01 9.64958000e+00 0.00000000e+00 7.33570000e+01 9.65310200e+00 2.73384200e-01 7.18271000e+01 1.38535900e+01 -2.97982400e-01 7.18256000e+01 1.38527900e+01 0.00000000e+00 7.18271000e+01 1.38535900e+01 2.97982400e-01 7.14668000e+01 1.81389500e+01 -2.91506900e-01 7.14661000e+01 1.81389100e+01 0.00000000e+00 7.14668000e+01 1.81389500e+01 2.91506900e-01 7.22782000e+01 2.24360300e+01 -2.78673100e-01 7.22766000e+01 2.24367000e+01 0.00000000e+00 7.22782000e+01 2.24360300e+01 2.78673100e-01 7.40311000e+01 2.66122600e+01 -2.70852000e-01 7.40282000e+01 2.66140300e+01 0.00000000e+00 7.40311000e+01 2.66122600e+01 2.70852000e-01 7.64200000e+01 3.07090900e+01 -2.61583600e-01 7.64155000e+01 3.07123900e+01 0.00000000e+00 7.64200000e+01 3.07090900e+01 2.61583600e-01 7.90247000e+01 3.49892700e+01 -2.62261400e-01 7.90183000e+01 3.49932800e+01 0.00000000e+00 7.90247000e+01 3.49892700e+01 2.62261400e-01 8.11563000e+01 3.97703200e+01 -2.70175400e-01 8.11488000e+01 3.97726100e+01 0.00000000e+00 8.11563000e+01 3.97703200e+01 2.70175400e-01 8.24565000e+01 4.47589800e+01 -2.66344400e-01 8.24504000e+01 4.47598000e+01 0.00000000e+00 8.24565000e+01 4.47589800e+01 2.66344400e-01 8.34228000e+01 4.96489800e+01 -2.66387700e-01 8.34186000e+01 4.96496200e+01 0.00000000e+00 8.34228000e+01 4.96489800e+01 2.66387700e-01 8.44568000e+01 5.44631200e+01 -2.65415900e-01 8.44535000e+01 5.44638000e+01 0.00000000e+00 8.44568000e+01 5.44631200e+01 2.65415900e-01 8.56260000e+01 5.92412700e+01 -2.63975900e-01 8.56230000e+01 5.92420300e+01 0.00000000e+00 8.56260000e+01 5.92412700e+01 2.63975900e-01 8.69083000e+01 6.39981000e+01 -2.63621900e-01 8.69053000e+01 6.39989700e+01 0.00000000e+00 8.69083000e+01 6.39981000e+01 2.63621900e-01 8.82828000e+01 6.87404000e+01 -2.64040800e-01 8.82795000e+01 6.87414300e+01 0.00000000e+00 8.82828000e+01 6.87404000e+01 2.64040800e-01 8.97384000e+01 7.34761200e+01 -2.64223000e-01 8.97346000e+01 7.34774000e+01 0.00000000e+00 8.97384000e+01 7.34761200e+01 2.64223000e-01 9.12516900e+01 7.82337300e+01 -2.63478800e-01 9.12469600e+01 7.82355500e+01 0.00000000e+00 9.12516900e+01 7.82337300e+01 2.63478800e-01 9.26392200e+01 8.31803900e+01 -2.63242700e-01 9.26332900e+01 8.31815200e+01 0.00000000e+00 9.26392200e+01 8.31803900e+01 2.63242700e-01 9.34639000e+01 8.83939300e+01 -2.50580486e-01 9.34619200e+01 8.83930300e+01 0.00000000e+00 9.34639000e+01 8.83939300e+01 2.50580486e-01 9.34829800e+01 9.34827700e+01 -2.48450390e-01 9.34834500e+01 9.34832400e+01 0.00000000e+00 9.34829800e+01 9.34827700e+01 2.48450390e-01 2.51853870e+00 0.00000000e+00 4.58835000e+01 2.52362360e+00 0.00000000e+00 4.63783000e+01 2.51865000e+00 5.03676770e+00 4.58320000e+01 2.52378130e+00 5.04706270e+00 4.63251000e+01 2.51890630e+00 1.00702258e+01 4.56760000e+01 2.52421750e+00 1.00905786e+01 4.61675000e+01 2.51922700e+00 1.50971186e+01 4.54173000e+01 2.52483740e+00 1.51272290e+01 4.59071000e+01 2.51945370e+00 2.01142990e+01 4.50579000e+01 2.52549580e+00 2.01540540e+01 4.55462000e+01 2.51936090e+00 2.51190990e+01 4.46007000e+01 2.52602320e+00 2.51682430e+01 4.50876000e+01 2.51866180e+00 3.01093620e+01 4.40496000e+01 2.52627610e+00 3.01672530e+01 4.45346000e+01 2.51689600e+00 3.50837410e+01 4.34124000e+01 2.52634880e+00 3.51493190e+01 4.38955000e+01 2.51430290e+00 4.00414801e+01 4.27033000e+01 2.52698390e+00 4.01135790e+01 4.31840000e+01 2.50951909e+00 4.49441728e+01 4.18248000e+01 2.52511840e+00 4.50558901e+01 4.22971000e+01 2.49291911e+00 4.94495590e+01 3.99308000e+01 2.47345190e+00 4.97143040e+01 4.03373000e+01 2.51262390e+00 5.30484400e+01 3.65575000e+01 2.42537260e+00 5.33894100e+01 3.68768000e+01 2.52782150e+00 5.65258800e+01 3.29553000e+01 2.41531870e+00 5.68512300e+01 3.32739000e+01 2.53010060e+00 6.00729800e+01 2.94239000e+01 2.39588500e+00 6.03853100e+01 2.97382000e+01 2.53507760e+00 6.35599000e+01 2.58443000e+01 2.37820400e+00 6.38705000e+01 2.61430000e+01 2.52792690e+00 6.69695400e+01 2.21867000e+01 2.37043700e+00 6.72773400e+01 2.24736000e+01 2.49927107e+00 7.02687100e+01 1.84361000e+01 2.43159350e+00 7.06014200e+01 1.87040000e+01 2.49268171e+00 7.23135000e+01 1.39496000e+01 2.50708248e+00 7.26854000e+01 1.40882000e+01 2.44493830e+00 7.35699000e+01 9.09855000e+00 2.51940440e+00 7.39228000e+01 9.19063000e+00 2.27751600e+00 7.42553000e+01 4.19639000e+00 2.44666810e+00 7.45690000e+01 4.16262000e+00 2.74634200e+00 7.65773000e+01 -2.48440270e-01 2.74634200e+00 7.65773000e+01 2.48440270e-01 7.55385780e+00 0.00000000e+00 4.57779000e+01 7.56919630e+00 0.00000000e+00 4.62751000e+01 7.55416820e+00 5.03701840e+00 4.57249000e+01 7.56964400e+00 5.04766240e+00 4.62204000e+01 7.55486350e+00 1.00706406e+01 4.55646000e+01 7.57087320e+00 1.00916669e+01 4.60587000e+01 7.55570040e+00 1.50975322e+01 4.52991000e+01 7.57258250e+00 1.51286280e+01 4.57915000e+01 7.55618870e+00 2.01144530e+01 4.49301000e+01 7.57429930e+00 2.01555790e+01 4.54214000e+01 7.55560710e+00 2.51186090e+01 4.44597000e+01 7.57542020e+00 2.51696850e+01 4.49500000e+01 7.55299390e+00 3.01074540e+01 4.38891000e+01 7.57525590e+00 3.01683120e+01 4.43781000e+01 7.54684680e+00 3.50784144e+01 4.32183000e+01 7.57325370e+00 3.51492840e+01 4.37056000e+01 7.53527160e+00 4.00289343e+01 4.24450000e+01 7.56915310e+00 4.01101960e+01 4.29303000e+01 7.51505090e+00 4.49393364e+01 4.15150000e+01 7.55707320e+00 4.50473568e+01 4.19938000e+01 7.45819460e+00 4.96371590e+01 3.99515000e+01 7.46686940e+00 4.98482990e+01 4.03980000e+01 7.36854500e+00 5.37979300e+01 3.72589000e+01 7.27592000e+00 5.40952160e+01 3.76396000e+01 7.28557900e+00 5.76230900e+01 3.40302000e+01 7.12122200e+00 5.79215000e+01 3.43809000e+01 7.18415200e+00 6.13962000e+01 3.07191000e+01 6.98420400e+00 6.16849500e+01 3.10537000e+01 7.12171600e+00 6.49511600e+01 2.71918000e+01 6.92745500e+00 6.52878400e+01 2.74805000e+01 7.24180200e+00 6.79182700e+01 2.31410000e+01 7.15504100e+00 6.83194500e+01 2.33855000e+01 7.37822700e+00 7.01045200e+01 1.86239000e+01 7.44838110e+00 7.05303200e+01 1.87860000e+01 7.27541200e+00 7.12033000e+01 1.37467000e+01 7.43442040e+00 7.16143000e+01 1.38024000e+01 6.99005600e+00 7.17156000e+01 8.75754000e+00 7.19963900e+00 7.20952000e+01 8.77206000e+00 6.46088000e+00 7.17517000e+01 3.78051000e+00 6.68685600e+00 7.21049000e+01 3.72912000e+00 7.49772110e+00 7.44386000e+01 -2.59862050e-01 7.49772110e+00 7.44386000e+01 2.59862050e-01 1.25840373e+01 0.00000000e+00 4.55693000e+01 1.26097360e+01 0.00000000e+00 4.60682000e+01 1.25844817e+01 5.03749510e+00 4.55135000e+01 1.26104050e+01 5.04874010e+00 4.60106000e+01 1.25854182e+01 1.00714327e+01 4.53452000e+01 1.26122170e+01 1.00935807e+01 4.58408000e+01 1.25864536e+01 1.50983479e+01 4.50670000e+01 1.26146340e+01 1.51310080e+01 4.55611000e+01 1.25867521e+01 2.01148650e+01 4.46811000e+01 1.26167840e+01 2.01580670e+01 4.51741000e+01 1.25850207e+01 2.51180160e+01 4.41885000e+01 1.26174560e+01 2.51719000e+01 4.46808000e+01 1.25794200e+01 3.01048330e+01 4.35874000e+01 1.26150320e+01 3.01696930e+01 4.40785000e+01 1.25671867e+01 3.50716075e+01 4.28705000e+01 1.26073640e+01 3.51486310e+01 4.33601000e+01 1.25437004e+01 4.00128919e+01 4.20205000e+01 1.25909121e+01 4.01048960e+01 4.25076000e+01 1.25008579e+01 4.49145122e+01 4.09910000e+01 1.25563383e+01 4.50293290e+01 4.14733000e+01 1.24168072e+01 4.97062990e+01 3.95906000e+01 1.24628348e+01 4.98771890e+01 4.00573000e+01 1.22623320e+01 5.42296050e+01 3.75028000e+01 1.22577810e+01 5.44751060e+01 3.79378000e+01 1.20602380e+01 5.84790300e+01 3.48443000e+01 1.19868500e+01 5.87452000e+01 3.52589000e+01 1.18531300e+01 6.24572300e+01 3.18471000e+01 1.17430250e+01 6.27971600e+01 3.21967000e+01 1.18482310e+01 6.53574100e+01 2.78239000e+01 1.18970940e+01 6.58085100e+01 2.80485000e+01 1.19493720e+01 6.71750500e+01 2.31530000e+01 1.21452710e+01 6.76162700e+01 2.32908000e+01 1.18620290e+01 6.82684000e+01 1.82779000e+01 1.21177470e+01 6.86920000e+01 1.83358000e+01 1.15775240e+01 6.88382000e+01 1.33105000e+01 1.18373570e+01 6.92641000e+01 1.33332000e+01 1.12745700e+01 6.92139000e+01 8.31991000e+00 1.15059730e+01 6.96570000e+01 8.32727000e+00 1.08363100e+01 6.92773000e+01 3.32199000e+00 1.10329900e+01 6.97349000e+01 3.32771000e+00 1.17303520e+01 7.24502000e+01 -2.88096700e-01 1.17303520e+01 7.24502000e+01 2.88096700e-01 1.76060630e+01 0.00000000e+00 4.52597000e+01 1.76418970e+01 0.00000000e+00 4.57595000e+01 1.76065500e+01 5.03795980e+00 4.51999000e+01 1.76426880e+01 5.05004930e+00 4.56977000e+01 1.76074600e+01 1.00721217e+01 4.50200000e+01 1.76447900e+01 1.00957810e+01 4.55162000e+01 1.76083160e+01 1.50988765e+01 4.47246000e+01 1.76474250e+01 1.51334980e+01 4.52190000e+01 1.76079900e+01 2.01147530e+01 4.43172000e+01 1.76493030e+01 2.01603500e+01 4.48105000e+01 1.76046520e+01 2.51167140e+01 4.37988000e+01 1.76485380e+01 2.51735610e+01 4.42916000e+01 1.75955337e+01 3.01013840e+01 4.31652000e+01 1.76424270e+01 3.01701700e+01 4.36568000e+01 1.75764127e+01 3.50641718e+01 4.24042000e+01 1.76271390e+01 3.51465610e+01 4.28944000e+01 1.75411600e+01 3.99981918e+01 4.14943000e+01 1.75969742e+01 4.00974927e+01 4.19821000e+01 1.74801625e+01 4.48903460e+01 4.03939000e+01 1.75412953e+01 4.50123590e+01 4.08772000e+01 1.73795160e+01 4.97108530e+01 3.90262000e+01 1.74377023e+01 4.98660110e+01 3.95009000e+01 1.72218290e+01 5.43975290e+01 3.72700000e+01 1.72526790e+01 5.45965930e+01 3.77318000e+01 1.69971770e+01 5.89145400e+01 3.51279000e+01 1.69768300e+01 5.91516300e+01 3.55730000e+01 1.67607770e+01 6.27144600e+01 3.21794000e+01 1.67571230e+01 6.31542900e+01 3.24724000e+01 1.65687330e+01 6.41366700e+01 2.75527000e+01 1.67141710e+01 6.46271700e+01 2.76275000e+01 1.64009000e+01 6.50122100e+01 2.26498000e+01 1.65774840e+01 6.54891600e+01 2.27342000e+01 1.62572400e+01 6.58947000e+01 1.77510000e+01 1.64201700e+01 6.63823000e+01 1.78240000e+01 1.61050900e+01 6.66591000e+01 1.28259000e+01 1.62392000e+01 6.71598000e+01 1.29016000e+01 1.59796200e+01 6.74579000e+01 7.90763000e+00 1.60730900e+01 6.79778000e+01 7.97126000e+00 1.57837000e+01 6.78584000e+01 2.94934000e+00 1.58494600e+01 6.83856000e+01 3.02701000e+00 1.59906100e+01 7.14803000e+01 -2.95705200e-01 1.59906100e+01 7.14803000e+01 2.95705200e-01 2.26171430e+01 0.00000000e+00 4.48518000e+01 2.26626800e+01 0.00000000e+00 4.53515000e+01 2.26175340e+01 5.03804670e+00 4.47865000e+01 2.26634810e+01 5.05124750e+00 4.52838000e+01 2.26180400e+01 1.00719336e+01 4.45913000e+01 2.26655590e+01 1.00974822e+01 4.50865000e+01 2.26182620e+01 1.50979394e+01 4.42742000e+01 2.26679480e+01 1.51347690e+01 4.47674000e+01 2.26169530e+01 2.01126280e+01 4.38423000e+01 2.26690360e+01 2.01605960e+01 4.43342000e+01 2.26118900e+01 2.51131530e+01 4.32982000e+01 2.26663870e+01 2.51724920e+01 4.37893000e+01 2.25996385e+01 3.00960139e+01 4.26369000e+01 2.26563970e+01 3.01675690e+01 4.31268000e+01 2.25747305e+01 3.50557146e+01 4.18431000e+01 2.26338390e+01 3.51416590e+01 4.23313000e+01 2.25296178e+01 3.99842223e+01 4.08916000e+01 2.25914624e+01 4.00877206e+01 4.13773000e+01 2.24543434e+01 4.48688210e+01 3.97468000e+01 2.25193633e+01 4.49943375e+01 4.02280000e+01 2.23384850e+01 4.96933420e+01 3.83711000e+01 2.24059453e+01 4.98438040e+01 3.88452000e+01 2.21773330e+01 5.44397580e+01 3.67449000e+01 2.22407340e+01 5.46151080e+01 3.72107000e+01 2.19781350e+01 5.90762010e+01 3.48683000e+01 2.20308290e+01 5.92902590e+01 3.53212000e+01 2.17171440e+01 6.29603500e+01 3.20703000e+01 2.16890220e+01 6.33961100e+01 3.23713000e+01 2.15729560e+01 6.43449900e+01 2.74507000e+01 2.13900400e+01 6.48213800e+01 2.75208000e+01 2.14709400e+01 6.51213300e+01 2.25266000e+01 2.12787300e+01 6.55904700e+01 2.26125000e+01 2.13179300e+01 6.59841000e+01 1.76193000e+01 2.11421200e+01 6.64636000e+01 1.77050000e+01 2.11736500e+01 6.67788000e+01 1.27031000e+01 2.10208600e+01 6.72711000e+01 1.27896000e+01 2.10207700e+01 6.75946000e+01 7.79698000e+00 2.09040400e+01 6.81081000e+01 7.86374000e+00 2.09649100e+01 6.80098000e+01 2.83468000e+00 2.08706200e+01 6.85279000e+01 2.93747000e+00 2.03055100e+01 7.17409000e+01 -2.84965400e-01 2.03055100e+01 7.17409000e+01 2.84965400e-01 2.76146250e+01 0.00000000e+00 4.43487000e+01 2.76696170e+01 0.00000000e+00 4.48478000e+01 2.76146710e+01 5.03718770e+00 4.42754000e+01 2.76703020e+01 5.05195460e+00 4.47717000e+01 2.76141170e+01 1.00696072e+01 4.40589000e+01 2.76720030e+01 1.00976815e+01 4.45526000e+01 2.76129260e+01 1.50935039e+01 4.37141000e+01 2.76736810e+01 1.51329800e+01 4.42052000e+01 2.76101180e+01 2.01057870e+01 4.32545000e+01 2.76736520e+01 2.01561430e+01 4.37440000e+01 2.76033180e+01 2.51041350e+01 4.26856000e+01 2.76692140e+01 2.51655090e+01 4.31743000e+01 2.75887439e+01 3.00853555e+01 4.20031000e+01 2.76562480e+01 3.01584990e+01 4.24903000e+01 2.75602552e+01 3.50434471e+01 4.11903000e+01 2.76287680e+01 3.51308190e+01 4.16758000e+01 2.75092896e+01 3.99689033e+01 4.02188000e+01 2.75783403e+01 4.00740898e+01 4.07016000e+01 2.74247717e+01 4.48463150e+01 3.90488000e+01 2.74943139e+01 4.49742148e+01 3.95270000e+01 2.72945100e+01 4.96540890e+01 3.76352000e+01 2.73664250e+01 4.98089450e+01 3.81048000e+01 2.71108010e+01 5.43703980e+01 3.59492000e+01 2.71921260e+01 5.45523600e+01 3.64075000e+01 2.68924980e+01 5.89960800e+01 3.40246000e+01 2.69911810e+01 5.91984800e+01 3.44691000e+01 2.66036610e+01 6.32565400e+01 3.15382000e+01 2.66806080e+01 6.35922400e+01 3.19103000e+01 2.61538600e+01 6.60994200e+01 2.75667000e+01 2.60321900e+01 6.65509000e+01 2.77756000e+01 2.58109600e+01 6.75927700e+01 2.28288000e+01 2.55675500e+01 6.80218600e+01 2.29438000e+01 2.56667500e+01 6.84985000e+01 1.79313000e+01 2.53907300e+01 6.89179000e+01 1.79956000e+01 2.56579100e+01 6.90748000e+01 1.29735000e+01 2.53842800e+01 6.95019000e+01 1.30124000e+01 2.57116400e+01 6.94235000e+01 7.99358000e+00 2.54787100e+01 6.98778000e+01 8.00330000e+00 2.58709300e+01 6.95814000e+01 2.97619000e+00 2.56595700e+01 7.00443000e+01 3.05911000e+00 2.45450600e+01 7.30607000e+01 -2.74864700e-01 2.45450600e+01 7.30607000e+01 2.74864700e-01 3.25968439e+01 0.00000000e+00 4.37561000e+01 3.26604910e+01 0.00000000e+00 4.42550000e+01 3.25958401e+01 5.03460740e+00 4.36696000e+01 3.26608180e+01 5.05190430e+00 4.41649000e+01 3.25927938e+01 1.00634428e+01 4.34207000e+01 3.26615290e+01 1.00951369e+01 4.39127000e+01 3.25887368e+01 1.50825981e+01 4.30376000e+01 3.26616860e+01 1.51256290e+01 4.35263000e+01 3.25833014e+01 2.00901164e+01 4.25439000e+01 3.26598560e+01 2.01431990e+01 4.30306000e+01 3.25745046e+01 2.50848301e+01 4.19502000e+01 3.26536670e+01 2.51478960e+01 4.24360000e+01 3.25585597e+01 3.00641542e+01 4.12526000e+01 3.26389020e+01 3.01379690e+01 4.17369000e+01 3.25290819e+01 3.50220794e+01 4.04332000e+01 3.26094120e+01 3.51091930e+01 4.09158000e+01 3.24770666e+01 3.99483149e+01 3.94620000e+01 3.25562558e+01 4.00525955e+01 3.99423000e+01 3.23906360e+01 4.48255340e+01 3.82957000e+01 3.24675332e+01 4.49525317e+01 3.87715000e+01 3.22553230e+01 4.96247040e+01 3.68740000e+01 3.23295740e+01 4.97816270e+01 3.73406000e+01 3.20543200e+01 5.42982060e+01 3.51148000e+01 3.21303710e+01 5.44937860e+01 3.55656000e+01 3.17771680e+01 5.88045400e+01 3.29752000e+01 3.18709490e+01 5.90349440e+01 3.34060000e+01 3.14293000e+01 6.30844800e+01 3.04316000e+01 3.15349720e+01 6.33663600e+01 3.08263000e+01 3.09467000e+01 6.67333300e+01 2.71199000e+01 3.09918300e+01 6.71248500e+01 2.74258000e+01 3.03925800e+01 6.92684300e+01 2.28761000e+01 3.03100900e+01 6.97109200e+01 2.30846000e+01 2.99995300e+01 7.08405600e+01 1.81620000e+01 2.98165700e+01 7.12809900e+01 1.82810000e+01 2.98697900e+01 7.16883000e+01 1.32449000e+01 2.96309700e+01 7.21130000e+01 1.32929000e+01 3.00105300e+01 7.19773000e+01 8.25985000e+00 2.97480100e+01 7.23882000e+01 8.25316000e+00 3.02969800e+01 7.20555000e+01 3.22972000e+00 3.00304800e+01 7.24613000e+01 3.27524000e+00 2.86657400e+01 7.51732000e+01 -2.66389500e-01 2.86657400e+01 7.51732000e+01 2.66389500e-01 3.75633072e+01 0.00000000e+00 4.30870000e+01 3.76342210e+01 0.00000000e+00 4.35859000e+01 3.75597787e+01 5.02925640e+00 4.29754000e+01 3.76333510e+01 5.05165990e+00 4.34696000e+01 3.75507089e+01 1.00508738e+01 4.26700000e+01 3.76311920e+01 1.00883438e+01 4.31596000e+01 3.75409616e+01 1.50611595e+01 4.22310000e+01 3.76278920e+01 1.51088440e+01 4.27163000e+01 3.75307067e+01 2.00598352e+01 4.16925000e+01 3.76225220e+01 2.01163520e+01 4.21751000e+01 3.75185615e+01 2.50483001e+01 4.10707000e+01 3.76136250e+01 2.51128950e+01 4.15522000e+01 3.75016512e+01 3.00250387e+01 4.03625000e+01 3.75977101e+01 3.00985347e+01 4.08427000e+01 3.74737323e+01 3.49841000e+01 3.95474000e+01 3.75689134e+01 3.50693268e+01 4.00261000e+01 3.74254590e+01 3.99150513e+01 3.85936000e+01 3.75181139e+01 4.00160281e+01 3.90703000e+01 3.73439270e+01 4.48003370e+01 3.74561000e+01 3.74322753e+01 4.49228892e+01 3.79288000e+01 3.72126360e+01 4.96102000e+01 3.60697000e+01 3.72943730e+01 4.97622510e+01 3.65335000e+01 3.70099860e+01 5.42880290e+01 3.43316000e+01 3.70836480e+01 5.44821910e+01 3.47793000e+01 3.67128840e+01 5.87441500e+01 3.21174000e+01 3.67816090e+01 5.89893800e+01 3.25387000e+01 3.63149500e+01 6.29296900e+01 2.94288000e+01 3.63911900e+01 6.32157400e+01 2.98210000e+01 3.58257100e+01 6.67449100e+01 2.62622000e+01 3.58931800e+01 6.70881200e+01 2.66060000e+01 3.52597100e+01 6.99186100e+01 2.24749000e+01 3.52716400e+01 7.03193900e+01 2.27482000e+01 3.47141400e+01 7.22798900e+01 1.81245000e+01 3.46418300e+01 7.27104400e+01 1.83207000e+01 3.43267400e+01 7.38302000e+01 1.34047000e+01 3.41671900e+01 7.42586000e+01 1.35227000e+01 3.41962200e+01 7.46614000e+01 8.49366000e+00 3.39580200e+01 7.50575000e+01 8.53913000e+00 3.43698100e+01 7.49025000e+01 3.50275000e+00 3.41027800e+01 7.52743000e+01 3.51413000e+00 3.28192400e+01 7.77371000e+01 -2.62023600e-01 3.28192400e+01 7.77371000e+01 2.62023600e-01 4.25051737e+01 0.00000000e+00 4.23426000e+01 4.25903104e+01 0.00000000e+00 4.28404000e+01 4.24998768e+01 5.02124960e+00 4.21887000e+01 4.25877296e+01 5.05087330e+00 4.26807000e+01 4.24814929e+01 1.00272992e+01 4.17875000e+01 4.25783036e+01 1.00750729e+01 4.22732000e+01 4.24610468e+01 1.50220856e+01 4.12647000e+01 4.25660219e+01 1.50759945e+01 4.17450000e+01 4.24429989e+01 2.00069049e+01 4.06706000e+01 4.25535929e+01 2.00674144e+01 4.11477000e+01 4.24244525e+01 2.49850836e+01 4.00145000e+01 4.25390345e+01 2.50515418e+01 4.04905000e+01 4.24051126e+01 2.99576556e+01 3.92969000e+01 4.25210041e+01 3.00301243e+01 3.97716000e+01 4.23806840e+01 3.49186210e+01 3.84955000e+01 4.24950402e+01 3.50005036e+01 3.89692000e+01 4.23410120e+01 3.98572480e+01 3.75737000e+01 4.24515327e+01 3.99528824e+01 3.80460000e+01 4.22713320e+01 4.47566460e+01 3.64851000e+01 4.23757180e+01 4.48720850e+01 3.69542000e+01 4.21522480e+01 4.95892980e+01 3.51643000e+01 4.22473630e+01 4.97324610e+01 3.56252000e+01 4.19583360e+01 5.43032820e+01 3.35086000e+01 4.20404400e+01 5.44859730e+01 3.39552000e+01 4.16621570e+01 5.88011400e+01 3.13744000e+01 4.17270870e+01 5.90377370e+01 3.17953000e+01 4.12533200e+01 6.29785800e+01 2.86820000e+01 4.13050100e+01 6.32660900e+01 2.90686000e+01 4.07489900e+01 6.67908900e+01 2.55000000e+01 4.07957000e+01 6.71211800e+01 2.58481000e+01 4.01822600e+01 7.01647700e+01 2.18671000e+01 4.02147900e+01 7.05343900e+01 2.21662000e+01 3.96036600e+01 7.29823300e+01 1.77878000e+01 3.96004900e+01 7.33831600e+01 1.80306000e+01 3.90761800e+01 7.51770100e+01 1.33288000e+01 3.90204500e+01 7.55933800e+01 1.35141000e+01 3.86585900e+01 7.67505000e+01 8.59927000e+00 3.85358500e+01 7.71634000e+01 8.72202000e+00 3.85170400e+01 7.74097000e+01 3.67642000e+00 3.83339300e+01 7.78069000e+01 3.69285000e+00 3.73268700e+01 8.01958000e+01 -2.64991200e-01 3.73268700e+01 8.01958000e+01 2.64991200e-01 4.72549280e+01 0.00000000e+00 4.10712000e+01 4.74608296e+01 0.00000000e+00 4.15370000e+01 4.73077080e+01 5.00474298e+00 4.09997000e+01 4.74813704e+01 5.01969010e+00 4.14709000e+01 4.73369360e+01 9.98126400e+00 4.06330000e+01 4.74812763e+01 1.00306441e+01 4.11071000e+01 4.73235930e+01 1.49523191e+01 4.00639000e+01 4.74592652e+01 1.50103954e+01 4.05362000e+01 4.73040690e+01 1.99202322e+01 3.94327000e+01 4.74385152e+01 1.99835776e+01 3.99032000e+01 4.72758040e+01 2.48836720e+01 3.87409000e+01 4.74138430e+01 2.49530185e+01 3.92104000e+01 4.72477980e+01 2.98491020e+01 3.80062000e+01 4.73891640e+01 2.99206388e+01 3.84745000e+01 4.72268560e+01 3.48112920e+01 3.72232000e+01 4.73671240e+01 3.48887880e+01 3.76911000e+01 4.72013680e+01 3.97585630e+01 3.63468000e+01 4.73366270e+01 3.98472400e+01 3.68148000e+01 4.71523580e+01 4.46749950e+01 3.53260000e+01 4.72794680e+01 4.47812220e+01 3.57925000e+01 4.70568960e+01 4.95367270e+01 3.40975000e+01 4.71716660e+01 4.96685510e+01 3.45577000e+01 4.68849420e+01 5.42983750e+01 3.25613000e+01 4.69826640e+01 5.44671640e+01 3.30101000e+01 4.66049420e+01 5.88732500e+01 3.05777000e+01 4.66792530e+01 5.90934180e+01 3.10054000e+01 4.62025600e+01 6.31354100e+01 2.80214000e+01 4.62494700e+01 6.34129200e+01 2.84153000e+01 4.56982800e+01 6.69924300e+01 2.48988000e+01 4.57234500e+01 6.73185300e+01 2.52521000e+01 4.51315800e+01 7.04155900e+01 2.13100000e+01 4.51428200e+01 7.07777300e+01 2.16192000e+01 4.45472000e+01 7.33685500e+01 1.73257000e+01 4.45463100e+01 7.37595300e+01 1.75860000e+01 4.39895900e+01 7.58006300e+01 1.29944000e+01 4.39761500e+01 7.62116800e+01 1.32045000e+01 4.34955100e+01 7.77070000e+01 8.39530000e+00 4.34728500e+01 7.81310000e+01 8.55056000e+00 4.31280200e+01 7.87611000e+01 3.53974000e+00 4.30689200e+01 7.91939000e+01 3.60214000e+00 4.22508400e+01 8.18782000e+01 -2.67613300e-01 4.22508400e+01 8.18782000e+01 2.67613300e-01 5.12023700e+01 0.00000000e+00 3.82484000e+01 5.15817930e+01 0.00000000e+00 3.86003000e+01 5.15564830e+01 4.95652480e+00 3.85585000e+01 5.18763830e+01 4.89230200e+00 3.89474000e+01 5.19337250e+01 9.87419600e+00 3.87523000e+01 5.21700620e+01 9.87327200e+00 3.91941000e+01 5.20512760e+01 1.48286270e+01 3.84461000e+01 5.22401220e+01 1.48655260e+01 3.89027000e+01 5.20866710e+01 1.97881650e+01 3.79231000e+01 5.22518500e+01 1.98455190e+01 3.83853000e+01 5.20555360e+01 2.47352330e+01 3.72212000e+01 5.22184660e+01 2.48107080e+01 3.76829000e+01 5.19977760e+01 2.96855660e+01 3.64326000e+01 5.21705760e+01 2.97597420e+01 3.68915000e+01 5.19709410e+01 3.46450220e+01 3.56509000e+01 5.21474320e+01 3.47171380e+01 3.61098000e+01 5.19661680e+01 3.95984830e+01 3.48303000e+01 5.21376300e+01 3.96777960e+01 3.52911000e+01 5.19506910e+01 4.45310000e+01 3.38983000e+01 5.21118790e+01 4.46250990e+01 3.43605000e+01 5.18960180e+01 4.94242260e+01 3.27923000e+01 5.20413950e+01 4.95409470e+01 3.32518000e+01 5.17671410e+01 5.42408820e+01 3.14177000e+01 5.18908930e+01 5.43918260e+01 3.18704000e+01 5.15255480e+01 5.89072100e+01 2.96377000e+01 5.16203390e+01 5.91073160e+01 3.00759000e+01 5.11483100e+01 6.33015500e+01 2.73060000e+01 5.12067300e+01 6.35616600e+01 2.77165000e+01 5.06523600e+01 6.72912700e+01 2.43611000e+01 5.06742400e+01 6.76090700e+01 2.47308000e+01 5.00857000e+01 7.08024700e+01 2.08685000e+01 5.00809400e+01 7.11648700e+01 2.11906000e+01 4.94999900e+01 7.37901500e+01 1.69231000e+01 4.94822200e+01 7.41892500e+01 1.71908000e+01 4.89424800e+01 7.61926700e+01 1.25928000e+01 4.89248400e+01 7.66202200e+01 1.28020000e+01 4.84422200e+01 7.80392000e+01 7.98505000e+00 4.84313800e+01 7.84827000e+01 8.14181000e+00 4.79984600e+01 7.93783000e+01 3.17304000e+00 4.79586600e+01 7.98199000e+01 3.30265000e+00 4.72115500e+01 8.29424000e+01 -2.66406900e-01 4.72115500e+01 8.29424000e+01 2.66406900e-01 5.45523200e+01 0.00000000e+00 3.45337000e+01 5.49319700e+01 0.00000000e+00 3.48948000e+01 5.52218500e+01 4.94471160e+00 3.51794000e+01 5.55597900e+01 4.80367600e+00 3.55312000e+01 5.61154800e+01 9.72213500e+00 3.60307000e+01 5.64081900e+01 9.64053300e+00 3.64310000e+01 5.65509540e+01 1.46386780e+01 3.62688000e+01 5.67887330e+01 1.46186380e+01 3.67045000e+01 5.67635020e+01 1.96042450e+01 3.61195000e+01 5.69554710e+01 1.96366600e+01 3.65734000e+01 5.67544340e+01 2.45447740e+01 3.54691000e+01 5.69396500e+01 2.46282870e+01 3.59217000e+01 5.66267250e+01 2.94594560e+01 3.45417000e+01 5.68301980e+01 2.95507680e+01 3.49867000e+01 5.65456740e+01 3.43994360e+01 3.36746000e+01 5.67682570e+01 3.44698580e+01 3.41157000e+01 5.65600470e+01 3.93527620e+01 3.29001000e+01 5.67827800e+01 3.94185310e+01 3.33442000e+01 5.65976470e+01 4.42962830e+01 3.20808000e+01 5.68086810e+01 4.43725980e+01 3.25299000e+01 5.66106110e+01 4.92182390e+01 3.11327000e+01 5.68018940e+01 4.93132790e+01 3.15840000e+01 5.65578010e+01 5.40917570e+01 2.99681000e+01 5.67227820e+01 5.42167350e+01 3.04191000e+01 5.63910800e+01 5.88582100e+01 2.84539000e+01 5.65215970e+01 5.90291870e+01 2.88991000e+01 5.60721400e+01 6.34098900e+01 2.64277000e+01 5.61585600e+01 6.36418200e+01 2.68547000e+01 5.56035600e+01 6.75946300e+01 2.37665000e+01 5.56407700e+01 6.78927400e+01 2.41575000e+01 5.50373300e+01 7.12697300e+01 2.04611000e+01 5.50323400e+01 7.16255600e+01 2.08001000e+01 5.44453800e+01 7.43238600e+01 1.65845000e+01 5.44147800e+01 7.47279800e+01 1.68590000e+01 5.38916400e+01 7.66895200e+01 1.22446000e+01 5.38509300e+01 7.71275700e+01 1.24531000e+01 5.33998700e+01 7.84832000e+01 7.61355000e+00 5.33526600e+01 7.89363000e+01 7.77526000e+00 5.29290500e+01 8.00860000e+01 2.86451000e+00 5.28617200e+01 8.05211000e+01 3.05183000e+00 5.20628200e+01 8.39273000e+01 -2.65505400e-01 5.20628200e+01 8.39273000e+01 2.65505400e-01 5.80362300e+01 0.00000000e+00 3.09374000e+01 5.84129100e+01 0.00000000e+00 3.13091000e+01 5.88447100e+01 4.92409790e+00 3.17196000e+01 5.91698900e+01 4.74386400e+00 3.20672000e+01 6.00904400e+01 9.56215200e+00 3.29716000e+01 6.03920300e+01 9.41409300e+00 3.33443000e+01 6.08579300e+01 1.43778000e+01 3.37437000e+01 6.11340400e+01 1.43170270e+01 3.41494000e+01 6.11568600e+01 1.93643920e+01 3.38823000e+01 6.14410100e+01 1.93653030e+01 3.42827000e+01 6.12932200e+01 2.43426180e+01 3.34229000e+01 6.15423780e+01 2.44089480e+01 3.38444000e+01 6.11036800e+01 2.91869930e+01 3.23426000e+01 6.13518800e+01 2.93035080e+01 3.27573000e+01 6.08972700e+01 3.40627470e+01 3.12547000e+01 6.11640000e+01 3.41478030e+01 3.16705000e+01 6.08810200e+01 3.90003090e+01 3.04427000e+01 6.11594200e+01 3.90545510e+01 3.08587000e+01 6.09806200e+01 4.39477100e+01 2.97331000e+01 6.12531300e+01 4.40001030e+01 3.01552000e+01 6.10963700e+01 4.88897900e+01 2.89727000e+01 6.13482300e+01 4.89548600e+01 2.94019000e+01 6.11667100e+01 5.38112800e+01 2.80619000e+01 6.13893200e+01 5.39003500e+01 2.84985000e+01 6.11310800e+01 5.86723900e+01 2.68753000e+01 6.13155500e+01 5.88021400e+01 2.73172000e+01 6.09292000e+01 6.33888800e+01 2.52416000e+01 6.10636100e+01 6.35781800e+01 2.56789000e+01 6.05343800e+01 6.78118500e+01 2.29829000e+01 6.06077400e+01 6.80742000e+01 2.33961000e+01 5.99860700e+01 7.17430200e+01 1.99935000e+01 5.99973700e+01 7.20777600e+01 2.03565000e+01 5.93794800e+01 7.49821900e+01 1.62852000e+01 5.93413300e+01 7.53781100e+01 1.65757000e+01 5.88131800e+01 7.74431200e+01 1.20037000e+01 5.87441400e+01 7.78767600e+01 1.22225000e+01 5.83208800e+01 7.93048000e+01 7.39646000e+00 5.82345400e+01 7.97527000e+01 7.56945000e+00 5.78327800e+01 8.10792000e+01 2.70702000e+00 5.77398800e+01 8.15027000e+01 2.92363000e+00 5.68558700e+01 8.50296000e+01 -2.64241200e-01 5.68558700e+01 8.50296000e+01 2.64241200e-01 6.15051500e+01 0.00000000e+00 2.73495000e+01 6.18928800e+01 0.00000000e+00 2.77181000e+01 6.24681800e+01 4.87714500e+00 2.82666000e+01 6.27944600e+01 4.67154500e+00 2.85945000e+01 6.38074400e+01 9.42695500e+00 2.96084000e+01 6.41586400e+01 9.29873800e+00 2.99424000e+01 6.40023500e+01 1.42462880e+01 3.00564000e+01 6.44498200e+01 1.42921630e+01 3.02714000e+01 6.35492000e+01 1.91530090e+01 2.98920000e+01 6.40408700e+01 1.91305800e+01 2.99683000e+01 6.45120700e+01 2.39836700e+01 2.98678000e+01 6.49542700e+01 2.38914400e+01 3.00788000e+01 6.50559200e+01 2.87964900e+01 2.93803000e+01 6.54139900e+01 2.88475600e+01 2.97227000e+01 6.49456100e+01 3.36399200e+01 2.83851000e+01 6.52702900e+01 3.37242900e+01 2.87553000e+01 6.48803600e+01 3.85460800e+01 2.74958000e+01 6.52063000e+01 3.85997800e+01 2.78775000e+01 6.49980000e+01 4.34880600e+01 2.68171000e+01 6.53254000e+01 4.35209700e+01 2.72029000e+01 6.52233400e+01 4.84383700e+01 2.62162000e+01 6.55367100e+01 4.84703300e+01 2.66091000e+01 6.54581100e+01 5.33868700e+01 2.55623000e+01 6.57459900e+01 5.34329100e+01 2.59677000e+01 6.56192300e+01 5.83148500e+01 2.47311000e+01 6.58716300e+01 5.83922700e+01 2.51521000e+01 6.56203800e+01 6.31711700e+01 2.35556000e+01 6.58230300e+01 6.33021400e+01 2.39886000e+01 6.53887300e+01 6.78389000e+01 2.18216000e+01 6.55241500e+01 6.80456600e+01 2.22508000e+01 6.49175800e+01 7.21070400e+01 1.93229000e+01 6.49723700e+01 7.24005300e+01 1.97170000e+01 6.43016100e+01 7.56918800e+01 1.59583000e+01 6.42776100e+01 7.60642100e+01 1.62806000e+01 6.36948100e+01 7.84154200e+01 1.18518000e+01 6.36137500e+01 7.88354300e+01 1.20931000e+01 6.31814700e+01 8.04313300e+01 7.31676000e+00 6.30713600e+01 8.08695400e+01 7.50259000e+00 6.26851100e+01 8.22930000e+01 2.66433000e+00 6.25735000e+01 8.27081000e+01 2.88963000e+00 6.16217400e+01 8.62569000e+01 -2.63466500e-01 6.16217400e+01 8.62569000e+01 2.63466500e-01 6.49116900e+01 0.00000000e+00 2.36982000e+01 6.53081000e+01 0.00000000e+00 2.40656000e+01 6.59061700e+01 4.85098500e+00 2.46323000e+01 6.62649900e+01 4.67282500e+00 2.49440000e+01 6.67242300e+01 9.53212100e+00 2.55334000e+01 6.71668900e+01 9.53266100e+00 2.57791000e+01 6.55411700e+01 1.41903300e+01 2.53380000e+01 6.59753100e+01 1.43887380e+01 2.54397000e+01 6.41151500e+01 1.90187560e+01 2.49479000e+01 6.46121300e+01 1.90044170e+01 2.50340000e+01 6.58657900e+01 2.37563700e+01 2.51195000e+01 6.62866700e+01 2.35213800e+01 2.52094000e+01 6.77308700e+01 2.82563900e+01 2.52454000e+01 6.81744500e+01 2.81568800e+01 2.54506000e+01 6.83262700e+01 3.31048100e+01 2.47908000e+01 6.87312500e+01 3.31179000e+01 2.50860000e+01 6.84658600e+01 3.80122800e+01 2.40775000e+01 6.88446000e+01 3.80483400e+01 2.44102000e+01 6.86109200e+01 4.29478000e+01 2.34197000e+01 6.89850100e+01 4.29686400e+01 2.37650000e+01 6.89087400e+01 4.78991200e+01 2.29033000e+01 6.92734800e+01 4.79052900e+01 2.32534000e+01 6.92977700e+01 5.28527300e+01 2.24379000e+01 6.96456600e+01 5.28588900e+01 2.27981000e+01 6.96843800e+01 5.78048700e+01 2.19094000e+01 7.00074100e+01 5.78269100e+01 2.22878000e+01 6.99694100e+01 6.27385100e+01 2.11804000e+01 7.02531500e+01 6.27992300e+01 2.15833000e+01 7.00292000e+01 6.75932600e+01 2.00405000e+01 7.02516200e+01 6.77225800e+01 2.04640000e+01 6.97697200e+01 7.22082200e+01 1.82121000e+01 6.99039800e+01 7.24328600e+01 1.86317000e+01 6.92164000e+01 7.62711900e+01 1.54373000e+01 6.92437400e+01 7.65978100e+01 1.58056000e+01 6.85587200e+01 7.94469400e+01 1.16961000e+01 6.84921600e+01 7.98438200e+01 1.19768000e+01 6.79944600e+01 8.17305500e+01 7.31197000e+00 6.78752000e+01 8.21568300e+01 7.51589000e+00 6.74900500e+01 8.36610000e+01 2.69547000e+00 6.73648300e+01 8.40704000e+01 2.91846000e+00 6.63700100e+01 8.75869000e+01 -2.63587500e-01 6.63700100e+01 8.75869000e+01 2.63587500e-01 6.83778600e+01 0.00000000e+00 2.00791000e+01 6.87649300e+01 0.00000000e+00 2.04617000e+01 6.89822400e+01 4.90282750e+00 2.06936000e+01 6.94111500e+01 4.83145700e+00 2.09836000e+01 6.87203300e+01 9.69367300e+00 2.09329000e+01 6.91873600e+01 9.83375100e+00 2.10781000e+01 6.65908000e+01 1.40738350e+01 2.04656000e+01 6.70023000e+01 1.43259890e+01 2.05326000e+01 6.50307000e+01 1.88690400e+01 2.00410000e+01 6.55246000e+01 1.88628500e+01 2.01362000e+01 6.67568000e+01 2.36274500e+01 2.02202000e+01 6.71612000e+01 2.33589800e+01 2.02948000e+01 6.92805000e+01 2.78704700e+01 2.05231000e+01 6.97217100e+01 2.76661500e+01 2.06365000e+01 7.07735400e+01 3.25521800e+01 2.04996000e+01 7.12259200e+01 3.24619200e+01 2.07049000e+01 7.14479900e+01 3.74378400e+01 2.01326000e+01 7.18798000e+01 3.74209300e+01 2.04024000e+01 7.17676200e+01 4.23694600e+01 1.96015000e+01 7.21857700e+01 4.23715800e+01 1.98992000e+01 7.21239700e+01 4.73188500e+01 1.91373000e+01 7.25325300e+01 4.73083900e+01 1.94405000e+01 7.26005100e+01 5.22682300e+01 1.87622000e+01 7.30000100e+01 5.22477700e+01 1.90677000e+01 7.31576600e+01 5.72142000e+01 1.84105000e+01 7.35448700e+01 5.71909000e+01 1.87264000e+01 7.37376300e+01 6.21544400e+01 1.80099000e+01 7.41014400e+01 6.21450800e+01 1.83505000e+01 7.41981000e+01 6.70813700e+01 1.74082000e+01 7.45191200e+01 6.71176000e+01 1.77858000e+01 7.43511900e+01 7.19346000e+01 1.63375000e+01 7.45976700e+01 7.20573500e+01 1.67493000e+01 7.40647200e+01 7.64893200e+01 1.44184000e+01 7.41949600e+01 7.67324200e+01 1.48277000e+01 7.34335600e+01 8.03113000e+01 1.13590000e+01 7.34270500e+01 8.06628100e+01 1.17011000e+01 7.27828100e+01 8.30860100e+01 7.31374000e+00 7.26750800e+01 8.34934300e+01 7.55400000e+00 7.22543700e+01 8.51456700e+01 2.77530000e+00 7.21208500e+01 8.55493500e+01 2.99035000e+00 7.11083800e+01 8.90009000e+01 -2.64314800e-01 7.11083800e+01 8.90009000e+01 2.64314800e-01 7.13558000e+01 0.00000000e+00 1.62280000e+01 7.18628000e+01 0.00000000e+00 1.64584000e+01 7.12388000e+01 4.94780800e+00 1.62963000e+01 7.17452000e+01 5.02846260e+00 1.64516000e+01 6.98231000e+01 9.60329500e+00 1.60425000e+01 7.02717000e+01 9.83464700e+00 1.60924000e+01 6.73056000e+01 1.38609000e+01 1.55352000e+01 6.77281000e+01 1.41059000e+01 1.55761000e+01 6.59229000e+01 1.87186700e+01 1.51492000e+01 6.64115000e+01 1.87104700e+01 1.52324000e+01 6.74800000e+01 2.35374500e+01 1.52934000e+01 6.78980000e+01 2.32844600e+01 1.53509000e+01 7.01566000e+01 2.77353500e+01 1.56058000e+01 7.05813000e+01 2.74794000e+01 1.56616000e+01 7.23340000e+01 3.21654900e+01 1.57896000e+01 7.27919000e+01 3.19814000e+01 1.59062000e+01 7.37223200e+01 3.69054800e+01 1.57323000e+01 7.41871200e+01 3.68118700e+01 1.59310000e+01 7.43986300e+01 4.18011200e+01 1.53991000e+01 7.48544500e+01 4.17726300e+01 1.56416000e+01 7.48250600e+01 4.67428200e+01 1.49875000e+01 7.52720600e+01 4.67243100e+01 1.52356000e+01 7.52921600e+01 5.16921700e+01 1.46217000e+01 7.57356300e+01 5.16607700e+01 1.48619000e+01 7.59114600e+01 5.66301900e+01 1.43233000e+01 7.63491700e+01 5.65784600e+01 1.45641000e+01 7.67137600e+01 6.15430400e+01 1.40936000e+01 7.71381800e+01 6.14789500e+01 1.43508000e+01 7.75774500e+01 6.64399800e+01 1.38516000e+01 7.79789500e+01 6.63883600e+01 1.41427000e+01 7.82907700e+01 7.13402200e+01 1.34212000e+01 7.86498400e+01 7.13407600e+01 1.37640000e+01 7.85819800e+01 7.61903500e+01 1.24632000e+01 7.88558200e+01 7.62995900e+01 1.28593000e+01 7.82735500e+01 8.06876600e+01 1.04717000e+01 7.83991800e+01 8.09420200e+01 1.08715000e+01 7.75926800e+01 8.42617400e+01 7.16185000e+00 7.75497400e+01 8.46244900e+01 7.47240000e+00 7.69823900e+01 8.67018500e+01 2.87593000e+00 7.68549500e+01 8.70892300e+01 3.09235000e+00 7.58544700e+01 9.04833300e+01 -2.64962200e-01 7.58544700e+01 9.04833300e+01 2.64962200e-01 7.30650000e+01 0.00000000e+00 1.15749000e+01 7.36139000e+01 0.00000000e+00 1.17235000e+01 7.23665000e+01 4.83871200e+00 1.14379000e+01 7.28764000e+01 5.01873710e+00 1.15138000e+01 7.03056000e+01 9.29392800e+00 1.10497000e+01 7.07458000e+01 9.54873800e+00 1.10611000e+01 6.79044000e+01 1.36514300e+01 1.05719000e+01 6.83466000e+01 1.38566700e+01 1.06175000e+01 6.68420000e+01 1.85747100e+01 1.02439000e+01 6.73203000e+01 1.85640600e+01 1.03403000e+01 6.81178000e+01 2.34551200e+01 1.03446000e+01 6.85570000e+01 2.32432000e+01 1.04037000e+01 7.05880000e+01 2.77952500e+01 1.06254000e+01 7.10118000e+01 2.75325800e+01 1.06368000e+01 7.31431000e+01 3.20519600e+01 1.08759000e+01 7.35837000e+01 3.18000500e+01 1.09136000e+01 7.52817000e+01 3.65111500e+01 1.10154000e+01 7.57524000e+01 3.63293700e+01 1.11403000e+01 7.64835000e+01 4.12878700e+01 1.08850000e+01 7.69651000e+01 4.12183300e+01 1.10736000e+01 7.69824000e+01 4.62106000e+01 1.05210000e+01 7.74589000e+01 4.61918300e+01 1.07134000e+01 7.73614000e+01 5.11667700e+01 1.01227000e+01 7.78338600e+01 5.11351800e+01 1.03033000e+01 7.79846700e+01 5.61077900e+01 9.82580000e+00 7.84496100e+01 5.60411900e+01 1.00062300e+01 7.89260900e+01 6.10011200e+01 9.66701000e+00 7.93802400e+01 6.09055000e+01 9.85672000e+00 8.00704800e+01 6.58485200e+01 9.59619000e+00 8.05126900e+01 6.57407400e+01 9.80334000e+00 8.12649100e+01 7.06781600e+01 9.52518000e+00 8.16901600e+01 7.05802800e+01 9.76603000e+00 8.22771700e+01 7.55285700e+01 9.28359000e+00 8.26678700e+01 7.54875600e+01 9.58640000e+00 8.27319500e+01 8.03719500e+01 8.46453000e+00 8.30353700e+01 8.04604800e+01 8.84455000e+00 8.24160800e+01 8.48235600e+01 6.43135000e+00 8.25321100e+01 8.50803100e+01 6.82145000e+00 8.17091600e+01 8.81555600e+01 2.90137000e+00 8.16261700e+01 8.85031700e+01 3.16613000e+00 8.06857200e+01 9.19763100e+01 -2.62662400e-01 8.06857200e+01 9.19763100e+01 2.62662400e-01 7.43490000e+01 0.00000000e+00 6.71862000e+00 7.49291000e+01 0.00000000e+00 6.84205000e+00 7.29854000e+01 4.61425400e+00 6.49058000e+00 7.34746000e+01 4.87425100e+00 6.49330000e+00 7.04527000e+01 8.86555000e+00 6.05861000e+00 7.08911000e+01 9.12161100e+00 6.02296000e+00 6.82799000e+01 1.34005900e+01 5.61777000e+00 6.87379000e+01 1.35573200e+01 5.61816000e+00 6.75037000e+01 1.84402200e+01 5.34746000e+00 6.79813000e+01 1.84302900e+01 5.37530000e+00 6.84559000e+01 2.34643300e+01 5.39856000e+00 6.89145000e+01 2.33038600e+01 5.40174000e+00 7.06120000e+01 2.80554500e+01 5.63479000e+00 7.10417000e+01 2.78064600e+01 5.61381000e+00 7.33623000e+01 3.22453900e+01 5.89713000e+00 7.37800000e+01 3.19523700e+01 5.88040000e+00 7.61086000e+01 3.63523800e+01 6.11937000e+00 7.65649000e+01 3.60923500e+01 6.14775000e+00 7.79000000e+01 4.08934400e+01 6.12933000e+00 7.84089000e+01 4.07727000e+01 6.22366000e+00 7.85353000e+01 4.57591000e+01 5.81286000e+00 7.90405000e+01 4.57280000e+01 5.93062000e+00 7.89235000e+01 5.06987900e+01 5.40065000e+00 7.94109000e+01 5.06583300e+01 5.54352000e+00 7.96301000e+01 5.56390900e+01 5.11818000e+00 8.01004000e+01 5.55607000e+01 5.28372000e+00 8.06776000e+01 6.05296400e+01 4.99714000e+00 8.11362000e+01 6.04207500e+01 5.17318000e+00 8.19526000e+01 6.53616900e+01 4.98533000e+00 8.24040000e+01 6.52335200e+01 5.16629000e+00 8.33714900e+01 7.01465800e+01 5.03573000e+00 8.38171600e+01 7.00057400e+01 5.22333000e+00 8.48498500e+01 7.49000800e+01 5.09869000e+00 8.52886300e+01 7.47621600e+01 5.30666000e+00 8.61539500e+01 7.96717200e+01 5.02683000e+00 8.65778200e+01 7.95839700e+01 5.30047000e+00 8.68164200e+01 8.44786800e+01 4.37865000e+00 8.71513600e+01 8.45538400e+01 4.76228000e+00 8.64486800e+01 8.88113000e+01 2.24743000e+00 8.65566100e+01 8.90990400e+01 2.61466000e+00 8.57411300e+01 9.31644000e+01 -2.53441100e-01 8.57411300e+01 9.31644000e+01 2.53441100e-01 7.49862000e+01 0.00000000e+00 1.70620000e+00 7.55555000e+01 0.00000000e+00 1.88549000e+00 7.36338000e+01 4.37289600e+00 1.44101000e+00 7.40562000e+01 4.63503800e+00 1.70191000e+00 7.12032000e+01 8.67173000e+00 1.05187000e+00 7.15552000e+01 8.88007000e+00 1.35192000e+00 6.94050000e+01 1.33302000e+01 7.37125000e-01 6.97318000e+01 1.34269100e+01 1.06159700e+00 6.89641000e+01 1.82984400e+01 5.83713000e-01 6.92683000e+01 1.82840000e+01 9.41532000e-01 6.98921000e+01 2.31660200e+01 6.19589000e-01 7.01859000e+01 2.30637600e+01 9.89703000e-01 7.18354000e+01 2.77106400e+01 7.63800000e-01 7.21334000e+01 2.75390300e+01 1.12105400e+00 7.43763000e+01 3.19495500e+01 9.45550000e-01 7.46921000e+01 3.17283500e+01 1.28147000e+00 7.69960000e+01 3.61012300e+01 1.13088000e+00 7.73622000e+01 3.58780200e+01 1.43105000e+00 7.89858000e+01 4.05000600e+01 1.18273000e+00 7.94054000e+01 4.03688700e+01 1.46842000e+00 8.01411000e+01 4.52497100e+01 1.01046000e+00 8.05319000e+01 4.51912100e+01 1.33867000e+00 8.10404000e+01 5.01394700e+01 8.12560000e-01 8.13807000e+01 5.00866600e+01 1.17877700e+00 8.20582000e+01 5.50197100e+01 7.03323000e-01 8.23679000e+01 5.49556500e+01 1.09004700e+00 8.32304000e+01 5.98591100e+01 6.62293000e-01 8.35265000e+01 5.97844800e+01 1.05742700e+00 8.45257000e+01 6.46636500e+01 6.64965000e-01 8.48198000e+01 6.45794400e+01 1.06023300e+00 8.59195000e+01 6.94419700e+01 6.98594000e-01 8.62191000e+01 6.93479800e+01 1.08853500e+00 8.73959000e+01 7.42031300e+01 7.58820000e-01 8.77068200e+01 7.40970600e+01 1.13971800e+00 8.89240900e+01 7.89589600e+01 8.53820000e-01 8.92531200e+01 7.88445100e+01 1.22546700e+00 9.02798900e+01 8.37159800e+01 8.66430000e-01 9.06328500e+01 8.36537000e+01 1.24435900e+00 9.09736200e+01 8.85262800e+01 3.30949000e-01 9.11672800e+01 8.85977500e+01 7.93382000e-01 9.09789800e+01 9.35105000e+01 -2.50221791e-01 9.09789800e+01 9.35105000e+01 2.50221791e-01 0.00000000e+00 2.51853900e+00 4.58835000e+01 0.00000000e+00 2.52362410e+00 4.63783000e+01 0.00000000e+00 7.55385870e+00 4.57779000e+01 0.00000000e+00 7.56919780e+00 4.62751000e+01 0.00000000e+00 1.25840386e+01 4.55692000e+01 0.00000000e+00 1.26097380e+01 4.60682000e+01 0.00000000e+00 1.76060640e+01 4.52596000e+01 0.00000000e+00 1.76419000e+01 4.57595000e+01 0.00000000e+00 2.26171430e+01 4.48518000e+01 0.00000000e+00 2.26626820e+01 4.53515000e+01 0.00000000e+00 2.76146240e+01 4.43486000e+01 0.00000000e+00 2.76696180e+01 4.48478000e+01 0.00000000e+00 3.25968401e+01 4.37560000e+01 0.00000000e+00 3.26604900e+01 4.42549000e+01 0.00000000e+00 3.75632991e+01 4.30869000e+01 0.00000000e+00 3.76342170e+01 4.35858000e+01 0.00000000e+00 4.25051612e+01 4.23424000e+01 0.00000000e+00 4.25903011e+01 4.28402000e+01 0.00000000e+00 4.72549390e+01 4.10711000e+01 0.00000000e+00 4.74608267e+01 4.15369000e+01 0.00000000e+00 5.12024500e+01 3.82483000e+01 0.00000000e+00 5.15818750e+01 3.86003000e+01 0.00000000e+00 5.45524100e+01 3.45337000e+01 0.00000000e+00 5.49320700e+01 3.48948000e+01 0.00000000e+00 5.80363200e+01 3.09374000e+01 0.00000000e+00 5.84129900e+01 3.13091000e+01 0.00000000e+00 6.15052300e+01 2.73495000e+01 0.00000000e+00 6.18929600e+01 2.77181000e+01 0.00000000e+00 6.49117800e+01 2.36982000e+01 0.00000000e+00 6.53081800e+01 2.40656000e+01 0.00000000e+00 6.83779300e+01 2.00791000e+01 0.00000000e+00 6.87650100e+01 2.04617000e+01 0.00000000e+00 7.13558000e+01 1.62280000e+01 0.00000000e+00 7.18629000e+01 1.64584000e+01 0.00000000e+00 7.30651000e+01 1.15749000e+01 0.00000000e+00 7.36140000e+01 1.17235000e+01 0.00000000e+00 7.43491000e+01 6.71860000e+00 0.00000000e+00 7.49292000e+01 6.84204000e+00 0.00000000e+00 7.49863000e+01 1.70619000e+00 0.00000000e+00 7.55557000e+01 1.88548000e+00 5.03676710e+00 2.51865030e+00 4.58320000e+01 5.04706170e+00 2.52378180e+00 4.63251000e+01 5.03701780e+00 7.55416910e+00 4.57249000e+01 5.04766140e+00 7.56964540e+00 4.62204000e+01 5.03749460e+00 1.25844829e+01 4.55135000e+01 5.04873930e+00 1.26104070e+01 4.60106000e+01 5.03795950e+00 1.76065510e+01 4.51999000e+01 5.05004860e+00 1.76426910e+01 4.56977000e+01 5.03804660e+00 2.26175340e+01 4.47865000e+01 5.05124700e+00 2.26634830e+01 4.52838000e+01 5.03718790e+00 2.76146700e+01 4.42753000e+01 5.05195430e+00 2.76703030e+01 4.47716000e+01 5.03460790e+00 3.25958362e+01 4.36695000e+01 5.05190410e+00 3.26608170e+01 4.41648000e+01 5.02925730e+00 3.75597706e+01 4.29753000e+01 5.05165960e+00 3.76333470e+01 4.34695000e+01 5.02125040e+00 4.24998635e+01 4.21886000e+01 5.05087270e+00 4.25877197e+01 4.26806000e+01 5.00474547e+00 4.73077060e+01 4.09995000e+01 5.01969510e+00 4.74813603e+01 4.14708000e+01 4.95652900e+00 5.15565330e+01 3.85584000e+01 4.89231600e+00 5.18764260e+01 3.89473000e+01 4.94471440e+00 5.52219200e+01 3.51794000e+01 4.80368600e+00 5.55598600e+01 3.55312000e+01 4.92410270e+00 5.88447700e+01 3.17196000e+01 4.74387300e+00 5.91699600e+01 3.20671000e+01 4.87715200e+00 6.24682500e+01 2.82666000e+01 4.67155600e+00 6.27945300e+01 2.85944000e+01 4.85099100e+00 6.59062300e+01 2.46323000e+01 4.67283400e+00 6.62650600e+01 2.49439000e+01 4.90283060e+00 6.89823100e+01 2.06936000e+01 4.83146100e+00 6.94112100e+01 2.09835000e+01 4.94780850e+00 7.12389000e+01 1.62963000e+01 5.02846180e+00 7.17453000e+01 1.64516000e+01 4.83871300e+00 7.23666000e+01 1.14379000e+01 5.01873660e+00 7.28765000e+01 1.15138000e+01 4.61425600e+00 7.29855000e+01 6.49056000e+00 4.87425200e+00 7.34747000e+01 6.49328000e+00 4.37290100e+00 7.36339000e+01 1.44100000e+00 4.63504000e+00 7.40563000e+01 1.70189000e+00 1.00702247e+01 2.51890660e+00 4.56760000e+01 1.00905767e+01 2.52421800e+00 4.61675000e+01 1.00706396e+01 7.55486430e+00 4.55646000e+01 1.00916651e+01 7.57087450e+00 4.60587000e+01 1.00714319e+01 1.25854191e+01 4.53452000e+01 1.00935791e+01 1.26122190e+01 4.58408000e+01 1.00721213e+01 1.76074610e+01 4.50200000e+01 1.00957798e+01 1.76447920e+01 4.55162000e+01 1.00719337e+01 2.26180400e+01 4.45912000e+01 1.00974814e+01 2.26655600e+01 4.50865000e+01 1.00696078e+01 2.76141150e+01 4.40589000e+01 1.00976812e+01 2.76720030e+01 4.45526000e+01 1.00634442e+01 3.25927895e+01 4.34206000e+01 1.00951371e+01 3.26615270e+01 4.39126000e+01 1.00508761e+01 3.75507007e+01 4.26699000e+01 1.00883445e+01 3.76311870e+01 4.31595000e+01 1.00273028e+01 4.24814793e+01 4.17874000e+01 1.00750739e+01 4.25782929e+01 4.22730000e+01 9.98127040e+00 4.73369210e+01 4.06329000e+01 1.00306497e+01 4.74812607e+01 4.11069000e+01 9.87421100e+00 5.19337260e+01 3.87522000e+01 9.87329200e+00 5.21700590e+01 3.91940000e+01 9.72215600e+00 5.61155000e+01 3.60306000e+01 9.64056000e+00 5.64082100e+01 3.64310000e+01 9.56217800e+00 6.00904700e+01 3.29715000e+01 9.41412400e+00 6.03920500e+01 3.33442000e+01 9.42697900e+00 6.38074800e+01 2.96083000e+01 9.29876400e+00 6.41586700e+01 2.99423000e+01 9.53213400e+00 6.67242800e+01 2.55333000e+01 9.53267500e+00 6.71669400e+01 2.57790000e+01 9.69368000e+00 6.87204000e+01 2.09329000e+01 9.83375600e+00 6.91874300e+01 2.10780000e+01 9.60330400e+00 6.98232000e+01 1.60425000e+01 9.83465200e+00 7.02718000e+01 1.60924000e+01 9.29394300e+00 7.03057000e+01 1.10496000e+01 9.54874900e+00 7.07460000e+01 1.10610000e+01 8.86557000e+00 7.04528000e+01 6.05858000e+00 9.12162600e+00 7.08913000e+01 6.02293000e+00 8.67177000e+00 7.12034000e+01 1.05185000e+00 8.88010000e+00 7.15554000e+01 1.35190000e+00 1.50971174e+01 2.51922720e+00 4.54173000e+01 1.51272260e+01 2.52483780e+00 4.59071000e+01 1.50975312e+01 7.55570100e+00 4.52991000e+01 1.51286260e+01 7.57258360e+00 4.57915000e+01 1.50983472e+01 1.25864541e+01 4.50670000e+01 1.51310060e+01 1.26146360e+01 4.55611000e+01 1.50988763e+01 1.76083160e+01 4.47246000e+01 1.51334970e+01 1.76474260e+01 4.52190000e+01 1.50979400e+01 2.26182610e+01 4.42742000e+01 1.51347690e+01 2.26679490e+01 4.47674000e+01 1.50935055e+01 2.76129240e+01 4.37140000e+01 1.51329800e+01 2.76736800e+01 4.42052000e+01 1.50826009e+01 3.25887316e+01 4.30375000e+01 1.51256300e+01 3.26616830e+01 4.35263000e+01 1.50611638e+01 3.75409527e+01 4.22309000e+01 1.51088470e+01 3.76278850e+01 4.27162000e+01 1.50220924e+01 4.24610331e+01 4.12646000e+01 1.50759991e+01 4.25660106e+01 4.17449000e+01 1.49523298e+01 4.73235750e+01 4.00638000e+01 1.50104041e+01 4.74592484e+01 4.05361000e+01 1.48286450e+01 5.20512600e+01 3.84460000e+01 1.48655450e+01 5.22401040e+01 3.89026000e+01 1.46387050e+01 5.65509430e+01 3.62687000e+01 1.46186700e+01 5.67887220e+01 3.67044000e+01 1.43778380e+01 6.08579300e+01 3.37436000e+01 1.43170690e+01 6.11340300e+01 3.41493000e+01 1.42463200e+01 6.40024000e+01 3.00563000e+01 1.42921890e+01 6.44498700e+01 3.02713000e+01 1.41903550e+01 6.55412500e+01 2.53380000e+01 1.43887560e+01 6.59754000e+01 2.54397000e+01 1.40738610e+01 6.65909000e+01 2.04655000e+01 1.43260110e+01 6.70024000e+01 2.05326000e+01 1.38609400e+01 6.73057000e+01 1.55352000e+01 1.41059280e+01 6.77282000e+01 1.55761000e+01 1.36514700e+01 6.79046000e+01 1.05718000e+01 1.38567100e+01 6.83468000e+01 1.06174000e+01 1.34006300e+01 6.82801000e+01 5.61773000e+00 1.35573600e+01 6.87381000e+01 5.61813000e+00 1.33302600e+01 6.94053000e+01 7.37107000e-01 1.34269700e+01 6.97321000e+01 1.06158900e+00 2.01142980e+01 2.51945380e+00 4.50580000e+01 2.01540520e+01 2.52549610e+00 4.55462000e+01 2.01144520e+01 7.55618890e+00 4.49301000e+01 2.01555770e+01 7.57430010e+00 4.54214000e+01 2.01148650e+01 1.25867522e+01 4.46812000e+01 2.01580660e+01 1.26167850e+01 4.51741000e+01 2.01147530e+01 1.76079890e+01 4.43172000e+01 2.01603490e+01 1.76493040e+01 4.48106000e+01 2.01126300e+01 2.26169510e+01 4.38423000e+01 2.01605960e+01 2.26690360e+01 4.43342000e+01 2.01057900e+01 2.76101140e+01 4.32545000e+01 2.01561450e+01 2.76736500e+01 4.37440000e+01 2.00901211e+01 3.25832949e+01 4.25438000e+01 2.01432020e+01 3.26598510e+01 4.30305000e+01 2.00598422e+01 3.75306966e+01 4.16924000e+01 2.01163570e+01 3.76225140e+01 4.21750000e+01 2.00069149e+01 4.24429842e+01 4.06705000e+01 2.00674224e+01 4.25535804e+01 4.11476000e+01 1.99202467e+01 4.73040490e+01 3.94326000e+01 1.99835901e+01 4.74384971e+01 3.99031000e+01 1.97881860e+01 5.20866460e+01 3.79229000e+01 1.98455390e+01 5.22518260e+01 3.83852000e+01 1.96042740e+01 5.67634720e+01 3.61193000e+01 1.96366900e+01 5.69554430e+01 3.65733000e+01 1.93644310e+01 6.11568400e+01 3.38822000e+01 1.93653440e+01 6.14409900e+01 3.42826000e+01 1.91530490e+01 6.35493200e+01 2.98919000e+01 1.91306180e+01 6.40409900e+01 2.99683000e+01 1.90187990e+01 6.41153000e+01 2.49479000e+01 1.90044550e+01 6.46122800e+01 2.50339000e+01 1.88690800e+01 6.50309000e+01 2.00410000e+01 1.88628900e+01 6.55247000e+01 2.01361000e+01 1.87187100e+01 6.59231000e+01 1.51491000e+01 1.87105100e+01 6.64117000e+01 1.52324000e+01 1.85747600e+01 6.68422000e+01 1.02439000e+01 1.85641000e+01 6.73205000e+01 1.03403000e+01 1.84402700e+01 6.75039000e+01 5.34742000e+00 1.84303400e+01 6.79815000e+01 5.37527000e+00 1.82984900e+01 6.89645000e+01 5.83704000e-01 1.82840500e+01 6.92686000e+01 9.41534000e-01 2.51190990e+01 2.51936090e+00 4.46007000e+01 2.51682410e+01 2.52602350e+00 4.50876000e+01 2.51186100e+01 7.55560690e+00 4.44597000e+01 2.51696840e+01 7.57542070e+00 4.49501000e+01 2.51180180e+01 1.25850201e+01 4.41886000e+01 2.51719000e+01 1.26174570e+01 4.46809000e+01 2.51167160e+01 1.76046510e+01 4.37988000e+01 2.51735620e+01 1.76485380e+01 4.42916000e+01 2.51131570e+01 2.26118870e+01 4.32982000e+01 2.51724940e+01 2.26663850e+01 4.37894000e+01 2.51041400e+01 2.76033130e+01 4.26856000e+01 2.51655130e+01 2.76692110e+01 4.31742000e+01 2.50848372e+01 3.25744965e+01 4.19502000e+01 2.51479010e+01 3.26536610e+01 4.24359000e+01 2.50483100e+01 3.75185499e+01 4.10706000e+01 2.51129030e+01 3.76136160e+01 4.15522000e+01 2.49850971e+01 4.24244365e+01 4.00145000e+01 2.50515533e+01 4.25390204e+01 4.04904000e+01 2.48836900e+01 4.72757830e+01 3.87408000e+01 2.49530348e+01 4.74138234e+01 3.92103000e+01 2.47352570e+01 5.20555070e+01 3.72211000e+01 2.48107310e+01 5.22184390e+01 3.76828000e+01 2.45448050e+01 5.67543970e+01 3.54689000e+01 2.46283160e+01 5.69396150e+01 3.59215000e+01 2.43426550e+01 6.12931800e+01 3.34227000e+01 2.44089870e+01 6.15423390e+01 3.38443000e+01 2.39837200e+01 6.45121300e+01 2.98677000e+01 2.38915000e+01 6.49543200e+01 3.00788000e+01 2.37564200e+01 6.58659200e+01 2.51195000e+01 2.35214300e+01 6.62868000e+01 2.52094000e+01 2.36274900e+01 6.67570000e+01 2.02202000e+01 2.33590300e+01 6.71614000e+01 2.02948000e+01 2.35374900e+01 6.74802000e+01 1.52933000e+01 2.32845100e+01 6.78982000e+01 1.53509000e+01 2.34551700e+01 6.81180000e+01 1.03446000e+01 2.32432500e+01 6.85572000e+01 1.04037000e+01 2.34643900e+01 6.84561000e+01 5.39853000e+00 2.33039100e+01 6.89147000e+01 5.40171000e+00 2.31660700e+01 6.98924000e+01 6.19578000e-01 2.30638200e+01 7.01862000e+01 9.89699000e-01 3.01093640e+01 2.51866170e+00 4.40496000e+01 3.01672530e+01 2.52627620e+00 4.45347000e+01 3.01074570e+01 7.55299330e+00 4.38892000e+01 3.01683120e+01 7.57525610e+00 4.43782000e+01 3.01048370e+01 1.25794185e+01 4.35874000e+01 3.01696950e+01 1.26150320e+01 4.40785000e+01 3.01013880e+01 1.75955308e+01 4.31652000e+01 3.01701720e+01 1.76424250e+01 4.36568000e+01 3.00960196e+01 2.25996337e+01 4.26370000e+01 3.01675720e+01 2.26563930e+01 4.31268000e+01 3.00853630e+01 2.75887367e+01 4.20031000e+01 3.01585050e+01 2.76562430e+01 4.24904000e+01 3.00641641e+01 3.25585496e+01 4.12526000e+01 3.01379770e+01 3.26388930e+01 4.17369000e+01 3.00250516e+01 3.75016376e+01 4.03625000e+01 3.00985458e+01 3.75976983e+01 4.08426000e+01 2.99576726e+01 4.24050949e+01 3.92969000e+01 3.00301394e+01 4.25209882e+01 3.97716000e+01 2.98491240e+01 4.72477760e+01 3.80062000e+01 2.99206592e+01 4.73891430e+01 3.84744000e+01 2.96855950e+01 5.19977480e+01 3.64325000e+01 2.97597700e+01 5.21705500e+01 3.68914000e+01 2.94594940e+01 5.66266880e+01 3.45416000e+01 2.95508020e+01 5.68301640e+01 3.49866000e+01 2.91870370e+01 6.11036300e+01 3.23424000e+01 2.93035490e+01 6.13518300e+01 3.27572000e+01 2.87965500e+01 6.50559000e+01 2.93802000e+01 2.88476300e+01 6.54139700e+01 2.97226000e+01 2.82564700e+01 6.77309200e+01 2.52454000e+01 2.81569700e+01 6.81744900e+01 2.54505000e+01 2.78705500e+01 6.92805900e+01 2.05231000e+01 2.76662400e+01 6.97218000e+01 2.06365000e+01 2.77354300e+01 7.01568000e+01 1.56057000e+01 2.74794900e+01 7.05814000e+01 1.56616000e+01 2.77953300e+01 7.05882000e+01 1.06254000e+01 2.75326700e+01 7.10120000e+01 1.06368000e+01 2.80555300e+01 7.06122000e+01 5.63477000e+00 2.78065500e+01 7.10418000e+01 5.61378000e+00 2.77107200e+01 7.18356000e+01 7.63780000e-01 2.75391200e+01 7.21336000e+01 1.12104300e+00 3.50837467e+01 2.51689570e+00 4.34125000e+01 3.51493210e+01 2.52634890e+00 4.38956000e+01 3.50784203e+01 7.54684560e+00 4.32184000e+01 3.51492870e+01 7.57325370e+00 4.37057000e+01 3.50716140e+01 1.25671841e+01 4.28706000e+01 3.51486350e+01 1.26073630e+01 4.33602000e+01 3.50641793e+01 1.75764081e+01 4.24043000e+01 3.51465670e+01 1.76271360e+01 4.28944000e+01 3.50557235e+01 2.25747235e+01 4.18431000e+01 3.51416660e+01 2.26338340e+01 4.23313000e+01 3.50434578e+01 2.75602455e+01 4.11904000e+01 3.51308280e+01 2.76287600e+01 4.16758000e+01 3.50220925e+01 3.25290690e+01 4.04332000e+01 3.51092050e+01 3.26094010e+01 4.09158000e+01 3.49841162e+01 3.74737160e+01 3.95474000e+01 3.50693413e+01 3.75688989e+01 4.00261000e+01 3.49186413e+01 4.23806640e+01 3.84955000e+01 3.50005223e+01 4.24950217e+01 3.89692000e+01 3.48113180e+01 4.72268320e+01 3.72232000e+01 3.48888120e+01 4.73671010e+01 3.76911000e+01 3.46450560e+01 5.19709120e+01 3.56509000e+01 3.47171700e+01 5.21474040e+01 3.61098000e+01 3.43994790e+01 5.65456420e+01 3.36745000e+01 3.44698990e+01 5.67682250e+01 3.41157000e+01 3.40628020e+01 6.08972300e+01 3.12546000e+01 3.41478540e+01 6.11639600e+01 3.16704000e+01 3.36399900e+01 6.49455800e+01 2.83850000e+01 3.37243600e+01 6.52702500e+01 2.87552000e+01 3.31049000e+01 6.83262600e+01 2.47907000e+01 3.31179900e+01 6.87312400e+01 2.50859000e+01 3.25522800e+01 7.07735700e+01 2.04996000e+01 3.24620300e+01 7.12259500e+01 2.07049000e+01 3.21655900e+01 7.23341000e+01 1.57896000e+01 3.19815100e+01 7.27919700e+01 1.59061000e+01 3.20520700e+01 7.31432000e+01 1.08759000e+01 3.18001700e+01 7.35838000e+01 1.09136000e+01 3.22455100e+01 7.33624000e+01 5.89711000e+00 3.19524900e+01 7.37801000e+01 5.88038000e+00 3.19496600e+01 7.43765000e+01 9.45540000e-01 3.17284800e+01 7.46922000e+01 1.28146000e+00 4.00414909e+01 2.51430260e+00 4.27034000e+01 4.01135850e+01 2.52698440e+00 4.31841000e+01 4.00289451e+01 7.53526990e+00 4.24452000e+01 4.01102030e+01 7.56915310e+00 4.29304000e+01 4.00129029e+01 1.25436962e+01 4.20206000e+01 4.01049040e+01 1.25909099e+01 4.25078000e+01 3.99982035e+01 1.75411531e+01 4.14944000e+01 4.00975021e+01 1.75969693e+01 4.19821000e+01 3.99842352e+01 2.25296078e+01 4.08917000e+01 4.00877315e+01 2.25914543e+01 4.13773000e+01 3.99689178e+01 2.75092765e+01 4.02188000e+01 4.00741025e+01 2.75783289e+01 4.07017000e+01 3.99483317e+01 3.24770501e+01 3.94621000e+01 4.00526105e+01 3.25562412e+01 3.99423000e+01 3.99150711e+01 3.74254391e+01 3.85936000e+01 4.00160462e+01 3.75180957e+01 3.90703000e+01 3.98572720e+01 4.23409880e+01 3.75737000e+01 3.99529046e+01 4.24515107e+01 3.80460000e+01 3.97585920e+01 4.72013410e+01 3.63468000e+01 3.98472680e+01 4.73366000e+01 3.68148000e+01 3.95985190e+01 5.19661370e+01 3.48303000e+01 3.96778310e+01 5.21376000e+01 3.52911000e+01 3.93528090e+01 5.65600130e+01 3.29001000e+01 3.94185760e+01 5.67827460e+01 3.33441000e+01 3.90003690e+01 6.08809800e+01 3.04427000e+01 3.90546090e+01 6.11593900e+01 3.08586000e+01 3.85461500e+01 6.48803200e+01 2.74957000e+01 3.85998500e+01 6.52062700e+01 2.78774000e+01 3.80123700e+01 6.84658400e+01 2.40774000e+01 3.80484300e+01 6.88445800e+01 2.44102000e+01 3.74379500e+01 7.14479800e+01 2.01325000e+01 3.74210500e+01 7.18797900e+01 2.04024000e+01 3.69056100e+01 7.37223500e+01 1.57323000e+01 3.68120000e+01 7.41871500e+01 1.59310000e+01 3.65112800e+01 7.52818000e+01 1.10154000e+01 3.63295000e+01 7.57524000e+01 1.11402000e+01 3.63525200e+01 7.61087000e+01 6.11936000e+00 3.60924800e+01 7.65650000e+01 6.14774000e+00 3.61013700e+01 7.69961000e+01 1.13087000e+00 3.58781700e+01 7.73622000e+01 1.43105000e+00 4.49441839e+01 2.50951844e+00 4.18250000e+01 4.50559026e+01 2.52511830e+00 4.22972000e+01 4.49393513e+01 7.51504820e+00 4.15151000e+01 4.50473705e+01 7.55707250e+00 4.19940000e+01 4.49145282e+01 1.25008513e+01 4.09912000e+01 4.50293429e+01 1.25563341e+01 4.14734000e+01 4.48903630e+01 1.74801521e+01 4.03940000e+01 4.50123736e+01 1.75412872e+01 4.08773000e+01 4.48688390e+01 2.24543295e+01 3.97468000e+01 4.49943535e+01 2.25193514e+01 4.02280000e+01 4.48463340e+01 2.74247540e+01 3.90489000e+01 4.49742322e+01 2.74942982e+01 3.95271000e+01 4.48255550e+01 3.23906150e+01 3.82958000e+01 4.49525511e+01 3.24675138e+01 3.87716000e+01 4.48003610e+01 3.73439020e+01 3.74561000e+01 4.49229114e+01 3.74322524e+01 3.79288000e+01 4.47566740e+01 4.22713040e+01 3.64851000e+01 4.48721110e+01 4.23756910e+01 3.69542000e+01 4.46750280e+01 4.71523260e+01 3.53260000e+01 4.47812540e+01 4.72794370e+01 3.57925000e+01 4.45310400e+01 5.19506550e+01 3.38983000e+01 4.46251380e+01 5.21118440e+01 3.43605000e+01 4.42963330e+01 5.65976080e+01 3.20808000e+01 4.43726470e+01 5.68086430e+01 3.25299000e+01 4.39477800e+01 6.09805800e+01 2.97331000e+01 4.40001660e+01 6.12530900e+01 3.01552000e+01 4.34881400e+01 6.49979700e+01 2.68170000e+01 4.35210500e+01 6.53253700e+01 2.72029000e+01 4.29478900e+01 6.86108900e+01 2.34197000e+01 4.29687400e+01 6.89849800e+01 2.37650000e+01 4.23695700e+01 7.17676000e+01 1.96014000e+01 4.23716900e+01 7.21857500e+01 1.98992000e+01 4.18012400e+01 7.43986300e+01 1.53991000e+01 4.17727600e+01 7.48544500e+01 1.56416000e+01 4.12880100e+01 7.64836000e+01 1.08849000e+01 4.12184700e+01 7.69651000e+01 1.10736000e+01 4.08935800e+01 7.79000000e+01 6.12933000e+00 4.07728500e+01 7.84089000e+01 6.22366000e+00 4.05002200e+01 7.89859000e+01 1.18273000e+00 4.03690300e+01 7.94055000e+01 1.46842000e+00 4.94495190e+01 2.49291805e+00 3.99309000e+01 4.97142770e+01 2.47344500e+00 4.03374000e+01 4.96371560e+01 7.45818680e+00 3.99517000e+01 4.98483030e+01 7.46685640e+00 4.03982000e+01 4.97063150e+01 1.24167949e+01 3.95908000e+01 4.98772060e+01 1.24628228e+01 4.00575000e+01 4.97108740e+01 1.73795000e+01 3.90263000e+01 4.98660310e+01 1.74376881e+01 3.95011000e+01 4.96933660e+01 2.23384650e+01 3.83712000e+01 4.98438260e+01 2.24059280e+01 3.88453000e+01 4.96541140e+01 2.72944860e+01 3.76353000e+01 4.98089680e+01 2.73664040e+01 3.81049000e+01 4.96247300e+01 3.22552950e+01 3.68740000e+01 4.97816510e+01 3.23295480e+01 3.73406000e+01 4.96102280e+01 3.72126050e+01 3.60698000e+01 4.97622780e+01 3.72943440e+01 3.65335000e+01 4.95893300e+01 4.21522140e+01 3.51643000e+01 4.97324910e+01 4.22473300e+01 3.56253000e+01 4.95367640e+01 4.70568580e+01 3.40975000e+01 4.96685870e+01 4.71716290e+01 3.45577000e+01 4.94242700e+01 5.18959760e+01 3.27923000e+01 4.95409890e+01 5.20413550e+01 3.32518000e+01 4.92182930e+01 5.66105670e+01 3.11327000e+01 4.93133310e+01 5.68018500e+01 3.15840000e+01 4.88898500e+01 6.10963200e+01 2.89727000e+01 4.89549300e+01 6.13481900e+01 2.94019000e+01 4.84384600e+01 6.52233000e+01 2.62161000e+01 4.84704100e+01 6.55366700e+01 2.66091000e+01 4.78992200e+01 6.89087000e+01 2.29033000e+01 4.79053900e+01 6.92734400e+01 2.32534000e+01 4.73189600e+01 7.21239300e+01 1.91372000e+01 4.73085100e+01 7.25325000e+01 1.94405000e+01 4.67429500e+01 7.48250400e+01 1.49875000e+01 4.67244400e+01 7.52720300e+01 1.52356000e+01 4.62107400e+01 7.69824000e+01 1.05210000e+01 4.61919800e+01 7.74589000e+01 1.07134000e+01 4.57592500e+01 7.85353000e+01 5.81285000e+00 4.57281500e+01 7.90405000e+01 5.93061000e+00 4.52498700e+01 8.01411000e+01 1.01046000e+00 4.51913700e+01 8.05319000e+01 1.33866000e+00 5.30483500e+01 2.51262700e+00 3.65575000e+01 5.33893200e+01 2.42537050e+00 3.68768000e+01 5.37978900e+01 7.36853300e+00 3.72590000e+01 5.40951810e+01 7.27589900e+00 3.76397000e+01 5.42296080e+01 1.22623110e+01 3.75029000e+01 5.44751120e+01 1.22577560e+01 3.79379000e+01 5.43975500e+01 1.72218050e+01 3.72701000e+01 5.45966140e+01 1.72526540e+01 3.77319000e+01 5.44397890e+01 2.21773070e+01 3.67450000e+01 5.46151370e+01 2.22407090e+01 3.72109000e+01 5.43704300e+01 2.71107700e+01 3.59493000e+01 5.45523910e+01 2.71920980e+01 3.64076000e+01 5.42982370e+01 3.20542850e+01 3.51149000e+01 5.44938160e+01 3.21303380e+01 3.55657000e+01 5.42880610e+01 3.70099460e+01 3.43317000e+01 5.44822220e+01 3.70836100e+01 3.47794000e+01 5.43033170e+01 4.19582930e+01 3.35086000e+01 5.44860080e+01 4.20403980e+01 3.39552000e+01 5.42984150e+01 4.68848960e+01 3.25613000e+01 5.44672030e+01 4.69826180e+01 3.30101000e+01 5.42409290e+01 5.17670920e+01 3.14177000e+01 5.43918720e+01 5.18908440e+01 3.18704000e+01 5.40918140e+01 5.65577490e+01 2.99681000e+01 5.42167910e+01 5.67227300e+01 3.04191000e+01 5.38113400e+01 6.11666600e+01 2.80618000e+01 5.39004200e+01 6.13892600e+01 2.84985000e+01 5.33869600e+01 6.54580600e+01 2.55623000e+01 5.34330000e+01 6.57459400e+01 2.59677000e+01 5.28528300e+01 6.92977200e+01 2.24379000e+01 5.28589900e+01 6.96456200e+01 2.27981000e+01 5.22683500e+01 7.26004700e+01 1.87622000e+01 5.22478800e+01 7.29999700e+01 1.90676000e+01 5.16923000e+01 7.52921200e+01 1.46217000e+01 5.16609000e+01 7.57355900e+01 1.48619000e+01 5.11669200e+01 7.73613000e+01 1.01227000e+01 5.11353300e+01 7.78338100e+01 1.03033000e+01 5.06989400e+01 7.89234000e+01 5.40064000e+00 5.06584900e+01 7.94109000e+01 5.54351000e+00 5.01396300e+01 8.10404000e+01 8.12560000e-01 5.00868300e+01 8.13807000e+01 1.17877400e+00 5.65258000e+01 2.52782190e+00 3.29554000e+01 5.68511500e+01 2.41531640e+00 3.32739000e+01 5.76230400e+01 7.28556500e+00 3.40303000e+01 5.79214600e+01 7.12120100e+00 3.43810000e+01 5.84790300e+01 1.20602080e+01 3.48444000e+01 5.87452000e+01 1.19868150e+01 3.52590000e+01 5.89145600e+01 1.69971430e+01 3.51280000e+01 5.91516510e+01 1.69767920e+01 3.55731000e+01 5.90762370e+01 2.19781020e+01 3.48684000e+01 5.92902950e+01 2.20307960e+01 3.53214000e+01 5.89961200e+01 2.68924610e+01 3.40247000e+01 5.91985210e+01 2.69911480e+01 3.44693000e+01 5.88045800e+01 3.17771220e+01 3.29753000e+01 5.90349800e+01 3.18709070e+01 3.34061000e+01 5.87441900e+01 3.67128330e+01 3.21175000e+01 5.89894100e+01 3.67815600e+01 3.25388000e+01 5.88011700e+01 4.16621030e+01 3.13744000e+01 5.90377740e+01 4.17270340e+01 3.17953000e+01 5.88732900e+01 4.66048850e+01 3.05777000e+01 5.90934600e+01 4.66791960e+01 3.10054000e+01 5.89072600e+01 5.15254870e+01 2.96377000e+01 5.91073640e+01 5.16202790e+01 3.00760000e+01 5.88582700e+01 5.63910100e+01 2.84539000e+01 5.90292460e+01 5.65215340e+01 2.88991000e+01 5.86724600e+01 6.11310200e+01 2.68753000e+01 5.88022100e+01 6.13154800e+01 2.73172000e+01 5.83149300e+01 6.56191700e+01 2.47311000e+01 5.83923500e+01 6.58715700e+01 2.51521000e+01 5.78049800e+01 6.96843200e+01 2.19094000e+01 5.78270100e+01 7.00073500e+01 2.22878000e+01 5.72143200e+01 7.31576100e+01 1.84105000e+01 5.71910200e+01 7.35448100e+01 1.87264000e+01 5.66303200e+01 7.59114000e+01 1.43233000e+01 5.65786000e+01 7.63491100e+01 1.45641000e+01 5.61079400e+01 7.79846100e+01 9.82580000e+00 5.60413300e+01 7.84495500e+01 1.00062200e+01 5.56392500e+01 7.96300000e+01 5.11818000e+00 5.55608600e+01 8.01003000e+01 5.28371000e+00 5.50198800e+01 8.20582000e+01 7.03321000e-01 5.49558300e+01 8.23678000e+01 1.09004600e+00 6.00729100e+01 2.53010080e+00 2.94239000e+01 6.03852300e+01 2.39588300e+00 2.97383000e+01 6.13961500e+01 7.18413600e+00 3.07191000e+01 6.16849000e+01 6.98418300e+00 3.10538000e+01 6.24572200e+01 1.18530970e+01 3.18472000e+01 6.27971500e+01 1.17429890e+01 3.21968000e+01 6.27144300e+01 1.67607380e+01 3.21795000e+01 6.31542700e+01 1.67570880e+01 3.24725000e+01 6.29603200e+01 2.17171010e+01 3.20704000e+01 6.33960900e+01 2.16889710e+01 3.23714000e+01 6.32565600e+01 2.66036120e+01 3.15383000e+01 6.35922700e+01 2.66805540e+01 3.19104000e+01 6.30845200e+01 3.14292500e+01 3.04317000e+01 6.33664000e+01 3.15349180e+01 3.08264000e+01 6.29297200e+01 3.63148800e+01 2.94289000e+01 6.32157700e+01 3.63911300e+01 2.98211000e+01 6.29786200e+01 4.12532500e+01 2.86821000e+01 6.32661300e+01 4.13049400e+01 2.90686000e+01 6.31354500e+01 4.62024800e+01 2.80214000e+01 6.34129600e+01 4.62494000e+01 2.84153000e+01 6.33016000e+01 5.11482400e+01 2.73060000e+01 6.35617100e+01 5.12066600e+01 2.77165000e+01 6.34099500e+01 5.60720700e+01 2.64277000e+01 6.36418800e+01 5.61584900e+01 2.68547000e+01 6.33889500e+01 6.09291200e+01 2.52416000e+01 6.35782500e+01 6.10635300e+01 2.56789000e+01 6.31712600e+01 6.56203000e+01 2.35556000e+01 6.33022300e+01 6.58229500e+01 2.39886000e+01 6.27386100e+01 6.99693300e+01 2.11804000e+01 6.27993400e+01 7.02530800e+01 2.15833000e+01 6.21545600e+01 7.37375700e+01 1.80099000e+01 6.21452000e+01 7.41013700e+01 1.83505000e+01 6.15431800e+01 7.67137000e+01 1.40936000e+01 6.14790800e+01 7.71381100e+01 1.43508000e+01 6.10012700e+01 7.89260200e+01 9.66702000e+00 6.09056500e+01 7.93801700e+01 9.85672000e+00 6.05298000e+01 8.06776000e+01 4.99714000e+00 6.04209100e+01 8.11361000e+01 5.17318000e+00 5.98592800e+01 8.32303000e+01 6.62293000e-01 5.97846600e+01 8.35264000e+01 1.05742600e+00 6.35598300e+01 2.53507780e+00 2.58443000e+01 6.38704300e+01 2.37820100e+00 2.61430000e+01 6.49511100e+01 7.12170200e+00 2.71919000e+01 6.52877900e+01 6.92743700e+00 2.74806000e+01 6.53573600e+01 1.18482100e+01 2.78240000e+01 6.58084700e+01 1.18970750e+01 2.80486000e+01 6.41365500e+01 1.65686900e+01 2.75528000e+01 6.46270500e+01 1.67141380e+01 2.76275000e+01 6.43448400e+01 2.15729220e+01 2.74507000e+01 6.48212200e+01 2.13900000e+01 2.75209000e+01 6.60993700e+01 2.61538000e+01 2.75667000e+01 6.65508400e+01 2.60321100e+01 2.77757000e+01 6.67333400e+01 3.09466300e+01 2.71200000e+01 6.71248700e+01 3.09917500e+01 2.74259000e+01 6.67449400e+01 3.58256300e+01 2.62622000e+01 6.70881500e+01 3.58931000e+01 2.66060000e+01 6.67909300e+01 4.07489100e+01 2.55001000e+01 6.71212100e+01 4.07956200e+01 2.58482000e+01 6.69924700e+01 4.56981900e+01 2.48989000e+01 6.73185700e+01 4.57233600e+01 2.52521000e+01 6.72913100e+01 5.06522700e+01 2.43611000e+01 6.76091100e+01 5.06741500e+01 2.47308000e+01 6.75946800e+01 5.56034700e+01 2.37665000e+01 6.78927900e+01 5.56406700e+01 2.41575000e+01 6.78119200e+01 6.05342800e+01 2.29829000e+01 6.80742700e+01 6.06076400e+01 2.33961000e+01 6.78389900e+01 6.53886400e+01 2.18216000e+01 6.80457400e+01 6.55240500e+01 2.22508000e+01 6.75933600e+01 7.00291100e+01 2.00405000e+01 6.77226900e+01 7.02515300e+01 2.04640000e+01 6.70814900e+01 7.41980100e+01 1.74082000e+01 6.71177200e+01 7.45190300e+01 1.77859000e+01 6.64401200e+01 7.75773700e+01 1.38516000e+01 6.63885000e+01 7.79788700e+01 1.41427000e+01 6.58486700e+01 8.00704000e+01 9.59620000e+00 6.57408900e+01 8.05126100e+01 9.80336000e+00 6.53618600e+01 8.19525000e+01 4.98533000e+00 6.52336900e+01 8.24039000e+01 5.16629000e+00 6.46638300e+01 8.45256000e+01 6.64967000e-01 6.45796200e+01 8.48197000e+01 1.06023400e+00 6.69694700e+01 2.52792730e+00 2.21867000e+01 6.72772600e+01 2.37043400e+00 2.24736000e+01 6.79182100e+01 7.24179400e+00 2.31410000e+01 6.83193900e+01 7.15503200e+00 2.33855000e+01 6.71749800e+01 1.19493590e+01 2.31531000e+01 6.76162000e+01 1.21452610e+01 2.32909000e+01 6.50120900e+01 1.64008700e+01 2.26499000e+01 6.54890500e+01 1.65774520e+01 2.27342000e+01 6.51211700e+01 2.14709000e+01 2.25267000e+01 6.55903100e+01 2.12786900e+01 2.26125000e+01 6.75926500e+01 2.58108900e+01 2.28288000e+01 6.80217400e+01 2.55674800e+01 2.29439000e+01 6.92683900e+01 3.03924900e+01 2.28762000e+01 6.97108800e+01 3.03099900e+01 2.30846000e+01 6.99186100e+01 3.52596200e+01 2.24750000e+01 7.03194000e+01 3.52715400e+01 2.27483000e+01 7.01647900e+01 4.01821600e+01 2.18671000e+01 7.05344100e+01 4.02146900e+01 2.21663000e+01 7.04156200e+01 4.51314700e+01 2.13100000e+01 7.07777600e+01 4.51427200e+01 2.16192000e+01 7.08025200e+01 5.00855900e+01 2.08685000e+01 7.11649100e+01 5.00808300e+01 2.11906000e+01 7.12697800e+01 5.50372200e+01 2.04611000e+01 7.16256100e+01 5.50322300e+01 2.08001000e+01 7.17430800e+01 5.99859600e+01 1.99935000e+01 7.20778200e+01 5.99972500e+01 2.03565000e+01 7.21071200e+01 6.49174700e+01 1.93229000e+01 7.24006100e+01 6.49722600e+01 1.97169000e+01 7.22083200e+01 6.97696100e+01 1.82121000e+01 7.24329600e+01 6.99038600e+01 1.86317000e+01 7.19347300e+01 7.43510900e+01 1.63375000e+01 7.20574700e+01 7.45975600e+01 1.67494000e+01 7.13403600e+01 7.82906700e+01 1.34212000e+01 7.13409100e+01 7.86497400e+01 1.37640000e+01 7.06783200e+01 8.12648200e+01 9.52519000e+00 7.05804400e+01 8.16900600e+01 9.76604000e+00 7.01467500e+01 8.33713900e+01 5.03575000e+00 7.00059100e+01 8.38170600e+01 5.22334000e+00 6.94421600e+01 8.59194000e+01 6.98597000e-01 6.93481600e+01 8.62190000e+01 1.08853800e+00 7.02686400e+01 2.49927099e+00 1.84361000e+01 7.06013500e+01 2.43159180e+00 1.87040000e+01 7.01044500e+01 7.37822500e+00 1.86239000e+01 7.05302500e+01 7.44837940e+00 1.87860000e+01 6.82683000e+01 1.18620130e+01 1.82779000e+01 6.86919000e+01 1.21177350e+01 1.83358000e+01 6.58946000e+01 1.62572000e+01 1.77511000e+01 6.63821000e+01 1.64201400e+01 1.78240000e+01 6.59839000e+01 2.13178900e+01 1.76194000e+01 6.64634000e+01 2.11420800e+01 1.77050000e+01 6.84984000e+01 2.56667000e+01 1.79313000e+01 6.89178000e+01 2.53906600e+01 1.79957000e+01 7.08404800e+01 2.99994300e+01 1.81620000e+01 7.12809000e+01 2.98164700e+01 1.82810000e+01 7.22798600e+01 3.47140300e+01 1.81246000e+01 7.27104100e+01 3.46417100e+01 1.83208000e+01 7.29823300e+01 3.96035400e+01 1.77878000e+01 7.33831600e+01 3.96003700e+01 1.80306000e+01 7.33685700e+01 4.45470800e+01 1.73257000e+01 7.37595500e+01 4.45461900e+01 1.75860000e+01 7.37901900e+01 4.94998600e+01 1.69231000e+01 7.41892800e+01 4.94821000e+01 1.71908000e+01 7.43239100e+01 5.44452600e+01 1.65845000e+01 7.47280300e+01 5.44146600e+01 1.68590000e+01 7.49822500e+01 5.93793500e+01 1.62852000e+01 7.53781800e+01 5.93412000e+01 1.65757000e+01 7.56919500e+01 6.43014800e+01 1.59583000e+01 7.60642800e+01 6.42774800e+01 1.62806000e+01 7.62712800e+01 6.92162600e+01 1.54372000e+01 7.65979000e+01 6.92436000e+01 1.58056000e+01 7.64894300e+01 7.40645900e+01 1.44184000e+01 7.67325400e+01 7.41948300e+01 1.48277000e+01 7.61904900e+01 7.85818600e+01 1.24632000e+01 7.62997400e+01 7.88556900e+01 1.28593000e+01 7.55287300e+01 8.22770500e+01 9.28361000e+00 7.54877200e+01 8.26677500e+01 9.58641000e+00 7.49002600e+01 8.48497400e+01 5.09870000e+00 7.47623400e+01 8.52885200e+01 5.30667000e+00 7.42033200e+01 8.73958000e+01 7.58830000e-01 7.40972500e+01 8.77066900e+01 1.13972200e+00 7.23134000e+01 2.49268222e+00 1.39496000e+01 7.26853000e+01 2.50708251e+00 1.40882000e+01 7.12032000e+01 7.27540900e+00 1.37468000e+01 7.16142000e+01 7.43441810e+00 1.38025000e+01 6.88381000e+01 1.15775000e+01 1.33105000e+01 6.92639000e+01 1.18373360e+01 1.33332000e+01 6.66589000e+01 1.61050500e+01 1.28259000e+01 6.71597000e+01 1.62391600e+01 1.29016000e+01 6.67786000e+01 2.11736100e+01 1.27031000e+01 6.72709000e+01 2.10208200e+01 1.27896000e+01 6.90746000e+01 2.56578600e+01 1.29735000e+01 6.95017000e+01 2.53842200e+01 1.30125000e+01 7.16882000e+01 2.98696900e+01 1.32449000e+01 7.21129000e+01 2.96308700e+01 1.32929000e+01 7.38301000e+01 3.43266200e+01 1.34047000e+01 7.42585000e+01 3.41670700e+01 1.35227000e+01 7.51769800e+01 3.90760500e+01 1.33288000e+01 7.55933500e+01 3.90203200e+01 1.35141000e+01 7.58006400e+01 4.39894600e+01 1.29944000e+01 7.62116800e+01 4.39760200e+01 1.32045000e+01 7.61927000e+01 4.89423500e+01 1.25928000e+01 7.66202600e+01 4.89247000e+01 1.28020000e+01 7.66895800e+01 5.38915000e+01 1.22446000e+01 7.71276200e+01 5.38507900e+01 1.24531000e+01 7.74431900e+01 5.88130300e+01 1.20037000e+01 7.78768200e+01 5.87440000e+01 1.22225000e+01 7.84154900e+01 6.36946600e+01 1.18518000e+01 7.88355100e+01 6.36136000e+01 1.20931000e+01 7.94470300e+01 6.85585700e+01 1.16960000e+01 7.98439100e+01 6.84920100e+01 1.19768000e+01 8.03114100e+01 7.34334100e+01 1.13590000e+01 8.06629200e+01 7.34269000e+01 1.17011000e+01 8.06878000e+01 7.82734000e+01 1.04717000e+01 8.09421600e+01 7.83990200e+01 1.08715000e+01 8.03721100e+01 8.27318100e+01 8.46454000e+00 8.04606400e+01 8.30352200e+01 8.84455000e+00 7.96719000e+01 8.61538100e+01 5.02684000e+00 7.95841500e+01 8.65776800e+01 5.30048000e+00 7.89591500e+01 8.89239500e+01 8.53830000e-01 7.88447100e+01 8.92529800e+01 1.22547100e+00 7.35698000e+01 2.44493890e+00 9.09857000e+00 7.39227000e+01 2.51940420e+00 9.19065000e+00 7.17155000e+01 6.99005100e+00 8.75756000e+00 7.20950000e+01 7.19963500e+00 8.77208000e+00 6.92137000e+01 1.12745400e+01 8.31994000e+00 6.96569000e+01 1.15059470e+01 8.32730000e+00 6.74577000e+01 1.59795700e+01 7.90767000e+00 6.79776000e+01 1.60730500e+01 7.97129000e+00 6.75943000e+01 2.10207200e+01 7.79701000e+00 6.81079000e+01 2.09039900e+01 7.86377000e+00 6.94233000e+01 2.57115800e+01 7.99361000e+00 6.98776000e+01 2.54786400e+01 8.00332000e+00 7.19772000e+01 3.00104300e+01 8.25987000e+00 7.23881000e+01 2.97479100e+01 8.25318000e+00 7.46613000e+01 3.41960900e+01 8.49368000e+00 7.50574000e+01 3.39578900e+01 8.53914000e+00 7.67504000e+01 3.86584500e+01 8.59927000e+00 7.71634000e+01 3.85357100e+01 8.72202000e+00 7.77070000e+01 4.34953600e+01 8.39531000e+00 7.81310000e+01 4.34727000e+01 8.55056000e+00 7.80392000e+01 4.84420700e+01 7.98506000e+00 7.84828000e+01 4.84312300e+01 8.14182000e+00 7.84833000e+01 5.33997200e+01 7.61356000e+00 7.89363000e+01 5.33525100e+01 7.77527000e+00 7.93048000e+01 5.83207200e+01 7.39646000e+00 7.97528000e+01 5.82343900e+01 7.56945000e+00 8.04314100e+01 6.31813200e+01 7.31676000e+00 8.08696200e+01 6.30712000e+01 7.50259000e+00 8.17306400e+01 6.79943000e+01 7.31196000e+00 8.21569200e+01 6.78750300e+01 7.51587000e+00 8.30861200e+01 7.27826400e+01 7.31372000e+00 8.34935400e+01 7.26749200e+01 7.55398000e+00 8.42618600e+01 7.75925100e+01 7.16184000e+00 8.46246200e+01 7.75495600e+01 7.47239000e+00 8.48237200e+01 8.24159100e+01 6.43135000e+00 8.50804700e+01 8.25319300e+01 6.82144000e+00 8.44788600e+01 8.68162500e+01 4.37865000e+00 8.45540200e+01 8.71511900e+01 4.76228000e+00 8.37161800e+01 9.02797300e+01 8.66430000e-01 8.36539000e+01 9.06326900e+01 1.24436100e+00 7.42552000e+01 2.27751500e+00 4.19640000e+00 7.45688000e+01 2.44666640e+00 4.16263000e+00 7.17515000e+01 6.46087000e+00 3.78054000e+00 7.21047000e+01 6.68684300e+00 3.72914000e+00 6.92771000e+01 1.08362700e+01 3.32203000e+00 6.97347000e+01 1.10329600e+01 3.32774000e+00 6.78582000e+01 1.57836500e+01 2.94938000e+00 6.83854000e+01 1.58494100e+01 3.02704000e+00 6.80095000e+01 2.09648600e+01 2.83471000e+00 6.85276000e+01 2.08705600e+01 2.93750000e+00 6.95812000e+01 2.58708700e+01 2.97622000e+00 7.00441000e+01 2.56595000e+01 3.05913000e+00 7.20554000e+01 3.02968900e+01 3.22974000e+00 7.24612000e+01 3.00303800e+01 3.27526000e+00 7.49025000e+01 3.43696800e+01 3.50277000e+00 7.52742000e+01 3.41026500e+01 3.51414000e+00 7.74096000e+01 3.85168900e+01 3.67643000e+00 7.78068000e+01 3.83337800e+01 3.69285000e+00 7.87611000e+01 4.31278700e+01 3.53974000e+00 7.91938000e+01 4.30687700e+01 3.60214000e+00 7.93783000e+01 4.79983100e+01 3.17304000e+00 7.98199000e+01 4.79585000e+01 3.30265000e+00 8.00861000e+01 5.29288900e+01 2.86452000e+00 8.05211000e+01 5.28615600e+01 3.05184000e+00 8.10793000e+01 5.78326100e+01 2.70702000e+00 8.15027000e+01 5.77397200e+01 2.92363000e+00 8.22931000e+01 6.26849500e+01 2.66432000e+00 8.27082000e+01 6.25733300e+01 2.88962000e+00 8.36611000e+01 6.74898700e+01 2.69547000e+00 8.40705000e+01 6.73646600e+01 2.91845000e+00 8.51457900e+01 7.22541900e+01 2.77529000e+00 8.55494600e+01 7.21206800e+01 2.99034000e+00 8.67019800e+01 7.69822100e+01 2.87592000e+00 8.70893600e+01 7.68547600e+01 3.09234000e+00 8.81557100e+01 8.17089700e+01 2.90136000e+00 8.85033200e+01 8.16259800e+01 3.16612000e+00 8.88114800e+01 8.64484900e+01 2.24743000e+00 8.90992200e+01 8.65564100e+01 2.61466000e+00 8.85264800e+01 9.09734300e+01 3.30949000e-01 8.85979500e+01 9.11670900e+01 7.93382000e-01 7.65771000e+01 2.74634500e+00 -2.48439120e-01 7.65771000e+01 2.74634500e+00 2.48439120e-01 7.44384000e+01 7.49772343e+00 -2.59860660e-01 7.44384000e+01 7.49772343e+00 2.59860660e-01 7.24499000e+01 1.17303330e+01 -2.88098700e-01 7.24499000e+01 1.17303330e+01 2.88098700e-01 7.14800000e+01 1.59905600e+01 -2.95711200e-01 7.14800000e+01 1.59905600e+01 2.95711200e-01 7.17406000e+01 2.03054400e+01 -2.84970400e-01 7.17406000e+01 2.03054400e+01 2.84970400e-01 7.30604000e+01 2.45449600e+01 -2.74866100e-01 7.30604000e+01 2.45449600e+01 2.74866100e-01 7.51730000e+01 2.86656100e+01 -2.66389200e-01 7.51730000e+01 2.86656100e+01 2.66389200e-01 7.77370000e+01 3.28190800e+01 -2.62023100e-01 7.77370000e+01 3.28190800e+01 2.62023100e-01 8.01957000e+01 3.73267000e+01 -2.64991000e-01 8.01957000e+01 3.73267000e+01 2.64991000e-01 8.18781000e+01 4.22506700e+01 -2.67613100e-01 8.18781000e+01 4.22506700e+01 2.67613100e-01 8.29424000e+01 4.72113700e+01 -2.66406800e-01 8.29424000e+01 4.72113700e+01 2.66406800e-01 8.39273000e+01 5.20626300e+01 -2.65505300e-01 8.39273000e+01 5.20626300e+01 2.65505300e-01 8.50297000e+01 5.68556800e+01 -2.64241100e-01 8.50297000e+01 5.68556800e+01 2.64241100e-01 8.62570000e+01 6.16215500e+01 -2.63466500e-01 8.62570000e+01 6.16215500e+01 2.63466500e-01 8.75870000e+01 6.63698200e+01 -2.63587500e-01 8.75870000e+01 6.63698200e+01 2.63587500e-01 8.90010000e+01 7.11081800e+01 -2.64314800e-01 8.90010000e+01 7.11081800e+01 2.64314800e-01 9.04834600e+01 7.58542700e+01 -2.64962200e-01 9.04834600e+01 7.58542700e+01 2.64962200e-01 9.19764600e+01 8.06855100e+01 -2.62662400e-01 9.19764600e+01 8.06855100e+01 2.62662400e-01 9.31645700e+01 8.57409200e+01 -2.53441100e-01 9.31645700e+01 8.57409200e+01 2.53441100e-01 9.35107000e+01 9.09787700e+01 -2.50221784e-01 9.35107000e+01 9.09787700e+01 2.50221784e-01
        </DataArray>
      </Points>
      <Cells>
        <DataArray type="Int32" Name="connectivity" format="ascii">
          0 63 66 3 2 65 68 5 1323 2203 1325 2163 1324 2204 1326 2164 1 64 67 4 3 66 69 6 5 68 71 8 1325 2205 1327 2165 1326 2206 1328 2166 4 67 70 7 6 69 72 9 8 71 74 11 1327 2207 1329 2167 1328 2208 1330 2168 7 70 73 10 9 72 75 12 11 74 77 14 1329 2209 1331 2169 1330 2210 1332 2170 10 73 76 13 12 75 78 15 14 77 80 17 1331 2211 1333 2171 1332 2212 1334 2172 13 76 79 16 15 78 81 18 17 80 83 20 1333 2213 1335 2173 1334 2214 1336 2174 16 79 82 19 18 81 84 21 20 83 86 23 1335 2215 1337 2175 1336 2216 1338 2176 19 82 85 22 21 84 87 24 23 86 89 26 1337 2217 1339 2177 1338 2218 1340 2178 22 85 88 25 24 87 90 27 26 89 92 29 1339 2219 1341 2179 1340 2220 1342 2180 25 88 91 28 27 90 93 30 29 92 95 32 1341 2221 1343 2181 1342 2222 1344 2182 28 91 94 31 30 93 96 33 32 95 98 35 1343 2223 1345 2183 1344 2224 1346 2184 31 94 97 34 33 96 99 36 35 98 101 38 1345 2225 1347 2185 1346 2226 1348 2186 34 97 100 37 36 99 102 39 38 101 104 41 1347 2227 1349 2187 1348 2228 1350 2188 37 100 103 40 39 102 105 42 41 104 107 44 1349 2229 1351 2189 1350 2230 1352 2190 40 103 106 43 42 105 108 45 44 107 110 47 1351 2231 1353 2191 1352 2232 1354 2192 43 106 109 46 45 108 111 48 47 110 113 50 1353 2233 1355 2193 1354 2234 1356 2194 46 109 112 49 48 111 114 51 50 113 116 53 1355 2235 1357 2195 1356 2236 1358 2196 49 112 115 52 51 114 117 54 53 116 119 56 1357 2237 1359 2197 1358 2238 1360 2198 52 115 118 55 54 117 120 57 56 119 122 59 1359 2239 1361 2199 1360 2240 1362 2200 55 118 121 58 57 120 123 60 59 122 125 62 1361 2241 1363 2201 1362 2242 1364 2202 58 121 124 61 63 126 129 66 65 128 131 68 1365 2243 1367 2203 1366 2244 1368 2204 64 127 130 67 66 129 132 69 68 131 134 71 1367 2245 1369 2205 1368 2246 1370 2206 67 130 133 70 69 132 135 72 71 134 137 74 1369 2247 1371 2207 1370 2248 1372 2208 70 133 136 73 72 135 138 75 74 137 140 77 1371 2249 1373 2209 1372 2250 1374 2210 73 136 139 76 75 138 141 78 77 140 143 80 1373 2251 1375 2211 1374 2252 1376 2212 76 139 142 79 78 141 144 81 80 143 146 83 1375 2253 1377 2213 1376 2254 1378 2214 79 142 145 82 81 144 147 84 83 146 149 86 1377 2255 1379 2215 1378 2256 1380 2216 82 145 148 85 84 147 150 87 86 149 152 89 1379 2257 1381 2217 1380 2258 1382 2218 85 148 151 88 87 150 153 90 89 152 155 92 1381 2259 1383 2219 1382 2260 1384 2220 88 151 154 91 90 153 156 93 92 155 158 95 1383 2261 1385 2221 1384 2262 1386 2222 91 154 157 94 93 156 159 96 95 158 161 98 1385 2263 1387 2223 1386 2264 1388 2224 94 157 160 97 96 159 162 99 98 161 164 101 1387 2265 1389 2225 1388 2266 1390 2226 97 160 163 100 99 162 165 102 101 164 167 104 1389 2267 1391 2227 1390 2268 1392 2228 100 163 166 103 102 165 168 105 104 167 170 107 1391 2269 1393 2229 1392 2270 1394 2230 103 166 169 106 105 168 171 108 107 170 173 110 1393 2271 1395 2231 1394 2272 1396 2232 106 169 172 109 108 171 174 111 110 173 176 113 1395 2273 1397 2233 1396 2274 1398 2234 109 172 175 112 111 174 177 114 113 176 179 116 1397 2275 1399 2235 1398 2276 1400 2236 112 175 178 115 114 177 180 117 116 179 182 119 1399 2277 1401 2237 1400 2278 1402 2238 115 178 181 118 117 180 183 120 119 182 185 122 1401 2279 1403 2239 1402 2280 1404 2240 118 181 184 121 120 183 186 123 122 185 188 125 1403 2281 1405 2241 1404 2282 1406 2242 121 184 187 124 126 189 192 129 128 191 194 131 1407 2283 1409 2243 1408 2284 1410 2244 127 190 193 130 129 192 195 132 131 194 197 134 1409 2285 1411 2245 1410 2286 1412 2246 130 193 196 133 132 195 198 135 134 197 200 137 1411 2287 1413 2247 1412 2288 1414 2248 133 196 199 136 135 198 201 138 137 200 203 140 1413 2289 1415 2249 1414 2290 1416 2250 136 199 202 139 138 201 204 141 140 203 206 143 1415 2291 1417 2251 1416 2292 1418 2252 139 202 205 142 141 204 207 144 143 206 209 146 1417 2293 1419 2253 1418 2294 1420 2254 142 205 208 145 144 207 210 147 146 209 212 149 1419 2295 1421 2255 1420 2296 1422 2256 145 208 211 148 147 210 213 150 149 212 215 152 1421 2297 1423 2257 1422 2298 1424 2258 148 211 214 151 150 213 216 153 152 215 218 155 1423 2299 1425 2259 1424 2300 1426 2260 151 214 217 154 153 216 219 156 155 218 221 158 1425 2301 1427 2261 1426 2302 1428 2262 154 217 220 157 156 219 222 159 158 221 224 161 1427 2303 1429 2263 1428 2304 1430 2264 157 220 223 160 159 222 225 162 161 224 227 164 1429 2305 1431 2265 1430 2306 1432 2266 160 223 226 163 162 225 228 165 164 227 230 167 1431 2307 1433 2267 1432 2308 1434 2268 163 226 229 166 165 228 231 168 167 230 233 170 1433 2309 1435 2269 1434 2310 1436 2270 166 229 232 169 168 231 234 171 170 233 236 173 1435 2311 1437 2271 1436 2312 1438 2272 169 232 235 172 171 234 237 174 173 236 239 176 1437 2313 1439 2273 1438 2314 1440 2274 172 235 238 175 174 237 240 177 176 239 242 179 1439 2315 1441 2275 1440 2316 1442 2276 175 238 241 178 177 240 243 180 179 242 245 182 1441 2317 1443 2277 1442 2318 1444 2278 178 241 244 181 180 243 246 183 182 245 248 185 1443 2319 1445 2279 1444 2320 1446 2280 181 244 247 184 183 246 249 186 185 248 251 188 1445 2321 1447 2281 1446 2322 1448 2282 184 247 250 187 189 252 255 192 191 254 257 194 1449 2323 1451 2283 1450 2324 1452 2284 190 253 256 193 192 255 258 195 194 257 260 197 1451 2325 1453 2285 1452 2326 1454 2286 193 256 259 196 195 258 261 198 197 260 263 200 1453 2327 1455 2287 1454 2328 1456 2288 196 259 262 199 198 261 264 201 200 263 266 203 1455 2329 1457 2289 1456 2330 1458 2290 199 262 265 202 201 264 267 204 203 266 269 206 1457 2331 1459 2291 1458 2332 1460 2292 202 265 268 205 204 267 270 207 206 269 272 209 1459 2333 1461 2293 1460 2334 1462 2294 205 268 271 208 207 270 273 210 209 272 275 212 1461 2335 1463 2295 1462 2336 1464 2296 208 271 274 211 210 273 276 213 212 275 278 215 1463 2337 1465 2297 1464 2338 1466 2298 211 274 277 214 213 276 279 216 215 278 281 218 1465 2339 1467 2299 1466 2340 1468 2300 214 277 280 217 216 279 282 219 218 281 284 221 1467 2341 1469 2301 1468 2342 1470 2302 217 280 283 220 219 282 285 222 221 284 287 224 1469 2343 1471 2303 1470 2344 1472 2304 220 283 286 223 222 285 288 225 224 287 290 227 1471 2345 1473 2305 1472 2346 1474 2306 223 286 289 226 225 288 291 228 227 290 293 230 1473 2347 1475 2307 1474 2348 1476 2308 226 289 292 229 228 291 294 231 230 293 296 233 1475 2349 1477 2309 1476 2350 1478 2310 229 292 295 232 231 294 297 234 233 296 299 236 1477 2351 1479 2311 1478 2352 1480 2312 232 295 298 235 234 297 300 237 236 299 302 239 1479 2353 1481 2313 1480 2354 1482 2314 235 298 301 238 237 300 303 240 239 302 305 242 1481 2355 1483 2315 1482 2356 1484 2316 238 301 304 241 240 303 306 243 242 305 308 245 1483 2357 1485 2317 1484 2358 1486 2318 241 304 307 244 243 306 309 246 245 308 311 248 1485 2359 1487 2319 1486 2360 1488 2320 244 307 310 247 246 309 312 249 248 311 314 251 1487 2361 1489 2321 1488 2362 1490 2322 247 310 313 250 252 315 318 255 254 317 320 257 1491 2363 1493 2323 1492 2364 1494 2324 253 316 319 256 255 318 321 258 257 320 323 260 1493 2365 1495 2325 1494 2366 1496 2326 256 319 322 259 258 321 324 261 260 323 326 263 1495 2367 1497 2327 1496 2368 1498 2328 259 322 325 262 261 324 327 264 263 326 329 266 1497 2369 1499 2329 1498 2370 1500 2330 262 325 328 265 264 327 330 267 266 329 332 269 1499 2371 1501 2331 1500 2372 1502 2332 265 328 331 268 267 330 333 270 269 332 335 272 1501 2373 1503 2333 1502 2374 1504 2334 268 331 334 271 270 333 336 273 272 335 338 275 1503 2375 1505 2335 1504 2376 1506 2336 271 334 337 274 273 336 339 276 275 338 341 278 1505 2377 1507 2337 1506 2378 1508 2338 274 337 340 277 276 339 342 279 278 341 344 281 1507 2379 1509 2339 1508 2380 1510 2340 277 340 343 280 279 342 345 282 281 344 347 284 1509 2381 1511 2341 1510 2382 1512 2342 280 343 346 283 282 345 348 285 284 347 350 287 1511 2383 1513 2343 1512 2384 1514 2344 283 346 349 286 285 348 351 288 287 350 353 290 1513 2385 1515 2345 1514 2386 1516 2346 286 349 352 289 288 351 354 291 290 353 356 293 1515 2387 1517 2347 1516 2388 1518 2348 289 352 355 292 291 354 357 294 293 356 359 296 1517 2389 1519 2349 1518 2390 1520 2350 292 355 358 295 294 357 360 297 296 359 362 299 1519 2391 1521 2351 1520 2392 1522 2352 295 358 361 298 297 360 363 300 299 362 365 302 1521 2393 1523 2353 1522 2394 1524 2354 298 361 364 301 300 363 366 303 302 365 368 305 1523 2395 1525 2355 1524 2396 1526 2356 301 364 367 304 303 366 369 306 305 368 371 308 1525 2397 1527 2357 1526 2398 1528 2358 304 367 370 307 306 369 372 309 308 371 374 311 1527 2399 1529 2359 1528 2400 1530 2360 307 370 373 310 309 372 375 312 311 374 377 314 1529 2401 1531 2361 1530 2402 1532 2362 310 373 376 313 315 378 381 318 317 380 383 320 1533 2403 1535 2363 1534 2404 1536 2364 316 379 382 319 318 381 384 321 320 383 386 323 1535 2405 1537 2365 1536 2406 1538 2366 319 382 385 322 321 384 387 324 323 386 389 326 1537 2407 1539 2367 1538 2408 1540 2368 322 385 388 325 324 387 390 327 326 389 392 329 1539 2409 1541 2369 1540 2410 1542 2370 325 388 391 328 327 390 393 330 329 392 395 332 1541 2411 1543 2371 1542 2412 1544 2372 328 391 394 331 330 393 396 333 332 395 398 335 1543 2413 1545 2373 1544 2414 1546 2374 331 394 397 334 333 396 399 336 335 398 401 338 1545 2415 1547 2375 1546 2416 1548 2376 334 397 400 337 336 399 402 339 338 401 404 341 1547 2417 1549 2377 1548 2418 1550 2378 337 400 403 340 339 402 405 342 341 404 407 344 1549 2419 1551 2379 1550 2420 1552 2380 340 403 406 343 342 405 408 345 344 407 410 347 1551 2421 1553 2381 1552 2422 1554 2382 343 406 409 346 345 408 411 348 347 410 413 350 1553 2423 1555 2383 1554 2424 1556 2384 346 409 412 349 348 411 414 351 350 413 416 353 1555 2425 1557 2385 1556 2426 1558 2386 349 412 415 352 351 414 417 354 353 416 419 356 1557 2427 1559 2387 1558 2428 1560 2388 352 415 418 355 354 417 420 357 356 419 422 359 1559 2429 1561 2389 1560 2430 1562 2390 355 418 421 358 357 420 423 360 359 422 425 362 1561 2431 1563 2391 1562 2432 1564 2392 358 421 424 361 360 423 426 363 362 425 428 365 1563 2433 1565 2393 1564 2434 1566 2394 361 424 427 364 363 426 429 366 365 428 431 368 1565 2435 1567 2395 1566 2436 1568 2396 364 427 430 367 366 429 432 369 368 431 434 371 1567 2437 1569 2397 1568 2438 1570 2398 367 430 433 370 369 432 435 372 371 434 437 374 1569 2439 1571 2399 1570 2440 1572 2400 370 433 436 373 372 435 438 375 374 437 440 377 1571 2441 1573 2401 1572 2442 1574 2402 373 436 439 376 378 441 444 381 380 443 446 383 1575 2443 1577 2403 1576 2444 1578 2404 379 442 445 382 381 444 447 384 383 446 449 386 1577 2445 1579 2405 1578 2446 1580 2406 382 445 448 385 384 447 450 387 386 449 452 389 1579 2447 1581 2407 1580 2448 1582 2408 385 448 451 388 387 450 453 390 389 452 455 392 1581 2449 1583 2409 1582 2450 1584 2410 388 451 454 391 390 453 456 393 392 455 458 395 1583 2451 1585 2411 1584 2452 1586 2412 391 454 457 394 393 456 459 396 395 458 461 398 1585 2453 1587 2413 1586 2454 1588 2414 394 457 460 397 396 459 462 399 398 461 464 401 1587 2455 1589 2415 1588 2456 1590 2416 397 460 463 400 399 462 465 402 401 464 467 404 1589 2457 1591 2417 1590 2458 1592 2418 400 463 466 403 402 465 468 405 404 467 470 407 1591 2459 1593 2419 1592 2460 1594 2420 403 466 469 406 405 468 471 408 407 470 473 410 1593 2461 1595 2421 1594 2462 1596 2422 406 469 472 409 408 471 474 411 410 473 476 413 1595 2463 1597 2423 1596 2464 1598 2424 409 472 475 412 411 474 477 414 413 476 479 416 1597 2465 1599 2425 1598 2466 1600 2426 412 475 478 415 414 477 480 417 416 479 482 419 1599 2467 1601 2427 1600 2468 1602 2428 415 478 481 418 417 480 483 420 419 482 485 422 1601 2469 1603 2429 1602 2470 1604 2430 418 481 484 421 420 483 486 423 422 485 488 425 1603 2471 1605 2431 1604 2472 1606 2432 421 484 487 424 423 486 489 426 425 488 491 428 1605 2473 1607 2433 1606 2474 1608 2434 424 487 490 427 426 489 492 429 428 491 494 431 1607 2475 1609 2435 1608 2476 1610 2436 427 490 493 430 429 492 495 432 431 494 497 434 1609 2477 1611 2437 1610 2478 1612 2438 430 493 496 433 432 495 498 435 434 497 500 437 1611 2479 1613 2439 1612 2480 1614 2440 433 496 499 436 435 498 501 438 437 500 503 440 1613 2481 1615 2441 1614 2482 1616 2442 436 499 502 439 441 504 507 444 443 506 509 446 1617 2483 1619 2443 1618 2484 1620 2444 442 505 508 445 444 507 510 447 446 509 512 449 1619 2485 1621 2445 1620 2486 1622 2446 445 508 511 448 447 510 513 450 449 512 515 452 1621 2487 1623 2447 1622 2488 1624 2448 448 511 514 451 450 513 516 453 452 515 518 455 1623 2489 1625 2449 1624 2490 1626 2450 451 514 517 454 453 516 519 456 455 518 521 458 1625 2491 1627 2451 1626 2492 1628 2452 454 517 520 457 456 519 522 459 458 521 524 461 1627 2493 1629 2453 1628 2494 1630 2454 457 520 523 460 459 522 525 462 461 524 527 464 1629 2495 1631 2455 1630 2496 1632 2456 460 523 526 463 462 525 528 465 464 527 530 467 1631 2497 1633 2457 1632 2498 1634 2458 463 526 529 466 465 528 531 468 467 530 533 470 1633 2499 1635 2459 1634 2500 1636 2460 466 529 532 469 468 531 534 471 470 533 536 473 1635 2501 1637 2461 1636 2502 1638 2462 469 532 535 472 471 534 537 474 473 536 539 476 1637 2503 1639 2463 1638 2504 1640 2464 472 535 538 475 474 537 540 477 476 539 542 479 1639 2505 1641 2465 1640 2506 1642 2466 475 538 541 478 477 540 543 480 479 542 545 482 1641 2507 1643 2467 1642 2508 1644 2468 478 541 544 481 480 543 546 483 482 545 548 485 1643 2509 1645 2469 1644 2510 1646 2470 481 544 547 484 483 546 549 486 485 548 551 488 1645 2511 1647 2471 1646 2512 1648 2472 484 547 550 487 486 549 552 489 488 551 554 491 1647 2513 1649 2473 1648 2514 1650 2474 487 550 553 490 489 552 555 492 491 554 557 494 1649 2515 1651 2475 1650 2516 1652 2476 490 553 556 493 492 555 558 495 494 557 560 497 1651 2517 1653 2477 1652 2518 1654 2478 493 556 559 496 495 558 561 498 497 560 563 500 1653 2519 1655 2479 1654 2520 1656 2480 496 559 562 499 498 561 564 501 500 563 566 503 1655 2521 1657 2481 1656 2522 1658 2482 499 562 565 502 504 567 570 507 506 569 572 509 1659 2523 1661 2483 1660 2524 1662 2484 505 568 571 508 507 570 573 510 509 572 575 512 1661 2525 1663 2485 1662 2526 1664 2486 508 571 574 511 510 573 576 513 512 575 578 515 1663 2527 1665 2487 1664 2528 1666 2488 511 574 577 514 513 576 579 516 515 578 581 518 1665 2529 1667 2489 1666 2530 1668 2490 514 577 580 517 516 579 582 519 518 581 584 521 1667 2531 1669 2491 1668 2532 1670 2492 517 580 583 520 519 582 585 522 521 584 587 524 1669 2533 1671 2493 1670 2534 1672 2494 520 583 586 523 522 585 588 525 524 587 590 527 1671 2535 1673 2495 1672 2536 1674 2496 523 586 589 526 525 588 591 528 527 590 593 530 1673 2537 1675 2497 1674 2538 1676 2498 526 589 592 529 528 591 594 531 530 593 596 533 1675 2539 1677 2499 1676 2540 1678 2500 529 592 595 532 531 594 597 534 533 596 599 536 1677 2541 1679 2501 1678 2542 1680 2502 532 595 598 535 534 597 600 537 536 599 602 539 1679 2543 1681 2503 1680 2544 1682 2504 535 598 601 538 537 600 603 540 539 602 605 542 1681 2545 1683 2505 1682 2546 1684 2506 538 601 604 541 540 603 606 543 542 605 608 545 1683 2547 1685 2507 1684 2548 1686 2508 541 604 607 544 543 606 609 546 545 608 611 548 1685 2549 1687 2509 1686 2550 1688 2510 544 607 610 547 546 609 612 549 548 611 614 551 1687 2551 1689 2511 1688 2552 1690 2512 547 610 613 550 549 612 615 552 551 614 617 554 1689 2553 1691 2513 1690 2554 1692 2514 550 613 616 553 552 615 618 555 554 617 620 557 1691 2555 1693 2515 1692 2556 1694 2516 553 616 619 556 555 618 621 558 557 620 623 560 1693 2557 1695 2517 1694 2558 1696 2518 556 619 622 559 558 621 624 561 560 623 626 563 1695 2559 1697 2519 1696 2560 1698 2520 559 622 625 562 561 624 627 564 563 626 629 566 1697 2561 1699 2521 1698 2562 1700 2522 562 625 628 565 567 630 633 570 569 632 635 572 1701 2563 1703 2523 1702 2564 1704 2524 568 631 634 571 570 633 636 573 572 635 638 575 1703 2565 1705 2525 1704 2566 1706 2526 571 634 637 574 573 636 639 576 575 638 641 578 1705 2567 1707 2527 1706 2568 1708 2528 574 637 640 577 576 639 642 579 578 641 644 581 1707 2569 1709 2529 1708 2570 1710 2530 577 640 643 580 579 642 645 582 581 644 647 584 1709 2571 1711 2531 1710 2572 1712 2532 580 643 646 583 582 645 648 585 584 647 650 587 1711 2573 1713 2533 1712 2574 1714 2534 583 646 649 586 585 648 651 588 587 650 653 590 1713 2575 1715 2535 1714 2576 1716 2536 586 649 652 589 588 651 654 591 590 653 656 593 1715 2577 1717 2537 1716 2578 1718 2538 589 652 655 592 591 654 657 594 593 656 659 596 1717 2579 1719 2539 1718 2580 1720 2540 592 655 658 595 594 657 660 597 596 659 662 599 1719 2581 1721 2541 1720 2582 1722 2542 595 658 661 598 597 660 663 600 599 662 665 602 1721 2583 1723 2543 1722 2584 1724 2544 598 661 664 601 600 663 666 603 602 665 668 605 1723 2585 1725 2545 1724 2586 1726 2546 601 664 667 604 603 666 669 606 605 668 671 608 1725 2587 1727 2547 1726 2588 1728 2548 604 667 670 607 606 669 672 609 608 671 674 611 1727 2589 1729 2549 1728 2590 1730 2550 607 670 673 610 609 672 675 612 611 674 677 614 1729 2591 1731 2551 1730 2592 1732 2552 610 673 676 613 612 675 678 615 614 677 680 617 1731 2593 1733 2553 1732 2594 1734 2554 613 676 679 616 615 678 681 618 617 680 683 620 1733 2595 1735 2555 1734 2596 1736 2556 616 679 682 619 618 681 684 621 620 683 686 623 1735 2597 1737 2557 1736 2598 1738 2558 619 682 685 622 621 684 687 624 623 686 689 626 1737 2599 1739 2559 1738 2600 1740 2560 622 685 688 625 624 687 690 627 626 689 692 629 1739 2601 1741 2561 1740 2602 1742 2562 625 688 691 628 630 693 696 633 632 695 698 635 1743 2603 1745 2563 1744 2604 1746 2564 631 694 697 634 633 696 699 636 635 698 701 638 1745 2605 1747 2565 1746 2606 1748 2566 634 697 700 637 636 699 702 639 638 701 704 641 1747 2607 1749 2567 1748 2608 1750 2568 637 700 703 640 639 702 705 642 641 704 707 644 1749 2609 1751 2569 1750 2610 1752 2570 640 703 706 643 642 705 708 645 644 707 710 647 1751 2611 1753 2571 1752 2612 1754 2572 643 706 709 646 645 708 711 648 647 710 713 650 1753 2613 1755 2573 1754 2614 1756 2574 646 709 712 649 648 711 714 651 650 713 716 653 1755 2615 1757 2575 1756 2616 1758 2576 649 712 715 652 651 714 717 654 653 716 719 656 1757 2617 1759 2577 1758 2618 1760 2578 652 715 718 655 654 717 720 657 656 719 722 659 1759 2619 1761 2579 1760 2620 1762 2580 655 718 721 658 657 720 723 660 659 722 725 662 1761 2621 1763 2581 1762 2622 1764 2582 658 721 724 661 660 723 726 663 662 725 728 665 1763 2623 1765 2583 1764 2624 1766 2584 661 724 727 664 663 726 729 666 665 728 731 668 1765 2625 1767 2585 1766 2626 1768 2586 664 727 730 667 666 729 732 669 668 731 734 671 1767 2627 1769 2587 1768 2628 1770 2588 667 730 733 670 669 732 735 672 671 734 737 674 1769 2629 1771 2589 1770 2630 1772 2590 670 733 736 673 672 735 738 675 674 737 740 677 1771 2631 1773 2591 1772 2632 1774 2592 673 736 739 676 675 738 741 678 677 740 743 680 1773 2633 1775 2593 1774 2634 1776 2594 676 739 742 679 678 741 744 681 680 743 746 683 1775 2635 1777 2595 1776 2636 1778 2596 679 742 745 682 681 744 747 684 683 746 749 686 1777 2637 1779 2597 1778 2638 1780 2598 682 745 748 685 684 747 750 687 686 749 752 689 1779 2639 1781 2599 1780 2640 1782 2600 685 748 751 688 687 750 753 690 689 752 755 692 1781 2641 1783 2601 1782 2642 1784 2602 688 751 754 691 693 756 759 696 695 758 761 698 1785 2643 1787 2603 1786 2644 1788 2604 694 757 760 697 696 759 762 699 698 761 764 701 1787 2645 1789 2605 1788 2646 1790 2606 697 760 763 700 699 762 765 702 701 764 767 704 1789 2647 1791 2607 1790 2648 1792 2608 700 763 766 703 702 765 768 705 704 767 770 707 1791 2649 1793 2609 1792 2650 1794 2610 703 766 769 706 705 768 771 708 707 770 773 710 1793 2651 1795 2611 1794 2652 1796 2612 706 769 772 709 708 771 774 711 710 773 776 713 1795 2653 1797 2613 1796 2654 1798 2614 709 772 775 712 711 774 777 714 713 776 779 716 1797 2655 1799 2615 1798 2656 1800 2616 712 775 778 715 714 777 780 717 716 779 782 719 1799 2657 1801 2617 1800 2658 1802 2618 715 778 781 718 717 780 783 720 719 782 785 722 1801 2659 1803 2619 1802 2660 1804 2620 718 781 784 721 720 783 786 723 722 785 788 725 1803 2661 1805 2621 1804 2662 1806 2622 721 784 787 724 723 786 789 726 725 788 791 728 1805 2663 1807 2623 1806 2664 1808 2624 724 787 790 727 726 789 792 729 728 791 794 731 1807 2665 1809 2625 1808 2666 1810 2626 727 790 793 730 729 792 795 732 731 794 797 734 1809 2667 1811 2627 1810 2668 1812 2628 730 793 796 733 732 795 798 735 734 797 800 737 1811 2669 1813 2629 1812 2670 1814 2630 733 796 799 736 735 798 801 738 737 800 803 740 1813 2671 1815 2631 1814 2672 1816 2632 736 799 802 739 738 801 804 741 740 803 806 743 1815 2673 1817 2633 1816 2674 1818 2634 739 802 805 742 741 804 807 744 743 806 809 746 1817 2675 1819 2635 1818 2676 1820 2636 742 805 808 745 744 807 810 747 746 809 812 749 1819 2677 1821 2637 1820 2678 1822 2638 745 808 811 748 747 810 813 750 749 812 815 752 1821 2679 1823 2639 1822 2680 1824 2640 748 811 814 751 750 813 816 753 752 815 818 755 1823 2681 1825 2641 1824 2682 1826 2642 751 814 817 754 756 819 822 759 758 821 824 761 1827 2683 1829 2643 1828 2684 1830 2644 757 820 823 760 759 822 825 762 761 824 827 764 1829 2685 1831 2645 1830 2686 1832 2646 760 823 826 763 762 825 828 765 764 827 830 767 1831 2687 1833 2647 1832 2688 1834 2648 763 826 829 766 765 828 831 768 767 830 833 770 1833 2689 1835 2649 1834 2690 1836 2650 766 829 832 769 768 831 834 771 770 833 836 773 1835 2691 1837 2651 1836 2692 1838 2652 769 832 835 772 771 834 837 774 773 836 839 776 1837 2693 1839 2653 1838 2694 1840 2654 772 835 838 775 774 837 840 777 776 839 842 779 1839 2695 1841 2655 1840 2696 1842 2656 775 838 841 778 777 840 843 780 779 842 845 782 1841 2697 1843 2657 1842 2698 1844 2658 778 841 844 781 780 843 846 783 782 845 848 785 1843 2699 1845 2659 1844 2700 1846 2660 781 844 847 784 783 846 849 786 785 848 851 788 1845 2701 1847 2661 1846 2702 1848 2662 784 847 850 787 786 849 852 789 788 851 854 791 1847 2703 1849 2663 1848 2704 1850 2664 787 850 853 790 789 852 855 792 791 854 857 794 1849 2705 1851 2665 1850 2706 1852 2666 790 853 856 793 792 855 858 795 794 857 860 797 1851 2707 1853 2667 1852 2708 1854 2668 793 856 859 796 795 858 861 798 797 860 863 800 1853 2709 1855 2669 1854 2710 1856 2670 796 859 862 799 798 861 864 801 800 863 866 803 1855 2711 1857 2671 1856 2712 1858 2672 799 862 865 802 801 864 867 804 803 866 869 806 1857 2713 1859 2673 1858 2714 1860 2674 802 865 868 805 804 867 870 807 806 869 872 809 1859 2715 1861 2675 1860 2716 1862 2676 805 868 871 808 807 870 873 810 809 872 875 812 1861 2717 1863 2677 1862 2718 1864 2678 808 871 874 811 810 873 876 813 812 875 878 815 1863 2719 1865 2679 1864 2720 1866 2680 811 874 877 814 813 876 879 816 815 878 881 818 1865 2721 1867 2681 1866 2722 1868 2682 814 877 880 817 819 882 885 822 821 884 887 824 1869 2723 1871 2683 1870 2724 1872 2684 820 883 886 823 822 885 888 825 824 887 890 827 1871 2725 1873 2685 1872 2726 1874 2686 823 886 889 826 825 888 891 828 827 890 893 830 1873 2727 1875 2687 1874 2728 1876 2688 826 889 892 829 828 891 894 831 830 893 896 833 1875 2729 1877 2689 1876 2730 1878 2690 829 892 895 832 831 894 897 834 833 896 899 836 1877 2731 1879 2691 1878 2732 1880 2692 832 895 898 835 834 897 900 837 836 899 902 839 1879 2733 1881 2693 1880 2734 1882 2694 835 898 901 838 837 900 903 840 839 902 905 842 1881 2735 1883 2695 1882 2736 1884 2696 838 901 904 841 840 903 906 843 842 905 908 845 1883 2737 1885 2697 1884 2738 1886 2698 841 904 907 844 843 906 909 846 845 908 911 848 1885 2739 1887 2699 1886 2740 1888 2700 844 907 910 847 846 909 912 849 848 911 914 851 1887 2741 1889 2701 1888 2742 1890 2702 847 910 913 850 849 912 915 852 851 914 917 854 1889 2743 1891 2703 1890 2744 1892 2704 850 913 916 853 852 915 918 855 854 917 920 857 1891 2745 1893 2705 1892 2746 1894 2706 853 916 919 856 855 918 921 858 857 920 923 860 1893 2747 1895 2707 1894 2748 1896 2708 856 919 922 859 858 921 924 861 860 923 926 863 1895 2749 1897 2709 1896 2750 1898 2710 859 922 925 862 861 924 927 864 863 926 929 866 1897 2751 1899 2711 1898 2752 1900 2712 862 925 928 865 864 927 930 867 866 929 932 869 1899 2753 1901 2713 1900 2754 1902 2714 865 928 931 868 867 930 933 870 869 932 935 872 1901 2755 1903 2715 1902 2756 1904 2716 868 931 934 871 870 933 936 873 872 935 938 875 1903 2757 1905 2717 1904 2758 1906 2718 871 934 937 874 873 936 939 876 875 938 941 878 1905 2759 1907 2719 1906 2760 1908 2720 874 937 940 877 876 939 942 879 878 941 944 881 1907 2761 1909 2721 1908 2762 1910 2722 877 940 943 880 882 945 948 885 884 947 950 887 1911 2763 1913 2723 1912 2764 1914 2724 883 946 949 886 885 948 951 888 887 950 953 890 1913 2765 1915 2725 1914 2766 1916 2726 886 949 952 889 888 951 954 891 890 953 956 893 1915 2767 1917 2727 1916 2768 1918 2728 889 952 955 892 891 954 957 894 893 956 959 896 1917 2769 1919 2729 1918 2770 1920 2730 892 955 958 895 894 957 960 897 896 959 962 899 1919 2771 1921 2731 1920 2772 1922 2732 895 958 961 898 897 960 963 900 899 962 965 902 1921 2773 1923 2733 1922 2774 1924 2734 898 961 964 901 900 963 966 903 902 965 968 905 1923 2775 1925 2735 1924 2776 1926 2736 901 964 967 904 903 966 969 906 905 968 971 908 1925 2777 1927 2737 1926 2778 1928 2738 904 967 970 907 906 969 972 909 908 971 974 911 1927 2779 1929 2739 1928 2780 1930 2740 907 970 973 910 909 972 975 912 911 974 977 914 1929 2781 1931 2741 1930 2782 1932 2742 910 973 976 913 912 975 978 915 914 977 980 917 1931 2783 1933 2743 1932 2784 1934 2744 913 976 979 916 915 978 981 918 917 980 983 920 1933 2785 1935 2745 1934 2786 1936 2746 916 979 982 919 918 981 984 921 920 983 986 923 1935 2787 1937 2747 1936 2788 1938 2748 919 982 985 922 921 984 987 924 923 986 989 926 1937 2789 1939 2749 1938 2790 1940 2750 922 985 988 925 924 987 990 927 926 989 992 929 1939 2791 1941 2751 1940 2792 1942 2752 925 988 991 928 927 990 993 930 929 992 995 932 1941 2793 1943 2753 1942 2794 1944 2754 928 991 994 931 930 993 996 933 932 995 998 935 1943 2795 1945 2755 1944 2796 1946 2756 931 994 997 934 933 996 999 936 935 998 1001 938 1945 2797 1947 2757 1946 2798 1948 2758 934 997 1000 937 936 999 1002 939 938 1001 1004 941 1947 2799 1949 2759 1948 2800 1950 2760 937 1000 1003 940 939 1002 1005 942 941 1004 1007 944 1949 2801 1951 2761 1950 2802 1952 2762 940 1003 1006 943 945 1008 1011 948 947 1010 1013 950 1953 2803 1955 2763 1954 2804 1956 2764 946 1009 1012 949 948 1011 1014 951 950 1013 1016 953 1955 2805 1957 2765 1956 2806 1958 2766 949 1012 1015 952 951 1014 1017 954 953 1016 1019 956 1957 2807 1959 2767 1958 2808 1960 2768 952 1015 1018 955 954 1017 1020 957 956 1019 1022 959 1959 2809 1961 2769 1960 2810 1962 2770 955 1018 1021 958 957 1020 1023 960 959 1022 1025 962 1961 2811 1963 2771 1962 2812 1964 2772 958 1021 1024 961 960 1023 1026 963 962 1025 1028 965 1963 2813 1965 2773 1964 2814 1966 2774 961 1024 1027 964 963 1026 1029 966 965 1028 1031 968 1965 2815 1967 2775 1966 2816 1968 2776 964 1027 1030 967 966 1029 1032 969 968 1031 1034 971 1967 2817 1969 2777 1968 2818 1970 2778 967 1030 1033 970 969 1032 1035 972 971 1034 1037 974 1969 2819 1971 2779 1970 2820 1972 2780 970 1033 1036 973 972 1035 1038 975 974 1037 1040 977 1971 2821 1973 2781 1972 2822 1974 2782 973 1036 1039 976 975 1038 1041 978 977 1040 1043 980 1973 2823 1975 2783 1974 2824 1976 2784 976 1039 1042 979 978 1041 1044 981 980 1043 1046 983 1975 2825 1977 2785 1976 2826 1978 2786 979 1042 1045 982 981 1044 1047 984 983 1046 1049 986 1977 2827 1979 2787 1978 2828 1980 2788 982 1045 1048 985 984 1047 1050 987 986 1049 1052 989 1979 2829 1981 2789 1980 2830 1982 2790 985 1048 1051 988 987 1050 1053 990 989 1052 1055 992 1981 2831 1983 2791 1982 2832 1984 2792 988 1051 1054 991 990 1053 1056 993 992 1055 1058 995 1983 2833 1985 2793 1984 2834 1986 2794 991 1054 1057 994 993 1056 1059 996 995 1058 1061 998 1985 2835 1987 2795 1986 2836 1988 2796 994 1057 1060 997 996 1059 1062 999 998 1061 1064 1001 1987 2837 1989 2797 1988 2838 1990 2798 997 1060 1063 1000 999 1062 1065 1002 1001 1064 1067 1004 1989 2839 1991 2799 1990 2840 1992 2800 1000 1063 1066 1003 1002 1065 1068 1005 1004 1067 1070 1007 1991 2841 1993 2801 1992 2842 1994 2802 1003 1066 1069 1006 1008 1071 1074 1011 1010 1073 1076 1013 1995 2843 1997 2803 1996 2844 1998 2804 1009 1072 1075 1012 1011 1074 1077 1014 1013 1076 1079 1016 1997 2845 1999 2805 1998 2846 2000 2806 1012 1075 1078 1015 1014 1077 1080 1017 1016 1079 1082 1019 1999 2847 2001 2807 2000 2848 2002 2808 1015 1078 1081 1018 1017 1080 1083 1020 1019 1082 1085 1022 2001 2849 2003 2809 2002 2850 2004 2810 1018 1081 1084 1021 1020 1083 1086 1023 1022 1085 1088 1025 2003 2851 2005 2811 2004 2852 2006 2812 1021 1084 1087 1024 1023 1086 1089 1026 1025 1088 1091 1028 2005 2853 2007 2813 2006 2854 2008 2814 1024 1087 1090 1027 1026 1089 1092 1029 1028 1091 1094 1031 2007 2855 2009 2815 2008 2856 2010 2816 1027 1090 1093 1030 1029 1092 1095 1032 1031 1094 1097 1034 2009 2857 2011 2817 2010 2858 2012 2818 1030 1093 1096 1033 1032 1095 1098 1035 1034 1097 1100 1037 2011 2859 2013 2819 2012 2860 2014 2820 1033 1096 1099 1036 1035 1098 1101 1038 1037 1100 1103 1040 2013 2861 2015 2821 2014 2862 2016 2822 1036 1099 1102 1039 1038 1101 1104 1041 1040 1103 1106 1043 2015 2863 2017 2823 2016 2864 2018 2824 1039 1102 1105 1042 1041 1104 1107 1044 1043 1106 1109 1046 2017 2865 2019 2825 2018 2866 2020 2826 1042 1105 1108 1045 1044 1107 1110 1047 1046 1109 1112 1049 2019 2867 2021 2827 2020 2868 2022 2828 1045 1108 1111 1048 1047 1110 1113 1050 1049 1112 1115 1052 2021 2869 2023 2829 2022 2870 2024 2830 1048 1111 1114 1051 1050 1113 1116 1053 1052 1115 1118 1055 2023 2871 2025 2831 2024 2872 2026 2832 1051 1114 1117 1054 1053 1116 1119 1056 1055 1118 1121 1058 2025 2873 2027 2833 2026 2874 2028 2834 1054 1117 1120 1057 1056 1119 1122 1059 1058 1121 1124 1061 2027 2875 2029 2835 2028 2876 2030 2836 1057 1120 1123 1060 1059 1122 1125 1062 1061 1124 1127 1064 2029 2877 2031 2837 2030 2878 2032 2838 1060 1123 1126 1063 1062 1125 1128 1065 1064 1127 1130 1067 2031 2879 2033 2839 2032 2880 2034 2840 1063 1126 1129 1066 1065 1128 1131 1068 1067 1130 1133 1070 2033 2881 2035 2841 2034 2882 2036 2842 1066 1129 1132 1069 1071 1134 1137 1074 1073 1136 1139 1076 2037 2883 2039 2843 2038 2884 2040 2844 1072 1135 1138 1075 1074 1137 1140 1077 1076 1139 1142 1079 2039 2885 2041 2845 2040 2886 2042 2846 1075 1138 1141 1078 1077 1140 1143 1080 1079 1142 1145 1082 2041 2887 2043 2847 2042 2888 2044 2848 1078 1141 1144 1081 1080 1143 1146 1083 1082 1145 1148 1085 2043 2889 2045 2849 2044 2890 2046 2850 1081 1144 1147 1084 1083 1146 1149 1086 1085 1148 1151 1088 2045 2891 2047 2851 2046 2892 2048 2852 1084 1147 1150 1087 1086 1149 1152 1089 1088 1151 1154 1091 2047 2893 2049 2853 2048 2894 2050 2854 1087 1150 1153 1090 1089 1152 1155 1092 1091 1154 1157 1094 2049 2895 2051 2855 2050 2896 2052 2856 1090 1153 1156 1093 1092 1155 1158 1095 1094 1157 1160 1097 2051 2897 2053 2857 2052 2898 2054 2858 1093 1156 1159 1096 1095 1158 1161 1098 1097 1160 1163 1100 2053 2899 2055 2859 2054 2900 2056 2860 1096 1159 1162 1099 1098 1161 1164 1101 1100 1163 1166 1103 2055 2901 2057 2861 2056 2902 2058 2862 1099 1162 1165 1102 1101 1164 1167 1104 1103 1166 1169 1106 2057 2903 2059 2863 2058 2904 2060 2864 1102 1165 1168 1105 1104 1167 1170 1107 1106 1169 1172 1109 2059 2905 2061 2865 2060 2906 2062 2866 1105 1168 1171 1108 1107 1170 1173 1110 1109 1172 1175 1112 2061 2907 2063 2867 2062 2908 2064 2868 1108 1171 1174 1111 1110 1173 1176 1113 1112 1175 1178 1115 2063 2909 2065 2869 2064 2910 2066 2870 1111 1174 1177 1114 1113 1176 1179 1116 1115 1178 1181 1118 2065 2911 2067 2871 2066 2912 2068 2872 1114 1177 1180 1117 1116 1179 1182 1119 1118 1181 1184 1121 2067 2913 2069 2873 2068 2914 2070 2874 1117 1180 1183 1120 1119 1182 1185 1122 1121 1184 1187 1124 2069 2915 2071 2875 2070 2916 2072 2876 1120 1183 1186 1123 1122 1185 1188 1125 1124 1187 1190 1127 2071 2917 2073 2877 2072 2918 2074 2878 1123 1186 1189 1126 1125 1188 1191 1128 1127 1190 1193 1130 2073 2919 2075 2879 2074 2920 2076 2880 1126 1189 1192 1129 1128 1191 1194 1131 1130 1193 1196 1133 2075 2921 2077 2881 2076 2922 2078 2882 1129 1192 1195 1132 1134 1197 1200 1137 1136 1199 1202 1139 2079 2923 2081 2883 2080 2924 2082 2884 1135 1198 1201 1138 1137 1200 1203 1140 1139 1202 1205 1142 2081 2925 2083 2885 2082 2926 2084 2886 1138 1201 1204 1141 1140 1203 1206 1143 1142 1205 1208 1145 2083 2927 2085 2887 2084 2928 2086 2888 1141 1204 1207 1144 1143 1206 1209 1146 1145 1208 1211 1148 2085 2929 2087 2889 2086 2930 2088 2890 1144 1207 1210 1147 1146 1209 1212 1149 1148 1211 1214 1151 2087 2931 2089 2891 2088 2932 2090 2892 1147 1210 1213 1150 1149 1212 1215 1152 1151 1214 1217 1154 2089 2933 2091 2893 2090 2934 2092 2894 1150 1213 1216 1153 1152 1215 1218 1155 1154 1217 1220 1157 2091 2935 2093 2895 2092 2936 2094 2896 1153 1216 1219 1156 1155 1218 1221 1158 1157 1220 1223 1160 2093 2937 2095 2897 2094 2938 2096 2898 1156 1219 1222 1159 1158 1221 1224 1161 1160 1223 1226 1163 2095 2939 2097 2899 2096 2940 2098 2900 1159 1222 1225 1162 1161 1224 1227 1164 1163 1226 1229 1166 2097 2941 2099 2901 2098 2942 2100 2902 1162 1225 1228 1165 1164 1227 1230 1167 1166 1229 1232 1169 2099 2943 2101 2903 2100 2944 2102 2904 1165 1228 1231 1168 1167 1230 1233 1170 1169 1232 1235 1172 2101 2945 2103 2905 2102 2946 2104 2906 1168 1231 1234 1171 1170 1233 1236 1173 1172 1235 1238 1175 2103 2947 2105 2907 2104 2948 2106 2908 1171 1234 1237 1174 1173 1236 1239 1176 1175 1238 1241 1178 2105 2949 2107 2909 2106 2950 2108 2910 1174 1237 1240 1177 1176 1239 1242 1179 1178 1241 1244 1181 2107 2951 2109 2911 2108 2952 2110 2912 1177 1240 1243 1180 1179 1242 1245 1182 1181 1244 1247 1184 2109 2953 2111 2913 2110 2954 2112 2914 1180 1243 1246 1183 1182 1245 1248 1185 1184 1247 1250 1187 2111 2955 2113 2915 2112 2956 2114 2916 1183 1246 1249 1186 1185 1248 1251 1188 1187 1250 1253 1190 2113 2957 2115 2917 2114 2958 2116 2918 1186 1249 1252 1189 1188 1251 1254 1191 1190 1253 1256 1193 2115 2959 2117 2919 2116 2960 2118 2920 1189 1252 1255 1192 1191 1254 1257 1194 1193 1256 1259 1196 2117 2961 2119 2921 2118 2962 2120 2922 1192 1255 1258 1195 1197 1260 1263 1200 1199 1262 1265 1202 2121 2963 2123 2923 2122 2964 2124 2924 1198 1261 1264 1201 1200 1263 1266 1203 1202 1265 1268 1205 2123 2965 2125 2925 2124 2966 2126 2926 1201 1264 1267 1204 1203 1266 1269 1206 1205 1268 1271 1208 2125 2967 2127 2927 2126 2968 2128 2928 1204 1267 1270 1207 1206 1269 1272 1209 1208 1271 1274 1211 2127 2969 2129 2929 2128 2970 2130 2930 1207 1270 1273 1210 1209 1272 1275 1212 1211 1274 1277 1214 2129 2971 2131 2931 2130 2972 2132 2932 1210 1273 1276 1213 1212 1275 1278 1215 1214 1277 1280 1217 2131 2973 2133 2933 2132 2974 2134 2934 1213 1276 1279 1216 1215 1278 1281 1218 1217 1280 1283 1220 2133 2975 2135 2935 2134 2976 2136 2936 1216 1279 1282 1219 1218 1281 1284 1221 1220 1283 1286 1223 2135 2977 2137 2937 2136 2978 2138 2938 1219 1282 1285 1222 1221 1284 1287 1224 1223 1286 1289 1226 2137 2979 2139 2939 2138 2980 2140 2940 1222 1285 1288 1225 1224 1287 1290 1227 1226 1289 1292 1229 2139 2981 2141 2941 2140 2982 2142 2942 1225 1288 1291 1228 1227 1290 1293 1230 1229 1292 1295 1232 2141 2983 2143 2943 2142 2984 2144 2944 1228 1291 1294 1231 1230 1293 1296 1233 1232 1295 1298 1235 2143 2985 2145 2945 2144 2986 2146 2946 1231 1294 1297 1234 1233 1296 1299 1236 1235 1298 1301 1238 2145 2987 2147 2947 2146 2988 2148 2948 1234 1297 1300 1237 1236 1299 1302 1239 1238 1301 1304 1241 2147 2989 2149 2949 2148 2990 2150 2950 1237 1300 1303 1240 1239 1302 1305 1242 1241 1304 1307 1244 2149 2991 2151 2951 2150 2992 2152 2952 1240 1303 1306 1243 1242 1305 1308 1245 1244 1307 1310 1247 2151 2993 2153 2953 2152 2994 2154 2954 1243 1306 1309 1246 1245 1308 1311 1248 1247 1310 1313 1250 2153 2995 2155 2955 2154 2996 2156 2956 1246 1309 1312 1249 1248 1311 1314 1251 1250 1313 1316 1253 2155 2997 2157 2957 2156 2998 2158 2958 1249 1312 1315 1252 1251 1314 1317 1254 1253 1316 1319 1256 2157 2999 2159 2959 2158 3000 2160 2960 1252 1315 1318 1255 1254 1317 1320 1257 1256 1319 1322 1259 2159 3001 2161 2961 2160 3002 2162 2962 1255 1318 1321 1258
        </DataArray>
        <DataArray type="Int32" Name="offsets" format="ascii">
          20 40 60 80 100 120 140 160 180 200 220 240 260 280 300 320 340 360 380 400 420 440 460 480 500 520 540 560 580 600 620 640 660 680 700 720 740 760 780 800 820 840 860 880 900 920 940 960 980 1000 1020 1040 1060 1080 1100 1120 1140 1160 1180 1200 1220 1240 1260 1280 1300 1320 1340 1360 1380 1400 1420 1440 1460 1480 1500 1520 1540 1560 1580 1600 1620 1640 1660 1680 1700 1720 1740 1760 1780 1800 1820 1840 1860 1880 1900 1920 1940 1960 1980 2000 2020 2040 2060 2080 2100 2120 2140 2160 2180 2200 2220 2240 2260 2280 2300 2320 2340 2360 2380 2400 2420 2440 2460 2480 2500 2520 2540 2560 2580 2600 2620 2640 2660 2680 2700 2720 2740 2760 2780 2800 2820 2840 2860 2880 2900 2920 2940 2960 2980 3000 3020 3040 3060 3080 3100 3120 3140 3160 3180 3200 3220 3240 3260 3280 3300 3320 3340 3360 3380 3400 3420 3440 3460 3480 3500 3520 3540 3560 3580 3600 3620 3640 3660 3680 3700 3720 3740 3760 3780 3800 3820 3840 3860 3880 3900 3920 3940 3960 3980 4000 4020 4040 4060 4080 4100 4120 4140 4160 4180 4200 4220 4240 4260 4280 4300 4320 4340 4360 4380 4400 4420 4440 4460 4480 4500 4520 4540 4560 4580 4600 4620 4640 4660 4680 4700 4720 4740 4760 4780 4800 4820 4840 4860 4880 4900 4920 4940 4960 4980 5000 5020 5040 5060 5080 5100 5120 5140 5160 5180 5200 5220 5240 5260 5280 5300 5320 5340 5360 5380 5400 5420 5440 5460 5480 5500 5520 5540 5560 5580 5600 5620 5640 5660 5680 5700 5720 5740 5760 5780 5800 5820 5840 5860 5880 5900 5920 5940 5960 5980 6000 6020 6040 6060 6080 6100 6120 6140 6160 6180 6200 6220 6240 6260 6280 6300 6320 6340 6360 6380 6400 6420 6440 6460 6480 6500 6520 6540 6560 6580 6600 6620 6640 6660 6680 6700 6720 6740 6760 6780 6800 6820 6840 6860 6880 6900 6920 6940 6960 6980 7000 7020 7040 7060 7080 7100 7120 7140 7160 7180 7200 7220 7240 7260 7280 7300 7320 7340 7360 7380 7400 7420 7440 7460 7480 7500 7520 7540 7560 7580 7600 7620 7640 7660 7680 7700 7720 7740 7760 7780 7800 7820 7840 7860 7880 7900 7920 7940 7960 7980 8000
        </DataArray>
        <DataArray type="UInt8" Name="types" format="ascii">
          25 25 25 25 25 25 25 25 25 25 25 25 25 25 25 25 25 25 25 25 25 25 25 25 25 25 25 25 25 25 25 25 25 25 25 25 25 25 25 25 25 25 25 25 25 25 25 25 25 25 25 25 25 25 25 25 25 25 25 25 25 25 25 25 25 25 25 25 25 25 25 25 25 25 25 25 25 25 25 25 25 25 25 25 25 25 25 25 25 25 25 25 25 25 25 25 25 25 25 25 25 25 25 25 25 25 25 25 25 25 25 25 25 25 25 25 25 25 25 25 25 25 25 25 25 25 25 25 25 25 25 25 25 25 25 25 25 25 25 25 25 25 25 25 25 25 25 25 25 25 25 25 25 25 25 25 25 25 25 25 25 25 25 25 25 25 25 25 25 25 25 25 25 25 25 25 25 25 25 25 25 25 25 25 25 25 25 25 25 25 25 25 25 25 25 25 25 25 25 25 25 25 25 25 25 25 25 25 25 25 25 25 25 25 25 25 25 25 25 25 25 25 25 25 25 25 25 25 25 25 25 25 25 25 25 25 25 25 25 25 25 25 25 25 25 25 25 25 25 25 25 25 25 25 25 25 25 25 25 25 25 25 25 25 25 25 25 25 25 25 25 25 25 25 25 25 25 25 25 25 25 25 25 25 25 25 25 25 25 25 25 25 25 25 25 25 25 25 25 25 25 25 25 25 25 25 25 25 25 25 25 25 25 25 25 25 25 25 25 25 25 25 25 25 25 25 25 25 25 25 25 25 25 25 25 25 25 25 25 25 25 25 25 25 25 25 25 25 25 25 25 25 25 25 25 25 25 25 25 25 25 25 25 25 25 25 25 25 25 25 25 25 25 25 25 25 25 25 25 25 25 25 25 25 25 25 25 25 25 25 25 25 25 25 25 25 25 25 25 25
        </DataArray>
      </Cells>
      <PointData>
        <DataArray type="Float64" Name="Displacement" NumberOfComponents="3" format="ascii">
          0.00000000e+00 0.00000000e+00 4.61522000e+01 0.00000000e+00 0.00000000e+00 4.61444000e+01 0.00000000e+00 0.00000000e+00 4.61364000e+01 0.00000000e+00 3.69178000e-02 4.60984000e+01 0.00000000e+00 4.18783000e-02 4.60920000e+01 0.00000000e+00 4.68334000e-02 4.60854000e+01 0.00000000e+00 7.03534000e-02 4.59415000e+01 0.00000000e+00 8.03471000e-02 4.59358000e+01 0.00000000e+00 9.03299000e-02 4.59298000e+01 0.00000000e+00 9.70906000e-02 4.56825000e+01 0.00000000e+00 1.12119000e-01 4.56770000e+01 0.00000000e+00 1.27130000e-01 4.56713000e+01 0.00000000e+00 1.14382000e-01 4.53241000e+01 0.00000000e+00 1.34157000e-01 4.53181000e+01 0.00000000e+00 1.53909000e-01 4.53119000e+01 0.00000000e+00 1.19452000e-01 4.48694000e+01 0.00000000e+00 1.43739000e-01 4.48620000e+01 0.00000000e+00 1.67995000e-01 4.48544000e+01 0.00000000e+00 1.09960000e-01 4.43216000e+01 0.00000000e+00 1.38544000e-01 4.43128000e+01 0.00000000e+00 1.67093000e-01 4.43037000e+01 0.00000000e+00 8.50531000e-02 4.36907000e+01 0.00000000e+00 1.17210000e-01 4.36801000e+01 0.00000000e+00 1.49307000e-01 4.36693000e+01 0.00000000e+00 4.34640000e-02 4.29902000e+01 0.00000000e+00 7.88030000e-02 4.29776000e+01 0.00000000e+00 1.14118000e-01 4.29648000e+01 0.00000000e+00 -5.79010000e-02 4.21159000e+01 0.00000000e+00 -2.50665000e-03 4.20986000e+01 0.00000000e+00 5.24838000e-02 4.20795000e+01 0.00000000e+00 -5.98957000e-01 4.01455000e+01 0.00000000e+00 -4.63420000e-01 4.00927000e+01 0.00000000e+00 -3.29451000e-01 4.00383000e+01 0.00000000e+00 -2.12442000e+00 3.66509000e+01 0.00000000e+00 -1.95114000e+00 3.65552000e+01 0.00000000e+00 -1.77553000e+00 3.64616000e+01 0.00000000e+00 -3.68688000e+00 3.29958000e+01 0.00000000e+00 -3.52146000e+00 3.29045000e+01 0.00000000e+00 -3.35377000e+00 3.28155000e+01 0.00000000e+00 -5.18593000e+00 2.94298000e+01 0.00000000e+00 -5.02311000e+00 2.93360000e+01 0.00000000e+00 -4.85773000e+00 2.92448000e+01 0.00000000e+00 -6.73871000e+00 2.58195000e+01 0.00000000e+00 -6.57951000e+00 2.57204000e+01 0.00000000e+00 -6.41729000e+00 2.56242000e+01 0.00000000e+00 -8.31714000e+00 2.21593000e+01 0.00000000e+00 -8.16200000e+00 2.20574000e+01 0.00000000e+00 -8.00272000e+00 2.19592000e+01 0.00000000e+00 -9.81980000e+00 1.85768000e+01 0.00000000e+00 -9.67100000e+00 1.84680000e+01 0.00000000e+00 -9.52267000e+00 1.83597000e+01 0.00000000e+00 -1.25849000e+01 1.42002000e+01 0.00000000e+00 -1.24163000e+01 1.40236000e+01 0.00000000e+00 -1.22488000e+01 1.38465000e+01 0.00000000e+00 -1.61577000e+01 9.40913000e+00 0.00000000e+00 -1.59949000e+01 9.21019000e+00 0.00000000e+00 -1.58347000e+01 9.00961000e+00 0.00000000e+00 -2.01888000e+01 4.50740000e+00 0.00000000e+00 -2.00181000e+01 4.24754000e+00 0.00000000e+00 -1.98565000e+01 3.99079000e+00 0.00000000e+00 -2.30498000e+01 -9.93632000e-03 0.00000000e+00 -2.30612000e+01 0.00000000e+00 0.00000000e+00 -2.30498000e+01 9.93632000e-03 3.69172000e-02 0.00000000e+00 4.60984000e+01 4.18775000e-02 0.00000000e+00 4.60920000e+01 4.68324000e-02 0.00000000e+00 4.60854000e+01 3.70053000e-02 3.70060000e-02 4.60439000e+01 4.20705000e-02 4.20713000e-02 4.60390000e+01 4.71301000e-02 4.71311000e-02 4.60338000e+01 3.74170000e-02 7.04743000e-02 4.58847000e+01 4.26973000e-02 8.06826000e-02 4.58806000e+01 4.79719000e-02 9.08799000e-02 4.58762000e+01 3.79552000e-02 9.71441000e-02 4.56221000e+01 4.35642000e-02 1.12508000e-01 4.56184000e+01 4.91672000e-02 1.27854000e-01 4.56144000e+01 3.83423000e-02 1.14238000e-01 4.52587000e+01 4.43827000e-02 1.34483000e-01 4.52546000e+01 5.04167000e-02 1.54705000e-01 4.52503000e+01 3.81277000e-02 1.18883000e-01 4.47969000e+01 4.47383000e-02 1.43834000e-01 4.47917000e+01 5.13414000e-02 1.68754000e-01 4.47863000e+01 3.66255000e-02 1.08510000e-01 4.42384000e+01 4.41154000e-02 1.38122000e-01 4.42321000e+01 5.15986000e-02 1.67696000e-01 4.42257000e+01 3.29990000e-02 8.14695000e-02 4.35881000e+01 4.20766000e-02 1.15387000e-01 4.35805000e+01 5.11392000e-02 1.49254000e-01 4.35727000e+01 2.62388000e-02 3.66420000e-02 4.28535000e+01 3.86835000e-02 7.46792000e-02 4.28442000e+01 5.11307000e-02 1.12661000e-01 4.28346000e+01 1.60396000e-02 -5.66706000e-02 4.19544000e+01 2.97270000e-02 -1.89315000e-03 4.19416000e+01 4.32893000e-02 5.26706000e-02 4.19275000e+01 -1.87511000e-02 -4.51457000e-01 4.02296000e+01 -2.80241000e-02 -3.30474000e-01 4.01936000e+01 -3.70968000e-02 -2.10937000e-01 4.01553000e+01 -4.63113000e-02 -1.57828000e+00 3.71599000e+01 -1.02854000e-01 -1.41760000e+00 3.70818000e+01 -1.59308000e-01 -1.25725000e+00 3.70034000e+01 -5.88970000e-02 -2.96331000e+00 3.37044000e+01 -1.43960000e-01 -2.80853000e+00 3.36171000e+01 -2.29393000e-01 -2.65334000e+00 3.35303000e+01 -9.66908000e-02 -4.30311000e+00 3.02778000e+01 -2.02651000e-01 -4.15714000e+00 3.01852000e+01 -3.08974000e-01 -4.01082000e+00 3.00929000e+01 -1.28636000e-01 -5.74998000e+00 2.67435000e+01 -2.41413000e-01 -5.60384000e+00 2.66375000e+01 -3.54317000e-01 -5.45771000e+00 2.65315000e+01 -1.10831000e-01 -7.46421000e+00 2.29742000e+01 -1.99584000e-01 -7.29709000e+00 2.28564000e+01 -2.87428000e-01 -7.13093000e+00 2.27374000e+01 -3.37662000e-02 -9.64618000e+00 1.88427000e+01 -5.73195000e-02 -9.45006000e+00 1.87046000e+01 -8.08353000e-02 -9.25751000e+00 1.85648000e+01 -5.13476000e-02 -1.30541000e+01 1.41363000e+01 -2.24651000e-02 -1.28510000e+01 1.39377000e+01 6.06614000e-03 -1.26506000e+01 1.37389000e+01 -2.10391000e-01 -1.71794000e+01 9.20599000e+00 -1.42210000e-01 -1.69943000e+01 8.98523000e+00 -7.55592000e-02 -1.68114000e+01 8.76327000e+00 -5.93095000e-01 -2.19338000e+01 4.24998000e+00 -5.00587000e-01 -2.17762000e+01 3.96928000e+00 -4.08527000e-01 -2.16197000e+01 3.69347000e+00 3.08813000e-01 -2.44056000e+01 8.28660000e-03 3.03310000e-01 -2.44144000e+01 0.00000000e+00 3.08813000e-01 -2.44056000e+01 -8.28660000e-03 7.03522000e-02 0.00000000e+00 4.59415000e+01 8.03456000e-02 0.00000000e+00 4.59358000e+01 9.03280000e-02 0.00000000e+00 4.59298000e+01 7.04732000e-02 3.74176000e-02 4.58847000e+01 8.06812000e-02 4.26980000e-02 4.58806000e+01 9.08781000e-02 4.79728000e-02 4.58762000e+01 7.11471000e-02 7.11480000e-02 4.57192000e+01 8.17861000e-02 8.17873000e-02 4.57159000e+01 9.24137000e-02 9.24154000e-02 4.57124000e+01 7.19802000e-02 9.78220000e-02 4.54466000e+01 8.32595000e-02 1.13838000e-01 4.54439000e+01 9.45270000e-02 1.29836000e-01 4.54409000e+01 7.23955000e-02 1.14606000e-01 4.50696000e+01 8.44795000e-02 1.35723000e-01 4.50666000e+01 9.65512000e-02 1.56816000e-01 4.50634000e+01 7.14114000e-02 1.18428000e-01 4.45895000e+01 8.45032000e-02 1.44570000e-01 4.45855000e+01 9.75815000e-02 1.70681000e-01 4.45813000e+01 6.74685000e-02 1.06235000e-01 4.40047000e+01 8.19937000e-02 1.37649000e-01 4.39998000e+01 9.65046000e-02 1.69025000e-01 4.39946000e+01 5.86412000e-02 7.50481000e-02 4.33115000e+01 7.52896000e-02 1.12063000e-01 4.33053000e+01 9.19191000e-02 1.49029000e-01 4.32988000e+01 4.15167000e-02 2.12631000e-02 4.25004000e+01 6.18624000e-02 6.43988000e-02 4.24924000e+01 8.21939000e-02 1.07476000e-01 4.24841000e+01 8.75058000e-03 -6.96191000e-02 4.15229000e+01 3.41351000e-02 -1.46170000e-02 4.15118000e+01 5.94524000e-02 4.02794000e-02 4.15001000e+01 -6.34218000e-02 -3.12067000e-01 4.00632000e+01 -4.81257000e-02 -2.18381000e-01 4.00421000e+01 -3.29546000e-02 -1.25310000e-01 4.00194000e+01 -1.98598000e-01 -9.29812000e-01 3.77207000e+01 -2.20938000e-01 -7.93573000e-01 3.76775000e+01 -2.43010000e-01 -6.58499000e-01 3.76327000e+01 -3.55816000e-01 -1.86976000e+00 3.47793000e+01 -4.16747000e-01 -1.72728000e+00 3.47232000e+01 -4.77241000e-01 -1.58550000e+00 3.46661000e+01 -5.07438000e-01 -2.98424000e+00 3.16025000e+01 -5.87765000e-01 -2.83101000e+00 3.15273000e+01 -6.67239000e-01 -2.67873000e+00 3.14508000e+01 -5.48707000e-01 -4.60496000e+00 2.79183000e+01 -5.89329000e-01 -4.40371000e+00 2.78079000e+01 -6.28809000e-01 -4.20624000e+00 2.76946000e+01 -3.62933000e-01 -7.15450000e+00 2.35296000e+01 -3.31914000e-01 -6.93127000e+00 2.33815000e+01 -3.01968000e-01 -6.71260000e+00 2.32315000e+01 -3.09080000e-01 -1.06131000e+01 1.87536000e+01 -2.16205000e-01 -1.03935000e+01 1.85556000e+01 -1.25121000e-01 -1.01770000e+01 1.83569000e+01 -5.36623000e-01 -1.48811000e+01 1.38021000e+01 -4.18693000e-01 -1.46739000e+01 1.35650000e+01 -3.01535000e-01 -1.44676000e+01 1.33284000e+01 -8.86054000e-01 -1.95416000e+01 8.79364000e+00 -7.65366000e-01 -1.93385000e+01 8.54283000e+00 -6.45179000e-01 -1.91364000e+01 8.29039000e+00 -1.41241000e+00 -2.45613000e+01 3.80758000e+00 -1.30017000e+00 -2.43615000e+01 3.53939000e+00 -1.18602000e+00 -2.41588000e+01 3.27747000e+00 -3.46893000e-01 -2.66428000e+01 -2.33851000e-02 -3.50415000e-01 -2.66483000e+01 0.00000000e+00 -3.46893000e-01 -2.66428000e+01 2.33851000e-02 9.70893000e-02 0.00000000e+00 4.56825000e+01 1.12117000e-01 0.00000000e+00 4.56770000e+01 1.27128000e-01 0.00000000e+00 4.56713000e+01 9.71429000e-02 3.79556000e-02 4.56221000e+01 1.12506000e-01 4.35648000e-02 4.56184000e+01 1.27852000e-01 4.91680000e-02 4.56144000e+01 9.78211000e-02 7.19808000e-02 4.54466000e+01 1.13836000e-01 8.32605000e-02 4.54439000e+01 1.29834000e-01 9.45283000e-02 4.54409000e+01 9.85601000e-02 9.85605000e-02 4.51588000e+01 1.15504000e-01 1.15505000e-01 4.51567000e+01 1.32430000e-01 1.32431000e-01 4.51544000e+01 9.85081000e-02 1.14853000e-01 4.47621000e+01 1.16537000e-01 1.37133000e-01 4.47599000e+01 1.34547000e-01 1.59390000e-01 4.47575000e+01 9.61074000e-02 1.17583000e-01 4.42574000e+01 1.15367000e-01 1.45213000e-01 4.42543000e+01 1.34607000e-01 1.72811000e-01 4.42509000e+01 8.87922000e-02 1.03226000e-01 4.36401000e+01 1.09648000e-01 1.36690000e-01 4.36361000e+01 1.30483000e-01 1.70115000e-01 4.36318000e+01 7.30682000e-02 6.79160000e-02 4.29007000e+01 9.61103000e-02 1.07922000e-01 4.28953000e+01 1.19130000e-01 1.47878000e-01 4.28896000e+01 4.38904000e-02 4.98546000e-03 4.20182000e+01 6.97294000e-02 5.29894000e-02 4.20109000e+01 9.55421000e-02 1.00929000e-01 4.20033000e+01 -8.45820000e-03 -9.78751000e-02 4.09519000e+01 2.09939000e-02 -3.85179000e-02 4.09417000e+01 5.04139000e-02 2.07511000e-02 4.09311000e+01 -1.03123000e-01 -2.87998000e-01 3.95729000e+01 -7.56044000e-02 -2.07069000e-01 3.95578000e+01 -4.81504000e-02 -1.26346000e-01 3.95420000e+01 -2.61351000e-01 -6.70133000e-01 3.76701000e+01 -2.54443000e-01 -5.59821000e-01 3.76455000e+01 -2.47615000e-01 -4.49903000e-01 3.76202000e+01 -4.80940000e-01 -1.26829000e+00 3.52832000e+01 -5.02154000e-01 -1.14387000e+00 3.52497000e+01 -5.23267000e-01 -1.01943000e+00 3.52158000e+01 -7.24920000e-01 -2.32706000e+00 3.23693000e+01 -7.38120000e-01 -2.12821000e+00 3.22873000e+01 -7.51107000e-01 -1.93323000e+00 3.22016000e+01 -7.81093000e-01 -5.12548000e+00 2.79831000e+01 -7.09948000e-01 -4.89016000e+00 2.78053000e+01 -6.39785000e-01 -4.65740000e+00 2.76273000e+01 -8.65921000e-01 -8.91557000e+00 2.31597000e+01 -7.45159000e-01 -8.69779000e+00 2.29550000e+01 -6.24351000e-01 -8.48012000e+00 2.27502000e+01 -1.02714000e+00 -1.30241000e+01 1.82625000e+01 -8.97005000e-01 -1.28041000e+01 1.80368000e+01 -7.66241000e-01 -1.25836000e+01 1.78111000e+01 -1.25300000e+00 -1.74098000e+01 1.33072000e+01 -1.13687000e+00 -1.71796000e+01 1.30783000e+01 -1.01965000e+00 -1.69475000e+01 1.28500000e+01 -1.45060000e+00 -2.18506000e+01 8.34230000e+00 -1.35804000e+00 -2.16053000e+01 8.10932000e+00 -1.26517000e+00 -2.13601000e+01 7.87465000e+00 -1.75068000e+00 -2.66090000e+01 3.36810000e+00 -1.67934000e+00 -2.63597000e+01 3.13908000e+00 -1.60663000e+00 -2.61048000e+01 2.91673000e+00 -1.14638000e+00 -2.81726000e+01 -4.79778000e-02 -1.14718000e+00 -2.81741000e+01 0.00000000e+00 -1.14638000e+00 -2.81726000e+01 4.79778000e-02 1.14381000e-01 0.00000000e+00 4.53242000e+01 1.34155000e-01 0.00000000e+00 4.53181000e+01 1.53907000e-01 0.00000000e+00 4.53119000e+01 1.14237000e-01 3.83426000e-02 4.52587000e+01 1.34481000e-01 4.43831000e-02 4.52546000e+01 1.54702000e-01 5.04173000e-02 4.52503000e+01 1.14606000e-01 7.23957000e-02 4.50696000e+01 1.35722000e-01 8.44801000e-02 4.50666000e+01 1.56814000e-01 9.65521000e-02 4.50634000e+01 1.14853000e-01 9.85079000e-02 4.47621000e+01 1.37133000e-01 1.16537000e-01 4.47599000e+01 1.59389000e-01 1.34548000e-01 4.47575000e+01 1.13979000e-01 1.13978000e-01 4.43424000e+01 1.37467000e-01 1.37467000e-01 4.43400000e+01 1.60932000e-01 1.60932000e-01 4.43374000e+01 1.09947000e-01 1.15462000e-01 4.38117000e+01 1.34596000e-01 1.44448000e-01 4.38083000e+01 1.59220000e-01 1.73402000e-01 4.38046000e+01 9.92804000e-02 9.90360000e-02 4.31638000e+01 1.25191000e-01 1.34240000e-01 4.31594000e+01 1.51076000e-01 1.69405000e-01 4.31548000e+01 7.71694000e-02 6.01321000e-02 4.23856000e+01 1.04595000e-01 1.02432000e-01 4.23798000e+01 1.31995000e-01 1.44681000e-01 4.23737000e+01 3.67300000e-02 -8.73433000e-03 4.14531000e+01 6.59997000e-02 4.21203000e-02 4.14451000e+01 9.52389000e-02 9.29104000e-02 4.14369000e+01 -3.13840000e-02 -1.19787000e-01 4.03296000e+01 -2.30220000e-04 -5.81342000e-02 4.03190000e+01 3.08893000e-02 3.43264000e-03 4.03080000e+01 -1.39094000e-01 -2.92860000e-01 3.89658000e+01 -1.07927000e-01 -2.17503000e-01 3.89522000e+01 -7.68131000e-02 -1.42273000e-01 3.89382000e+01 -2.97977000e-01 -5.63387000e-01 3.72983000e+01 -2.74620000e-01 -4.71272000e-01 3.72810000e+01 -2.51305000e-01 -3.79498000e-01 3.72630000e+01 -5.09254000e-01 -9.84545000e-01 3.53250000e+01 -5.01628000e-01 -8.69812000e-01 3.53000000e+01 -4.94045000e-01 -7.55490000e-01 3.52731000e+01 -7.56941000e-01 -2.24454000e+00 3.23873000e+01 -7.64943000e-01 -2.01191000e+00 3.22763000e+01 -7.72749000e-01 -1.78431000e+00 3.21631000e+01 -9.10878000e-01 -6.23051000e+00 2.77020000e+01 -9.21349000e-01 -5.97121000e+00 2.74786000e+01 -9.32000000e-01 -5.70549000e+00 2.72563000e+01 -1.05490000e+00 -1.04335000e+01 2.27385000e+01 -1.06056000e+00 -1.01740000e+01 2.25350000e+01 -1.06617000e+00 -9.90881000e+00 2.23325000e+01 -1.20458000e+00 -1.45206000e+01 1.78489000e+01 -1.20903000e+00 -1.42599000e+01 1.76456000e+01 -1.21353000e+00 -1.39947000e+01 1.74429000e+01 -1.35280000e+00 -1.86652000e+01 1.29430000e+01 -1.35893000e+00 -1.84033000e+01 1.27402000e+01 -1.36519000e+00 -1.81370000e+01 1.25387000e+01 -1.49124000e+00 -2.27466000e+01 8.05236000e+00 -1.49937000e+00 -2.24794000e+01 7.84242000e+00 -1.50749000e+00 -2.22119000e+01 7.63102000e+00 -1.62222000e+00 -2.72756000e+01 3.10761000e+00 -1.63031000e+00 -2.70114000e+01 2.90366000e+00 -1.63868000e+00 -2.67411000e+01 2.70659000e+00 -1.86100000e+00 -2.85329000e+01 -4.15004000e-02 -1.86103000e+00 -2.85335000e+01 0.00000000e+00 -1.86100000e+00 -2.85329000e+01 4.15004000e-02 1.19453000e-01 0.00000000e+00 4.48695000e+01 1.43739000e-01 0.00000000e+00 4.48621000e+01 1.67993000e-01 0.00000000e+00 4.48544000e+01 1.18884000e-01 3.81276000e-02 4.47969000e+01 1.43834000e-01 4.47385000e-02 4.47917000e+01 1.68753000e-01 5.13419000e-02 4.47863000e+01 1.18428000e-01 7.14111000e-02 4.45895000e+01 1.44570000e-01 8.45033000e-02 4.45855000e+01 1.70680000e-01 9.75820000e-02 4.45814000e+01 1.17584000e-01 9.61063000e-02 4.42575000e+01 1.45213000e-01 1.15366000e-01 4.42543000e+01 1.72811000e-01 1.34607000e-01 4.42509000e+01 1.15464000e-01 1.09944000e-01 4.38117000e+01 1.44450000e-01 1.34594000e-01 4.38083000e+01 1.73404000e-01 1.59219000e-01 4.38046000e+01 1.09800000e-01 1.09796000e-01 4.32561000e+01 1.39806000e-01 1.39803000e-01 4.32514000e+01 1.69781000e-01 1.69778000e-01 4.32464000e+01 9.63965000e-02 9.16586000e-02 4.25838000e+01 1.27263000e-01 1.27877000e-01 4.25780000e+01 1.58097000e-01 1.64056000e-01 4.25718000e+01 6.96463000e-02 5.03221000e-02 4.17797000e+01 1.01165000e-01 9.37994000e-02 4.17721000e+01 1.32650000e-01 1.37224000e-01 4.17643000e+01 2.13032000e-02 -2.30291000e-02 4.08166000e+01 5.34599000e-02 2.92933000e-02 4.08067000e+01 8.55801000e-02 8.15496000e-02 4.07965000e+01 -5.91873000e-02 -1.42082000e-01 3.96569000e+01 -2.61798000e-02 -7.89410000e-02 3.96439000e+01 6.79199000e-03 -1.58896000e-02 3.96306000e+01 -1.82935000e-01 -3.24592000e-01 3.82627000e+01 -1.48230000e-01 -2.48970000e-01 3.82465000e+01 -1.13580000e-01 -1.73431000e-01 3.82301000e+01 -3.53320000e-01 -5.83109000e-01 3.66238000e+01 -3.15034000e-01 -4.95672000e-01 3.66037000e+01 -2.76781000e-01 -4.08429000e-01 3.65832000e+01 -5.55612000e-01 -9.37085000e-01 3.47486000e+01 -5.17465000e-01 -8.36010000e-01 3.47236000e+01 -4.79668000e-01 -7.35053000e-01 3.46977000e+01 -8.14829000e-01 -1.81855000e+00 3.21562000e+01 -8.15016000e-01 -1.62294000e+00 3.20817000e+01 -8.15252000e-01 -1.43157000e+00 3.20030000e+01 -1.15037000e+00 -4.69191000e+00 2.77862000e+01 -1.24423000e+00 -4.46381000e+00 2.76010000e+01 -1.33712000e+00 -4.23804000e+00 2.74157000e+01 -1.30411000e+00 -8.68236000e+00 2.29252000e+01 -1.43714000e+00 -8.47173000e+00 2.27178000e+01 -1.57080000e+00 -8.26086000e+00 2.25104000e+01 -1.42188000e+00 -1.28637000e+01 1.80136000e+01 -1.55725000e+00 -1.26492000e+01 1.77967000e+01 -1.69329000e+00 -1.24343000e+01 1.75798000e+01 -1.49656000e+00 -1.72155000e+01 1.30704000e+01 -1.61706000e+00 -1.69900000e+01 1.28499000e+01 -1.73854000e+00 -1.67630000e+01 1.26300000e+01 -1.56909000e+00 -2.16331000e+01 8.12363000e+00 -1.66583000e+00 -2.13916000e+01 7.89344000e+00 -1.76255000e+00 -2.11506000e+01 7.66156000e+00 -1.52549000e+00 -2.63547000e+01 3.13106000e+00 -1.60503000e+00 -2.61118000e+01 2.92648000e+00 -1.68644000e+00 -2.58632000e+01 2.72868000e+00 -2.56389000e+00 -2.77215000e+01 -2.86701000e-02 -2.56321000e+00 -2.77231000e+01 0.00000000e+00 -2.56389000e+00 -2.77215000e+01 2.86701000e-02 1.09963000e-01 0.00000000e+00 4.43217000e+01 1.38545000e-01 0.00000000e+00 4.43129000e+01 1.67092000e-01 0.00000000e+00 4.43038000e+01 1.08513000e-01 3.66252000e-02 4.42384000e+01 1.38123000e-01 4.41153000e-02 4.42322000e+01 1.67696000e-01 5.15988000e-02 4.42257000e+01 1.06238000e-01 6.74675000e-02 4.40047000e+01 1.37651000e-01 8.19933000e-02 4.39998000e+01 1.69025000e-01 9.65046000e-02 4.39947000e+01 1.03229000e-01 8.87900000e-02 4.36402000e+01 1.36692000e-01 1.09646000e-01 4.36361000e+01 1.70117000e-01 1.30482000e-01 4.36318000e+01 9.90410000e-02 9.92766000e-02 4.31639000e+01 1.34245000e-01 1.25188000e-01 4.31595000e+01 1.69408000e-01 1.51074000e-01 4.31548000e+01 9.16652000e-02 9.63906000e-02 4.25838000e+01 1.27883000e-01 1.27258000e-01 4.25780000e+01 1.64061000e-01 1.58092000e-01 4.25718000e+01 7.64642000e-02 7.64556000e-02 4.18937000e+01 1.13270000e-01 1.13262000e-01 4.18866000e+01 1.50035000e-01 1.50028000e-01 4.18792000e+01 4.74148000e-02 3.41778000e-02 4.10771000e+01 8.42932000e-02 7.80129000e-02 4.10681000e+01 1.21129000e-01 1.21794000e-01 4.10589000e+01 -4.32550000e-03 -4.05036000e-02 4.01047000e+01 3.21785000e-02 1.21403000e-02 4.00932000e+01 6.86372000e-02 6.47109000e-02 4.00815000e+01 -9.05582000e-02 -1.64090000e-01 3.89336000e+01 -5.46269000e-02 -1.00311000e-01 3.89189000e+01 -1.87429000e-02 -3.66279000e-02 3.89040000e+01 -2.24931000e-01 -3.63249000e-01 3.75081000e+01 -1.88916000e-01 -2.85064000e-01 3.74899000e+01 -1.52956000e-01 -2.07012000e-01 3.74714000e+01 -4.19535000e-01 -6.72273000e-01 3.57766000e+01 -3.79597000e-01 -5.77919000e-01 3.57523000e+01 -3.39691000e-01 -4.83662000e-01 3.57278000e+01 -6.71517000e-01 -1.09689000e+00 3.37492000e+01 -6.17957000e-01 -9.89782000e-01 3.37172000e+01 -5.64449000e-01 -8.82708000e-01 3.36851000e+01 -9.90263000e-01 -1.80739000e+00 3.12440000e+01 -9.39670000e-01 -1.65842000e+00 3.11877000e+01 -8.89656000e-01 -1.51038000e+00 3.11299000e+01 -1.47196000e+00 -3.42713000e+00 2.76879000e+01 -1.48450000e+00 -3.21403000e+00 2.75731000e+01 -1.49688000e+00 -3.00446000e+00 2.74558000e+01 -1.96485000e+00 -6.39636000e+00 2.31690000e+01 -2.04398000e+00 -6.17176000e+00 2.30004000e+01 -2.12143000e+00 -5.94997000e+00 2.28311000e+01 -2.22046000e+00 -1.02216000e+01 1.83262000e+01 -2.33887000e+00 -1.00053000e+01 1.81182000e+01 -2.45610000e+00 -9.79074000e+00 1.79097000e+01 -2.25579000e+00 -1.45773000e+01 1.33714000e+01 -2.38766000e+00 -1.43672000e+01 1.31372000e+01 -2.51900000e+00 -1.41578000e+01 1.29034000e+01 -2.10902000e+00 -1.93398000e+01 8.37929000e+00 -2.23635000e+00 -1.91266000e+01 8.12441000e+00 -2.36336000e+00 -1.89140000e+01 7.86783000e+00 -1.86534000e+00 -2.42539000e+01 3.34689000e+00 -1.98656000e+00 -2.40409000e+01 3.12695000e+00 -2.11025000e+00 -2.38235000e+01 2.91333000e+00 -3.38762000e+00 -2.59687000e+01 -2.08520000e-02 -3.38586000e+00 -2.59716000e+01 0.00000000e+00 -3.38762000e+00 -2.59687000e+01 2.08520000e-02 8.50587000e-02 0.00000000e+00 4.36908000e+01 1.17214000e-01 0.00000000e+00 4.36802000e+01 1.49309000e-01 0.00000000e+00 4.36694000e+01 8.14752000e-02 3.29983000e-02 4.35882000e+01 1.15391000e-01 4.20764000e-02 4.35806000e+01 1.49257000e-01 5.11394000e-02 4.35728000e+01 7.50542000e-02 5.86394000e-02 4.33116000e+01 1.12068000e-01 7.52885000e-02 4.33054000e+01 1.49032000e-01 9.19186000e-02 4.32989000e+01 6.79230000e-02 7.30646000e-02 4.29007000e+01 1.07927000e-01 9.61075000e-02 4.28953000e+01 1.47883000e-01 1.19128000e-01 4.28897000e+01 6.01402000e-02 7.71637000e-02 4.23857000e+01 1.02439000e-01 1.04591000e-01 4.23798000e+01 1.44688000e-01 1.31991000e-01 4.23737000e+01 5.03318000e-02 6.96380000e-02 4.17797000e+01 9.38082000e-02 1.01158000e-01 4.17721000e+01 1.37232000e-01 1.32644000e-01 4.17643000e+01 3.41896000e-02 4.74035000e-02 4.10771000e+01 7.80238000e-02 8.42828000e-02 4.10682000e+01 1.21804000e-01 1.21119000e-01 4.10589000e+01 5.59621000e-03 5.58168000e-03 4.02598000e+01 4.89636000e-02 4.89499000e-02 4.02489000e+01 9.22749000e-02 9.22622000e-02 4.02378000e+01 -4.46229000e-02 -6.62959000e-02 3.92969000e+01 -2.48750000e-03 -1.46144000e-02 3.92835000e+01 3.95897000e-02 3.69921000e-02 3.92697000e+01 -1.29072000e-01 -1.85602000e-01 3.81435000e+01 -8.87794000e-02 -1.23184000e-01 3.81269000e+01 -4.85490000e-02 -6.08730000e-02 3.81099000e+01 -2.64003000e-01 -3.83300000e-01 3.67330000e+01 -2.25811000e-01 -3.05866000e-01 3.67129000e+01 -1.87686000e-01 -2.28589000e-01 3.66923000e+01 -4.67721000e-01 -7.15088000e-01 3.49697000e+01 -4.31674000e-01 -6.16868000e-01 3.49428000e+01 -3.95705000e-01 -5.18905000e-01 3.49153000e+01 -7.58199000e-01 -1.24640000e+00 3.27726000e+01 -7.18516000e-01 -1.12619000e+00 3.27339000e+01 -6.78823000e-01 -1.00602000e+00 3.26952000e+01 -1.13896000e+00 -2.01090000e+00 3.01525000e+01 -1.09049000e+00 -1.86939000e+00 3.00985000e+01 -1.04203000e+00 -1.72799000e+00 3.00445000e+01 -1.62131000e+00 -3.24640000e+00 2.69383000e+01 -1.58946000e+00 -3.06830000e+00 2.68537000e+01 -1.55794000e+00 -2.89100000e+00 2.67682000e+01 -2.18837000e+00 -5.32471000e+00 2.29660000e+01 -2.20223000e+00 -5.11345000e+00 2.28385000e+01 -2.21630000e+00 -4.90389000e+00 2.27098000e+01 -2.67755000e+00 -8.33265000e+00 1.84320000e+01 -2.74041000e+00 -8.11131000e+00 1.82616000e+01 -2.80271000e+00 -7.89195000e+00 1.80904000e+01 -2.93567000e+00 -1.21643000e+01 1.35960000e+01 -3.03834000e+00 -1.19507000e+01 1.33850000e+01 -3.14037000e+00 -1.17384000e+01 1.31742000e+01 -2.90125000e+00 -1.66643000e+01 8.63517000e+00 -3.02939000e+00 -1.64643000e+01 8.39111000e+00 -3.15681000e+00 -1.62652000e+01 8.14561000e+00 -2.64445000e+00 -2.15348000e+01 3.61888000e+00 -2.77857000e+00 -2.13450000e+01 3.37872000e+00 -2.91456000e+00 -2.11526000e+01 3.14442000e+00 -4.29077000e+00 -2.35798000e+01 -1.15842000e-02 -4.28747000e+00 -2.35844000e+01 0.00000000e+00 -4.29077000e+00 -2.35798000e+01 1.15842000e-02 4.34745000e-02 0.00000000e+00 4.29903000e+01 7.88115000e-02 0.00000000e+00 4.29777000e+01 1.14125000e-01 0.00000000e+00 4.29649000e+01 3.66528000e-02 2.62379000e-02 4.28536000e+01 7.46881000e-02 3.86832000e-02 4.28443000e+01 1.12668000e-01 5.11312000e-02 4.28348000e+01 2.12741000e-02 4.15138000e-02 4.25006000e+01 6.44081000e-02 6.18605000e-02 4.24925000e+01 1.07484000e-01 8.21930000e-02 4.24842000e+01 4.99662000e-03 4.38849000e-02 4.20183000e+01 5.29993000e-02 6.97249000e-02 4.20110000e+01 1.00937000e-01 9.55386000e-02 4.20034000e+01 -8.72210000e-03 3.67216000e-02 4.14531000e+01 4.21314000e-02 6.59923000e-02 4.14452000e+01 9.29204000e-02 9.52324000e-02 4.14370000e+01 -2.30155000e-02 2.12918000e-02 4.08166000e+01 2.93060000e-02 5.34493000e-02 4.08067000e+01 8.15614000e-02 8.55703000e-02 4.07965000e+01 -4.04880000e-02 -4.34032000e-03 4.01047000e+01 1.21549000e-02 3.21646000e-02 4.00933000e+01 6.47247000e-02 6.86242000e-02 4.00816000e+01 -6.62777000e-02 -4.46410000e-02 3.92969000e+01 -1.45971000e-02 -2.50476000e-03 3.92835000e+01 3.70085000e-02 3.95734000e-02 3.92698000e+01 -1.10222000e-01 -1.10243000e-01 3.83592000e+01 -6.05357000e-02 -6.05565000e-02 3.83431000e+01 -1.09269000e-02 -1.09469000e-02 3.83267000e+01 -1.86280000e-01 -2.17953000e-01 3.72453000e+01 -1.39473000e-01 -1.58370000e-01 3.72260000e+01 -9.27466000e-02 -9.88970000e-02 3.72064000e+01 -3.13246000e-01 -3.97390000e-01 3.58875000e+01 -2.69895000e-01 -3.23688000e-01 3.58653000e+01 -2.26630000e-01 -2.50149000e-01 3.58426000e+01 -5.13728000e-01 -7.04166000e-01 3.41825000e+01 -4.75517000e-01 -6.09819000e-01 3.41541000e+01 -4.37398000e-01 -5.15768000e-01 3.41250000e+01 -8.12232000e-01 -1.23523000e+00 3.19944000e+01 -7.80282000e-01 -1.11424000e+00 3.19535000e+01 -7.48405000e-01 -9.93618000e-01 3.19120000e+01 -1.21810000e+00 -2.06505000e+00 2.92881000e+01 -1.18707000e+00 -1.92070000e+00 2.92305000e+01 -1.15606000e+00 -1.77651000e+00 2.91727000e+01 -1.71858000e+00 -3.24423000e+00 2.61134000e+01 -1.68791000e+00 -3.07950000e+00 2.60355000e+01 -1.65726000e+00 -2.91511000e+00 2.59572000e+01 -2.28436000e+00 -4.93715000e+00 2.24276000e+01 -2.26915000e+00 -4.74728000e+00 2.23215000e+01 -2.25397000e+00 -4.55826000e+00 2.22147000e+01 -2.85473000e+00 -7.29810000e+00 1.82369000e+01 -2.86891000e+00 -7.09051000e+00 1.80986000e+01 -2.88291000e+00 -6.88440000e+00 1.79594000e+01 -3.33331000e+00 -1.03803000e+01 1.36558000e+01 -3.38582000e+00 -1.01683000e+01 1.34829000e+01 -3.43802000e+00 -9.95801000e+00 1.33096000e+01 -3.63103000e+00 -1.41583000e+01 8.82998000e+00 -3.72424000e+00 -1.39554000e+01 8.62344000e+00 -3.81589000e+00 -1.37549000e+01 8.41540000e+00 -3.60843000e+00 -1.87394000e+01 3.86524000e+00 -3.72330000e+00 -1.85522000e+01 3.61414000e+00 -3.83805000e+00 -1.83653000e+01 3.36817000e+00 -5.01058000e+00 -2.09752000e+01 -1.22615000e-02 -5.00657000e+00 -2.09816000e+01 0.00000000e+00 -5.01058000e+00 -2.09752000e+01 1.22615000e-02 -5.78908000e-02 0.00000000e+00 4.21161000e+01 -2.49559000e-03 0.00000000e+00 4.20987000e+01 5.24956000e-02 0.00000000e+00 4.20796000e+01 -5.66578000e-02 1.60387000e-02 4.19546000e+01 -1.88023000e-03 2.97263000e-02 4.19417000e+01 5.26836000e-02 4.32889000e-02 4.19277000e+01 -6.96033000e-02 8.74584000e-03 4.15230000e+01 -1.46020000e-02 3.41315000e-02 4.15119000e+01 4.02935000e-02 5.94500000e-02 4.15003000e+01 -9.78587000e-02 -8.46680000e-03 4.09520000e+01 -3.85026000e-02 2.09866000e-02 4.09418000e+01 2.07653000e-02 5.04079000e-02 4.09312000e+01 -1.19770000e-01 -3.13961000e-02 4.03297000e+01 -5.81180000e-02 -2.41246000e-04 4.03191000e+01 3.44791000e-03 3.08793000e-02 4.03081000e+01 -1.42064000e-01 -5.92030000e-02 3.96569000e+01 -7.89234000e-02 -2.61946000e-02 3.96440000e+01 -1.58729000e-02 6.77811000e-03 3.96307000e+01 -1.64070000e-01 -9.05777000e-02 3.89336000e+01 -1.00292000e-01 -5.46454000e-02 3.89190000e+01 -3.66095000e-02 -1.87604000e-02 3.89040000e+01 -1.85580000e-01 -1.29095000e-01 3.81435000e+01 -1.23162000e-01 -8.88015000e-02 3.81269000e+01 -6.08524000e-02 -4.85702000e-02 3.81099000e+01 -2.17928000e-01 -1.86306000e-01 3.72453000e+01 -1.58345000e-01 -1.39499000e-01 3.72260000e+01 -9.88730000e-02 -9.27714000e-02 3.72064000e+01 -2.77940000e-01 -2.77970000e-01 3.61898000e+01 -2.22310000e-01 -2.22339000e-01 3.61677000e+01 -1.66791000e-01 -1.66820000e-01 3.61451000e+01 -3.87732000e-01 -4.30840000e-01 3.49101000e+01 -3.36908000e-01 -3.62283000e-01 3.48859000e+01 -2.86198000e-01 -2.93892000e-01 3.48611000e+01 -5.73712000e-01 -6.93994000e-01 3.33080000e+01 -5.29646000e-01 -6.06279000e-01 3.32789000e+01 -4.85699000e-01 -5.18832000e-01 3.32491000e+01 -8.64396000e-01 -1.16035000e+00 3.12404000e+01 -8.30488000e-01 -1.04653000e+00 3.12003000e+01 -7.96675000e-01 -9.33155000e-01 3.11596000e+01 -1.27168000e+00 -1.94897000e+00 2.86035000e+01 -1.24860000e+00 -1.80766000e+00 2.85457000e+01 -1.22556000e+00 -1.66680000e+00 2.84874000e+01 -1.77774000e+00 -3.12197000e+00 2.54381000e+01 -1.76046000e+00 -2.96054000e+00 2.53602000e+01 -1.74320000e+00 -2.79938000e+00 2.52820000e+01 -2.34530000e+00 -4.72188000e+00 2.18259000e+01 -2.33332000e+00 -4.54210000e+00 2.17255000e+01 -2.32138000e+00 -4.36259000e+00 2.16249000e+01 -2.92838000e+00 -6.81071000e+00 1.78087000e+01 -2.92635000e+00 -6.61622000e+00 1.76833000e+01 -2.92433000e+00 -6.42235000e+00 1.75575000e+01 -3.47900000e+00 -9.44788000e+00 1.34324000e+01 -3.49139000e+00 -9.24502000e+00 1.32806000e+01 -3.50383000e+00 -9.04296000e+00 1.31285000e+01 -3.95081000e+00 -1.26432000e+01 8.79102000e+00 -3.98323000e+00 -1.24365000e+01 8.61237000e+00 -4.01518000e+00 -1.22324000e+01 8.43196000e+00 -4.23462000e+00 -1.67436000e+01 3.90062000e+00 -4.29054000e+00 -1.65363000e+01 3.66476000e+00 -4.34576000e+00 -1.63313000e+01 3.43342000e+00 -5.22951000e+00 -1.88436000e+01 -2.01758000e-02 -5.22722000e+00 -1.88511000e+01 0.00000000e+00 -5.22951000e+00 -1.88436000e+01 2.01758000e-02 -5.99007000e-01 0.00000000e+00 4.01456000e+01 -4.63464000e-01 0.00000000e+00 4.00927000e+01 -3.29488000e-01 0.00000000e+00 4.00384000e+01 -4.51478000e-01 -1.87560000e-02 4.02297000e+01 -3.30489000e-01 -2.80322000e-02 4.01937000e+01 -2.10947000e-01 -3.71081000e-02 4.01554000e+01 -3.12058000e-01 -6.34318000e-02 4.00633000e+01 -2.18370000e-01 -4.81368000e-02 4.00422000e+01 -1.25297000e-01 -3.29669000e-02 4.00195000e+01 -2.87979000e-01 -1.03137000e-01 3.95730000e+01 -2.07051000e-01 -7.56180000e-02 3.95579000e+01 -1.26328000e-01 -4.81634000e-02 3.95422000e+01 -2.92838000e-01 -1.39111000e-01 3.89659000e+01 -2.17481000e-01 -1.07944000e-01 3.89523000e+01 -1.42252000e-01 -7.68288000e-02 3.89383000e+01 -3.24567000e-01 -1.82957000e-01 3.82628000e+01 -2.48946000e-01 -1.48251000e-01 3.82466000e+01 -1.73408000e-01 -1.13599000e-01 3.82302000e+01 -3.63224000e-01 -2.24957000e-01 3.75082000e+01 -2.85039000e-01 -1.88941000e-01 3.74900000e+01 -2.06988000e-01 -1.52979000e-01 3.74715000e+01 -3.83274000e-01 -2.64032000e-01 3.67330000e+01 -3.05840000e-01 -2.25840000e-01 3.67129000e+01 -2.28563000e-01 -1.87714000e-01 3.66924000e+01 -3.97360000e-01 -3.13279000e-01 3.58875000e+01 -3.23659000e-01 -2.69927000e-01 3.58653000e+01 -2.50120000e-01 -2.26661000e-01 3.58426000e+01 -4.30806000e-01 -3.87768000e-01 3.49101000e+01 -3.62250000e-01 -3.36944000e-01 3.48859000e+01 -2.93859000e-01 -2.86233000e-01 3.48611000e+01 -5.09847000e-01 -5.09887000e-01 3.37362000e+01 -4.47437000e-01 -4.47476000e-01 3.37116000e+01 -3.85193000e-01 -3.85231000e-01 3.36864000e+01 -6.64812000e-01 -7.21473000e-01 3.22729000e+01 -6.11150000e-01 -6.41099000e-01 3.22458000e+01 -5.57649000e-01 -5.60982000e-01 3.22179000e+01 -9.29678000e-01 -1.10253000e+00 3.03828000e+01 -8.88644000e-01 -9.96982000e-01 3.03476000e+01 -8.47747000e-01 -8.91847000e-01 3.03117000e+01 -1.32241000e+00 -1.77886000e+00 2.79285000e+01 -1.29758000e+00 -1.64373000e+00 2.78777000e+01 -1.27282000e+00 -1.50914000e+00 2.78262000e+01 -1.82409000e+00 -2.86264000e+00 2.48825000e+01 -1.81401000e+00 -2.70261000e+00 2.48106000e+01 -1.80392000e+00 -2.54308000e+00 2.47383000e+01 -2.39045000e+00 -4.40396000e+00 2.13320000e+01 -2.39029000e+00 -4.22370000e+00 2.12374000e+01 -2.39012000e+00 -4.04380000e+00 2.11426000e+01 -2.97477000e+00 -6.43226000e+00 1.73669000e+01 -2.98045000e+00 -6.23568000e+00 1.72472000e+01 -2.98611000e+00 -6.03957000e+00 1.71272000e+01 -3.53475000e+00 -8.99808000e+00 1.30458000e+01 -3.54077000e+00 -8.78979000e+00 1.28980000e+01 -3.54679000e+00 -8.58193000e+00 1.27503000e+01 -4.03557000e+00 -1.21057000e+01 8.44939000e+00 -4.04079000e+00 -1.18901000e+01 8.27565000e+00 -4.04603000e+00 -1.16758000e+01 8.10040000e+00 -4.44642000e+00 -1.59083000e+01 3.61434000e+00 -4.46872000e+00 -1.56906000e+01 3.40863000e+00 -4.49103000e+00 -1.54730000e+01 3.20780000e+00 -5.24084000e+00 -1.75435000e+01 -1.63446000e-02 -5.24002000e+00 -1.75496000e+01 0.00000000e+00 -5.24084000e+00 -1.75435000e+01 1.63446000e-02 -2.12453000e+00 0.00000000e+00 3.66508000e+01 -1.95124000e+00 0.00000000e+00 3.65552000e+01 -1.77564000e+00 0.00000000e+00 3.64616000e+01 -1.57834000e+00 -4.63131000e-02 3.71599000e+01 -1.41767000e+00 -1.02860000e-01 3.70818000e+01 -1.25732000e+00 -1.59318000e-01 3.70034000e+01 -9.29825000e-01 -1.98617000e-01 3.77208000e+01 -7.93585000e-01 -2.20960000e-01 3.76776000e+01 -6.58509000e-01 -2.43035000e-01 3.76328000e+01 -6.70120000e-01 -2.61374000e-01 3.76703000e+01 -5.59807000e-01 -2.54467000e-01 3.76457000e+01 -4.49889000e-01 -2.47641000e-01 3.76203000e+01 -5.63360000e-01 -2.98002000e-01 3.72984000e+01 -4.71246000e-01 -2.74645000e-01 3.72811000e+01 -3.79472000e-01 -2.51330000e-01 3.72632000e+01 -5.83076000e-01 -3.53348000e-01 3.66239000e+01 -4.95640000e-01 -3.15061000e-01 3.66038000e+01 -4.08399000e-01 -2.76807000e-01 3.65833000e+01 -6.72241000e-01 -4.19569000e-01 3.57767000e+01 -5.77888000e-01 -3.79629000e-01 3.57524000e+01 -4.83632000e-01 -3.39722000e-01 3.57279000e+01 -7.15058000e-01 -4.67758000e-01 3.49698000e+01 -6.16838000e-01 -4.31710000e-01 3.49429000e+01 -5.18875000e-01 -3.95741000e-01 3.49154000e+01 -7.04133000e-01 -5.13770000e-01 3.41826000e+01 -6.09787000e-01 -4.75557000e-01 3.41542000e+01 -5.15736000e-01 -4.37438000e-01 3.41251000e+01 -6.93956000e-01 -5.73756000e-01 3.33080000e+01 -6.06242000e-01 -5.29690000e-01 3.32789000e+01 -5.18795000e-01 -4.85743000e-01 3.32492000e+01 -7.21430000e-01 -6.64860000e-01 3.22729000e+01 -6.41056000e-01 -6.11198000e-01 3.22458000e+01 -5.60939000e-01 -5.57696000e-01 3.22179000e+01 -8.19587000e-01 -8.19639000e-01 3.09936000e+01 -7.49758000e-01 -7.49809000e-01 3.09672000e+01 -6.80175000e-01 -6.80226000e-01 3.09399000e+01 -1.03036000e+00 -1.10386000e+00 2.93370000e+01 -9.75751000e-01 -1.01004000e+00 2.93065000e+01 -9.21362000e-01 -9.16615000e-01 2.92751000e+01 -1.38414000e+00 -1.63360000e+00 2.71471000e+01 -1.34950000e+00 -1.50920000e+00 2.71049000e+01 -1.31499000e+00 -1.38537000e+00 2.70618000e+01 -1.87040000e+00 -2.55170000e+00 2.43310000e+01 -1.85703000e+00 -2.39751000e+00 2.42688000e+01 -1.84369000e+00 -2.24397000e+00 2.42059000e+01 -2.43800000e+00 -3.96899000e+00 2.09193000e+01 -2.44132000e+00 -3.78899000e+00 2.08319000e+01 -2.44461000e+00 -3.60957000e+00 2.07441000e+01 -3.02601000e+00 -5.95861000e+00 1.70001000e+01 -3.03830000e+00 -5.75705000e+00 1.68829000e+01 -3.05055000e+00 -5.55613000e+00 1.67653000e+01 -3.58057000e+00 -8.58579000e+00 1.26615000e+01 -3.59444000e+00 -8.36882000e+00 1.25117000e+01 -3.60831000e+00 -8.15224000e+00 1.23621000e+01 -4.07766000e+00 -1.17796000e+01 8.03654000e+00 -4.09073000e+00 -1.15552000e+01 7.86168000e+00 -4.10375000e+00 -1.13309000e+01 7.68551000e+00 -4.53517000e+00 -1.53060000e+01 3.25112000e+00 -4.56128000e+00 -1.50870000e+01 3.07931000e+00 -4.58754000e+00 -1.48668000e+01 2.91272000e+00 -5.35084000e+00 -1.65772000e+01 -1.63878000e-02 -5.35020000e+00 -1.65814000e+01 0.00000000e+00 -5.35084000e+00 -1.65772000e+01 1.63878000e-02 -3.68697000e+00 0.00000000e+00 3.29958000e+01 -3.52155000e+00 0.00000000e+00 3.29045000e+01 -3.35385000e+00 0.00000000e+00 3.28155000e+01 -2.96338000e+00 -5.89012000e-02 3.37044000e+01 -2.80859000e+00 -1.43967000e-01 3.36171000e+01 -2.65341000e+00 -2.29403000e-01 3.35303000e+01 -1.86978000e+00 -3.55839000e-01 3.47794000e+01 -1.72730000e+00 -4.16774000e-01 3.47232000e+01 -1.58553000e+00 -4.77271000e-01 3.46662000e+01 -1.26828000e+00 -4.80972000e-01 3.52833000e+01 -1.14386000e+00 -5.02189000e-01 3.52499000e+01 -1.01942000e+00 -5.23303000e-01 3.52159000e+01 -9.84515000e-01 -5.09288000e-01 3.53252000e+01 -8.69782000e-01 -5.01663000e-01 3.53001000e+01 -7.55460000e-01 -4.94080000e-01 3.52733000e+01 -9.37044000e-01 -5.55646000e-01 3.47488000e+01 -8.35969000e-01 -5.17498000e-01 3.47238000e+01 -7.35013000e-01 -4.79702000e-01 3.46979000e+01 -1.09685000e+00 -6.71558000e-01 3.37493000e+01 -9.89741000e-01 -6.17996000e-01 3.37173000e+01 -8.82668000e-01 -5.64486000e-01 3.36852000e+01 -1.24637000e+00 -7.58248000e-01 3.27727000e+01 -1.12615000e+00 -7.18563000e-01 3.27340000e+01 -1.00599000e+00 -6.78869000e-01 3.26953000e+01 -1.23520000e+00 -8.12285000e-01 3.19944000e+01 -1.11420000e+00 -7.80334000e-01 3.19536000e+01 -9.93583000e-01 -7.48456000e-01 3.19121000e+01 -1.16032000e+00 -8.64452000e-01 3.12404000e+01 -1.04650000e+00 -8.30544000e-01 3.12004000e+01 -9.33116000e-01 -7.96730000e-01 3.11596000e+01 -1.10249000e+00 -9.29738000e-01 3.03828000e+01 -9.96937000e-01 -8.88703000e-01 3.03477000e+01 -8.91802000e-01 -8.47805000e-01 3.03117000e+01 -1.10380000e+00 -1.03042000e+00 2.93370000e+01 -1.00998000e+00 -9.75813000e-01 2.93065000e+01 -9.16561000e-01 -9.21424000e-01 2.92751000e+01 -1.21475000e+00 -1.21482000e+00 2.79779000e+01 -1.13829000e+00 -1.13835000e+00 2.79485000e+01 -1.06219000e+00 -1.06225000e+00 2.79180000e+01 -1.48481000e+00 -1.58045000e+00 2.61370000e+01 -1.43176000e+00 -1.47348000e+00 2.61016000e+01 -1.37898000e+00 -1.36709000e+00 2.60652000e+01 -1.92492000e+00 -2.27981000e+00 2.36616000e+01 -1.89933000e+00 -2.13882000e+00 2.36102000e+01 -1.87384000e+00 -1.99859000e+00 2.35577000e+01 -2.48641000e+00 -3.48896000e+00 2.04954000e+01 -2.48649000e+00 -3.31527000e+00 2.04174000e+01 -2.48653000e+00 -3.14239000e+00 2.03387000e+01 -3.08509000e+00 -5.36119000e+00 1.66861000e+01 -3.10330000e+00 -5.16015000e+00 1.65731000e+01 -3.12142000e+00 -4.95986000e+00 1.64595000e+01 -3.64180000e+00 -7.96822000e+00 1.23645000e+01 -3.67012000e+00 -7.75003000e+00 1.22155000e+01 -3.69840000e+00 -7.53219000e+00 1.20668000e+01 -4.13292000e+00 -1.11493000e+01 7.74097000e+00 -4.16637000e+00 -1.09249000e+01 7.56923000e+00 -4.19982000e+00 -1.07004000e+01 7.39629000e+00 -4.61379000e+00 -1.44484000e+01 3.01995000e+00 -4.65337000e+00 -1.42355000e+01 2.86949000e+00 -4.69325000e+00 -1.40212000e+01 2.72416000e+00 -5.53669000e+00 -1.55433000e+01 -1.54160000e-02 -5.53602000e+00 -1.55465000e+01 0.00000000e+00 -5.53669000e+00 -1.55433000e+01 1.54160000e-02 -5.18601000e+00 0.00000000e+00 2.94298000e+01 -5.02319000e+00 0.00000000e+00 2.93360000e+01 -4.85781000e+00 0.00000000e+00 2.92448000e+01 -4.30317000e+00 -9.66966000e-02 3.02779000e+01 -4.15720000e+00 -2.02660000e-01 3.01852000e+01 -4.01089000e+00 -3.08984000e-01 3.00929000e+01 -2.98427000e+00 -5.07463000e-01 3.16025000e+01 -2.83104000e+00 -5.87794000e-01 3.15273000e+01 -2.67876000e+00 -6.67270000e-01 3.14509000e+01 -2.32708000e+00 -7.24957000e-01 3.23694000e+01 -2.12822000e+00 -7.38156000e-01 3.22874000e+01 -1.93323000e+00 -7.51143000e-01 3.22017000e+01 -2.24459000e+00 -7.56982000e-01 3.23874000e+01 -2.01195000e+00 -7.64984000e-01 3.22764000e+01 -1.78435000e+00 -7.72790000e-01 3.21632000e+01 -1.81855000e+00 -8.14877000e-01 3.21563000e+01 -1.62293000e+00 -8.15068000e-01 3.20818000e+01 -1.43156000e+00 -8.15307000e-01 3.20031000e+01 -1.80735000e+00 -9.90314000e-01 3.12441000e+01 -1.65838000e+00 -9.39722000e-01 3.11878000e+01 -1.51034000e+00 -8.89708000e-01 3.11300000e+01 -2.01086000e+00 -1.13903000e+00 3.01526000e+01 -1.86936000e+00 -1.09055000e+00 3.00986000e+01 -1.72796000e+00 -1.04209000e+00 3.00445000e+01 -2.06501000e+00 -1.21816000e+00 2.92881000e+01 -1.92066000e+00 -1.18713000e+00 2.92305000e+01 -1.77647000e+00 -1.15612000e+00 2.91728000e+01 -1.94893000e+00 -1.27175000e+00 2.86035000e+01 -1.80763000e+00 -1.24867000e+00 2.85458000e+01 -1.66676000e+00 -1.22563000e+00 2.84875000e+01 -1.77882000e+00 -1.32248000e+00 2.79286000e+01 -1.64369000e+00 -1.29765000e+00 2.78778000e+01 -1.50910000e+00 -1.27289000e+00 2.78262000e+01 -1.63354000e+00 -1.38421000e+00 2.71471000e+01 -1.50914000e+00 -1.34958000e+00 2.71049000e+01 -1.38532000e+00 -1.31507000e+00 2.70618000e+01 -1.58039000e+00 -1.48489000e+00 2.61370000e+01 -1.47342000e+00 -1.43184000e+00 2.61016000e+01 -1.36702000e+00 -1.37906000e+00 2.60652000e+01 -1.69317000e+00 -1.69325000e+00 2.47269000e+01 -1.61125000e+00 -1.61133000e+00 2.46936000e+01 -1.52982000e+00 -1.52990000e+00 2.46589000e+01 -2.02075000e+00 -2.14500000e+00 2.27173000e+01 -1.97118000e+00 -2.02611000e+00 2.26758000e+01 -1.92191000e+00 -1.90803000e+00 2.26330000e+01 -2.54201000e+00 -3.05295000e+00 1.99503000e+01 -2.52815000e+00 -2.89401000e+00 1.98859000e+01 -2.51434000e+00 -2.73612000e+00 1.98204000e+01 -3.15710000e+00 -4.65982000e+00 1.63889000e+01 -3.17495000e+00 -4.46628000e+00 1.62867000e+01 -3.19266000e+00 -4.27377000e+00 1.61837000e+01 -3.74121000e+00 -7.08808000e+00 1.21790000e+01 -3.78036000e+00 -6.87439000e+00 1.20362000e+01 -3.81940000e+00 -6.66126000e+00 1.18934000e+01 -4.24241000e+00 -1.01575000e+01 7.60207000e+00 -4.29173000e+00 -9.93733000e+00 7.43445000e+00 -4.34105000e+00 -9.71718000e+00 7.26562000e+00 -4.73524000e+00 -1.33350000e+01 2.92530000e+00 -4.78603000e+00 -1.31276000e+01 2.78332000e+00 -4.83715000e+00 -1.29189000e+01 2.64637000e+00 -5.75854000e+00 -1.43741000e+01 -1.39759000e-02 -5.75779000e+00 -1.43771000e+01 0.00000000e+00 -5.75854000e+00 -1.43741000e+01 1.39759000e-02 -6.73880000e+00 0.00000000e+00 2.58195000e+01 -6.57959000e+00 0.00000000e+00 2.57204000e+01 -6.41737000e+00 0.00000000e+00 2.56242000e+01 -5.75005000e+00 -1.28642000e-01 2.67435000e+01 -5.60390000e+00 -2.41421000e-01 2.66375000e+01 -5.45777000e+00 -3.54327000e-01 2.65315000e+01 -4.60500000e+00 -5.48725000e-01 2.79184000e+01 -4.40375000e+00 -5.89348000e-01 2.78080000e+01 -4.20629000e+00 -6.28829000e-01 2.76946000e+01 -5.12555000e+00 -7.81122000e-01 2.79831000e+01 -4.89023000e+00 -7.09973000e-01 2.78053000e+01 -4.65748000e+00 -6.39806000e-01 2.76273000e+01 -6.23067000e+00 -9.10920000e-01 2.77021000e+01 -5.97137000e+00 -9.21389000e-01 2.74787000e+01 -5.70564000e+00 -9.32038000e-01 2.72563000e+01 -4.69202000e+00 -1.15041000e+00 2.77863000e+01 -4.46392000e+00 -1.24428000e+00 2.76011000e+01 -4.23815000e+00 -1.33718000e+00 2.74158000e+01 -3.42714000e+00 -1.47203000e+00 2.76880000e+01 -3.21405000e+00 -1.48458000e+00 2.75732000e+01 -3.00448000e+00 -1.49696000e+00 2.74559000e+01 -3.24637000e+00 -1.62139000e+00 2.69383000e+01 -3.06827000e+00 -1.58954000e+00 2.68538000e+01 -2.89098000e+00 -1.55802000e+00 2.67683000e+01 -3.24420000e+00 -1.71866000e+00 2.61135000e+01 -3.07947000e+00 -1.68800000e+00 2.60355000e+01 -2.91508000e+00 -1.65734000e+00 2.59573000e+01 -3.12193000e+00 -1.77783000e+00 2.54381000e+01 -2.96050000e+00 -1.76055000e+00 2.53602000e+01 -2.79934000e+00 -1.74328000e+00 2.52821000e+01 -2.86260000e+00 -1.82418000e+00 2.48825000e+01 -2.70257000e+00 -1.81410000e+00 2.48106000e+01 -2.54304000e+00 -1.80401000e+00 2.47383000e+01 -2.55165000e+00 -1.87049000e+00 2.43310000e+01 -2.39746000e+00 -1.85713000e+00 2.42688000e+01 -2.24392000e+00 -1.84378000e+00 2.42059000e+01 -2.27975000e+00 -1.92502000e+00 2.36616000e+01 -2.13876000e+00 -1.89943000e+00 2.36102000e+01 -1.99853000e+00 -1.87393000e+00 2.35577000e+01 -2.14493000e+00 -2.02084000e+00 2.27173000e+01 -2.02604000e+00 -1.97128000e+00 2.26758000e+01 -1.90795000e+00 -1.92201000e+00 2.26330000e+01 -2.24795000e+00 -2.24804000e+00 2.12785000e+01 -2.16177000e+00 -2.16186000e+00 2.12407000e+01 -2.07625000e+00 -2.07634000e+00 2.12012000e+01 -2.63525000e+00 -2.80207000e+00 1.90961000e+01 -2.59183000e+00 -2.66943000e+00 1.90468000e+01 -2.54874000e+00 -2.53794000e+00 1.89957000e+01 -3.23599000e+00 -3.98998000e+00 1.59941000e+01 -3.23903000e+00 -3.81226000e+00 1.59108000e+01 -3.24197000e+00 -3.63593000e+00 1.58262000e+01 -3.87109000e+00 -6.06349000e+00 1.20440000e+01 -3.91084000e+00 -5.85793000e+00 1.19140000e+01 -3.95037000e+00 -5.65334000e+00 1.17837000e+01 -4.40805000e+00 -8.92957000e+00 7.57115000e+00 -4.46590000e+00 -8.71450000e+00 7.40798000e+00 -4.52366000e+00 -8.49967000e+00 7.24354000e+00 -4.90802000e+00 -1.20375000e+01 2.92357000e+00 -4.96653000e+00 -1.18335000e+01 2.78263000e+00 -5.02538000e+00 -1.16284000e+01 2.64663000e+00 -6.00171000e+00 -1.30917000e+01 -1.36219000e-02 -6.00084000e+00 -1.30948000e+01 0.00000000e+00 -6.00171000e+00 -1.30917000e+01 1.36219000e-02 -8.31722000e+00 0.00000000e+00 2.21594000e+01 -8.16208000e+00 0.00000000e+00 2.20574000e+01 -8.00280000e+00 0.00000000e+00 2.19593000e+01 -7.46428000e+00 -1.10836000e-01 2.29742000e+01 -7.29716000e+00 -1.99590000e-01 2.28564000e+01 -7.13100000e+00 -2.87436000e-01 2.27374000e+01 -7.15456000e+00 -3.62941000e-01 2.35297000e+01 -6.93133000e+00 -3.31923000e-01 2.33815000e+01 -6.71266000e+00 -3.01977000e-01 2.32316000e+01 -8.91566000e+00 -8.65945000e-01 2.31597000e+01 -8.69788000e+00 -7.45181000e-01 2.29550000e+01 -8.48022000e+00 -6.24370000e-01 2.27503000e+01 -1.04337000e+01 -1.05495000e+00 2.27385000e+01 -1.01742000e+01 -1.06060000e+00 2.25350000e+01 -9.90896000e+00 -1.06620000e+00 2.23325000e+01 -8.68251000e+00 -1.30415000e+00 2.29252000e+01 -8.47188000e+00 -1.43718000e+00 2.27179000e+01 -8.26101000e+00 -1.57085000e+00 2.25104000e+01 -6.39643000e+00 -1.96494000e+00 2.31690000e+01 -6.17184000e+00 -2.04406000e+00 2.30004000e+01 -5.95004000e+00 -2.12152000e+00 2.28311000e+01 -5.32472000e+00 -2.18846000e+00 2.29661000e+01 -5.11346000e+00 -2.20233000e+00 2.28385000e+01 -4.90390000e+00 -2.21640000e+00 2.27098000e+01 -4.93713000e+00 -2.28447000e+00 2.24277000e+01 -4.74727000e+00 -2.26925000e+00 2.23215000e+01 -4.55824000e+00 -2.25407000e+00 2.22147000e+01 -4.72186000e+00 -2.34540000e+00 2.18259000e+01 -4.54208000e+00 -2.33342000e+00 2.17255000e+01 -4.36256000e+00 -2.32148000e+00 2.16249000e+01 -4.40392000e+00 -2.39056000e+00 2.13320000e+01 -4.22366000e+00 -2.39040000e+00 2.12374000e+01 -4.04377000e+00 -2.39022000e+00 2.11426000e+01 -3.96894000e+00 -2.43811000e+00 2.09193000e+01 -3.78894000e+00 -2.44143000e+00 2.08319000e+01 -3.60952000e+00 -2.44472000e+00 2.07441000e+01 -3.48890000e+00 -2.48653000e+00 2.04953000e+01 -3.31521000e+00 -2.48660000e+00 2.04174000e+01 -3.14233000e+00 -2.48664000e+00 2.03387000e+01 -3.05288000e+00 -2.54212000e+00 1.99503000e+01 -2.89394000e+00 -2.52826000e+00 1.98859000e+01 -2.73605000e+00 -2.51445000e+00 1.98204000e+01 -2.80198000e+00 -2.63536000e+00 1.90961000e+01 -2.66934000e+00 -2.59195000e+00 1.90467000e+01 -2.53784000e+00 -2.54886000e+00 1.89957000e+01 -2.88126000e+00 -2.88138000e+00 1.76471000e+01 -2.79043000e+00 -2.79054000e+00 1.76045000e+01 -2.70050000e+00 -2.70062000e+00 1.75598000e+01 -3.33595000e+00 -3.56386000e+00 1.52735000e+01 -3.30208000e+00 -3.41607000e+00 1.52134000e+01 -3.26843000e+00 -3.26994000e+00 1.51513000e+01 -4.00070000e+00 -5.08426000e+00 1.18319000e+01 -4.02447000e+00 -4.89308000e+00 1.17246000e+01 -4.04796000e+00 -4.70351000e+00 1.16166000e+01 -4.60895000e+00 -7.58523000e+00 7.58564000e+00 -4.66821000e+00 -7.37673000e+00 7.43113000e+00 -4.72723000e+00 -7.16892000e+00 7.27522000e+00 -5.12478000e+00 -1.06048000e+01 2.98339000e+00 -5.18920000e+00 -1.04036000e+01 2.83944000e+00 -5.25386000e+00 -1.02015000e+01 2.70034000e+00 -6.25941000e+00 -1.17173000e+01 -1.40408000e-02 -6.25838000e+00 -1.17206000e+01 0.00000000e+00 -6.25941000e+00 -1.17173000e+01 1.40408000e-02 -9.81987000e+00 0.00000000e+00 1.85768000e+01 -9.67107000e+00 0.00000000e+00 1.84680000e+01 -9.52275000e+00 0.00000000e+00 1.83597000e+01 -9.64625000e+00 -3.37669000e-02 1.88427000e+01 -9.45012000e+00 -5.73209000e-02 1.87046000e+01 -9.25758000e+00 -8.08373000e-02 1.85648000e+01 -1.06131000e+01 -3.09086000e-01 1.87537000e+01 -1.03935000e+01 -2.16210000e-01 1.85556000e+01 -1.01771000e+01 -1.25125000e-01 1.83569000e+01 -1.30243000e+01 -1.02717000e+00 1.82626000e+01 -1.28043000e+01 -8.97032000e-01 1.80368000e+01 -1.25838000e+01 -7.66266000e-01 1.78111000e+01 -1.45208000e+01 -1.20462000e+00 1.78489000e+01 -1.42600000e+01 -1.20908000e+00 1.76456000e+01 -1.39949000e+01 -1.21357000e+00 1.74429000e+01 -1.28639000e+01 -1.42192000e+00 1.80137000e+01 -1.26494000e+01 -1.55729000e+00 1.77967000e+01 -1.24345000e+01 -1.69334000e+00 1.75798000e+01 -1.02217000e+01 -2.22054000e+00 1.83263000e+01 -1.00054000e+01 -2.33895000e+00 1.81182000e+01 -9.79086000e+00 -2.45618000e+00 1.79097000e+01 -8.33270000e+00 -2.67766000e+00 1.84320000e+01 -8.11136000e+00 -2.74052000e+00 1.82616000e+01 -7.89200000e+00 -2.80282000e+00 1.80904000e+01 -7.29811000e+00 -2.85484000e+00 1.82370000e+01 -7.09052000e+00 -2.86903000e+00 1.80986000e+01 -6.88441000e+00 -2.88303000e+00 1.79595000e+01 -6.81070000e+00 -2.92850000e+00 1.78087000e+01 -6.61621000e+00 -2.92647000e+00 1.76833000e+01 -6.42234000e+00 -2.92445000e+00 1.75575000e+01 -6.43223000e+00 -2.97489000e+00 1.73669000e+01 -6.23565000e+00 -2.98057000e+00 1.72472000e+01 -6.03954000e+00 -2.98623000e+00 1.71272000e+01 -5.95856000e+00 -3.02614000e+00 1.70001000e+01 -5.75701000e+00 -3.03843000e+00 1.68830000e+01 -5.55608000e+00 -3.05067000e+00 1.67653000e+01 -5.36113000e+00 -3.08521000e+00 1.66861000e+01 -5.16009000e+00 -3.10342000e+00 1.65731000e+01 -4.95980000e+00 -3.12154000e+00 1.64595000e+01 -4.65976000e+00 -3.15723000e+00 1.63889000e+01 -4.46621000e+00 -3.17508000e+00 1.62867000e+01 -4.27370000e+00 -3.19279000e+00 1.61837000e+01 -3.98990000e+00 -3.23612000e+00 1.59941000e+01 -3.81218000e+00 -3.23916000e+00 1.59108000e+01 -3.63584000e+00 -3.24210000e+00 1.58261000e+01 -3.56376000e+00 -3.33609000e+00 1.52735000e+01 -3.41596000e+00 -3.30222000e+00 1.52134000e+01 -3.26983000e+00 -3.26856000e+00 1.51513000e+01 -3.59768000e+00 -3.59781000e+00 1.38453000e+01 -3.50287000e+00 -3.50300000e+00 1.37965000e+01 -3.40931000e+00 -3.40944000e+00 1.37449000e+01 -4.12041000e+00 -4.42361000e+00 1.12852000e+01 -4.09990000e+00 -4.26332000e+00 1.12092000e+01 -4.07957000e+00 -4.10516000e+00 1.11311000e+01 -4.81321000e+00 -6.28330000e+00 7.54635000e+00 -4.85686000e+00 -6.08611000e+00 7.41398000e+00 -4.89999000e+00 -5.89052000e+00 7.27957000e+00 -5.37756000e+00 -9.07395000e+00 3.08372000e+00 -5.44503000e+00 -8.87686000e+00 2.93650000e+00 -5.51260000e+00 -8.67959000e+00 2.79382000e+00 -6.52369000e+00 -1.02617000e+01 -1.42230000e-02 -6.52240000e+00 -1.02655000e+01 0.00000000e+00 -6.52369000e+00 -1.02617000e+01 1.42230000e-02 -1.25849000e+01 0.00000000e+00 1.42002000e+01 -1.24164000e+01 0.00000000e+00 1.40237000e+01 -1.22489000e+01 0.00000000e+00 1.38465000e+01 -1.30542000e+01 -5.13473000e-02 1.41363000e+01 -1.28511000e+01 -2.24651000e-02 1.39378000e+01 -1.26507000e+01 6.06583000e-03 1.37390000e+01 -1.48812000e+01 -5.36634000e-01 1.38021000e+01 -1.46740000e+01 -4.18703000e-01 1.35650000e+01 -1.44677000e+01 -3.01544000e-01 1.33284000e+01 -1.74099000e+01 -1.25304000e+00 1.33072000e+01 -1.71798000e+01 -1.13691000e+00 1.30783000e+01 -1.69476000e+01 -1.01968000e+00 1.28501000e+01 -1.86654000e+01 -1.35284000e+00 1.29431000e+01 -1.84035000e+01 -1.35898000e+00 1.27403000e+01 -1.81372000e+01 -1.36524000e+00 1.25388000e+01 -1.72157000e+01 -1.49660000e+00 1.30704000e+01 -1.69902000e+01 -1.61710000e+00 1.28499000e+01 -1.67632000e+01 -1.73858000e+00 1.26301000e+01 -1.45774000e+01 -2.25586000e+00 1.33714000e+01 -1.43674000e+01 -2.38774000e+00 1.31372000e+01 -1.41580000e+01 -2.51908000e+00 1.29035000e+01 -1.21644000e+01 -2.93578000e+00 1.35960000e+01 -1.19508000e+01 -3.03845000e+00 1.33850000e+01 -1.17385000e+01 -3.14049000e+00 1.31742000e+01 -1.03804000e+01 -3.33344000e+00 1.36558000e+01 -1.01683000e+01 -3.38595000e+00 1.34830000e+01 -9.95805000e+00 -3.43815000e+00 1.33097000e+01 -9.44789000e+00 -3.47913000e+00 1.34324000e+01 -9.24503000e+00 -3.49153000e+00 1.32806000e+01 -9.04297000e+00 -3.50396000e+00 1.31285000e+01 -8.99806000e+00 -3.53488000e+00 1.30459000e+01 -8.78977000e+00 -3.54090000e+00 1.28981000e+01 -8.58191000e+00 -3.54693000e+00 1.27503000e+01 -8.58574000e+00 -3.58071000e+00 1.26615000e+01 -8.36877000e+00 -3.59458000e+00 1.25117000e+01 -8.15219000e+00 -3.60845000e+00 1.23621000e+01 -7.96815000e+00 -3.64195000e+00 1.23645000e+01 -7.74997000e+00 -3.67026000e+00 1.22155000e+01 -7.53213000e+00 -3.69855000e+00 1.20668000e+01 -7.08802000e+00 -3.74136000e+00 1.21790000e+01 -6.87432000e+00 -3.78050000e+00 1.20362000e+01 -6.66119000e+00 -3.81954000e+00 1.18934000e+01 -6.06341000e+00 -3.87123000e+00 1.20440000e+01 -5.85785000e+00 -3.91098000e+00 1.19140000e+01 -5.65326000e+00 -3.95052000e+00 1.17837000e+01 -5.08416000e+00 -4.00085000e+00 1.18319000e+01 -4.89299000e+00 -4.02462000e+00 1.17246000e+01 -4.70341000e+00 -4.04811000e+00 1.16166000e+01 -4.42349000e+00 -4.12056000e+00 1.12852000e+01 -4.26320000e+00 -4.10005000e+00 1.12092000e+01 -4.10504000e+00 -4.07972000e+00 1.11311000e+01 -4.38882000e+00 -4.38897000e+00 9.91863000e+00 -4.29375000e+00 -4.29390000e+00 9.85673000e+00 -4.20041000e+00 -4.20056000e+00 9.79184000e+00 -4.97281000e+00 -5.35050000e+00 7.19383000e+00 -4.96554000e+00 -5.18715000e+00 7.09844000e+00 -4.95765000e+00 -5.02679000e+00 7.00012000e+00 -5.65384000e+00 -7.54266000e+00 3.16457000e+00 -5.70941000e+00 -7.35861000e+00 3.02635000e+00 -5.76442000e+00 -7.17597000e+00 2.89211000e+00 -6.76607000e+00 -8.74845000e+00 -1.34788000e-02 -6.76425000e+00 -8.75318000e+00 0.00000000e+00 -6.76607000e+00 -8.74845000e+00 1.34788000e-02 -1.61578000e+01 0.00000000e+00 9.40914000e+00 -1.59950000e+01 0.00000000e+00 9.21021000e+00 -1.58348000e+01 0.00000000e+00 9.00962000e+00 -1.71795000e+01 -2.10391000e-01 9.20601000e+00 -1.69944000e+01 -1.42210000e-01 8.98525000e+00 -1.68115000e+01 -7.55600000e-02 8.76329000e+00 -1.95417000e+01 -8.86070000e-01 8.79366000e+00 -1.93387000e+01 -7.65381000e-01 8.54285000e+00 -1.91365000e+01 -6.45192000e-01 8.29041000e+00 -2.18508000e+01 -1.45064000e+00 8.34233000e+00 -2.16055000e+01 -1.35808000e+00 8.10936000e+00 -2.13602000e+01 -1.26521000e+00 7.87468000e+00 -2.27468000e+01 -1.49128000e+00 8.05239000e+00 -2.24796000e+01 -1.49942000e+00 7.84245000e+00 -2.22121000e+01 -1.50754000e+00 7.63105000e+00 -2.16333000e+01 -1.56915000e+00 8.12366000e+00 -2.13918000e+01 -1.66588000e+00 7.89347000e+00 -2.11508000e+01 -1.76261000e+00 7.66159000e+00 -1.93399000e+01 -2.10910000e+00 8.37931000e+00 -1.91267000e+01 -2.23644000e+00 8.12443000e+00 -1.89142000e+01 -2.36345000e+00 7.86786000e+00 -1.66644000e+01 -2.90136000e+00 8.63519000e+00 -1.64644000e+01 -3.02951000e+00 8.39112000e+00 -1.62653000e+01 -3.15693000e+00 8.14563000e+00 -1.41584000e+01 -3.63116000e+00 8.82999000e+00 -1.39554000e+01 -3.72438000e+00 8.62346000e+00 -1.37549000e+01 -3.81602000e+00 8.41541000e+00 -1.26432000e+01 -3.95096000e+00 8.79102000e+00 -1.24366000e+01 -3.98337000e+00 8.61237000e+00 -1.22324000e+01 -4.01532000e+00 8.43196000e+00 -1.21057000e+01 -4.03572000e+00 8.44940000e+00 -1.18901000e+01 -4.04094000e+00 8.27566000e+00 -1.16757000e+01 -4.04618000e+00 8.10041000e+00 -1.17795000e+01 -4.07781000e+00 8.03655000e+00 -1.15552000e+01 -4.09089000e+00 7.86169000e+00 -1.13309000e+01 -4.10390000e+00 7.68552000e+00 -1.11492000e+01 -4.13307000e+00 7.74098000e+00 -1.09249000e+01 -4.16652000e+00 7.56923000e+00 -1.07003000e+01 -4.19997000e+00 7.39630000e+00 -1.01574000e+01 -4.24256000e+00 7.60207000e+00 -9.93726000e+00 -4.29189000e+00 7.43445000e+00 -9.71711000e+00 -4.34120000e+00 7.26562000e+00 -8.92948000e+00 -4.40821000e+00 7.57114000e+00 -8.71442000e+00 -4.46606000e+00 7.40797000e+00 -8.49959000e+00 -4.52382000e+00 7.24353000e+00 -7.58513000e+00 -4.60911000e+00 7.58562000e+00 -7.37663000e+00 -4.66838000e+00 7.43112000e+00 -7.16882000e+00 -4.72740000e+00 7.27520000e+00 -6.28319000e+00 -4.81337000e+00 7.54633000e+00 -6.08599000e+00 -4.85703000e+00 7.41396000e+00 -5.89041000e+00 -4.90016000e+00 7.27956000e+00 -5.35036000e+00 -4.97298000e+00 7.19382000e+00 -5.18701000e+00 -4.96571000e+00 7.09843000e+00 -5.02665000e+00 -4.95783000e+00 7.00011000e+00 -5.23328000e+00 -5.23345000e+00 5.92331000e+00 -5.14315000e+00 -5.14332000e+00 5.84804000e+00 -5.05481000e+00 -5.05499000e+00 5.76671000e+00 -5.91642000e+00 -6.34730000e+00 2.98560000e+00 -5.91355000e+00 -6.18803000e+00 2.88808000e+00 -5.91038000e+00 -6.03402000e+00 2.79060000e+00 -6.81940000e+00 -7.36094000e+00 -1.32427000e-02 -6.81827000e+00 -7.36687000e+00 0.00000000e+00 -6.81940000e+00 -7.36094000e+00 1.32427000e-02 -2.01890000e+01 0.00000000e+00 4.50741000e+00 -2.00182000e+01 0.00000000e+00 4.24755000e+00 -1.98567000e+01 0.00000000e+00 3.99080000e+00 -2.19339000e+01 -5.93101000e-01 4.25000000e+00 -2.17763000e+01 -5.00593000e-01 3.96929000e+00 -2.16198000e+01 -4.08533000e-01 3.69348000e+00 -2.45615000e+01 -1.41244000e+00 3.80761000e+00 -2.43617000e+01 -1.30020000e+00 3.53942000e+00 -2.41590000e+01 -1.18604000e+00 3.27749000e+00 -2.66092000e+01 -1.75073000e+00 3.36814000e+00 -2.63599000e+01 -1.67939000e+00 3.13911000e+00 -2.61050000e+01 -1.60667000e+00 2.91675000e+00 -2.72758000e+01 -1.62227000e+00 3.10765000e+00 -2.70117000e+01 -1.63036000e+00 2.90370000e+00 -2.67414000e+01 -1.63873000e+00 2.70662000e+00 -2.63549000e+01 -1.52554000e+00 3.13109000e+00 -2.61120000e+01 -1.60509000e+00 2.92650000e+00 -2.58634000e+01 -1.68650000e+00 2.72871000e+00 -2.42541000e+01 -1.86542000e+00 3.34692000e+00 -2.40410000e+01 -1.98664000e+00 3.12697000e+00 -2.38237000e+01 -2.11033000e+00 2.91335000e+00 -2.15349000e+01 -2.64457000e+00 3.61890000e+00 -2.13451000e+01 -2.77869000e+00 3.37874000e+00 -2.11527000e+01 -2.91468000e+00 3.14443000e+00 -1.87394000e+01 -3.60857000e+00 3.86525000e+00 -1.85523000e+01 -3.72343000e+00 3.61415000e+00 -1.83654000e+01 -3.83819000e+00 3.36817000e+00 -1.67437000e+01 -4.23476000e+00 3.90062000e+00 -1.65364000e+01 -4.29069000e+00 3.66476000e+00 -1.63313000e+01 -4.34591000e+00 3.43342000e+00 -1.59083000e+01 -4.44657000e+00 3.61435000e+00 -1.56906000e+01 -4.46888000e+00 3.40863000e+00 -1.54730000e+01 -4.49119000e+00 3.20780000e+00 -1.53060000e+01 -4.53533000e+00 3.25112000e+00 -1.50870000e+01 -4.56143000e+00 3.07931000e+00 -1.48667000e+01 -4.58770000e+00 2.91272000e+00 -1.44484000e+01 -4.61395000e+00 3.01995000e+00 -1.42354000e+01 -4.65353000e+00 2.86950000e+00 -1.40211000e+01 -4.69341000e+00 2.72417000e+00 -1.33350000e+01 -4.73541000e+00 2.92530000e+00 -1.31275000e+01 -4.78620000e+00 2.78332000e+00 -1.29188000e+01 -4.83732000e+00 2.64637000e+00 -1.20374000e+01 -4.90819000e+00 2.92357000e+00 -1.18334000e+01 -4.96671000e+00 2.78263000e+00 -1.16283000e+01 -5.02555000e+00 2.64662000e+00 -1.06047000e+01 -5.12496000e+00 2.98338000e+00 -1.04035000e+01 -5.18937000e+00 2.83943000e+00 -1.02014000e+01 -5.25404000e+00 2.70034000e+00 -9.07382000e+00 -5.37774000e+00 3.08371000e+00 -8.87674000e+00 -5.44521000e+00 2.93649000e+00 -8.67946000e+00 -5.51278000e+00 2.79381000e+00 -7.54252000e+00 -5.65403000e+00 3.16456000e+00 -7.35846000e+00 -5.70959000e+00 3.02634000e+00 -7.17583000e+00 -5.76460000e+00 2.89211000e+00 -6.34714000e+00 -5.91661000e+00 2.98560000e+00 -6.18786000e+00 -5.91374000e+00 2.88808000e+00 -6.03386000e+00 -5.91057000e+00 2.79060000e+00 -6.28183000e+00 -6.28202000e+00 1.65096000e+00 -6.17384000e+00 -6.17403000e+00 1.60376000e+00 -6.06872000e+00 -6.06891000e+00 1.55716000e+00 -6.60586000e+00 -6.53629000e+00 -5.80496000e-04 -6.60675000e+00 -6.53827000e+00 0.00000000e+00 -6.60586000e+00 -6.53629000e+00 5.80496000e-04 -2.30500000e+01 0.00000000e+00 -9.93566000e-03 -2.30614000e+01 0.00000000e+00 0.00000000e+00 -2.30500000e+01 0.00000000e+00 9.93566000e-03 -2.44058000e+01 3.08817000e-01 8.28812000e-03 -2.44146000e+01 3.03313000e-01 0.00000000e+00 -2.44058000e+01 3.08817000e-01 -8.28812000e-03 -2.66430000e+01 -3.46898000e-01 -2.33842000e-02 -2.66485000e+01 -3.50420000e-01 0.00000000e+00 -2.66430000e+01 -3.46898000e-01 2.33842000e-02 -2.81729000e+01 -1.14641000e+00 -4.79824000e-02 -2.81744000e+01 -1.14721000e+00 0.00000000e+00 -2.81729000e+01 -1.14641000e+00 4.79824000e-02 -2.85332000e+01 -1.86105000e+00 -4.15069000e-02 -2.85339000e+01 -1.86109000e+00 0.00000000e+00 -2.85332000e+01 -1.86105000e+00 4.15069000e-02 -2.77218000e+01 -2.56397000e+00 -2.86731000e-02 -2.77234000e+01 -2.56330000e+00 0.00000000e+00 -2.77218000e+01 -2.56397000e+00 2.86731000e-02 -2.59689000e+01 -3.38774000e+00 -2.08520000e-02 -2.59718000e+01 -3.38597000e+00 0.00000000e+00 -2.59689000e+01 -3.38774000e+00 2.08520000e-02 -2.35800000e+01 -4.29091000e+00 -1.15836000e-02 -2.35845000e+01 -4.28761000e+00 0.00000000e+00 -2.35800000e+01 -4.29091000e+00 1.15836000e-02 -2.09753000e+01 -5.01073000e+00 -1.22614000e-02 -2.09817000e+01 -5.00672000e+00 0.00000000e+00 -2.09753000e+01 -5.01073000e+00 1.22614000e-02 -1.88437000e+01 -5.22968000e+00 -2.01754000e-02 -1.88512000e+01 -5.22739000e+00 0.00000000e+00 -1.88437000e+01 -5.22968000e+00 2.01754000e-02 -1.75435000e+01 -5.24102000e+00 -1.63444000e-02 -1.75496000e+01 -5.24020000e+00 0.00000000e+00 -1.75435000e+01 -5.24102000e+00 1.63444000e-02 -1.65772000e+01 -5.35102000e+00 -1.63877000e-02 -1.65814000e+01 -5.35038000e+00 0.00000000e+00 -1.65772000e+01 -5.35102000e+00 1.63877000e-02 -1.55432000e+01 -5.53688000e+00 -1.54159000e-02 -1.55465000e+01 -5.53620000e+00 0.00000000e+00 -1.55432000e+01 -5.53688000e+00 1.54159000e-02 -1.43740000e+01 -5.75873000e+00 -1.39759000e-02 -1.43770000e+01 -5.75797000e+00 0.00000000e+00 -1.43740000e+01 -5.75873000e+00 1.39759000e-02 -1.30917000e+01 -6.00190000e+00 -1.36219000e-02 -1.30947000e+01 -6.00103000e+00 0.00000000e+00 -1.30917000e+01 -6.00190000e+00 1.36219000e-02 -1.17172000e+01 -6.25960000e+00 -1.40408000e-02 -1.17205000e+01 -6.25857000e+00 0.00000000e+00 -1.17172000e+01 -6.25960000e+00 1.40408000e-02 -1.02616000e+01 -6.52388000e+00 -1.42230000e-02 -1.02654000e+01 -6.52260000e+00 0.00000000e+00 -1.02616000e+01 -6.52388000e+00 1.42230000e-02 -8.74831000e+00 -6.76627000e+00 -1.34788000e-02 -8.75304000e+00 -6.76445000e+00 0.00000000e+00 -8.74831000e+00 -6.76627000e+00 1.34788000e-02 -7.36078000e+00 -6.81961000e+00 -1.32427000e-02 -7.36671000e+00 -6.81848000e+00 0.00000000e+00 -7.36078000e+00 -6.81961000e+00 1.32427000e-02 -6.53610000e+00 -6.60607000e+00 -5.80486000e-04 -6.53808000e+00 -6.60697000e+00 0.00000000e+00 -6.53610000e+00 -6.60607000e+00 5.80486000e-04 -6.51702000e+00 -6.51723000e+00 1.54961000e-03 -6.51655000e+00 -6.51676000e+00 0.00000000e+00 -6.51702000e+00 -6.51723000e+00 -1.54961000e-03 1.85387000e-02 0.00000000e+00 4.61335000e+01 2.36236000e-02 0.00000000e+00 4.61283000e+01 1.86500000e-02 3.67677000e-02 4.60820000e+01 2.37813000e-02 4.70627000e-02 4.60751000e+01 1.89063000e-02 7.02258000e-02 4.59260000e+01 2.42175000e-02 9.05786000e-02 4.59175000e+01 1.92270000e-02 9.71186000e-02 4.56673000e+01 2.48374000e-02 1.27229000e-01 4.56571000e+01 1.94537000e-02 1.14299000e-01 4.53079000e+01 2.54958000e-02 1.54054000e-01 4.52962000e+01 1.93609000e-02 1.19099000e-01 4.48507000e+01 2.60232000e-02 1.68243000e-01 4.48376000e+01 1.86618000e-02 1.09362000e-01 4.42996000e+01 2.62761000e-02 1.67253000e-01 4.42846000e+01 1.68960000e-02 8.37410000e-02 4.36624000e+01 2.63488000e-02 1.49319000e-01 4.36455000e+01 1.43029000e-02 4.14801000e-02 4.29533000e+01 2.69839000e-02 1.13579000e-01 4.29340000e+01 9.51909000e-03 -5.58272000e-02 4.20748000e+01 2.51184000e-02 5.58901000e-02 4.20471000e+01 -7.08089000e-03 -5.50441000e-01 4.01808000e+01 -2.65481000e-02 -2.85696000e-01 4.00873000e+01 1.26239000e-02 -1.95156000e+00 3.68075000e+01 -7.46274000e-02 -1.61059000e+00 3.66268000e+01 2.78215000e-02 -3.47412000e+00 3.32053000e+01 -8.46813000e-02 -3.14877000e+00 3.30239000e+01 3.01006000e-02 -4.92702000e+00 2.96739000e+01 -1.04115000e-01 -4.61469000e+00 2.94882000e+01 3.50776000e-02 -6.44010000e+00 2.60943000e+01 -1.21796000e-01 -6.12950000e+00 2.58930000e+01 2.79269000e-02 -8.03046000e+00 2.24367000e+01 -1.29563000e-01 -7.72266000e+00 2.22236000e+01 -7.28929000e-04 -9.73129000e+00 1.86861000e+01 -6.84065000e-02 -9.39858000e+00 1.84540000e+01 -7.31829000e-03 -1.26865000e+01 1.41996000e+01 7.08248000e-03 -1.23146000e+01 1.38382000e+01 -5.50617000e-02 -1.64301000e+01 9.34855000e+00 1.94044000e-02 -1.60772000e+01 8.94063000e+00 -2.22484000e-01 -2.07447000e+01 4.44639000e+00 -5.33319000e-02 -2.04310000e+01 3.91262000e+00 2.46342000e-01 -2.34227000e+01 1.55973000e-03 2.46342000e-01 -2.34227000e+01 -1.55973000e-03 5.38578000e-02 0.00000000e+00 4.60279000e+01 6.91963000e-02 0.00000000e+00 4.60251000e+01 5.41682000e-02 3.70184000e-02 4.59749000e+01 6.96440000e-02 4.76624000e-02 4.59704000e+01 5.48635000e-02 7.06406000e-02 4.58146000e+01 7.08732000e-02 9.16669000e-02 4.58087000e+01 5.57004000e-02 9.75322000e-02 4.55491000e+01 7.25825000e-02 1.28628000e-01 4.55415000e+01 5.61887000e-02 1.14453000e-01 4.51801000e+01 7.42993000e-02 1.55579000e-01 4.51714000e+01 5.56071000e-02 1.18609000e-01 4.47097000e+01 7.54202000e-02 1.69685000e-01 4.47000000e+01 5.29939000e-02 1.07454000e-01 4.41391000e+01 7.52559000e-02 1.68312000e-01 4.41281000e+01 4.68468000e-02 7.84144000e-02 4.34683000e+01 7.32537000e-02 1.49284000e-01 4.34556000e+01 3.52716000e-02 2.89343000e-02 4.26950000e+01 6.91531000e-02 1.10196000e-01 4.26803000e+01 1.50509000e-02 -6.06636000e-02 4.17650000e+01 5.70732000e-02 4.73568000e-02 4.17438000e+01 -4.18054000e-02 -3.62841000e-01 4.02015000e+01 -3.31306000e-02 -1.51701000e-01 4.01480000e+01 -1.31455000e-01 -1.20207000e+00 3.75089000e+01 -2.24080000e-01 -9.04784000e-01 3.73896000e+01 -2.14421000e-01 -2.37691000e+00 3.42802000e+01 -3.78778000e-01 -2.07850000e+00 3.41309000e+01 -3.15848000e-01 -3.60380000e+00 3.09691000e+01 -5.15796000e-01 -3.31505000e+00 3.08037000e+01 -3.78284000e-01 -5.04884000e+00 2.74418000e+01 -5.72545000e-01 -4.71216000e+00 2.72305000e+01 -2.58198000e-01 -7.08173000e+00 2.33910000e+01 -3.44959000e-01 -6.68055000e+00 2.31355000e+01 -1.21773000e-01 -9.89548000e+00 1.88739000e+01 -5.16189000e-02 -9.46968000e+00 1.85360000e+01 -2.24588000e-01 -1.37967000e+01 1.39967000e+01 -6.55796000e-02 -1.33857000e+01 1.35524000e+01 -5.09944000e-01 -1.82844000e+01 9.00754000e+00 -3.00361000e-01 -1.79048000e+01 8.52206000e+00 -1.03912000e+00 -2.32483000e+01 4.03051000e+00 -8.13144000e-01 -2.28951000e+01 3.47912000e+00 -2.27890000e-03 -2.55614000e+01 -9.86205000e-03 -2.27890000e-03 -2.55614000e+01 9.86205000e-03 8.40373000e-02 0.00000000e+00 4.58193000e+01 1.09736000e-01 0.00000000e+00 4.58182000e+01 8.44817000e-02 3.74951000e-02 4.57635000e+01 1.10405000e-01 4.87401000e-02 4.57606000e+01 8.54182000e-02 7.14327000e-02 4.55952000e+01 1.12217000e-01 9.35807000e-02 4.55908000e+01 8.64536000e-02 9.83479000e-02 4.53170000e+01 1.14634000e-01 1.31008000e-01 4.53111000e+01 8.67521000e-02 1.14865000e-01 4.49311000e+01 1.16784000e-01 1.58067000e-01 4.49241000e+01 8.50207000e-02 1.18016000e-01 4.44385000e+01 1.17456000e-01 1.71900000e-01 4.44308000e+01 7.94200000e-02 1.04833000e-01 4.38374000e+01 1.15032000e-01 1.69693000e-01 4.38285000e+01 6.71867000e-02 7.16075000e-02 4.31205000e+01 1.07364000e-01 1.48631000e-01 4.31101000e+01 4.37004000e-02 1.28919000e-02 4.22705000e+01 9.09121000e-02 1.04896000e-01 4.22576000e+01 8.57880000e-04 -8.54878000e-02 4.12410000e+01 5.63383000e-02 2.93290000e-02 4.12233000e+01 -8.31928000e-02 -2.93701000e-01 3.98406000e+01 -3.71652000e-02 -1.22811000e-01 3.98073000e+01 -2.37668000e-01 -7.70395000e-01 3.77528000e+01 -2.42219000e-01 -5.24894000e-01 3.76878000e+01 -4.39762000e-01 -1.52097000e+00 3.50943000e+01 -5.13150000e-01 -1.25480000e+00 3.50089000e+01 -6.46870000e-01 -2.54277000e+00 3.20971000e+01 -7.56975000e-01 -2.20284000e+00 3.19467000e+01 -6.51769000e-01 -4.64259000e+00 2.80739000e+01 -6.02906000e-01 -4.19149000e+00 2.77985000e+01 -5.50628000e-01 -7.82495000e+00 2.34030000e+01 -3.54729000e-01 -7.38373000e+00 2.30408000e+01 -6.37971000e-01 -1.17316000e+01 1.85279000e+01 -3.82253000e-01 -1.13080000e+01 1.80858000e+01 -9.22476000e-01 -1.61618000e+01 1.35605000e+01 -6.62643000e-01 -1.57359000e+01 1.30832000e+01 -1.22543000e+00 -2.07861000e+01 8.56991000e+00 -9.94027000e-01 -2.03430000e+01 8.07727000e+00 -1.66369000e+00 -2.57227000e+01 3.57199000e+00 -1.46701000e+00 -2.52651000e+01 3.07771000e+00 -7.69648000e-01 -2.75498000e+01 -3.80967000e-02 -7.69648000e-01 -2.75498000e+01 3.80967000e-02 1.06063000e-01 0.00000000e+00 4.55097000e+01 1.41897000e-01 0.00000000e+00 4.55095000e+01 1.06550000e-01 3.79598000e-02 4.54499000e+01 1.42688000e-01 5.00493000e-02 4.54477000e+01 1.07460000e-01 7.21217000e-02 4.52700000e+01 1.44790000e-01 9.57810000e-02 4.52662000e+01 1.08316000e-01 9.88765000e-02 4.49746000e+01 1.47425000e-01 1.33498000e-01 4.49690000e+01 1.07990000e-01 1.14753000e-01 4.45672000e+01 1.49303000e-01 1.60350000e-01 4.45605000e+01 1.04652000e-01 1.16714000e-01 4.40488000e+01 1.48538000e-01 1.73561000e-01 4.40416000e+01 9.55337000e-02 1.01384000e-01 4.34152000e+01 1.42427000e-01 1.70170000e-01 4.34068000e+01 7.64127000e-02 6.41718000e-02 4.26542000e+01 1.27139000e-01 1.46561000e-01 4.26444000e+01 4.11600000e-02 -1.80816000e-03 4.17443000e+01 9.69742000e-02 9.74927000e-02 4.17321000e+01 -1.98375000e-02 -1.09654000e-01 4.06439000e+01 4.12953000e-02 1.23590000e-02 4.06272000e+01 -1.20484000e-01 -2.89147000e-01 3.92762000e+01 -6.22977000e-02 -1.33989000e-01 3.92509000e+01 -2.78171000e-01 -6.02471000e-01 3.75200000e+01 -2.47321000e-01 -4.03407000e-01 3.74818000e+01 -5.02823000e-01 -1.08546000e+00 3.53779000e+01 -5.23170000e-01 -8.48370000e-01 3.53230000e+01 -7.39223000e-01 -2.28554000e+00 3.24294000e+01 -7.42877000e-01 -1.84571000e+00 3.22224000e+01 -9.31267000e-01 -5.86333000e+00 2.78027000e+01 -7.85829000e-01 -5.37283000e+00 2.73775000e+01 -1.09910000e+00 -9.98779000e+00 2.28998000e+01 -9.22516000e-01 -9.51084000e+00 2.24842000e+01 -1.24276000e+00 -1.41053000e+01 1.80010000e+01 -1.07983000e+00 -1.36177000e+01 1.75740000e+01 -1.39491000e+00 -1.83409000e+01 1.30759000e+01 -1.26080000e+00 -1.78402000e+01 1.26516000e+01 -1.52038000e+00 -2.25421000e+01 8.15763000e+00 -1.42691000e+00 -2.20222000e+01 7.72126000e+00 -1.71630000e+00 -2.71416000e+01 3.19934000e+00 -1.65054000e+00 -2.66144000e+01 2.77701000e+00 -1.50939000e+00 -2.85197000e+01 -4.57052000e-02 -1.50939000e+00 -2.85197000e+01 4.57052000e-02 1.17143000e-01 0.00000000e+00 4.51018000e+01 1.62680000e-01 0.00000000e+00 4.51015000e+01 1.17534000e-01 3.80467000e-02 4.50365000e+01 1.63481000e-01 5.12475000e-02 4.50338000e+01 1.18040000e-01 7.19336000e-02 4.48413000e+01 1.65559000e-01 9.74822000e-02 4.48365000e+01 1.18262000e-01 9.79394000e-02 4.45242000e+01 1.67948000e-01 1.34769000e-01 4.45174000e+01 1.16953000e-01 1.12628000e-01 4.40923000e+01 1.69036000e-01 1.60596000e-01 4.40842000e+01 1.11890000e-01 1.13153000e-01 4.35482000e+01 1.66387000e-01 1.72492000e-01 4.35393000e+01 9.96385000e-02 9.60139000e-02 4.28869000e+01 1.56397000e-01 1.67569000e-01 4.28768000e+01 7.47305000e-02 5.57146000e-02 4.20931000e+01 1.33839000e-01 1.41659000e-01 4.20813000e+01 2.96178000e-02 -1.57777000e-02 4.11416000e+01 9.14624000e-02 8.77206000e-02 4.11273000e+01 -4.56566000e-02 -1.31179000e-01 3.99968000e+01 1.93633000e-02 -5.66247000e-03 3.99780000e+01 -1.61515000e-01 -3.06658000e-01 3.86211000e+01 -9.40547000e-02 -1.56196000e-01 3.85952000e+01 -3.22667000e-01 -5.60242000e-01 3.69949000e+01 -2.59266000e-01 -3.84892000e-01 3.69607000e+01 -5.21865000e-01 -9.23799000e-01 3.51183000e+01 -4.69171000e-01 -7.09741000e-01 3.50712000e+01 -7.82856000e-01 -2.03965000e+00 3.23203000e+01 -8.10978000e-01 -1.60389000e+00 3.21213000e+01 -9.27044000e-01 -5.65501000e+00 2.77007000e+01 -1.10996000e+00 -5.17862000e+00 2.72708000e+01 -1.02906000e+00 -9.87867000e+00 2.27766000e+01 -1.22127000e+00 -9.40953000e+00 2.23625000e+01 -1.18207000e+00 -1.40159000e+01 1.78693000e+01 -1.35788000e+00 -1.35364000e+01 1.74550000e+01 -1.32635000e+00 -1.82212000e+01 1.29531000e+01 -1.47914000e+00 -1.77289000e+01 1.25396000e+01 -1.47923000e+00 -2.24054000e+01 8.04698000e+00 -1.59596000e+00 -2.18919000e+01 7.61374000e+00 -1.53509000e+00 -2.69902000e+01 3.08468000e+00 -1.62938000e+00 -2.64721000e+01 2.68747000e+00 -2.19449000e+00 -2.82591000e+01 -3.49654000e-02 -2.19449000e+00 -2.82591000e+01 3.49654000e-02 1.14625000e-01 0.00000000e+00 4.45987000e+01 1.69617000e-01 0.00000000e+00 4.45978000e+01 1.14671000e-01 3.71877000e-02 4.45254000e+01 1.70302000e-01 5.19546000e-02 4.45217000e+01 1.14117000e-01 6.96072000e-02 4.43089000e+01 1.72003000e-01 9.76815000e-02 4.43026000e+01 1.12926000e-01 9.35039000e-02 4.39641000e+01 1.73681000e-01 1.32980000e-01 4.39552000e+01 1.10118000e-01 1.05787000e-01 4.35045000e+01 1.73652000e-01 1.56143000e-01 4.34940000e+01 1.03318000e-01 1.04135000e-01 4.29356000e+01 1.69214000e-01 1.65509000e-01 4.29243000e+01 8.87439000e-02 8.53555000e-02 4.22531000e+01 1.56248000e-01 1.58499000e-01 4.22403000e+01 6.02552000e-02 4.34471000e-02 4.14403000e+01 1.28768000e-01 1.30819000e-01 4.14258000e+01 9.28963000e-03 -3.10967000e-02 4.04688000e+01 7.83403000e-02 7.40898000e-02 4.04516000e+01 -7.52283000e-02 -1.53685000e-01 3.92988000e+01 -5.68610000e-03 -2.57852000e-02 3.92770000e+01 -2.05490000e-01 -3.45911000e-01 3.78852000e+01 -1.33575000e-01 -1.91055000e-01 3.78548000e+01 -3.89199000e-01 -6.29602000e-01 3.61992000e+01 -3.07874000e-01 -4.47640000e-01 3.61575000e+01 -6.07502000e-01 -1.00392000e+00 3.42746000e+01 -5.08819000e-01 -8.01520000e-01 3.42191000e+01 -8.96339000e-01 -1.74346000e+00 3.17882000e+01 -8.19392000e-01 -1.40776000e+00 3.16603000e+01 -1.34614000e+00 -3.90058000e+00 2.78167000e+01 -1.46781000e+00 -3.44910000e+00 2.75256000e+01 -1.68904000e+00 -7.40723000e+00 2.30788000e+01 -1.93245000e+00 -6.97814000e+00 2.26938000e+01 -1.83325000e+00 -1.15015000e+01 1.81813000e+01 -2.10927000e+00 -1.10821000e+01 1.77456000e+01 -1.84209000e+00 -1.59252000e+01 1.32235000e+01 -2.11572000e+00 -1.54981000e+01 1.27624000e+01 -1.78836000e+00 -2.05765000e+01 8.24358000e+00 -2.02129000e+00 -2.01222000e+01 7.75330000e+00 -1.62907000e+00 -2.54186000e+01 3.22619000e+00 -1.84043000e+00 -2.49557000e+01 2.80911000e+00 -2.95494000e+00 -2.69393000e+01 -2.48647000e-02 -2.95494000e+00 -2.69393000e+01 2.48647000e-02 9.68439000e-02 0.00000000e+00 4.40061000e+01 1.60491000e-01 0.00000000e+00 4.40050000e+01 9.58401000e-02 3.46074000e-02 4.39196000e+01 1.60818000e-01 5.19043000e-02 4.39149000e+01 9.27938000e-02 6.34428000e-02 4.36707000e+01 1.61529000e-01 9.51369000e-02 4.36627000e+01 8.87368000e-02 8.25981000e-02 4.32876000e+01 1.61686000e-01 1.25629000e-01 4.32763000e+01 8.33014000e-02 9.01164000e-02 4.27939000e+01 1.59856000e-01 1.43199000e-01 4.27806000e+01 7.45046000e-02 8.48301000e-02 4.22002000e+01 1.53667000e-01 1.47896000e-01 4.21860000e+01 5.85597000e-02 6.41542000e-02 4.15026000e+01 1.38902000e-01 1.37969000e-01 4.14869000e+01 2.90819000e-02 2.20794000e-02 4.06832000e+01 1.09412000e-01 1.09193000e-01 4.06658000e+01 -2.29334000e-02 -5.16851000e-02 3.97120000e+01 5.62558000e-02 5.25955000e-02 3.96923000e+01 -1.09364000e-01 -1.74466000e-01 3.85457000e+01 -3.24668000e-02 -4.74683000e-02 3.85215000e+01 -2.44677000e-01 -3.75296000e-01 3.71240000e+01 -1.70426000e-01 -2.18373000e-01 3.70906000e+01 -4.45680000e-01 -7.01794000e-01 3.53648000e+01 -3.69629000e-01 -5.06214000e-01 3.53156000e+01 -7.22832000e-01 -1.19546000e+00 3.32252000e+01 -6.29051000e-01 -9.65056000e-01 3.31560000e+01 -1.07070000e+00 -1.91552000e+00 3.06816000e+01 -9.65028000e-01 -1.63364000e+00 3.05763000e+01 -1.55330000e+00 -3.26667000e+00 2.73699000e+01 -1.50817000e+00 -2.87515000e+00 2.71758000e+01 -2.10742000e+00 -5.73157000e+00 2.31261000e+01 -2.18991000e+00 -5.28908000e+00 2.28346000e+01 -2.50047000e+00 -9.15944000e+00 1.84120000e+01 -2.68343000e+00 -8.71901000e+00 1.80310000e+01 -2.63021000e+00 -1.33117000e+01 1.34949000e+01 -2.86903000e+00 -1.28870000e+01 1.30429000e+01 -2.48947000e+00 -1.80227000e+01 8.50985000e+00 -2.75199000e+00 -1.76118000e+01 8.00316000e+00 -2.20302000e+00 -2.29445000e+01 3.47972000e+00 -2.46952000e+00 -2.25387000e+01 3.02524000e+00 -3.83426000e+00 -2.48268000e+01 -1.63895000e-02 -3.83426000e+00 -2.48268000e+01 1.63895000e-02 6.33072000e-02 0.00000000e+00 4.33370000e+01 1.34221000e-01 0.00000000e+00 4.33359000e+01 5.97787000e-02 2.92564000e-02 4.32254000e+01 1.33351000e-01 5.16599000e-02 4.32196000e+01 5.07089000e-02 5.08738000e-02 4.29200000e+01 1.31192000e-01 8.83438000e-02 4.29096000e+01 4.09616000e-02 6.11595000e-02 4.24810000e+01 1.27892000e-01 1.08844000e-01 4.24663000e+01 3.07067000e-02 5.98352000e-02 4.19425000e+01 1.22522000e-01 1.16352000e-01 4.19251000e+01 1.85615000e-02 4.83001000e-02 4.13207000e+01 1.13625000e-01 1.12895000e-01 4.13022000e+01 1.65118000e-03 2.50387000e-02 4.06125000e+01 9.77101000e-02 9.85347000e-02 4.05927000e+01 -2.62677000e-02 -1.59000000e-02 3.97974000e+01 6.89134000e-02 6.93268000e-02 3.97761000e+01 -7.45410000e-02 -8.49487000e-02 3.88436000e+01 1.81139000e-02 1.60281000e-02 3.88203000e+01 -1.56073000e-01 -1.99663000e-01 3.77061000e+01 -6.77247000e-02 -7.71108000e-02 3.76788000e+01 -2.87364000e-01 -3.89800000e-01 3.63197000e+01 -2.05627000e-01 -2.37749000e-01 3.62835000e+01 -4.90014000e-01 -7.11971000e-01 3.45816000e+01 -4.16352000e-01 -5.17809000e-01 3.45293000e+01 -7.87116000e-01 -1.25585000e+00 3.23674000e+01 -7.18391000e-01 -1.01062000e+00 3.22887000e+01 -1.18505000e+00 -2.07031000e+00 2.96788000e+01 -1.10881000e+00 -1.78426000e+00 2.95710000e+01 -1.67429000e+00 -3.25509000e+00 2.65122000e+01 -1.60682000e+00 -2.91188000e+00 2.63560000e+01 -2.24029000e+00 -5.08139000e+00 2.27249000e+01 -2.22836000e+00 -4.68061000e+00 2.24982000e+01 -2.78586000e+00 -7.72011000e+00 1.83745000e+01 -2.85817000e+00 -7.28956000e+00 1.80707000e+01 -3.17326000e+00 -1.11698000e+01 1.36547000e+01 -3.33281000e+00 -1.07414000e+01 1.32727000e+01 -3.30378000e+00 -1.53386000e+01 8.74366000e+00 -3.54198000e+00 -1.49425000e+01 8.28913000e+00 -3.13019000e+00 -2.00975000e+01 3.75275000e+00 -3.39722000e+00 -1.97257000e+01 3.26413000e+00 -4.68076000e+00 -2.22629000e+01 -1.20236000e-02 -4.68076000e+00 -2.22629000e+01 1.20236000e-02 5.17375000e-03 0.00000000e+00 4.25926000e+01 9.03104000e-02 0.00000000e+00 4.25904000e+01 -1.23210000e-04 2.12496000e-02 4.24387000e+01 8.77296000e-02 5.08733000e-02 4.24307000e+01 -1.85071000e-02 2.72992000e-02 4.20375000e+01 7.83036000e-02 7.50729000e-02 4.20232000e+01 -3.89532000e-02 2.20856000e-02 4.15147000e+01 6.60219000e-02 7.59945000e-02 4.14950000e+01 -5.70011000e-02 6.90485000e-03 4.09206000e+01 5.35929000e-02 6.74144000e-02 4.08977000e+01 -7.55475000e-02 -1.49164000e-02 4.02645000e+01 3.90345000e-02 5.15418000e-02 4.02405000e+01 -9.48874000e-02 -4.23444000e-02 3.95469000e+01 2.10041000e-02 3.01243000e-02 3.95216000e+01 -1.19316000e-01 -8.13790000e-02 3.87455000e+01 -4.95978000e-03 5.03640000e-04 3.87192000e+01 -1.58988000e-01 -1.42752000e-01 3.78237000e+01 -4.84673000e-02 -4.71176000e-02 3.77960000e+01 -2.28668000e-01 -2.43354000e-01 3.67351000e+01 -1.24282000e-01 -1.27915000e-01 3.67042000e+01 -3.47752000e-01 -4.10702000e-01 3.54143000e+01 -2.52637000e-01 -2.67539000e-01 3.53752000e+01 -5.41664000e-01 -6.96718000e-01 3.37586000e+01 -4.59560000e-01 -5.14027000e-01 3.37052000e+01 -8.37843000e-01 -1.19886000e+00 3.16244000e+01 -7.72913000e-01 -9.62263000e-01 3.15453000e+01 -1.24668000e+00 -2.02142000e+00 2.89320000e+01 -1.19499000e+00 -1.73391000e+00 2.88186000e+01 -1.75101000e+00 -3.20911000e+00 2.57500000e+01 -1.70430000e+00 -2.87882000e+00 2.55981000e+01 -2.31774000e+00 -4.83523000e+00 2.21171000e+01 -2.28521000e+00 -4.46561000e+00 2.19162000e+01 -2.89634000e+00 -7.01767000e+00 1.80378000e+01 -2.89951000e+00 -6.61684000e+00 1.77806000e+01 -3.42382000e+00 -9.82299000e+00 1.35788000e+01 -3.47955000e+00 -9.40662000e+00 1.32641000e+01 -3.84141000e+00 -1.32495000e+01 8.84927000e+00 -3.96415000e+00 -1.28366000e+01 8.47202000e+00 -3.98296000e+00 -1.75903000e+01 3.92642000e+00 -4.16607000e+00 -1.71931000e+01 3.44285000e+00 -5.17313000e+00 -1.98042000e+01 -1.49912000e-02 -5.17313000e+00 -1.98042000e+01 1.49912000e-02 -2.45072000e-01 0.00000000e+00 4.13212000e+01 -3.91704000e-02 0.00000000e+00 4.12870000e+01 -1.92292000e-01 4.74298000e-03 4.12497000e+01 -1.86296000e-02 1.96901000e-02 4.12209000e+01 -1.63064000e-01 -1.87360000e-02 4.08830000e+01 -1.87237000e-02 3.06441000e-02 4.08571000e+01 -1.76407000e-01 -4.76809000e-02 4.03139000e+01 -4.07348000e-02 1.03954000e-02 4.02862000e+01 -1.95931000e-01 -7.97678000e-02 3.96827000e+01 -6.14848000e-02 -1.64224000e-02 3.96532000e+01 -2.24196000e-01 -1.16328000e-01 3.89909000e+01 -8.61570000e-02 -4.69815000e-02 3.89604000e+01 -2.52202000e-01 -1.50898000e-01 3.82562000e+01 -1.10836000e-01 -7.93612000e-02 3.82245000e+01 -2.73144000e-01 -1.88708000e-01 3.74732000e+01 -1.32876000e-01 -1.11212000e-01 3.74411000e+01 -2.98632000e-01 -2.41437000e-01 3.65968000e+01 -1.63373000e-01 -1.52760000e-01 3.65648000e+01 -3.47642000e-01 -3.25005000e-01 3.55760000e+01 -2.20532000e-01 -2.18778000e-01 3.55425000e+01 -4.43104000e-01 -4.63273000e-01 3.43475000e+01 -3.28334000e-01 -3.31449000e-01 3.43077000e+01 -6.15058000e-01 -7.01625000e-01 3.28113000e+01 -5.17336000e-01 -5.32836000e-01 3.27601000e+01 -8.95058000e-01 -1.12675000e+00 3.08277000e+01 -8.20747000e-01 -9.06582000e-01 3.07554000e+01 -1.29744000e+00 -1.86459000e+00 2.82714000e+01 -1.25053000e+00 -1.58708000e+00 2.81653000e+01 -1.80172000e+00 -3.00757000e+00 2.51488000e+01 -1.77655000e+00 -2.68147000e+00 2.50021000e+01 -2.36842000e+00 -4.58441000e+00 2.15600000e+01 -2.35718000e+00 -4.22227000e+00 2.13692000e+01 -2.95280000e+00 -6.63145000e+00 1.75757000e+01 -2.95369000e+00 -6.24047000e+00 1.73360000e+01 -3.51041000e+00 -9.19937000e+00 1.32444000e+01 -3.52385000e+00 -8.78832000e+00 1.29545000e+01 -4.00449000e+00 -1.22930000e+01 8.64530000e+00 -4.02715000e+00 -1.18690000e+01 8.30056000e+00 -4.37198000e+00 -1.62389000e+01 3.78974000e+00 -4.43108000e+00 -1.58061000e+01 3.35214000e+00 -5.24916000e+00 -1.81218000e+01 -1.76133000e-02 -5.24916000e+00 -1.81218000e+01 1.76133000e-02 -1.29763000e+00 0.00000000e+00 3.84984000e+01 -9.18207000e-01 0.00000000e+00 3.83503000e+01 -9.43517000e-01 -4.34752000e-02 3.88085000e+01 -6.23617000e-01 -1.07698000e-01 3.86974000e+01 -5.66275000e-01 -1.25804000e-01 3.90023000e+01 -3.29938000e-01 -1.26728000e-01 3.89441000e+01 -4.48724000e-01 -1.71373000e-01 3.86961000e+01 -2.59878000e-01 -1.34474000e-01 3.86527000e+01 -4.13329000e-01 -2.11835000e-01 3.81731000e+01 -2.48150000e-01 -1.54481000e-01 3.81353000e+01 -4.44464000e-01 -2.64767000e-01 3.74712000e+01 -2.81534000e-01 -1.89292000e-01 3.74329000e+01 -5.02224000e-01 -3.14434000e-01 3.66826000e+01 -3.29424000e-01 -2.40258000e-01 3.66415000e+01 -5.29059000e-01 -3.54978000e-01 3.59009000e+01 -3.52568000e-01 -2.82862000e-01 3.58598000e+01 -5.33832000e-01 -4.01517000e-01 3.50803000e+01 -3.62370000e-01 -3.22204000e-01 3.50411000e+01 -5.49309000e-01 -4.69000000e-01 3.41483000e+01 -3.88121000e-01 -3.74901000e-01 3.41105000e+01 -6.03982000e-01 -5.75774000e-01 3.30423000e+01 -4.58605000e-01 -4.59053000e-01 3.30018000e+01 -7.32859000e-01 -7.59118000e-01 3.16677000e+01 -6.09107000e-01 -6.08174000e-01 3.16204000e+01 -9.74452000e-01 -1.09279000e+00 2.98877000e+01 -8.79661000e-01 -8.92684000e-01 2.98259000e+01 -1.35169000e+00 -1.69845000e+00 2.75560000e+01 -1.29327000e+00 -1.43834000e+00 2.74665000e+01 -1.84764000e+00 -2.70873000e+00 2.46111000e+01 -1.82576000e+00 -2.39093000e+00 2.44808000e+01 -2.41430000e+00 -4.19753000e+00 2.11185000e+01 -2.41906000e+00 -3.83513000e+00 2.09406000e+01 -3.00001000e+00 -6.20985000e+00 1.71731000e+01 -3.01778000e+00 -5.81075000e+00 1.69408000e+01 -3.55752000e+00 -8.80733000e+00 1.28428000e+01 -3.57516000e+00 -8.37978000e+00 1.25520000e+01 -4.05778000e+00 -1.19608000e+01 8.23505000e+00 -4.06862000e+00 -1.15173000e+01 7.89181000e+00 -4.50154000e+00 -1.56217000e+01 3.42304000e+00 -4.54134000e+00 -1.51801000e+01 3.05265000e+00 -5.28845000e+00 -1.70576000e+01 -1.64069000e-02 -5.28845000e+00 -1.70576000e+01 1.64069000e-02 -2.94768000e+00 0.00000000e+00 3.47837000e+01 -2.56803000e+00 0.00000000e+00 3.46448000e+01 -2.27815000e+00 -5.52884000e-02 3.54294000e+01 -1.94021000e+00 -1.96324000e-01 3.52812000e+01 -1.38452000e+00 -2.77865000e-01 3.62807000e+01 -1.09181000e+00 -3.59467000e-01 3.61810000e+01 -9.49046000e-01 -3.61322000e-01 3.65188000e+01 -7.11267000e-01 -3.81362000e-01 3.64545000e+01 -7.36498000e-01 -3.95755000e-01 3.63695000e+01 -5.44529000e-01 -3.63340000e-01 3.63234000e+01 -7.45566000e-01 -4.55226000e-01 3.57191000e+01 -5.60350000e-01 -3.71713000e-01 3.56717000e+01 -8.73275000e-01 -5.40544000e-01 3.47917000e+01 -6.69802000e-01 -4.49232000e-01 3.47367000e+01 -9.54326000e-01 -6.00564000e-01 3.39246000e+01 -7.31743000e-01 -5.30142000e-01 3.38657000e+01 -9.39953000e-01 -6.47238000e-01 3.31501000e+01 -7.17220000e-01 -5.81469000e-01 3.30942000e+01 -9.02353000e-01 -7.03717000e-01 3.23308000e+01 -6.91319000e-01 -6.27402000e-01 3.22799000e+01 -8.89389000e-01 -7.81761000e-01 3.13827000e+01 -6.98106000e-01 -6.86721000e-01 3.13340000e+01 -9.42199000e-01 -9.08243000e-01 3.02181000e+01 -7.77218000e-01 -7.83265000e-01 3.01691000e+01 -1.10892000e+00 -1.14179000e+00 2.87039000e+01 -9.78403000e-01 -9.70813000e-01 2.86491000e+01 -1.42786000e+00 -1.59011000e+00 2.66777000e+01 -1.34144000e+00 -1.35818000e+00 2.66047000e+01 -1.89644000e+00 -2.40537000e+00 2.40165000e+01 -1.85923000e+00 -2.10726000e+00 2.39075000e+01 -2.46267000e+00 -3.73027000e+00 2.07111000e+01 -2.46766000e+00 -3.37444000e+00 2.05501000e+01 -3.05462000e+00 -5.67614000e+00 1.68345000e+01 -3.08522000e+00 -5.27202000e+00 1.66090000e+01 -3.60836000e+00 -8.31048000e+00 1.24946000e+01 -3.64907000e+00 -7.87243000e+00 1.22031000e+01 -4.10013000e+00 -1.15168000e+01 7.86355000e+00 -4.14734000e+00 -1.10637000e+01 7.52526000e+00 -4.57095000e+00 -1.49140000e+01 3.11451000e+00 -4.63828000e+00 -1.44789000e+01 2.80183000e+00 -5.43718000e+00 -1.60727000e+01 -1.55054000e-02 -5.43718000e+00 -1.60727000e+01 1.55054000e-02 -4.46377000e+00 0.00000000e+00 3.11874000e+01 -4.08709000e+00 0.00000000e+00 3.10591000e+01 -3.65529000e+00 -7.59021000e-02 3.19696000e+01 -3.33011000e+00 -2.56136000e-01 3.18172000e+01 -2.40956000e+00 -4.37848000e-01 3.32216000e+01 -2.10797000e+00 -5.85907000e-01 3.30943000e+01 -1.64207000e+00 -6.22200000e-01 3.39937000e+01 -1.36596000e+00 -6.82973000e-01 3.38994000e+01 -1.34314000e+00 -6.35608000e-01 3.41323000e+01 -1.05899000e+00 -6.34697000e-01 3.40327000e+01 -1.20678000e+00 -6.57382000e-01 3.36729000e+01 -9.57622000e-01 -5.91052000e-01 3.35944000e+01 -1.39632000e+00 -8.13007000e-01 3.25926000e+01 -1.14812000e+00 -6.96492000e-01 3.25073000e+01 -1.60273000e+00 -9.37253000e-01 3.15047000e+01 -1.33600000e+00 -8.52197000e-01 3.14205000e+01 -1.61898000e+00 -9.99691000e-01 3.06927000e+01 -1.34058000e+00 -9.45449000e-01 3.06087000e+01 -1.51938000e+00 -1.05229000e+00 2.99831000e+01 -1.24687000e+00 -9.99897000e-01 2.99052000e+01 -1.40363000e+00 -1.11021000e+00 2.92227000e+01 -1.15177000e+00 -1.04514000e+00 2.91519000e+01 -1.33329000e+00 -1.18872000e+00 2.83119000e+01 -1.11068000e+00 -1.09965000e+00 2.82485000e+01 -1.36892000e+00 -1.32761000e+00 2.71253000e+01 -1.18445000e+00 -1.19786000e+00 2.70672000e+01 -1.57080000e+00 -1.61112000e+00 2.54916000e+01 -1.43639000e+00 -1.42182000e+00 2.54289000e+01 -1.96562000e+00 -2.18815000e+00 2.32329000e+01 -1.89226000e+00 -1.92580000e+00 2.31461000e+01 -2.51393000e+00 -3.25698000e+00 2.02435000e+01 -2.50263000e+00 -2.92224000e+00 2.01065000e+01 -3.12052000e+00 -5.01781000e+00 1.65352000e+01 -3.15867000e+00 -4.62189000e+00 1.63257000e+01 -3.68682000e+00 -7.55688000e+00 1.22537000e+01 -3.75586000e+00 -7.12324000e+00 1.19725000e+01 -4.17912000e+00 -1.06952000e+01 7.64646000e+00 -4.26546000e+00 -1.02473000e+01 7.31945000e+00 -4.66722000e+00 -1.39208000e+01 2.95702000e+00 -4.76012000e+00 -1.34973000e+01 2.67363000e+00 -5.64413000e+00 -1.49704000e+01 -1.42412000e-02 -5.64413000e+00 -1.49704000e+01 1.42412000e-02 -5.99485000e+00 0.00000000e+00 2.75995000e+01 -5.60712000e+00 0.00000000e+00 2.74681000e+01 -5.03182000e+00 -1.22855000e-01 2.85166000e+01 -4.70554000e+00 -3.28455000e-01 2.83445000e+01 -3.69256000e+00 -5.73045000e-01 2.98584000e+01 -3.34136000e+00 -7.01262000e-01 2.96924000e+01 -3.49765000e+00 -7.53712000e-01 3.03064000e+01 -3.05018000e+00 -7.07837000e-01 3.00214000e+01 -3.95080000e+00 -8.46991000e-01 3.01420000e+01 -3.45913000e+00 -8.69420000e-01 2.97183000e+01 -2.98793000e+00 -1.01633000e+00 3.01178000e+01 -2.54573000e+00 -1.10856000e+00 2.98288000e+01 -2.44408000e+00 -1.20351000e+00 2.96303000e+01 -2.08601000e+00 -1.15244000e+00 2.94727000e+01 -2.55439000e+00 -1.36008000e+00 2.86351000e+01 -2.22971000e+00 -1.27571000e+00 2.85053000e+01 -2.61964000e+00 -1.45392000e+00 2.77458000e+01 -2.29370000e+00 -1.40022000e+00 2.76275000e+01 -2.50200000e+00 -1.51194000e+00 2.70671000e+01 -2.17460000e+00 -1.47903000e+00 2.69529000e+01 -2.27666000e+00 -1.56163000e+00 2.64662000e+01 -1.96329000e+00 -1.52967000e+00 2.63591000e+01 -2.04189000e+00 -1.61313000e+00 2.58123000e+01 -1.75401000e+00 -1.56709000e+00 2.57177000e+01 -1.88077000e+00 -1.68515000e+00 2.49811000e+01 -1.62837000e+00 -1.60773000e+00 2.49021000e+01 -1.87962000e+00 -1.82883000e+00 2.38056000e+01 -1.67697000e+00 -1.69786000e+00 2.37386000e+01 -2.11127000e+00 -2.16110000e+00 2.20716000e+01 -1.97585000e+00 -1.95434000e+00 2.20008000e+01 -2.58242000e+00 -2.89296000e+00 1.95729000e+01 -2.52763000e+00 -2.59947000e+00 1.94670000e+01 -3.19839000e+00 -4.30812000e+00 1.62083000e+01 -3.22239000e+00 -3.93579000e+00 1.60306000e+01 -3.80519000e+00 -6.58458000e+00 1.21018000e+01 -3.88625000e+00 -6.16457000e+00 1.18431000e+01 -4.31853000e+00 -9.56867000e+00 7.56676000e+00 -4.42864000e+00 -9.13046000e+00 7.25259000e+00 -4.81489000e+00 -1.27070000e+01 2.91433000e+00 -4.92650000e+00 -1.22919000e+01 2.63963000e+00 -5.87826000e+00 -1.37431000e+01 -1.34665000e-02 -5.87826000e+00 -1.37431000e+01 1.34665000e-02 -7.58831000e+00 0.00000000e+00 2.39482000e+01 -7.19190000e+00 0.00000000e+00 2.38156000e+01 -6.59383000e+00 -1.49015000e-01 2.48823000e+01 -6.23501000e+00 -3.27175000e-01 2.46940000e+01 -5.77577000e+00 -4.67879000e-01 2.57834000e+01 -5.33311000e+00 -4.67339000e-01 2.55291000e+01 -6.95883000e+00 -8.09670000e-01 2.55880000e+01 -6.52469000e+00 -6.11262000e-01 2.51897000e+01 -8.38485000e+00 -9.81244000e-01 2.51979000e+01 -7.88787000e+00 -9.95583000e-01 2.47840000e+01 -6.63421000e+00 -1.24363000e+00 2.53695000e+01 -6.21333000e+00 -1.47862000e+00 2.49594000e+01 -4.76913000e+00 -1.74361000e+00 2.54954000e+01 -4.32555000e+00 -1.84312000e+00 2.52006000e+01 -4.17373000e+00 -1.89519000e+00 2.50408000e+01 -3.76875000e+00 -1.88210000e+00 2.48360000e+01 -4.03414000e+00 -1.98772000e+00 2.43275000e+01 -3.65540000e+00 -1.95166000e+00 2.41602000e+01 -3.88908000e+00 -2.05220000e+00 2.36697000e+01 -3.51499000e+00 -2.03136000e+00 2.35150000e+01 -3.59126000e+00 -2.10088000e+00 2.31533000e+01 -3.22652000e+00 -2.09471000e+00 2.30034000e+01 -3.20223000e+00 -2.14727000e+00 2.26879000e+01 -2.85434000e+00 -2.14111000e+00 2.25481000e+01 -2.81562000e+00 -2.19513000e+00 2.21594000e+01 -2.49259000e+00 -2.17309000e+00 2.20378000e+01 -2.53059000e+00 -2.26149000e+00 2.14304000e+01 -2.24685000e+00 -2.20077000e+00 2.13333000e+01 -2.47080000e+00 -2.40674000e+00 2.02905000e+01 -2.24838000e+00 -2.27742000e+00 2.02140000e+01 -2.73028000e+00 -2.79178000e+00 1.84621000e+01 -2.59602000e+00 -2.56714000e+00 1.83817000e+01 -3.28360000e+00 -3.72881000e+00 1.56873000e+01 -3.25626000e+00 -3.40219000e+00 1.55556000e+01 -3.94128000e+00 -5.55306000e+00 1.19461000e+01 -4.00784000e+00 -5.15618000e+00 1.17268000e+01 -4.50554000e+00 -8.26945000e+00 7.56197000e+00 -4.62480000e+00 -7.84317000e+00 7.26589000e+00 -5.00995000e+00 -1.13390000e+01 2.94547000e+00 -5.13517000e+00 -1.09296000e+01 2.66846000e+00 -6.12999000e+00 -1.24131000e+01 -1.35875000e-02 -6.12999000e+00 -1.24131000e+01 1.35875000e-02 -9.12214000e+00 0.00000000e+00 2.03291000e+01 -8.73507000e+00 0.00000000e+00 2.02117000e+01 -8.51776000e+00 -9.71725000e-02 2.09436000e+01 -8.08885000e+00 -1.68543000e-01 2.07336000e+01 -8.77967000e+00 -3.06327000e-01 2.11829000e+01 -8.31264000e+00 -1.66249000e-01 2.08281000e+01 -1.09092000e+01 -9.26165000e-01 2.07156000e+01 -1.04977000e+01 -6.74011000e-01 2.02826000e+01 -1.24693000e+01 -1.13096000e+00 2.02910000e+01 -1.19754000e+01 -1.13715000e+00 1.98862000e+01 -1.07432000e+01 -1.37255000e+00 2.04702000e+01 -1.03388000e+01 -1.64102000e+00 2.00448000e+01 -8.21950000e+00 -2.12953000e+00 2.07731000e+01 -7.77829000e+00 -2.33385000e+00 2.03865000e+01 -6.72646000e+00 -2.44782000e+00 2.07496000e+01 -6.27408000e+00 -2.53808000e+00 2.04549000e+01 -6.05201000e+00 -2.56216000e+00 2.03826000e+01 -5.62020000e+00 -2.57907000e+00 2.01524000e+01 -5.73238000e+00 -2.63054000e+00 1.98515000e+01 -5.31423000e+00 -2.62842000e+00 1.96492000e+01 -5.37603000e+00 -2.68115000e+00 1.93873000e+01 -4.96747000e+00 -2.69161000e+00 1.91905000e+01 -4.89949000e+00 -2.73177000e+00 1.90122000e+01 -4.49999000e+00 -2.75223000e+00 1.88177000e+01 -4.34234000e+00 -2.78580000e+00 1.86605000e+01 -3.95513000e+00 -2.80910000e+00 1.84764000e+01 -3.76237000e+00 -2.84556000e+00 1.82599000e+01 -3.39856000e+00 -2.85492000e+00 1.81005000e+01 -3.30190000e+00 -2.91863000e+00 1.76582000e+01 -2.98088000e+00 -2.88240000e+00 1.75358000e+01 -3.14881000e+00 -3.06540000e+00 1.65875000e+01 -2.90233000e+00 -2.94265000e+00 1.64993000e+01 -3.43528000e+00 -3.51068000e+00 1.46684000e+01 -3.30504000e+00 -3.26758000e+00 1.45777000e+01 -4.06644000e+00 -4.68870000e+00 1.16090000e+01 -4.07295000e+00 -4.33719000e+00 1.14511000e+01 -4.71719000e+00 -6.91399000e+00 7.56374000e+00 -4.82492000e+00 -6.50657000e+00 7.30400000e+00 -5.24563000e+00 -9.85433000e+00 3.02530000e+00 -5.37915000e+00 -9.45065000e+00 2.74035000e+00 -6.39162000e+00 -1.09991000e+01 -1.43148000e-02 -6.39162000e+00 -1.09991000e+01 1.43148000e-02 -1.11442000e+01 0.00000000e+00 1.64780000e+01 -1.06372000e+01 0.00000000e+00 1.62084000e+01 -1.12612000e+01 -5.21920000e-02 1.65463000e+01 -1.07548000e+01 2.84626000e-02 1.62016000e+01 -1.26769000e+01 -3.96705000e-01 1.62925000e+01 -1.22283000e+01 -1.65353000e-01 1.58424000e+01 -1.51944000e+01 -1.13910000e+00 1.57852000e+01 -1.47719000e+01 -8.94100000e-01 1.53261000e+01 -1.65771000e+01 -1.28133000e+00 1.53992000e+01 -1.60885000e+01 -1.28953000e+00 1.49824000e+01 -1.50200000e+01 -1.46255000e+00 1.55434000e+01 -1.46020000e+01 -1.71554000e+00 1.51009000e+01 -1.23434000e+01 -2.26465000e+00 1.58558000e+01 -1.19187000e+01 -2.52060000e+00 1.54116000e+01 -1.01660000e+01 -2.83451000e+00 1.60396000e+01 -9.70810000e+00 -3.01860000e+00 1.56562000e+01 -8.77768000e+00 -3.09452000e+00 1.59823000e+01 -8.31288000e+00 -3.18813000e+00 1.56810000e+01 -8.10137000e+00 -3.19888000e+00 1.56491000e+01 -7.64555000e+00 -3.22737000e+00 1.53916000e+01 -7.67494000e+00 -3.25718000e+00 1.52375000e+01 -7.22794000e+00 -3.27569000e+00 1.49856000e+01 -7.20784000e+00 -3.30783000e+00 1.48717000e+01 -6.76437000e+00 -3.33923000e+00 1.46119000e+01 -6.58854000e+00 -3.36981000e+00 1.45733000e+01 -6.15083000e+00 -3.42154000e+00 1.43141000e+01 -5.78624000e+00 -3.45696000e+00 1.43436000e+01 -5.36182000e+00 -3.52105000e+00 1.41008000e+01 -4.92255000e+00 -3.56002000e+00 1.41016000e+01 -4.52105000e+00 -3.61164000e+00 1.38927000e+01 -4.20923000e+00 -3.65978000e+00 1.36712000e+01 -3.85016000e+00 -3.65924000e+00 1.35140000e+01 -3.91802000e+00 -3.80965000e+00 1.27132000e+01 -3.64418000e+00 -3.70041000e+00 1.26093000e+01 -4.22645000e+00 -4.31234000e+00 1.07217000e+01 -4.10082000e+00 -4.05798000e+00 1.06215000e+01 -4.90732000e+00 -5.73826000e+00 7.41185000e+00 -4.95026000e+00 -5.37551000e+00 7.22240000e+00 -5.51761000e+00 -8.29815000e+00 3.12593000e+00 -5.64505000e+00 -7.91077000e+00 2.84235000e+00 -6.64553000e+00 -9.51667000e+00 -1.49622000e-02 -6.64553000e+00 -9.51667000e+00 1.49622000e-02 -1.44350000e+01 0.00000000e+00 1.18249000e+01 -1.38861000e+01 0.00000000e+00 1.14735000e+01 -1.51335000e+01 -1.61288000e-01 1.16879000e+01 -1.46236000e+01 1.87371000e-02 1.12638000e+01 -1.71944000e+01 -7.06072000e-01 1.12997000e+01 -1.67542000e+01 -4.51262000e-01 1.08111000e+01 -1.95956000e+01 -1.34857000e+00 1.08219000e+01 -1.91534000e+01 -1.14333000e+00 1.03675000e+01 -2.06580000e+01 -1.42529000e+00 1.04939000e+01 -2.01797000e+01 -1.43594000e+00 1.00903000e+01 -1.93822000e+01 -1.54488000e+00 1.05946000e+01 -1.89430000e+01 -1.75680000e+00 1.01537000e+01 -1.69120000e+01 -2.20475000e+00 1.08754000e+01 -1.64882000e+01 -2.46742000e+00 1.03868000e+01 -1.43569000e+01 -2.94804000e+00 1.11259000e+01 -1.39163000e+01 -3.19995000e+00 1.06636000e+01 -1.22183000e+01 -3.48885000e+00 1.12654000e+01 -1.17476000e+01 -3.67063000e+00 1.08903000e+01 -1.10165000e+01 -3.71213000e+00 1.11350000e+01 -1.05349000e+01 -3.78167000e+00 1.08236000e+01 -1.05176000e+01 -3.78940000e+00 1.07710000e+01 -1.00411000e+01 -3.80817000e+00 1.04634000e+01 -1.01386000e+01 -3.83323000e+00 1.03727000e+01 -9.66614000e+00 -3.86482000e+00 1.00533000e+01 -9.51533000e+00 -3.89221000e+00 1.00758000e+01 -9.05039000e+00 -3.95881000e+00 9.75623000e+00 -8.57391000e+00 -3.99888000e+00 9.91701000e+00 -8.11976000e+00 -4.09450000e+00 9.60672000e+00 -7.42952000e+00 -4.15148000e+00 9.84619000e+00 -6.98731000e+00 -4.25926000e+00 9.55334000e+00 -6.23509000e+00 -4.32184000e+00 9.77518000e+00 -5.80984000e+00 -4.41972000e+00 9.51603000e+00 -5.22283000e+00 -4.47143000e+00 9.53359000e+00 -4.83213000e+00 -4.51244000e+00 9.33640000e+00 -4.76805000e+00 -4.62805000e+00 8.71453000e+00 -4.46463000e+00 -4.53952000e+00 8.59455000e+00 -5.08392000e+00 -5.17644000e+00 6.68135000e+00 -4.96789000e+00 -4.91969000e+00 6.57145000e+00 -5.79084000e+00 -6.84444000e+00 3.15137000e+00 -5.87383000e+00 -6.49683000e+00 2.91613000e+00 -6.81428000e+00 -8.02369000e+00 -1.26624000e-02 -6.81428000e+00 -8.02369000e+00 1.26624000e-02 -1.81510000e+01 0.00000000e+00 6.96862000e+00 -1.75709000e+01 0.00000000e+00 6.59205000e+00 -1.95146000e+01 -3.85746000e-01 6.74058000e+00 -1.90254000e+01 -1.25749000e-01 6.24330000e+00 -2.20473000e+01 -1.13445000e+00 6.30861000e+00 -2.16089000e+01 -8.78389000e-01 5.77296000e+00 -2.42201000e+01 -1.59941000e+00 5.86777000e+00 -2.37621000e+01 -1.44268000e+00 5.36816000e+00 -2.49963000e+01 -1.55978000e+00 5.59746000e+00 -2.45187000e+01 -1.56971000e+00 5.12530000e+00 -2.40441000e+01 -1.53567000e+00 5.64856000e+00 -2.35855000e+01 -1.69614000e+00 5.15174000e+00 -2.18880000e+01 -1.94455000e+00 5.88479000e+00 -2.14583000e+01 -2.19354000e+00 5.36381000e+00 -1.91377000e+01 -2.75461000e+00 6.14713000e+00 -1.87200000e+01 -3.04763000e+00 5.63040000e+00 -1.63914000e+01 -3.64762000e+00 6.36937000e+00 -1.59351000e+01 -3.90765000e+00 5.89775000e+00 -1.46000000e+01 -4.10656000e+00 6.37933000e+00 -1.40911000e+01 -4.22730000e+00 5.97366000e+00 -1.39647000e+01 -4.24090000e+00 6.06286000e+00 -1.34595000e+01 -4.27200000e+00 5.68062000e+00 -1.35765000e+01 -4.30121000e+00 5.65065000e+00 -1.30891000e+01 -4.34167000e+00 5.29352000e+00 -1.28699000e+01 -4.36091000e+00 5.36818000e+00 -1.23996000e+01 -4.43930000e+00 5.03372000e+00 -1.18224000e+01 -4.47036000e+00 5.24714000e+00 -1.13638000e+01 -4.57925000e+00 4.92318000e+00 -1.05474000e+01 -4.63831000e+00 5.23533000e+00 -1.00960000e+01 -4.76648000e+00 4.91629000e+00 -9.12851000e+00 -4.85342000e+00 5.28573000e+00 -8.68284000e+00 -4.99426000e+00 4.97333000e+00 -7.65015000e+00 -5.09992000e+00 5.34869000e+00 -7.21137000e+00 -5.23784000e+00 5.05666000e+00 -6.34605000e+00 -5.32828000e+00 5.27683000e+00 -5.92218000e+00 -5.41603000e+00 5.05047000e+00 -5.68358000e+00 -5.52132000e+00 4.62865000e+00 -5.34864000e+00 -5.44616000e+00 4.51228000e+00 -6.05132000e+00 -6.18870000e+00 2.49743000e+00 -5.94339000e+00 -5.90096000e+00 2.36466000e+00 -6.75887000e+00 -6.83560000e+00 -3.44110000e-03 -6.75887000e+00 -6.83560000e+00 3.44110000e-03 -2.25138000e+01 0.00000000e+00 1.95620000e+00 -2.19445000e+01 0.00000000e+00 1.63549000e+00 -2.38662000e+01 -6.27104000e-01 1.69101000e+00 -2.34438000e+01 -3.64962000e-01 1.45191000e+00 -2.62968000e+01 -1.32827000e+00 1.30187000e+00 -2.59448000e+01 -1.11993000e+00 1.10192000e+00 -2.80950000e+01 -1.66980000e+00 9.87125000e-01 -2.77682000e+01 -1.57309000e+00 8.11597000e-01 -2.85359000e+01 -1.70156000e+00 8.33713000e-01 -2.82317000e+01 -1.71600000e+00 6.91532000e-01 -2.76079000e+01 -1.83398000e+00 8.69589000e-01 -2.73141000e+01 -1.93624000e+00 7.39703000e-01 -2.56646000e+01 -2.28936000e+00 1.01380000e+00 -2.53666000e+01 -2.46097000e+00 8.71054000e-01 -2.31237000e+01 -3.05045000e+00 1.19555000e+00 -2.28079000e+01 -3.27165000e+00 1.03147000e+00 -2.05040000e+01 -3.89877000e+00 1.38088000e+00 -2.01378000e+01 -4.12198000e+00 1.18105000e+00 -1.85142000e+01 -4.49994000e+00 1.43273000e+00 -1.80946000e+01 -4.63113000e+00 1.21842000e+00 -1.73589000e+01 -4.75029000e+00 1.26046000e+00 -1.69681000e+01 -4.80879000e+00 1.08867000e+00 -1.64596000e+01 -4.86053000e+00 1.06256000e+00 -1.61193000e+01 -4.91334000e+00 9.28777000e-01 -1.54418000e+01 -4.98029000e+00 9.53323000e-01 -1.51321000e+01 -5.04435000e+00 8.40047000e-01 -1.42696000e+01 -5.14089000e+00 9.12293000e-01 -1.39735000e+01 -5.21552000e+00 8.07427000e-01 -1.29743000e+01 -5.33635000e+00 9.14965000e-01 -1.26802000e+01 -5.42056000e+00 8.10233000e-01 -1.15805000e+01 -5.55803000e+00 9.48594000e-01 -1.12809000e+01 -5.65202000e+00 8.38535000e-01 -1.01041000e+01 -5.79687000e+00 1.00882000e+00 -9.79318000e+00 -5.90294000e+00 8.89718000e-01 -8.57591000e+00 -6.04104000e+00 1.10382000e+00 -8.24688000e+00 -6.15549000e+00 9.75467000e-01 -7.22011000e+00 -6.28402000e+00 1.11643000e+00 -6.86715000e+00 -6.34630000e+00 9.94359000e-01 -6.52638000e+00 -6.47372000e+00 5.80949000e-01 -6.33272000e+00 -6.40225000e+00 5.43382000e-01 -6.52102000e+00 -6.48950000e+00 -2.21791000e-04 -6.52102000e+00 -6.48950000e+00 2.21791000e-04 0.00000000e+00 1.85390000e-02 4.61335000e+01 0.00000000e+00 2.36241000e-02 4.61283000e+01 0.00000000e+00 5.38587000e-02 4.60279000e+01 0.00000000e+00 6.91978000e-02 4.60251000e+01 0.00000000e+00 8.40386000e-02 4.58192000e+01 0.00000000e+00 1.09738000e-01 4.58182000e+01 0.00000000e+00 1.06064000e-01 4.55096000e+01 0.00000000e+00 1.41900000e-01 4.55095000e+01 0.00000000e+00 1.17143000e-01 4.51018000e+01 0.00000000e+00 1.62682000e-01 4.51015000e+01 0.00000000e+00 1.14624000e-01 4.45986000e+01 0.00000000e+00 1.69618000e-01 4.45978000e+01 0.00000000e+00 9.68401000e-02 4.40060000e+01 0.00000000e+00 1.60490000e-01 4.40049000e+01 0.00000000e+00 6.32991000e-02 4.33369000e+01 0.00000000e+00 1.34217000e-01 4.33358000e+01 0.00000000e+00 5.16119000e-03 4.25924000e+01 0.00000000e+00 9.03011000e-02 4.25902000e+01 0.00000000e+00 -2.45061000e-01 4.13211000e+01 0.00000000e+00 -3.91733000e-02 4.12869000e+01 0.00000000e+00 -1.29755000e+00 3.84983000e+01 0.00000000e+00 -9.18125000e-01 3.83503000e+01 0.00000000e+00 -2.94759000e+00 3.47837000e+01 0.00000000e+00 -2.56793000e+00 3.46448000e+01 0.00000000e+00 -4.46368000e+00 3.11874000e+01 0.00000000e+00 -4.08701000e+00 3.10591000e+01 0.00000000e+00 -5.99477000e+00 2.75995000e+01 0.00000000e+00 -5.60704000e+00 2.74681000e+01 0.00000000e+00 -7.58822000e+00 2.39482000e+01 0.00000000e+00 -7.19182000e+00 2.38156000e+01 0.00000000e+00 -9.12207000e+00 2.03291000e+01 0.00000000e+00 -8.73499000e+00 2.02117000e+01 0.00000000e+00 -1.11442000e+01 1.64780000e+01 0.00000000e+00 -1.06371000e+01 1.62084000e+01 0.00000000e+00 -1.44349000e+01 1.18249000e+01 0.00000000e+00 -1.38860000e+01 1.14735000e+01 0.00000000e+00 -1.81509000e+01 6.96860000e+00 0.00000000e+00 -1.75708000e+01 6.59204000e+00 0.00000000e+00 -2.25137000e+01 1.95619000e+00 0.00000000e+00 -2.19443000e+01 1.63548000e+00 3.67671000e-02 1.86503000e-02 4.60820000e+01 4.70617000e-02 2.37818000e-02 4.60751000e+01 3.70178000e-02 5.41691000e-02 4.59749000e+01 4.76614000e-02 6.96454000e-02 4.59704000e+01 3.74946000e-02 8.44829000e-02 4.57635000e+01 4.87393000e-02 1.10407000e-01 4.57606000e+01 3.79595000e-02 1.06551000e-01 4.54499000e+01 5.00486000e-02 1.42691000e-01 4.54477000e+01 3.80466000e-02 1.17534000e-01 4.50365000e+01 5.12470000e-02 1.63483000e-01 4.50338000e+01 3.71879000e-02 1.14670000e-01 4.45253000e+01 5.19543000e-02 1.70303000e-01 4.45216000e+01 3.46079000e-02 9.58362000e-02 4.39195000e+01 5.19041000e-02 1.60817000e-01 4.39148000e+01 2.92573000e-02 5.97706000e-02 4.32253000e+01 5.16596000e-02 1.33347000e-01 4.32195000e+01 2.12504000e-02 -1.36503000e-04 4.24386000e+01 5.08727000e-02 8.77197000e-02 4.24306000e+01 4.74547000e-03 -1.92294000e-01 4.12495000e+01 1.96951000e-02 -1.86397000e-02 4.12208000e+01 -4.34710000e-02 -9.43467000e-01 3.88084000e+01 -1.07684000e-01 -6.23574000e-01 3.86973000e+01 -5.52856000e-02 -2.27808000e+00 3.54294000e+01 -1.96314000e-01 -1.94014000e+00 3.52812000e+01 -7.58973000e-02 -3.65523000e+00 3.19696000e+01 -2.56127000e-01 -3.33004000e+00 3.18171000e+01 -1.22848000e-01 -5.03175000e+00 2.85166000e+01 -3.28444000e-01 -4.70547000e+00 2.83444000e+01 -1.49009000e-01 -6.59377000e+00 2.48823000e+01 -3.27166000e-01 -6.23494000e+00 2.46939000e+01 -9.71694000e-02 -8.51769000e+00 2.09436000e+01 -1.68539000e-01 -8.08879000e+00 2.07335000e+01 -5.21915000e-02 -1.12611000e+01 1.65463000e+01 2.84618000e-02 -1.07547000e+01 1.62016000e+01 -1.61287000e-01 -1.51334000e+01 1.16879000e+01 1.87366000e-02 -1.46235000e+01 1.12638000e+01 -3.85744000e-01 -1.95145000e+01 6.74056000e+00 -1.25748000e-01 -1.90253000e+01 6.24328000e+00 -6.27099000e-01 -2.38661000e+01 1.69100000e+00 -3.64960000e-01 -2.34437000e+01 1.45189000e+00 7.02247000e-02 1.89066000e-02 4.59260000e+01 9.05767000e-02 2.42180000e-02 4.59175000e+01 7.06396000e-02 5.48643000e-02 4.58146000e+01 9.16651000e-02 7.08745000e-02 4.58087000e+01 7.14319000e-02 8.54191000e-02 4.55952000e+01 9.35791000e-02 1.12219000e-01 4.55908000e+01 7.21213000e-02 1.07461000e-01 4.52700000e+01 9.57798000e-02 1.44792000e-01 4.52662000e+01 7.19337000e-02 1.18040000e-01 4.48412000e+01 9.74814000e-02 1.65560000e-01 4.48365000e+01 6.96078000e-02 1.14115000e-01 4.43089000e+01 9.76812000e-02 1.72003000e-01 4.43026000e+01 6.34442000e-02 9.27895000e-02 4.36706000e+01 9.51371000e-02 1.61527000e-01 4.36626000e+01 5.08761000e-02 5.07007000e-02 4.29199000e+01 8.83445000e-02 1.31187000e-01 4.29095000e+01 2.73028000e-02 -1.85207000e-02 4.20374000e+01 7.50739000e-02 7.82929000e-02 4.20230000e+01 -1.87296000e-02 -1.63079000e-01 4.08829000e+01 3.06497000e-02 -1.87393000e-02 4.08569000e+01 -1.25789000e-01 -5.66274000e-01 3.90022000e+01 -1.26708000e-01 -3.29941000e-01 3.89440000e+01 -2.77844000e-01 -1.38450000e+00 3.62806000e+01 -3.59440000e-01 -1.09179000e+00 3.61810000e+01 -4.37822000e-01 -2.40953000e+00 3.32215000e+01 -5.85876000e-01 -2.10795000e+00 3.30942000e+01 -5.73021000e-01 -3.69252000e+00 2.98583000e+01 -7.01236000e-01 -3.34133000e+00 2.96923000e+01 -4.67866000e-01 -5.77572000e+00 2.57833000e+01 -4.67325000e-01 -5.33306000e+00 2.55290000e+01 -3.06320000e-01 -8.77960000e+00 2.11829000e+01 -1.66244000e-01 -8.31257000e+00 2.08280000e+01 -3.96696000e-01 -1.26768000e+01 1.62925000e+01 -1.65348000e-01 -1.22282000e+01 1.58424000e+01 -7.06057000e-01 -1.71943000e+01 1.12996000e+01 -4.51251000e-01 -1.67540000e+01 1.08110000e+01 -1.13443000e+00 -2.20472000e+01 6.30858000e+00 -8.78374000e-01 -2.16087000e+01 5.77293000e+00 -1.32823000e+00 -2.62966000e+01 1.30185000e+00 -1.11990000e+00 -2.59446000e+01 1.10190000e+00 9.71174000e-02 1.92272000e-02 4.56673000e+01 1.27226000e-01 2.48378000e-02 4.56571000e+01 9.75312000e-02 5.57010000e-02 4.55491000e+01 1.28626000e-01 7.25836000e-02 4.55415000e+01 9.83472000e-02 8.64541000e-02 4.53170000e+01 1.31006000e-01 1.14636000e-01 4.53111000e+01 9.88763000e-02 1.08316000e-01 4.49746000e+01 1.33497000e-01 1.47426000e-01 4.49690000e+01 9.79400000e-02 1.18261000e-01 4.45242000e+01 1.34769000e-01 1.67949000e-01 4.45174000e+01 9.35055000e-02 1.12924000e-01 4.39640000e+01 1.32980000e-01 1.73680000e-01 4.39552000e+01 8.26009000e-02 8.87316000e-02 4.32875000e+01 1.25630000e-01 1.61683000e-01 4.32763000e+01 6.11638000e-02 4.09527000e-02 4.24809000e+01 1.08847000e-01 1.27885000e-01 4.24662000e+01 2.20924000e-02 -3.89669000e-02 4.15146000e+01 7.59991000e-02 6.60106000e-02 4.14949000e+01 -4.76702000e-02 -1.76425000e-01 4.03138000e+01 1.04041000e-02 -4.07516000e-02 4.02861000e+01 -1.71355000e-01 -4.48740000e-01 3.86960000e+01 -1.34455000e-01 -2.59896000e-01 3.86526000e+01 -3.61295000e-01 -9.49057000e-01 3.65187000e+01 -3.81330000e-01 -7.11278000e-01 3.64544000e+01 -6.22162000e-01 -1.64207000e+00 3.39936000e+01 -6.82931000e-01 -1.36597000e+00 3.38993000e+01 -7.53680000e-01 -3.49760000e+00 3.03063000e+01 -7.07811000e-01 -3.05013000e+00 3.00213000e+01 -8.09645000e-01 -6.95875000e+00 2.55880000e+01 -6.11244000e-01 -6.52460000e+00 2.51897000e+01 -9.26139000e-01 -1.09091000e+01 2.07155000e+01 -6.73989000e-01 -1.04976000e+01 2.02826000e+01 -1.13906000e+00 -1.51943000e+01 1.57852000e+01 -8.94072000e-01 -1.47718000e+01 1.53261000e+01 -1.34853000e+00 -1.95954000e+01 1.08218000e+01 -1.14329000e+00 -1.91532000e+01 1.03674000e+01 -1.59937000e+00 -2.42199000e+01 5.86773000e+00 -1.44264000e+00 -2.37619000e+01 5.36813000e+00 -1.66974000e+00 -2.80947000e+01 9.87107000e-01 -1.57303000e+00 -2.77679000e+01 8.11589000e-01 1.14298000e-01 1.94538000e-02 4.53080000e+01 1.54052000e-01 2.54961000e-02 4.52962000e+01 1.14452000e-01 5.61889000e-02 4.51801000e+01 1.55577000e-01 7.43001000e-02 4.51714000e+01 1.14865000e-01 8.67522000e-02 4.49312000e+01 1.58066000e-01 1.16785000e-01 4.49241000e+01 1.14753000e-01 1.07989000e-01 4.45672000e+01 1.60349000e-01 1.49304000e-01 4.45606000e+01 1.12630000e-01 1.16951000e-01 4.40923000e+01 1.60596000e-01 1.69036000e-01 4.40842000e+01 1.05790000e-01 1.10114000e-01 4.35045000e+01 1.56145000e-01 1.73650000e-01 4.34940000e+01 9.01211000e-02 8.32949000e-02 4.27938000e+01 1.43202000e-01 1.59851000e-01 4.27805000e+01 5.98422000e-02 3.06966000e-02 4.19424000e+01 1.16357000e-01 1.22514000e-01 4.19250000e+01 6.91492000e-03 -5.70158000e-02 4.09205000e+01 6.74224000e-02 5.35804000e-02 4.08976000e+01 -7.97533000e-02 -1.95951000e-01 3.96826000e+01 -1.64099000e-02 -6.15029000e-02 3.96531000e+01 -2.11814000e-01 -4.13354000e-01 3.81729000e+01 -1.54461000e-01 -2.48174000e-01 3.81352000e+01 -3.95726000e-01 -7.36528000e-01 3.63693000e+01 -3.63310000e-01 -5.44557000e-01 3.63233000e+01 -6.35569000e-01 -1.34316000e+00 3.41322000e+01 -6.34656000e-01 -1.05901000e+00 3.40326000e+01 -8.46951000e-01 -3.95068000e+00 3.01419000e+01 -8.69382000e-01 -3.45901000e+00 2.97183000e+01 -9.81201000e-01 -8.38470000e+00 2.51979000e+01 -9.95545000e-01 -7.88772000e+00 2.47839000e+01 -1.13092000e+00 -1.24691000e+01 2.02910000e+01 -1.13711000e+00 -1.19753000e+01 1.98861000e+01 -1.28129000e+00 -1.65769000e+01 1.53991000e+01 -1.28949000e+00 -1.60883000e+01 1.49824000e+01 -1.42524000e+00 -2.06578000e+01 1.04939000e+01 -1.43590000e+00 -2.01795000e+01 1.00903000e+01 -1.55973000e+00 -2.49961000e+01 5.59742000e+00 -1.56966000e+00 -2.45185000e+01 5.12527000e+00 -1.70151000e+00 -2.85355000e+01 8.33704000e-01 -1.71595000e+00 -2.82314000e+01 6.91534000e-01 1.19099000e-01 1.93609000e-02 4.48507000e+01 1.68241000e-01 2.60235000e-02 4.48376000e+01 1.18610000e-01 5.56069000e-02 4.47097000e+01 1.69684000e-01 7.54207000e-02 4.47001000e+01 1.18018000e-01 8.50201000e-02 4.44386000e+01 1.71900000e-01 1.17457000e-01 4.44309000e+01 1.16716000e-01 1.04651000e-01 4.40488000e+01 1.73562000e-01 1.48538000e-01 4.40416000e+01 1.13157000e-01 1.11887000e-01 4.35482000e+01 1.72494000e-01 1.66385000e-01 4.35394000e+01 1.04140000e-01 1.03313000e-01 4.29356000e+01 1.65513000e-01 1.69211000e-01 4.29242000e+01 8.48372000e-02 7.44965000e-02 4.22002000e+01 1.47901000e-01 1.53661000e-01 4.21859000e+01 4.83100000e-02 1.85499000e-02 4.13206000e+01 1.12903000e-01 1.13616000e-01 4.13022000e+01 -1.49029000e-02 -7.55635000e-02 4.02645000e+01 5.15533000e-02 3.90204000e-02 4.02404000e+01 -1.16310000e-01 -2.24217000e-01 3.89908000e+01 -4.69652000e-02 -8.61766000e-02 3.89603000e+01 -2.64743000e-01 -4.44493000e-01 3.74711000e+01 -1.89269000e-01 -2.81561000e-01 3.74328000e+01 -4.55195000e-01 -7.45603000e-01 3.57189000e+01 -3.71684000e-01 -5.60385000e-01 3.56715000e+01 -6.57345000e-01 -1.20682000e+00 3.36727000e+01 -5.91013000e-01 -9.57661000e-01 3.35943000e+01 -1.01628000e+00 -2.98787000e+00 3.01177000e+01 -1.10850000e+00 -2.54568000e+00 2.98288000e+01 -1.24358000e+00 -6.63408000e+00 2.53695000e+01 -1.47857000e+00 -6.21320000e+00 2.49594000e+01 -1.37251000e+00 -1.07430000e+01 2.04702000e+01 -1.64097000e+00 -1.03386000e+01 2.00448000e+01 -1.46251000e+00 -1.50198000e+01 1.55433000e+01 -1.71549000e+00 -1.46018000e+01 1.51009000e+01 -1.54483000e+00 -1.93820000e+01 1.05946000e+01 -1.75675000e+00 -1.89428000e+01 1.01537000e+01 -1.53561000e+00 -2.40439000e+01 5.64853000e+00 -1.69609000e+00 -2.35853000e+01 5.15171000e+00 -1.83393000e+00 -2.76076000e+01 8.69578000e-01 -1.93618000e+00 -2.73138000e+01 7.39699000e-01 1.09364000e-01 1.86617000e-02 4.42996000e+01 1.67253000e-01 2.62762000e-02 4.42847000e+01 1.07457000e-01 5.29933000e-02 4.41392000e+01 1.68312000e-01 7.52561000e-02 4.41282000e+01 1.04837000e-01 7.94185000e-02 4.38374000e+01 1.69695000e-01 1.15032000e-01 4.38285000e+01 1.01388000e-01 9.55308000e-02 4.34152000e+01 1.70172000e-01 1.42425000e-01 4.34068000e+01 9.60196000e-02 9.96337000e-02 4.28870000e+01 1.67572000e-01 1.56393000e-01 4.28768000e+01 8.53630000e-02 8.87367000e-02 4.22531000e+01 1.58505000e-01 1.56243000e-01 4.22404000e+01 6.41641000e-02 5.85496000e-02 4.15026000e+01 1.37977000e-01 1.38893000e-01 4.14869000e+01 2.50516000e-02 1.63761000e-03 4.06125000e+01 9.85458000e-02 9.76983000e-02 4.05926000e+01 -4.23274000e-02 -9.49051000e-02 3.95469000e+01 3.01394000e-02 2.09882000e-02 3.95216000e+01 -1.50876000e-01 -2.52224000e-01 3.82562000e+01 -7.93408000e-02 -1.10857000e-01 3.82244000e+01 -3.14405000e-01 -5.02252000e-01 3.66825000e+01 -2.40230000e-01 -3.29450000e-01 3.66414000e+01 -5.40506000e-01 -8.73312000e-01 3.47916000e+01 -4.49198000e-01 -6.69836000e-01 3.47366000e+01 -8.12963000e-01 -1.39637000e+00 3.25924000e+01 -6.96451000e-01 -1.14817000e+00 3.25072000e+01 -1.20345000e+00 -2.44410000e+00 2.96302000e+01 -1.15237000e+00 -2.08603000e+00 2.94726000e+01 -1.74353000e+00 -4.76908000e+00 2.54954000e+01 -1.84303000e+00 -4.32551000e+00 2.52005000e+01 -2.12945000e+00 -8.21941000e+00 2.07731000e+01 -2.33376000e+00 -7.77820000e+00 2.03865000e+01 -2.26457000e+00 -1.23432000e+01 1.58557000e+01 -2.52051000e+00 -1.19186000e+01 1.54116000e+01 -2.20467000e+00 -1.69118000e+01 1.08754000e+01 -2.46733000e+00 -1.64880000e+01 1.03868000e+01 -1.94447000e+00 -2.18878000e+01 5.88477000e+00 -2.19345000e+00 -2.14582000e+01 5.36378000e+00 -2.28928000e+00 -2.56644000e+01 1.01378000e+00 -2.46088000e+00 -2.53664000e+01 8.71043000e-01 8.37467000e-02 1.68957000e-02 4.36625000e+01 1.49321000e-01 2.63489000e-02 4.36456000e+01 7.84203000e-02 4.68456000e-02 4.34684000e+01 1.49287000e-01 7.32537000e-02 4.34557000e+01 7.16140000e-02 6.71841000e-02 4.31206000e+01 1.48635000e-01 1.07363000e-01 4.31102000e+01 6.41793000e-02 7.64081000e-02 4.26543000e+01 1.46567000e-01 1.27136000e-01 4.26444000e+01 5.57235000e-02 7.47235000e-02 4.20931000e+01 1.41666000e-01 1.33834000e-01 4.20813000e+01 4.34578000e-02 6.02455000e-02 4.14404000e+01 1.30828000e-01 1.28760000e-01 4.14258000e+01 2.20925000e-02 2.90690000e-02 4.06832000e+01 1.09205000e-01 1.09401000e-01 4.06658000e+01 -1.58838000e-02 -2.62840000e-02 3.97974000e+01 6.93413000e-02 6.88989000e-02 3.97761000e+01 -8.13587000e-02 -1.19336000e-01 3.87455000e+01 5.22268000e-04 -4.97826000e-03 3.87192000e+01 -1.88682000e-01 -2.73168000e-01 3.74732000e+01 -1.11188000e-01 -1.32899000e-01 3.74411000e+01 -3.54944000e-01 -5.29088000e-01 3.59009000e+01 -2.82830000e-01 -3.52596000e-01 3.58598000e+01 -6.00521000e-01 -9.54358000e-01 3.39245000e+01 -5.30101000e-01 -7.31775000e-01 3.38657000e+01 -9.37198000e-01 -1.60277000e+00 3.15046000e+01 -8.52146000e-01 -1.33604000e+00 3.14204000e+01 -1.36001000e+00 -2.55442000e+00 2.86350000e+01 -1.27564000e+00 -2.22975000e+00 2.85052000e+01 -1.89510000e+00 -4.17374000e+00 2.50407000e+01 -1.88201000e+00 -3.76876000e+00 2.48359000e+01 -2.44772000e+00 -6.72643000e+00 2.07496000e+01 -2.53797000e+00 -6.27405000e+00 2.04549000e+01 -2.83441000e+00 -1.01659000e+01 1.60396000e+01 -3.01849000e+00 -9.70803000e+00 1.56561000e+01 -2.94793000e+00 -1.43568000e+01 1.11259000e+01 -3.19983000e+00 -1.39162000e+01 1.06636000e+01 -2.75449000e+00 -1.91376000e+01 6.14711000e+00 -3.04751000e+00 -1.87199000e+01 5.63038000e+00 -3.05034000e+00 -2.31235000e+01 1.19554000e+00 -3.27152000e+00 -2.28078000e+01 1.03146000e+00 4.14909000e-02 1.43026000e-02 4.29534000e+01 1.13585000e-01 2.69844000e-02 4.29341000e+01 2.89451000e-02 3.52699000e-02 4.26952000e+01 1.10203000e-01 6.91531000e-02 4.26804000e+01 1.29029000e-02 4.36962000e-02 4.22706000e+01 1.04904000e-01 9.09099000e-02 4.22578000e+01 -1.79650000e-03 4.11531000e-02 4.17444000e+01 9.75021000e-02 9.69693000e-02 4.17321000e+01 -1.57648000e-02 2.96078000e-02 4.11417000e+01 8.77315000e-02 9.14543000e-02 4.11273000e+01 -3.10822000e-02 9.27649000e-03 4.04688000e+01 7.41025000e-02 7.83289000e-02 4.04517000e+01 -5.16683000e-02 -2.29499000e-02 3.97121000e+01 5.26105000e-02 5.62412000e-02 3.96923000e+01 -8.49289000e-02 -7.45609000e-02 3.88436000e+01 1.60462000e-02 1.80957000e-02 3.88203000e+01 -1.42728000e-01 -1.59012000e-01 3.78237000e+01 -4.70954000e-02 -4.84893000e-02 3.77960000e+01 -2.41408000e-01 -2.98659000e-01 3.65968000e+01 -1.52732000e-01 -1.63400000e-01 3.65648000e+01 -4.01481000e-01 -5.33863000e-01 3.50803000e+01 -3.22169000e-01 -3.62400000e-01 3.50411000e+01 -6.47191000e-01 -9.39987000e-01 3.31501000e+01 -5.81424000e-01 -7.17254000e-01 3.30941000e+01 -9.99631000e-01 -1.61902000e+00 3.06927000e+01 -9.45391000e-01 -1.34061000e+00 3.06086000e+01 -1.45385000e+00 -2.61968000e+00 2.77457000e+01 -1.40015000e+00 -2.29373000e+00 2.76274000e+01 -1.98763000e+00 -4.03416000e+00 2.43274000e+01 -1.95157000e+00 -3.65542000e+00 2.41602000e+01 -2.56205000e+00 -6.05202000e+00 2.03825000e+01 -2.57895000e+00 -5.62021000e+00 2.01524000e+01 -3.09439000e+00 -8.77765000e+00 1.59823000e+01 -3.18800000e+00 -8.31285000e+00 1.56810000e+01 -3.48872000e+00 -1.22182000e+01 1.12654000e+01 -3.67050000e+00 -1.17476000e+01 1.08902000e+01 -3.64748000e+00 -1.63913000e+01 6.36936000e+00 -3.90752000e+00 -1.59350000e+01 5.89774000e+00 -3.89863000e+00 -2.05039000e+01 1.38087000e+00 -4.12183000e+00 -2.01378000e+01 1.18105000e+00 -5.58161000e-02 9.51844000e-03 4.20750000e+01 5.59026000e-02 2.51183000e-02 4.20472000e+01 -6.06487000e-02 1.50482000e-02 4.17651000e+01 4.73705000e-02 5.70725000e-02 4.17440000e+01 -8.54718000e-02 8.51302000e-04 4.12412000e+01 2.93429000e-02 5.63341000e-02 4.12234000e+01 -1.09637000e-01 -1.98479000e-02 4.06440000e+01 1.23736000e-02 4.12872000e-02 4.06273000e+01 -1.31161000e-01 -4.56705000e-02 3.99968000e+01 -5.64652000e-03 1.93514000e-02 3.99780000e+01 -1.53666000e-01 -7.52460000e-02 3.92989000e+01 -2.57678000e-02 -5.70183000e-03 3.92771000e+01 -1.74445000e-01 -1.09385000e-01 3.85458000e+01 -4.74489000e-02 -3.24862000e-02 3.85216000e+01 -1.99639000e-01 -1.56098000e-01 3.77061000e+01 -7.70886000e-02 -6.77476000e-02 3.76788000e+01 -2.43326000e-01 -2.28696000e-01 3.67351000e+01 -1.27889000e-01 -1.24309000e-01 3.67042000e+01 -3.24972000e-01 -3.47674000e-01 3.55760000e+01 -2.18746000e-01 -2.20563000e-01 3.55425000e+01 -4.68960000e-01 -5.49345000e-01 3.41483000e+01 -3.74862000e-01 -3.88156000e-01 3.41105000e+01 -7.03667000e-01 -9.02392000e-01 3.23308000e+01 -6.27353000e-01 -6.91357000e-01 3.22799000e+01 -1.05222000e+00 -1.51942000e+00 2.99831000e+01 -9.99834000e-01 -1.24691000e+00 2.99052000e+01 -1.51186000e+00 -2.50203000e+00 2.70670000e+01 -1.47895000e+00 -2.17463000e+00 2.69529000e+01 -2.05211000e+00 -3.88911000e+00 2.36697000e+01 -2.03126000e+00 -3.51502000e+00 2.35150000e+01 -2.63043000e+00 -5.73240000e+00 1.98514000e+01 -2.62831000e+00 -5.31425000e+00 1.96492000e+01 -3.19876000e+00 -8.10137000e+00 1.56491000e+01 -3.22724000e+00 -7.64555000e+00 1.53916000e+01 -3.71199000e+00 -1.10164000e+01 1.11349000e+01 -3.78153000e+00 -1.05349000e+01 1.08236000e+01 -4.10642000e+00 -1.46000000e+01 6.37933000e+00 -4.22715000e+00 -1.40911000e+01 5.97366000e+00 -4.49978000e+00 -1.85141000e+01 1.43273000e+00 -4.63097000e+00 -1.80945000e+01 1.21842000e+00 -5.50481000e-01 -7.08195000e-03 4.01809000e+01 -2.85723000e-01 -2.65550000e-02 4.00874000e+01 -3.62844000e-01 -4.18132000e-02 4.02017000e+01 -1.51697000e-01 -3.31436000e-02 4.01482000e+01 -2.93685000e-01 -8.32051000e-02 3.98408000e+01 -1.22794000e-01 -3.71772000e-02 3.98075000e+01 -2.89126000e-01 -1.20500000e-01 3.92763000e+01 -1.33969000e-01 -6.23119000e-02 3.92511000e+01 -3.06634000e-01 -1.61535000e-01 3.86212000e+01 -1.56174000e-01 -9.40720000e-02 3.85953000e+01 -3.45886000e-01 -2.05514000e-01 3.78853000e+01 -1.91032000e-01 -1.33596000e-01 3.78549000e+01 -3.75270000e-01 -2.44705000e-01 3.71240000e+01 -2.18349000e-01 -1.70452000e-01 3.70906000e+01 -3.89772000e-01 -2.87395000e-01 3.63198000e+01 -2.37722000e-01 -2.05656000e-01 3.62835000e+01 -4.10670000e-01 -3.47786000e-01 3.54143000e+01 -2.67509000e-01 -2.52670000e-01 3.53753000e+01 -4.63236000e-01 -4.43142000e-01 3.43475000e+01 -3.31413000e-01 -3.28371000e-01 3.43077000e+01 -5.75730000e-01 -6.04024000e-01 3.30423000e+01 -4.59011000e-01 -4.58645000e-01 3.30018000e+01 -7.81707000e-01 -8.89433000e-01 3.13827000e+01 -6.86669000e-01 -6.98150000e-01 3.13340000e+01 -1.11015000e+00 -1.40368000e+00 2.92227000e+01 -1.04507000e+00 -1.15181000e+00 2.91519000e+01 -1.56154000e+00 -2.27670000e+00 2.64661000e+01 -1.52959000e+00 -1.96333000e+00 2.63591000e+01 -2.10078000e+00 -3.59130000e+00 2.31533000e+01 -2.09461000e+00 -3.22656000e+00 2.30034000e+01 -2.68104000e+00 -5.37607000e+00 1.93872000e+01 -2.69149000e+00 -4.96750000e+00 1.91905000e+01 -3.25705000e+00 -7.67496000e+00 1.52375000e+01 -3.27556000e+00 -7.22797000e+00 1.49856000e+01 -3.78926000e+00 -1.05176000e+01 1.07710000e+01 -3.80802000e+00 -1.00411000e+01 1.04634000e+01 -4.24075000e+00 -1.39647000e+01 6.06285000e+00 -4.27185000e+00 -1.34595000e+01 5.68061000e+00 -4.75013000e+00 -1.73589000e+01 1.26046000e+00 -4.80863000e+00 -1.69681000e+01 1.08866000e+00 -1.95165000e+00 1.26270000e-02 3.68075000e+01 -1.61068000e+00 -7.46295000e-02 3.66268000e+01 -1.20211000e+00 -1.31467000e-01 3.75090000e+01 -9.04819000e-01 -2.24101000e-01 3.73897000e+01 -7.70392000e-01 -2.37689000e-01 3.77529000e+01 -5.24888000e-01 -2.42244000e-01 3.76879000e+01 -6.02450000e-01 -2.78195000e-01 3.75201000e+01 -4.03386000e-01 -2.47346000e-01 3.74819000e+01 -5.60211000e-01 -3.22693000e-01 3.69950000e+01 -3.84863000e-01 -2.59291000e-01 3.69609000e+01 -6.29570000e-01 -3.89230000e-01 3.61993000e+01 -4.47609000e-01 -3.07902000e-01 3.61576000e+01 -7.01763000e-01 -4.45715000e-01 3.53649000e+01 -5.06184000e-01 -3.69662000e-01 3.53157000e+01 -7.11939000e-01 -4.90054000e-01 3.45817000e+01 -5.17778000e-01 -4.16390000e-01 3.45294000e+01 -6.96683000e-01 -5.41707000e-01 3.37586000e+01 -5.13992000e-01 -4.59602000e-01 3.37052000e+01 -7.01585000e-01 -6.15104000e-01 3.28113000e+01 -5.32797000e-01 -5.17382000e-01 3.27601000e+01 -7.59071000e-01 -7.32908000e-01 3.16677000e+01 -6.08128000e-01 -6.09156000e-01 3.16204000e+01 -9.08186000e-01 -9.42251000e-01 3.02181000e+01 -7.83209000e-01 -7.77270000e-01 3.01691000e+01 -1.18866000e+00 -1.33334000e+00 2.83118000e+01 -1.09958000e+00 -1.11074000e+00 2.82485000e+01 -1.61304000e+00 -2.04194000e+00 2.58123000e+01 -1.56700000e+00 -1.75406000e+00 2.57177000e+01 -2.14717000e+00 -3.20228000e+00 2.26879000e+01 -2.14101000e+00 -2.85438000e+00 2.25481000e+01 -2.73165000e+00 -4.89953000e+00 1.90122000e+01 -2.75212000e+00 -4.50003000e+00 1.88176000e+01 -3.30770000e+00 -7.20788000e+00 1.48717000e+01 -3.33910000e+00 -6.76441000e+00 1.46119000e+01 -3.83308000e+00 -1.01387000e+01 1.03727000e+01 -3.86467000e+00 -9.66619000e+00 1.00533000e+01 -4.30106000e+00 -1.35766000e+01 5.65064000e+00 -4.34151000e+00 -1.30891000e+01 5.29351000e+00 -4.86037000e+00 -1.64596000e+01 1.06256000e+00 -4.91317000e+00 -1.61193000e+01 9.28774000e-01 -3.47420000e+00 2.78219000e-02 3.32054000e+01 -3.14885000e+00 -8.46836000e-02 3.30239000e+01 -2.37696000e+00 -2.14435000e-01 3.42803000e+01 -2.07854000e+00 -3.78799000e-01 3.41310000e+01 -1.52097000e+00 -4.39792000e-01 3.50944000e+01 -1.25480000e+00 -5.13185000e-01 3.50090000e+01 -1.08544000e+00 -5.02857000e-01 3.53780000e+01 -8.48349000e-01 -5.23208000e-01 3.53231000e+01 -9.23763000e-01 -5.21898000e-01 3.51184000e+01 -7.09705000e-01 -4.69204000e-01 3.50714000e+01 -1.00388000e+00 -6.07539000e-01 3.42747000e+01 -8.01479000e-01 -5.08852000e-01 3.42193000e+01 -1.19542000e+00 -7.22878000e-01 3.32253000e+01 -9.65020000e-01 -6.29093000e-01 3.31561000e+01 -1.25581000e+00 -7.87167000e-01 3.23675000e+01 -1.01059000e+00 -7.18440000e-01 3.22888000e+01 -1.19883000e+00 -8.37897000e-01 3.16244000e+01 -9.62226000e-01 -7.72966000e-01 3.15453000e+01 -1.12671000e+00 -8.95115000e-01 3.08277000e+01 -9.06540000e-01 -8.20804000e-01 3.07554000e+01 -1.09274000e+00 -9.74513000e-01 2.98877000e+01 -8.92636000e-01 -8.79721000e-01 2.98260000e+01 -1.14173000e+00 -1.10899000e+00 2.87039000e+01 -9.70754000e-01 -9.78466000e-01 2.86491000e+01 -1.32754000e+00 -1.36898000e+00 2.71253000e+01 -1.19779000e+00 -1.18452000e+00 2.70672000e+01 -1.68507000e+00 -1.88083000e+00 2.49811000e+01 -1.60765000e+00 -1.62843000e+00 2.49021000e+01 -2.19502000e+00 -2.81568000e+00 2.21594000e+01 -2.17299000e+00 -2.49265000e+00 2.20378000e+01 -2.78568000e+00 -4.34239000e+00 1.86605000e+01 -2.80898000e+00 -3.95519000e+00 1.84764000e+01 -3.36968000e+00 -6.58860000e+00 1.45733000e+01 -3.42140000e+00 -6.15089000e+00 1.43141000e+01 -3.89206000e+00 -9.51539000e+00 1.00758000e+01 -3.95867000e+00 -9.05045000e+00 9.75622000e+00 -4.36075000e+00 -1.28700000e+01 5.36818000e+00 -4.43914000e+00 -1.23997000e+01 5.03371000e+00 -4.98012000e+00 -1.54418000e+01 9.53321000e-01 -5.04417000e+00 -1.51322000e+01 8.40046000e-01 -4.92709000e+00 3.01008000e-02 2.96739000e+01 -4.61477000e+00 -1.04117000e-01 2.94883000e+01 -3.60385000e+00 -3.15864000e-01 3.09691000e+01 -3.31510000e+00 -5.15817000e-01 3.08038000e+01 -2.54278000e+00 -6.46903000e-01 3.20972000e+01 -2.20285000e+00 -7.57011000e-01 3.19468000e+01 -2.28557000e+00 -7.39262000e-01 3.24295000e+01 -1.84573000e+00 -7.42912000e-01 3.22225000e+01 -2.03968000e+00 -7.82899000e-01 3.23204000e+01 -1.60391000e+00 -8.11029000e-01 3.21214000e+01 -1.74344000e+00 -8.96388000e-01 3.17883000e+01 -1.40773000e+00 -8.19446000e-01 3.16604000e+01 -1.91548000e+00 -1.07075000e+00 3.06817000e+01 -1.63360000e+00 -9.65082000e-01 3.05764000e+01 -2.07028000e+00 -1.18512000e+00 2.96789000e+01 -1.78423000e+00 -1.10887000e+00 2.95711000e+01 -2.02138000e+00 -1.24675000e+00 2.89321000e+01 -1.73387000e+00 -1.19506000e+00 2.88186000e+01 -1.86455000e+00 -1.29752000e+00 2.82714000e+01 -1.58704000e+00 -1.25060000e+00 2.81653000e+01 -1.69840000e+00 -1.35176000e+00 2.75560000e+01 -1.43829000e+00 -1.29334000e+00 2.74665000e+01 -1.59005000e+00 -1.42793000e+00 2.66777000e+01 -1.35812000e+00 -1.34151000e+00 2.66047000e+01 -1.61105000e+00 -1.57088000e+00 2.54916000e+01 -1.42175000e+00 -1.43647000e+00 2.54289000e+01 -1.82874000e+00 -1.87970000e+00 2.38056000e+01 -1.69777000e+00 -1.67705000e+00 2.37386000e+01 -2.26139000e+00 -2.53067000e+00 2.14304000e+01 -2.20066000e+00 -2.24692000e+00 2.13333000e+01 -2.84544000e+00 -3.76243000e+00 1.82599000e+01 -2.85480000e+00 -3.39863000e+00 1.81005000e+01 -3.45682000e+00 -5.78630000e+00 1.43436000e+01 -3.52092000e+00 -5.36189000e+00 1.41008000e+01 -3.99873000e+00 -8.57398000e+00 9.91702000e+00 -4.09435000e+00 -8.11983000e+00 9.60672000e+00 -4.47020000e+00 -1.18224000e+01 5.24714000e+00 -4.57909000e+00 -1.13639000e+01 4.92318000e+00 -5.14072000e+00 -1.42697000e+01 9.12293000e-01 -5.21534000e+00 -1.39736000e+01 8.07426000e-01 -6.44017000e+00 3.50778000e-02 2.60943000e+01 -6.12957000e+00 -1.21799000e-01 2.58930000e+01 -5.04889000e+00 -3.78298000e-01 2.74419000e+01 -4.71221000e+00 -5.72563000e-01 2.72306000e+01 -4.64264000e+00 -6.51790000e-01 2.80740000e+01 -4.19153000e+00 -6.02925000e-01 2.77986000e+01 -5.86345000e+00 -9.31310000e-01 2.78028000e+01 -5.37295000e+00 -7.85862000e-01 2.73775000e+01 -5.65516000e+00 -9.27078000e-01 2.77007000e+01 -5.17878000e+00 -1.11000000e+00 2.72709000e+01 -3.90063000e+00 -1.34620000e+00 2.78167000e+01 -3.44916000e+00 -1.46789000e+00 2.75257000e+01 -3.26666000e+00 -1.55337000e+00 2.73700000e+01 -2.87513000e+00 -1.50825000e+00 2.71759000e+01 -3.25506000e+00 -1.67437000e+00 2.65122000e+01 -2.91185000e+00 -1.60690000e+00 2.63560000e+01 -3.20907000e+00 -1.75109000e+00 2.57501000e+01 -2.87879000e+00 -1.70438000e+00 2.55982000e+01 -3.00753000e+00 -1.80181000e+00 2.51489000e+01 -2.68143000e+00 -1.77664000e+00 2.50021000e+01 -2.70869000e+00 -1.84773000e+00 2.46111000e+01 -2.39089000e+00 -1.82585000e+00 2.44808000e+01 -2.40532000e+00 -1.89653000e+00 2.40165000e+01 -2.10721000e+00 -1.85933000e+00 2.39075000e+01 -2.18808000e+00 -1.96572000e+00 2.32329000e+01 -1.92573000e+00 -1.89236000e+00 2.31461000e+01 -2.16101000e+00 -2.11136000e+00 2.20716000e+01 -1.95426000e+00 -1.97595000e+00 2.20008000e+01 -2.40664000e+00 -2.47089000e+00 2.02905000e+01 -2.27731000e+00 -2.24847000e+00 2.02140000e+01 -2.91851000e+00 -3.30199000e+00 1.76582000e+01 -2.88228000e+00 -2.98097000e+00 1.75359000e+01 -3.55988000e+00 -4.92263000e+00 1.41016000e+01 -3.61150000e+00 -4.52113000e+00 1.38927000e+01 -4.15133000e+00 -7.42960000e+00 9.84620000e+00 -4.25911000e+00 -6.98739000e+00 9.55336000e+00 -4.63814000e+00 -1.05475000e+01 5.23533000e+00 -4.76631000e+00 -1.00961000e+01 4.91629000e+00 -5.33617000e+00 -1.29744000e+01 9.14967000e-01 -5.42038000e+00 -1.26803000e+01 8.10234000e-01 -8.03053000e+00 2.79273000e-02 2.24367000e+01 -7.72274000e+00 -1.29566000e-01 2.22236000e+01 -7.08179000e+00 -2.58206000e-01 2.33910000e+01 -6.68061000e+00 -3.44968000e-01 2.31355000e+01 -7.82502000e+00 -5.50641000e-01 2.34031000e+01 -7.38380000e+00 -3.54739000e-01 2.30409000e+01 -9.98791000e+00 -1.09913000e+00 2.28999000e+01 -9.51095000e+00 -9.22548000e-01 2.24842000e+01 -9.87883000e+00 -1.02910000e+00 2.27767000e+01 -9.40969000e+00 -1.22131000e+00 2.23625000e+01 -7.40735000e+00 -1.68911000e+00 2.30788000e+01 -6.97826000e+00 -1.93252000e+00 2.26939000e+01 -5.73161000e+00 -2.10751000e+00 2.31262000e+01 -5.28912000e+00 -2.19001000e+00 2.28346000e+01 -5.08139000e+00 -2.24038000e+00 2.27250000e+01 -4.68060000e+00 -2.22846000e+00 2.24983000e+01 -4.83521000e+00 -2.31784000e+00 2.21171000e+01 -4.46559000e+00 -2.28531000e+00 2.19163000e+01 -4.58438000e+00 -2.36853000e+00 2.15600000e+01 -4.22224000e+00 -2.35728000e+00 2.13692000e+01 -4.19748000e+00 -2.41441000e+00 2.11185000e+01 -3.83509000e+00 -2.41917000e+00 2.09406000e+01 -3.73022000e+00 -2.46278000e+00 2.07111000e+01 -3.37439000e+00 -2.46777000e+00 2.05501000e+01 -3.25692000e+00 -2.51404000e+00 2.02435000e+01 -2.92218000e+00 -2.50275000e+00 2.01065000e+01 -2.89288000e+00 -2.58253000e+00 1.95729000e+01 -2.59939000e+00 -2.52774000e+00 1.94669000e+01 -2.79168000e+00 -2.73039000e+00 1.84621000e+01 -2.56704000e+00 -2.59614000e+00 1.83817000e+01 -3.06527000e+00 -3.14891000e+00 1.65875000e+01 -2.94253000e+00 -2.90244000e+00 1.64994000e+01 -3.65964000e+00 -4.20933000e+00 1.36712000e+01 -3.65909000e+00 -3.85026000e+00 1.35140000e+01 -4.32168000e+00 -6.23518000e+00 9.77519000e+00 -4.41956000e+00 -5.80994000e+00 9.51604000e+00 -4.85325000e+00 -9.12861000e+00 5.28575000e+00 -4.99409000e+00 -8.68294000e+00 4.97334000e+00 -5.55784000e+00 -1.15806000e+01 9.48597000e-01 -5.65184000e+00 -1.12810000e+01 8.38538000e-01 -9.73136000e+00 -7.29010000e-04 1.86861000e+01 -9.39865000e+00 -6.84082000e-02 1.84540000e+01 -9.89555000e+00 -1.21775000e-01 1.88739000e+01 -9.46975000e+00 -5.16206000e-02 1.85360000e+01 -1.17317000e+01 -6.37987000e-01 1.85279000e+01 -1.13081000e+01 -3.82265000e-01 1.80858000e+01 -1.41054000e+01 -1.24280000e+00 1.80011000e+01 -1.36179000e+01 -1.07986000e+00 1.75740000e+01 -1.40161000e+01 -1.18211000e+00 1.78694000e+01 -1.35366000e+01 -1.35792000e+00 1.74550000e+01 -1.15016000e+01 -1.83330000e+00 1.81813000e+01 -1.10822000e+01 -2.10934000e+00 1.77457000e+01 -9.15952000e+00 -2.50057000e+00 1.84120000e+01 -8.71910000e+00 -2.68353000e+00 1.80310000e+01 -7.72014000e+00 -2.78597000e+00 1.83746000e+01 -7.28959000e+00 -2.85829000e+00 1.80708000e+01 -7.01767000e+00 -2.89646000e+00 1.80378000e+01 -6.61684000e+00 -2.89963000e+00 1.77806000e+01 -6.63143000e+00 -2.95292000e+00 1.75757000e+01 -6.24045000e+00 -2.95381000e+00 1.73360000e+01 -6.20981000e+00 -3.00014000e+00 1.71731000e+01 -5.81072000e+00 -3.01790000e+00 1.69408000e+01 -5.67609000e+00 -3.05474000e+00 1.68345000e+01 -5.27197000e+00 -3.08534000e+00 1.66090000e+01 -5.01775000e+00 -3.12065000e+00 1.65352000e+01 -4.62182000e+00 -3.15880000e+00 1.63257000e+01 -4.30805000e+00 -3.19852000e+00 1.62083000e+01 -3.93572000e+00 -3.22252000e+00 1.60306000e+01 -3.72872000e+00 -3.28374000e+00 1.56872000e+01 -3.40210000e+00 -3.25640000e+00 1.55556000e+01 -3.51057000e+00 -3.43541000e+00 1.46684000e+01 -3.26746000e+00 -3.30517000e+00 1.45777000e+01 -3.80951000e+00 -3.91814000e+00 1.27132000e+01 -3.70026000e+00 -3.64431000e+00 1.26093000e+01 -4.47127000e+00 -5.22295000e+00 9.53361000e+00 -4.51228000e+00 -4.83225000e+00 9.33641000e+00 -5.09974000e+00 -7.65026000e+00 5.34870000e+00 -5.23766000e+00 -7.21148000e+00 5.05667000e+00 -5.79668000e+00 -1.01042000e+01 1.00883000e+00 -5.90275000e+00 -9.79331000e+00 8.89722000e-01 -1.26866000e+01 -7.31778000e-03 1.41996000e+01 -1.23147000e+01 7.08251000e-03 1.38382000e+01 -1.37968000e+01 -2.24591000e-01 1.39968000e+01 -1.33858000e+01 -6.55819000e-02 1.35525000e+01 -1.61619000e+01 -9.22500000e-01 1.35605000e+01 -1.57361000e+01 -6.62664000e-01 1.30832000e+01 -1.83411000e+01 -1.39495000e+00 1.30759000e+01 -1.78403000e+01 -1.26084000e+00 1.26516000e+01 -1.82214000e+01 -1.32639000e+00 1.29531000e+01 -1.77291000e+01 -1.47918000e+00 1.25396000e+01 -1.59254000e+01 -1.84214000e+00 1.32235000e+01 -1.54983000e+01 -2.11578000e+00 1.27625000e+01 -1.33118000e+01 -2.63031000e+00 1.34949000e+01 -1.28871000e+01 -2.86913000e+00 1.30429000e+01 -1.11699000e+01 -3.17338000e+00 1.36547000e+01 -1.07415000e+01 -3.33293000e+00 1.32727000e+01 -9.82302000e+00 -3.42395000e+00 1.35788000e+01 -9.40665000e+00 -3.47968000e+00 1.32641000e+01 -9.19936000e+00 -3.51054000e+00 1.32444000e+01 -8.78832000e+00 -3.52398000e+00 1.29545000e+01 -8.80730000e+00 -3.55765000e+00 1.28428000e+01 -8.37974000e+00 -3.57530000e+00 1.25520000e+01 -8.31042000e+00 -3.60850000e+00 1.24946000e+01 -7.87238000e+00 -3.64921000e+00 1.22031000e+01 -7.55681000e+00 -3.68697000e+00 1.22537000e+01 -7.12318000e+00 -3.75600000e+00 1.19725000e+01 -6.58451000e+00 -3.80534000e+00 1.21018000e+01 -6.16449000e+00 -3.88640000e+00 1.18431000e+01 -5.55297000e+00 -3.94143000e+00 1.19460000e+01 -5.15609000e+00 -4.00799000e+00 1.17268000e+01 -4.68859000e+00 -4.06659000e+00 1.16090000e+01 -4.33708000e+00 -4.07310000e+00 1.14511000e+01 -4.31220000e+00 -4.22660000e+00 1.07217000e+01 -4.05784000e+00 -4.10098000e+00 1.06215000e+01 -4.62789000e+00 -4.76819000e+00 8.71454000e+00 -4.53936000e+00 -4.46478000e+00 8.59455000e+00 -5.32810000e+00 -6.34619000e+00 5.27684000e+00 -5.41585000e+00 -5.92232000e+00 5.05048000e+00 -6.04085000e+00 -8.57605000e+00 1.10383000e+00 -6.15529000e+00 -8.24702000e+00 9.75471000e-01 -1.64302000e+01 -5.50611000e-02 9.34857000e+00 -1.60773000e+01 1.94042000e-02 8.94065000e+00 -1.82845000e+01 -5.09949000e-01 9.00756000e+00 -1.79050000e+01 -3.00365000e-01 8.52208000e+00 -2.07863000e+01 -1.22546000e+00 8.56994000e+00 -2.03431000e+01 -9.94053000e-01 8.07730000e+00 -2.25423000e+01 -1.52043000e+00 8.15767000e+00 -2.20224000e+01 -1.42695000e+00 7.72129000e+00 -2.24057000e+01 -1.47928000e+00 8.04701000e+00 -2.18921000e+01 -1.59601000e+00 7.61377000e+00 -2.05767000e+01 -1.78842000e+00 8.24361000e+00 -2.01224000e+01 -2.02136000e+00 7.75332000e+00 -1.80228000e+01 -2.48957000e+00 8.50987000e+00 -1.76119000e+01 -2.75209000e+00 8.00318000e+00 -1.53387000e+01 -3.30391000e+00 8.74368000e+00 -1.49426000e+01 -3.54211000e+00 8.28914000e+00 -1.32496000e+01 -3.84155000e+00 8.84927000e+00 -1.28366000e+01 -3.96429000e+00 8.47202000e+00 -1.22930000e+01 -4.00464000e+00 8.64531000e+00 -1.18690000e+01 -4.02730000e+00 8.30056000e+00 -1.19608000e+01 -4.05793000e+00 8.23506000e+00 -1.15172000e+01 -4.06877000e+00 7.89182000e+00 -1.15167000e+01 -4.10028000e+00 7.86356000e+00 -1.10637000e+01 -4.14749000e+00 7.52527000e+00 -1.06952000e+01 -4.17928000e+00 7.64646000e+00 -1.02472000e+01 -4.26561000e+00 7.31945000e+00 -9.56859000e+00 -4.31868000e+00 7.56676000e+00 -9.13038000e+00 -4.42880000e+00 7.25259000e+00 -8.26936000e+00 -4.50570000e+00 7.56196000e+00 -7.84308000e+00 -4.62497000e+00 7.26587000e+00 -6.91388000e+00 -4.71736000e+00 7.56372000e+00 -6.50646000e+00 -4.82508000e+00 7.30398000e+00 -5.73814000e+00 -4.90749000e+00 7.41184000e+00 -5.37538000e+00 -4.95044000e+00 7.22239000e+00 -5.17628000e+00 -5.08409000e+00 6.68135000e+00 -4.91953000e+00 -4.96807000e+00 6.57144000e+00 -5.52114000e+00 -5.68375000e+00 4.62865000e+00 -5.44598000e+00 -5.34881000e+00 4.51228000e+00 -6.28382000e+00 -7.22027000e+00 1.11643000e+00 -6.34610000e+00 -6.86731000e+00 9.94361000e-01 -2.07448000e+01 -2.22485000e-01 4.44640000e+00 -2.04312000e+01 -5.33336000e-02 3.91263000e+00 -2.32485000e+01 -1.03913000e+00 4.03054000e+00 -2.28953000e+01 -8.13157000e-01 3.47914000e+00 -2.57229000e+01 -1.66373000e+00 3.57203000e+00 -2.52653000e+01 -1.46704000e+00 3.07774000e+00 -2.71418000e+01 -1.71635000e+00 3.19938000e+00 -2.66146000e+01 -1.65059000e+00 2.77704000e+00 -2.69905000e+01 -1.53514000e+00 3.08471000e+00 -2.64724000e+01 -1.62944000e+00 2.68750000e+00 -2.54188000e+01 -1.62913000e+00 3.22622000e+00 -2.49559000e+01 -1.84050000e+00 2.80913000e+00 -2.29446000e+01 -2.20311000e+00 3.47974000e+00 -2.25388000e+01 -2.46962000e+00 3.02526000e+00 -2.00975000e+01 -3.13032000e+00 3.75277000e+00 -1.97258000e+01 -3.39735000e+00 3.26414000e+00 -1.75904000e+01 -3.98311000e+00 3.92643000e+00 -1.71932000e+01 -4.16622000e+00 3.44285000e+00 -1.62389000e+01 -4.37213000e+00 3.78974000e+00 -1.58062000e+01 -4.43123000e+00 3.35214000e+00 -1.56217000e+01 -4.50169000e+00 3.42304000e+00 -1.51801000e+01 -4.54150000e+00 3.05265000e+00 -1.49139000e+01 -4.57111000e+00 3.11452000e+00 -1.44789000e+01 -4.63844000e+00 2.80184000e+00 -1.39207000e+01 -4.66739000e+00 2.95702000e+00 -1.34973000e+01 -4.76028000e+00 2.67363000e+00 -1.27069000e+01 -4.81505000e+00 2.91432000e+00 -1.22918000e+01 -4.92667000e+00 2.63962000e+00 -1.13389000e+01 -5.01013000e+00 2.94547000e+00 -1.09295000e+01 -5.13534000e+00 2.66845000e+00 -9.85421000e+00 -5.24581000e+00 3.02529000e+00 -9.45054000e+00 -5.37932000e+00 2.74034000e+00 -8.29802000e+00 -5.51779000e+00 3.12592000e+00 -7.91064000e+00 -5.64524000e+00 2.84234000e+00 -6.84429000e+00 -5.79103000e+00 3.15136000e+00 -6.49668000e+00 -5.87402000e+00 2.91612000e+00 -6.18852000e+00 -6.05151000e+00 2.49743000e+00 -5.90078000e+00 -5.94359000e+00 2.36466000e+00 -6.47352000e+00 -6.52657000e+00 5.80949000e-01 -6.40205000e+00 -6.33291000e+00 5.43382000e-01 -2.34229000e+01 2.46345000e-01 1.56088000e-03 -2.34229000e+01 2.46345000e-01 -1.56088000e-03 -2.55616000e+01 -2.27657000e-03 -9.86066000e-03 -2.55616000e+01 -2.27657000e-03 9.86066000e-03 -2.75501000e+01 -7.69667000e-01 -3.80987000e-02 -2.75501000e+01 -7.69667000e-01 3.80987000e-02 -2.85200000e+01 -1.50944000e+00 -4.57112000e-02 -2.85200000e+01 -1.50944000e+00 4.57112000e-02 -2.82594000e+01 -2.19456000e+00 -3.49704000e-02 -2.82594000e+01 -2.19456000e+00 3.49704000e-02 -2.69396000e+01 -2.95504000e+00 -2.48661000e-02 -2.69396000e+01 -2.95504000e+00 2.48661000e-02 -2.48270000e+01 -3.83439000e+00 -1.63892000e-02 -2.48270000e+01 -3.83439000e+00 1.63892000e-02 -2.22630000e+01 -4.68092000e+00 -1.20231000e-02 -2.22630000e+01 -4.68092000e+00 1.20231000e-02 -1.98043000e+01 -5.17330000e+00 -1.49910000e-02 -1.98043000e+01 -5.17330000e+00 1.49910000e-02 -1.81219000e+01 -5.24933000e+00 -1.76131000e-02 -1.81219000e+01 -5.24933000e+00 1.76131000e-02 -1.70576000e+01 -5.28863000e+00 -1.64068000e-02 -1.70576000e+01 -5.28863000e+00 1.64068000e-02 -1.60727000e+01 -5.43737000e+00 -1.55053000e-02 -1.60727000e+01 -5.43737000e+00 1.55053000e-02 -1.49703000e+01 -5.64432000e+00 -1.42411000e-02 -1.49703000e+01 -5.64432000e+00 1.42411000e-02 -1.37430000e+01 -5.87845000e+00 -1.34665000e-02 -1.37430000e+01 -5.87845000e+00 1.34665000e-02 -1.24130000e+01 -6.13018000e+00 -1.35875000e-02 -1.24130000e+01 -6.13018000e+00 1.35875000e-02 -1.09990000e+01 -6.39182000e+00 -1.43148000e-02 -1.09990000e+01 -6.39182000e+00 1.43148000e-02 -9.51654000e+00 -6.64573000e+00 -1.49622000e-02 -9.51654000e+00 -6.64573000e+00 1.49622000e-02 -8.02354000e+00 -6.81449000e+00 -1.26624000e-02 -8.02354000e+00 -6.81449000e+00 1.26624000e-02 -6.83543000e+00 -6.75908000e+00 -3.44110000e-03 -6.83543000e+00 -6.75908000e+00 3.44110000e-03 -6.48930000e+00 -6.52123000e+00 -2.21784000e-04 -6.48930000e+00 -6.52123000e+00 2.21784000e-04
        </DataArray>
        <DataArray type="Float64" Name="PEEQ" format="ascii">
          0.00000000e+00 0.00000000e+00 0.00000000e+00 0.00000000e+00 0.00000000e+00 0.00000000e+00 0.00000000e+00 0.00000000e+00 0.00000000e+00 0.00000000e+00 0.00000000e+00 0.00000000e+00 0.00000000e+00 0.00000000e+00 0.00000000e+00 0.00000000e+00 0.00000000e+00 0.00000000e+00 0.00000000e+00 0.00000000e+00 0.00000000e+00 0.00000000e+00 0.00000000e+00 0.00000000e+00 0.00000000e+00 0.00000000e+00 0.00000000e+00 0.00000000e+00 0.00000000e+00 0.00000000e+00 0.00000000e+00 0.00000000e+00 0.00000000e+00 0.00000000e+00 0.00000000e+00 0.00000000e+00 0.00000000e+00 0.00000000e+00 0.00000000e+00 0.00000000e+00 0.00000000e+00 0.00000000e+00 0.00000000e+00 0.00000000e+00 0.00000000e+00 0.00000000e+00 0.00000000e+00 0.00000000e+00 0.00000000e+00 0.00000000e+00 0.00000000e+00 0.00000000e+00 0.00000000e+00 0.00000000e+00 0.00000000e+00 0.00000000e+00 0.00000000e+00 0.00000000e+00 0.00000000e+00 0.00000000e+00 0.00000000e+00 0.00000000e+00 0.00000000e+00 0.00000000e+00 0.00000000e+00 0.00000000e+00 0.00000000e+00 0.00000000e+00 0.00000000e+00 0.00000000e+00 0.00000000e+00 0.00000000e+00 0.00000000e+00 0.00000000e+00 0.00000000e+00 0.00000000e+00 0.00000000e+00 0.00000000e+00 0.00000000e+00 0.00000000e+00 0.00000000e+00 0.00000000e+00 0.00000000e+00 0.00000000e+00 0.00000000e+00 0.00000000e+00 0.00000000e+00 0.00000000e+00 0.00000000e+00 0.00000000e+00 0.00000000e+00 0.00000000e+00 0.00000000e+00 0.00000000e+00 0.00000000e+00 0.00000000e+00 0.00000000e+00 0.00000000e+00 0.00000000e+00 0.00000000e+00 0.00000000e+00 0.00000000e+00 0.00000000e+00 0.00000000e+00 0.00000000e+00 0.00000000e+00 0.00000000e+00 0.00000000e+00 0.00000000e+00 0.00000000e+00 0.00000000e+00 0.00000000e+00 0.00000000e+00 0.00000000e+00 0.00000000e+00 0.00000000e+00 0.00000000e+00 0.00000000e+00 0.00000000e+00 0.00000000e+00 0.00000000e+00 0.00000000e+00 0.00000000e+00 0.00000000e+00 0.00000000e+00 0.00000000e+00 0.00000000e+00 0.00000000e+00 0.00000000e+00 0.00000000e+00 0.00000000e+00 0.00000000e+00 0.00000000e+00 0.00000000e+00 0.00000000e+00 0.00000000e+00 0.00000000e+00 0.00000000e+00 0.00000000e+00 0.00000000e+00 0.00000000e+00 0.00000000e+00 0.00000000e+00 0.00000000e+00 0.00000000e+00 0.00000000e+00 0.00000000e+00 0.00000000e+00 0.00000000e+00 0.00000000e+00 0.00000000e+00 0.00000000e+00 0.00000000e+00 0.00000000e+00 0.00000000e+00 0.00000000e+00 0.00000000e+00 0.00000000e+00 0.00000000e+00 0.00000000e+00 0.00000000e+00 0.00000000e+00 0.00000000e+00 0.00000000e+00 0.00000000e+00 0.00000000e+00 0.00000000e+00 0.00000000e+00 0.00000000e+00 0.00000000e+00 0.00000000e+00 0.00000000e+00 0.00000000e+00 0.00000000e+00 0.00000000e+00 0.00000000e+00 0.00000000e+00 0.00000000e+00 0.00000000e+00 0.00000000e+00 0.00000000e+00 0.00000000e+00 0.00000000e+00 0.00000000e+00 0.00000000e+00 0.00000000e+00 0.00000000e+00 0.00000000e+00 0.00000000e+00 0.00000000e+00 0.00000000e+00 0.00000000e+00 0.00000000e+00 0.00000000e+00 0.00000000e+00 0.00000000e+00 0.00000000e+00 0.00000000e+00 0.00000000e+00 0.00000000e+00 0.00000000e+00 0.00000000e+00 0.00000000e+00 0.00000000e+00 0.00000000e+00 0.00000000e+00 0.00000000e+00 0.00000000e+00 0.00000000e+00 0.00000000e+00 0.00000000e+00 0.00000000e+00 0.00000000e+00 0.00000000e+00 0.00000000e+00 0.00000000e+00 0.00000000e+00 0.00000000e+00 0.00000000e+00 0.00000000e+00 0.00000000e+00 0.00000000e+00 0.00000000e+00 0.00000000e+00 0.00000000e+00 0.00000000e+00 0.00000000e+00 0.00000000e+00 0.00000000e+00 0.00000000e+00 0.00000000e+00 0.00000000e+00 0.00000000e+00 0.00000000e+00 0.00000000e+00 0.00000000e+00 0.00000000e+00 0.00000000e+00 0.00000000e+00 0.00000000e+00 0.00000000e+00 0.00000000e+00 0.00000000e+00 0.00000000e+00 0.00000000e+00 0.00000000e+00 0.00000000e+00 0.00000000e+00 0.00000000e+00 0.00000000e+00 0.00000000e+00 0.00000000e+00 0.00000000e+00 0.00000000e+00 0.00000000e+00 0.00000000e+00 0.00000000e+00 0.00000000e+00 0.00000000e+00 0.00000000e+00 0.00000000e+00 0.00000000e+00 0.00000000e+00 0.00000000e+00 0.00000000e+00 0.00000000e+00 0.00000000e+00 0.00000000e+00 0.00000000e+00 0.00000000e+00 0.00000000e+00 0.00000000e+00 0.00000000e+00 0.00000000e+00 0.00000000e+00 0.00000000e+00 0.00000000e+00 0.00000000e+00 0.00000000e+00 0.00000000e+00 0.00000000e+00 0.00000000e+00 0.00000000e+00 0.00000000e+00 0.00000000e+00 0.00000000e+00 0.00000000e+00 0.00000000e+00 0.00000000e+00 0.00000000e+00 0.00000000e+00 0.00000000e+00 0.00000000e+00 0.00000000e+00 0.00000000e+00 0.00000000e+00 0.00000000e+00 0.00000000e+00 0.00000000e+00 0.00000000e+00 0.00000000e+00 0.00000000e+00 0.00000000e+00 0.00000000e+00 0.00000000e+00 0.00000000e+00 0.00000000e+00 0.00000000e+00 0.00000000e+00 0.00000000e+00 0.00000000e+00 0.00000000e+00 0.00000000e+00 0.00000000e+00 0.00000000e+00 0.00000000e+00 0.00000000e+00 0.00000000e+00 0.00000000e+00 0.00000000e+00 0.00000000e+00 0.00000000e+00 0.00000000e+00 0.00000000e+00 0.00000000e+00 0.00000000e+00 0.00000000e+00 0.00000000e+00 0.00000000e+00 0.00000000e+00 0.00000000e+00 0.00000000e+00 0.00000000e+00 0.00000000e+00 0.00000000e+00 0.00000000e+00 0.00000000e+00 0.00000000e+00 0.00000000e+00 0.00000000e+00 0.00000000e+00 0.00000000e+00 0.00000000e+00 0.00000000e+00 0.00000000e+00 0.00000000e+00 0.00000000e+00 0.00000000e+00 0.00000000e+00 0.00000000e+00 0.00000000e+00 0.00000000e+00 0.00000000e+00 0.00000000e+00 0.00000000e+00 0.00000000e+00 0.00000000e+00 0.00000000e+00 0.00000000e+00 0.00000000e+00 0.00000000e+00 0.00000000e+00 0.00000000e+00 0.00000000e+00 0.00000000e+00 0.00000000e+00 0.00000000e+00 0.00000000e+00 0.00000000e+00 0.00000000e+00 0.00000000e+00 0.00000000e+00 0.00000000e+00 0.00000000e+00 0.00000000e+00 0.00000000e+00 0.00000000e+00 0.00000000e+00 0.00000000e+00 0.00000000e+00 0.00000000e+00 0.00000000e+00 0.00000000e+00 0.00000000e+00 0.00000000e+00 0.00000000e+00 0.00000000e+00 0.00000000e+00 0.00000000e+00 0.00000000e+00 0.00000000e+00 0.00000000e+00 0.00000000e+00 0.00000000e+00 0.00000000e+00 0.00000000e+00 0.00000000e+00 0.00000000e+00 0.00000000e+00 0.00000000e+00 0.00000000e+00 0.00000000e+00 0.00000000e+00 0.00000000e+00 0.00000000e+00 0.00000000e+00 0.00000000e+00 0.00000000e+00 0.00000000e+00 0.00000000e+00 0.00000000e+00 0.00000000e+00 0.00000000e+00 0.00000000e+00 0.00000000e+00 0.00000000e+00 0.00000000e+00 0.00000000e+00 0.00000000e+00 0.00000000e+00 0.00000000e+00 0.00000000e+00 0.00000000e+00 0.00000000e+00 0.00000000e+00 0.00000000e+00 0.00000000e+00 0.00000000e+00 0.00000000e+00 0.00000000e+00 0.00000000e+00 0.00000000e+00 0.00000000e+00 0.00000000e+00 0.00000000e+00 0.00000000e+00 0.00000000e+00 0.00000000e+00 0.00000000e+00 0.00000000e+00 0.00000000e+00 0.00000000e+00 0.00000000e+00 0.00000000e+00 0.00000000e+00 0.00000000e+00 0.00000000e+00 0.00000000e+00 0.00000000e+00 0.00000000e+00 0.00000000e+00 0.00000000e+00 0.00000000e+00 0.00000000e+00 0.00000000e+00 0.00000000e+00 0.00000000e+00 0.00000000e+00 0.00000000e+00 0.00000000e+00 0.00000000e+00 0.00000000e+00 0.00000000e+00 0.00000000e+00 0.00000000e+00 0.00000000e+00 0.00000000e+00 0.00000000e+00 0.00000000e+00 0.00000000e+00 0.00000000e+00 0.00000000e+00 0.00000000e+00 0.00000000e+00 0.00000000e+00 0.00000000e+00 0.00000000e+00 0.00000000e+00 0.00000000e+00 0.00000000e+00 0.00000000e+00 0.00000000e+00 0.00000000e+00 0.00000000e+00 0.00000000e+00 0.00000000e+00 0.00000000e+00 0.00000000e+00 0.00000000e+00 0.00000000e+00 0.00000000e+00 0.00000000e+00 0.00000000e+00 0.00000000e+00 0.00000000e+00 0.00000000e+00 0.00000000e+00 0.00000000e+00 0.00000000e+00 0.00000000e+00 0.00000000e+00 0.00000000e+00 0.00000000e+00 0.00000000e+00 0.00000000e+00 0.00000000e+00 0.00000000e+00 0.00000000e+00 0.00000000e+00 0.00000000e+00 0.00000000e+00 0.00000000e+00 0.00000000e+00 0.00000000e+00 0.00000000e+00 0.00000000e+00 0.00000000e+00 0.00000000e+00 0.00000000e+00 0.00000000e+00 0.00000000e+00 0.00000000e+00 0.00000000e+00 0.00000000e+00 0.00000000e+00 0.00000000e+00 0.00000000e+00 0.00000000e+00 0.00000000e+00 0.00000000e+00 0.00000000e+00 0.00000000e+00 0.00000000e+00 0.00000000e+00 0.00000000e+00 0.00000000e+00 0.00000000e+00 0.00000000e+00 0.00000000e+00 0.00000000e+00 0.00000000e+00 0.00000000e+00 0.00000000e+00 0.00000000e+00 0.00000000e+00 0.00000000e+00 0.00000000e+00 0.00000000e+00 0.00000000e+00 0.00000000e+00 0.00000000e+00 0.00000000e+00 0.00000000e+00 0.00000000e+00 0.00000000e+00 0.00000000e+00 0.00000000e+00 0.00000000e+00 0.00000000e+00 0.00000000e+00 0.00000000e+00 0.00000000e+00 0.00000000e+00 0.00000000e+00 0.00000000e+00 0.00000000e+00 0.00000000e+00 0.00000000e+00 0.00000000e+00 0.00000000e+00 0.00000000e+00 0.00000000e+00 0.00000000e+00 0.00000000e+00 0.00000000e+00 0.00000000e+00 0.00000000e+00 0.00000000e+00 0.00000000e+00 0.00000000e+00 0.00000000e+00 0.00000000e+00 0.00000000e+00 0.00000000e+00 0.00000000e+00 0.00000000e+00 0.00000000e+00 0.00000000e+00 0.00000000e+00 0.00000000e+00 0.00000000e+00 0.00000000e+00 0.00000000e+00 0.00000000e+00 0.00000000e+00 0.00000000e+00 0.00000000e+00 0.00000000e+00 0.00000000e+00 0.00000000e+00 0.00000000e+00 0.00000000e+00 0.00000000e+00 0.00000000e+00 0.00000000e+00 0.00000000e+00 0.00000000e+00 0.00000000e+00 0.00000000e+00 0.00000000e+00 0.00000000e+00 0.00000000e+00 0.00000000e+00 0.00000000e+00 0.00000000e+00 0.00000000e+00 0.00000000e+00 0.00000000e+00 0.00000000e+00 0.00000000e+00 0.00000000e+00 0.00000000e+00 0.00000000e+00 0.00000000e+00 0.00000000e+00 0.00000000e+00 0.00000000e+00 0.00000000e+00 0.00000000e+00 0.00000000e+00 0.00000000e+00 0.00000000e+00 0.00000000e+00 0.00000000e+00 0.00000000e+00 0.00000000e+00 0.00000000e+00 0.00000000e+00 0.00000000e+00 0.00000000e+00 0.00000000e+00 0.00000000e+00 0.00000000e+00 0.00000000e+00 0.00000000e+00 0.00000000e+00 0.00000000e+00 0.00000000e+00 0.00000000e+00 0.00000000e+00 0.00000000e+00 0.00000000e+00 0.00000000e+00 0.00000000e+00 0.00000000e+00 0.00000000e+00 0.00000000e+00 0.00000000e+00 0.00000000e+00 0.00000000e+00 0.00000000e+00 0.00000000e+00 0.00000000e+00 0.00000000e+00 0.00000000e+00 0.00000000e+00 0.00000000e+00 0.00000000e+00 0.00000000e+00 0.00000000e+00 0.00000000e+00 0.00000000e+00 0.00000000e+00 0.00000000e+00 0.00000000e+00 0.00000000e+00 0.00000000e+00 0.00000000e+00 0.00000000e+00 0.00000000e+00 0.00000000e+00 0.00000000e+00 0.00000000e+00 0.00000000e+00 0.00000000e+00 0.00000000e+00 0.00000000e+00 0.00000000e+00 0.00000000e+00 0.00000000e+00 0.00000000e+00 0.00000000e+00 0.00000000e+00 0.00000000e+00 0.00000000e+00 0.00000000e+00 0.00000000e+00 0.00000000e+00 0.00000000e+00 0.00000000e+00 0.00000000e+00 0.00000000e+00 0.00000000e+00 0.00000000e+00 0.00000000e+00 0.00000000e+00 0.00000000e+00 0.00000000e+00 0.00000000e+00 0.00000000e+00 0.00000000e+00 0.00000000e+00 0.00000000e+00 0.00000000e+00 0.00000000e+00 0.00000000e+00 0.00000000e+00 0.00000000e+00 0.00000000e+00 0.00000000e+00 0.00000000e+00 0.00000000e+00 0.00000000e+00 0.00000000e+00 0.00000000e+00 0.00000000e+00 0.00000000e+00 0.00000000e+00 0.00000000e+00 0.00000000e+00 0.00000000e+00 0.00000000e+00 0.00000000e+00 0.00000000e+00 0.00000000e+00 0.00000000e+00 0.00000000e+00 0.00000000e+00 0.00000000e+00 0.00000000e+00 0.00000000e+00 0.00000000e+00 0.00000000e+00 0.00000000e+00 0.00000000e+00 0.00000000e+00 0.00000000e+00 0.00000000e+00 0.00000000e+00 0.00000000e+00 0.00000000e+00 0.00000000e+00 0.00000000e+00 0.00000000e+00 0.00000000e+00 0.00000000e+00 0.00000000e+00 0.00000000e+00 0.00000000e+00 0.00000000e+00 0.00000000e+00 0.00000000e+00 0.00000000e+00 0.00000000e+00 0.00000000e+00 0.00000000e+00 0.00000000e+00 0.00000000e+00 0.00000000e+00 0.00000000e+00 0.00000000e+00 0.00000000e+00 0.00000000e+00 0.00000000e+00 0.00000000e+00 0.00000000e+00 0.00000000e+00 0.00000000e+00 0.00000000e+00 0.00000000e+00 0.00000000e+00 0.00000000e+00 0.00000000e+00 0.00000000e+00 0.00000000e+00 0.00000000e+00 0.00000000e+00 0.00000000e+00 0.00000000e+00 0.00000000e+00 0.00000000e+00 0.00000000e+00 0.00000000e+00 0.00000000e+00 0.00000000e+00 0.00000000e+00 0.00000000e+00 0.00000000e+00 0.00000000e+00 0.00000000e+00 0.00000000e+00 0.00000000e+00 0.00000000e+00 0.00000000e+00 0.00000000e+00 0.00000000e+00 0.00000000e+00 0.00000000e+00 0.00000000e+00 0.00000000e+00 0.00000000e+00 0.00000000e+00 0.00000000e+00 0.00000000e+00 0.00000000e+00 0.00000000e+00 0.00000000e+00 0.00000000e+00 0.00000000e+00 0.00000000e+00 0.00000000e+00 0.00000000e+00 0.00000000e+00 0.00000000e+00 0.00000000e+00 0.00000000e+00 0.00000000e+00 0.00000000e+00 0.00000000e+00 0.00000000e+00 0.00000000e+00 0.00000000e+00 0.00000000e+00 0.00000000e+00 0.00000000e+00 0.00000000e+00 0.00000000e+00 0.00000000e+00 0.00000000e+00 0.00000000e+00 0.00000000e+00 0.00000000e+00 0.00000000e+00 0.00000000e+00 0.00000000e+00 0.00000000e+00 0.00000000e+00 0.00000000e+00 0.00000000e+00 0.00000000e+00 0.00000000e+00 0.00000000e+00 0.00000000e+00 0.00000000e+00 0.00000000e+00 0.00000000e+00 0.00000000e+00 0.00000000e+00 0.00000000e+00 0.00000000e+00 0.00000000e+00 0.00000000e+00 0.00000000e+00 0.00000000e+00 0.00000000e+00 0.00000000e+00 0.00000000e+00 0.00000000e+00 0.00000000e+00 0.00000000e+00 0.00000000e+00 0.00000000e+00 0.00000000e+00 0.00000000e+00 0.00000000e+00 0.00000000e+00 0.00000000e+00 0.00000000e+00 0.00000000e+00 0.00000000e+00 0.00000000e+00 0.00000000e+00 0.00000000e+00 0.00000000e+00 0.00000000e+00 0.00000000e+00 0.00000000e+00 0.00000000e+00 0.00000000e+00 0.00000000e+00 0.00000000e+00 0.00000000e+00 0.00000000e+00 0.00000000e+00 0.00000000e+00 0.00000000e+00 0.00000000e+00 0.00000000e+00 0.00000000e+00 0.00000000e+00 0.00000000e+00 0.00000000e+00 0.00000000e+00 0.00000000e+00 0.00000000e+00 0.00000000e+00 0.00000000e+00 0.00000000e+00 0.00000000e+00 0.00000000e+00 0.00000000e+00 0.00000000e+00 0.00000000e+00 0.00000000e+00 0.00000000e+00 0.00000000e+00 0.00000000e+00 0.00000000e+00 0.00000000e+00 0.00000000e+00 0.00000000e+00 0.00000000e+00 0.00000000e+00 0.00000000e+00 0.00000000e+00 0.00000000e+00 0.00000000e+00 0.00000000e+00 0.00000000e+00 0.00000000e+00 0.00000000e+00 0.00000000e+00 0.00000000e+00 0.00000000e+00 0.00000000e+00 0.00000000e+00 0.00000000e+00 0.00000000e+00 0.00000000e+00 0.00000000e+00 0.00000000e+00 0.00000000e+00 0.00000000e+00 0.00000000e+00 0.00000000e+00 0.00000000e+00 0.00000000e+00 0.00000000e+00 0.00000000e+00 0.00000000e+00 0.00000000e+00 0.00000000e+00 0.00000000e+00 0.00000000e+00 0.00000000e+00 0.00000000e+00 0.00000000e+00 0.00000000e+00 0.00000000e+00 0.00000000e+00 0.00000000e+00 0.00000000e+00 0.00000000e+00 0.00000000e+00 0.00000000e+00 0.00000000e+00 0.00000000e+00 0.00000000e+00 0.00000000e+00 0.00000000e+00 0.00000000e+00 0.00000000e+00 0.00000000e+00 0.00000000e+00 0.00000000e+00 0.00000000e+00 0.00000000e+00 0.00000000e+00 0.00000000e+00 0.00000000e+00 0.00000000e+00 0.00000000e+00 0.00000000e+00 0.00000000e+00 0.00000000e+00 0.00000000e+00 0.00000000e+00 0.00000000e+00 0.00000000e+00 0.00000000e+00 0.00000000e+00 0.00000000e+00 0.00000000e+00 0.00000000e+00 0.00000000e+00 0.00000000e+00 0.00000000e+00 0.00000000e+00 0.00000000e+00 0.00000000e+00 0.00000000e+00 0.00000000e+00 0.00000000e+00 0.00000000e+00 0.00000000e+00 0.00000000e+00 0.00000000e+00 0.00000000e+00 0.00000000e+00 0.00000000e+00 0.00000000e+00 0.00000000e+00 0.00000000e+00 0.00000000e+00 0.00000000e+00 0.00000000e+00 0.00000000e+00 0.00000000e+00 0.00000000e+00 0.00000000e+00 0.00000000e+00 0.00000000e+00 0.00000000e+00 0.00000000e+00 0.00000000e+00 0.00000000e+00 0.00000000e+00 0.00000000e+00 0.00000000e+00 0.00000000e+00 0.00000000e+00 0.00000000e+00 0.00000000e+00 0.00000000e+00 0.00000000e+00 0.00000000e+00 0.00000000e+00 0.00000000e+00 0.00000000e+00 0.00000000e+00 0.00000000e+00 0.00000000e+00 0.00000000e+00 0.00000000e+00 0.00000000e+00 0.00000000e+00 0.00000000e+00 0.00000000e+00 0.00000000e+00 0.00000000e+00 0.00000000e+00 0.00000000e+00 0.00000000e+00 0.00000000e+00 0.00000000e+00 0.00000000e+00 0.00000000e+00 0.00000000e+00 0.00000000e+00 0.00000000e+00 0.00000000e+00 0.00000000e+00 0.00000000e+00 0.00000000e+00 0.00000000e+00 0.00000000e+00 0.00000000e+00 0.00000000e+00 0.00000000e+00 0.00000000e+00 0.00000000e+00 0.00000000e+00 0.00000000e+00 0.00000000e+00 0.00000000e+00 0.00000000e+00 0.00000000e+00 0.00000000e+00 0.00000000e+00 0.00000000e+00 0.00000000e+00 0.00000000e+00 0.00000000e+00 0.00000000e+00 0.00000000e+00 0.00000000e+00 0.00000000e+00 0.00000000e+00 0.00000000e+00 0.00000000e+00 0.00000000e+00 0.00000000e+00 0.00000000e+00 0.00000000e+00 0.00000000e+00 0.00000000e+00 0.00000000e+00 0.00000000e+00 0.00000000e+00 0.00000000e+00 0.00000000e+00 0.00000000e+00 0.00000000e+00 0.00000000e+00 0.00000000e+00 0.00000000e+00 0.00000000e+00 0.00000000e+00 0.00000000e+00 0.00000000e+00 0.00000000e+00 0.00000000e+00 0.00000000e+00 0.00000000e+00 0.00000000e+00 0.00000000e+00 0.00000000e+00 0.00000000e+00 0.00000000e+00 0.00000000e+00 0.00000000e+00 0.00000000e+00 0.00000000e+00 0.00000000e+00 0.00000000e+00 0.00000000e+00 0.00000000e+00 0.00000000e+00 0.00000000e+00 0.00000000e+00 0.00000000e+00 0.00000000e+00 0.00000000e+00 0.00000000e+00 0.00000000e+00 0.00000000e+00 0.00000000e+00 0.00000000e+00 0.00000000e+00 0.00000000e+00 0.00000000e+00 0.00000000e+00 0.00000000e+00 0.00000000e+00 0.00000000e+00 0.00000000e+00 0.00000000e+00 0.00000000e+00 0.00000000e+00 0.00000000e+00 0.00000000e+00 0.00000000e+00 0.00000000e+00 0.00000000e+00 0.00000000e+00 0.00000000e+00 0.00000000e+00 0.00000000e+00 0.00000000e+00 0.00000000e+00 0.00000000e+00 0.00000000e+00 0.00000000e+00 0.00000000e+00 0.00000000e+00 0.00000000e+00 0.00000000e+00 0.00000000e+00 0.00000000e+00 0.00000000e+00 0.00000000e+00 0.00000000e+00 0.00000000e+00 0.00000000e+00 0.00000000e+00 0.00000000e+00 0.00000000e+00 0.00000000e+00 0.00000000e+00 0.00000000e+00 0.00000000e+00 0.00000000e+00 0.00000000e+00 0.00000000e+00 0.00000000e+00 0.00000000e+00 0.00000000e+00 0.00000000e+00 0.00000000e+00 0.00000000e+00 0.00000000e+00 0.00000000e+00 0.00000000e+00 0.00000000e+00 0.00000000e+00 0.00000000e+00 0.00000000e+00 0.00000000e+00 0.00000000e+00 0.00000000e+00 0.00000000e+00 0.00000000e+00 0.00000000e+00 0.00000000e+00 0.00000000e+00 0.00000000e+00 0.00000000e+00 0.00000000e+00 0.00000000e+00 0.00000000e+00 0.00000000e+00 0.00000000e+00 0.00000000e+00 0.00000000e+00 0.00000000e+00 0.00000000e+00 0.00000000e+00 0.00000000e+00 0.00000000e+00 0.00000000e+00 0.00000000e+00 0.00000000e+00 0.00000000e+00 0.00000000e+00 0.00000000e+00 0.00000000e+00 0.00000000e+00 0.00000000e+00 0.00000000e+00 0.00000000e+00 0.00000000e+00 0.00000000e+00 0.00000000e+00 0.00000000e+00 0.00000000e+00 0.00000000e+00 0.00000000e+00 0.00000000e+00 0.00000000e+00 0.00000000e+00 0.00000000e+00 0.00000000e+00 0.00000000e+00 0.00000000e+00 0.00000000e+00 0.00000000e+00 0.00000000e+00 0.00000000e+00 0.00000000e+00 0.00000000e+00 0.00000000e+00 0.00000000e+00 0.00000000e+00 0.00000000e+00 0.00000000e+00 0.00000000e+00 0.00000000e+00 0.00000000e+00 0.00000000e+00 0.00000000e+00 0.00000000e+00 0.00000000e+00 0.00000000e+00 0.00000000e+00 0.00000000e+00 0.00000000e+00 0.00000000e+00 0.00000000e+00 0.00000000e+00 0.00000000e+00 0.00000000e+00 0.00000000e+00 0.00000000e+00 0.00000000e+00 0.00000000e+00 0.00000000e+00 0.00000000e+00 0.00000000e+00 0.00000000e+00 0.00000000e+00 0.00000000e+00 0.00000000e+00 0.00000000e+00 0.00000000e+00 0.00000000e+00 0.00000000e+00 0.00000000e+00 0.00000000e+00 0.00000000e+00 0.00000000e+00 0.00000000e+00 0.00000000e+00 0.00000000e+00 0.00000000e+00 0.00000000e+00 0.00000000e+00 0.00000000e+00 0.00000000e+00 0.00000000e+00 0.00000000e+00 0.00000000e+00 0.00000000e+00 0.00000000e+00 0.00000000e+00 0.00000000e+00 0.00000000e+00 0.00000000e+00 0.00000000e+00 0.00000000e+00 0.00000000e+00 0.00000000e+00 0.00000000e+00 0.00000000e+00 0.00000000e+00 0.00000000e+00 0.00000000e+00 0.00000000e+00 0.00000000e+00 0.00000000e+00 0.00000000e+00 0.00000000e+00 0.00000000e+00 0.00000000e+00 0.00000000e+00 0.00000000e+00 0.00000000e+00 0.00000000e+00 0.00000000e+00 0.00000000e+00 0.00000000e+00 0.00000000e+00 0.00000000e+00 0.00000000e+00 0.00000000e+00 0.00000000e+00 0.00000000e+00 0.00000000e+00 0.00000000e+00 0.00000000e+00 0.00000000e+00 0.00000000e+00 0.00000000e+00 0.00000000e+00 0.00000000e+00 0.00000000e+00 0.00000000e+00 0.00000000e+00 0.00000000e+00 0.00000000e+00 0.00000000e+00 0.00000000e+00 0.00000000e+00 0.00000000e+00 0.00000000e+00 0.00000000e+00 0.00000000e+00 0.00000000e+00 0.00000000e+00 0.00000000e+00 0.00000000e+00 0.00000000e+00 0.00000000e+00 0.00000000e+00 0.00000000e+00 0.00000000e+00 0.00000000e+00 0.00000000e+00 0.00000000e+00 0.00000000e+00 0.00000000e+00 0.00000000e+00 0.00000000e+00 0.00000000e+00 0.00000000e+00 0.00000000e+00 0.00000000e+00 0.00000000e+00 0.00000000e+00 0.00000000e+00 0.00000000e+00 0.00000000e+00 0.00000000e+00 0.00000000e+00 0.00000000e+00 0.00000000e+00 0.00000000e+00 0.00000000e+00 0.00000000e+00 0.00000000e+00 0.00000000e+00 0.00000000e+00 0.00000000e+00 0.00000000e+00 0.00000000e+00 0.00000000e+00 0.00000000e+00 0.00000000e+00 0.00000000e+00 0.00000000e+00 0.00000000e+00 0.00000000e+00 0.00000000e+00 0.00000000e+00 0.00000000e+00 0.00000000e+00 0.00000000e+00 0.00000000e+00 0.00000000e+00 0.00000000e+00 0.00000000e+00 0.00000000e+00 0.00000000e+00 0.00000000e+00 0.00000000e+00 0.00000000e+00 0.00000000e+00 0.00000000e+00 0.00000000e+00 0.00000000e+00 0.00000000e+00 0.00000000e+00 0.00000000e+00 0.00000000e+00 0.00000000e+00 0.00000000e+00 0.00000000e+00 0.00000000e+00 0.00000000e+00 0.00000000e+00 0.00000000e+00 0.00000000e+00 0.00000000e+00 0.00000000e+00 0.00000000e+00 0.00000000e+00 0.00000000e+00 0.00000000e+00 0.00000000e+00 0.00000000e+00 0.00000000e+00 0.00000000e+00 0.00000000e+00 0.00000000e+00 0.00000000e+00 0.00000000e+00 0.00000000e+00 0.00000000e+00 0.00000000e+00 0.00000000e+00 0.00000000e+00 0.00000000e+00 0.00000000e+00 0.00000000e+00 0.00000000e+00 0.00000000e+00 0.00000000e+00 0.00000000e+00 0.00000000e+00 0.00000000e+00 0.00000000e+00 0.00000000e+00 0.00000000e+00 0.00000000e+00 0.00000000e+00 0.00000000e+00 0.00000000e+00 0.00000000e+00 0.00000000e+00 0.00000000e+00 0.00000000e+00 0.00000000e+00 0.00000000e+00 0.00000000e+00 0.00000000e+00 0.00000000e+00 0.00000000e+00 0.00000000e+00 0.00000000e+00 0.00000000e+00 0.00000000e+00 0.00000000e+00 0.00000000e+00 0.00000000e+00 0.00000000e+00 0.00000000e+00 0.00000000e+00 0.00000000e+00 0.00000000e+00 0.00000000e+00 0.00000000e+00 0.00000000e+00 0.00000000e+00 0.00000000e+00 0.00000000e+00 0.00000000e+00 0.00000000e+00 0.00000000e+00 0.00000000e+00 0.00000000e+00 0.00000000e+00 0.00000000e+00 0.00000000e+00 0.00000000e+00 0.00000000e+00 0.00000000e+00 0.00000000e+00 0.00000000e+00 0.00000000e+00 0.00000000e+00 0.00000000e+00 0.00000000e+00 0.00000000e+00 0.00000000e+00 0.00000000e+00 0.00000000e+00 0.00000000e+00 0.00000000e+00 0.00000000e+00 0.00000000e+00 0.00000000e+00 0.00000000e+00 0.00000000e+00 0.00000000e+00 0.00000000e+00 0.00000000e+00 0.00000000e+00 0.00000000e+00 0.00000000e+00 0.00000000e+00 0.00000000e+00 0.00000000e+00 0.00000000e+00 0.00000000e+00 0.00000000e+00 0.00000000e+00 0.00000000e+00 0.00000000e+00 0.00000000e+00 0.00000000e+00 0.00000000e+00 0.00000000e+00 0.00000000e+00 0.00000000e+00 0.00000000e+00 0.00000000e+00 0.00000000e+00 0.00000000e+00 0.00000000e+00 0.00000000e+00 0.00000000e+00 0.00000000e+00 0.00000000e+00 0.00000000e+00 0.00000000e+00 0.00000000e+00 0.00000000e+00 0.00000000e+00 0.00000000e+00 0.00000000e+00 0.00000000e+00 0.00000000e+00 0.00000000e+00 0.00000000e+00 0.00000000e+00 0.00000000e+00 0.00000000e+00 0.00000000e+00 0.00000000e+00 0.00000000e+00 0.00000000e+00 0.00000000e+00 0.00000000e+00 0.00000000e+00 0.00000000e+00 0.00000000e+00 0.00000000e+00 0.00000000e+00 0.00000000e+00 0.00000000e+00 0.00000000e+00 0.00000000e+00 0.00000000e+00 0.00000000e+00 0.00000000e+00 0.00000000e+00 0.00000000e+00 0.00000000e+00 0.00000000e+00 0.00000000e+00 0.00000000e+00 0.00000000e+00 0.00000000e+00 0.00000000e+00 0.00000000e+00 0.00000000e+00 0.00000000e+00 0.00000000e+00 0.00000000e+00 0.00000000e+00 0.00000000e+00 0.00000000e+00 0.00000000e+00 0.00000000e+00 0.00000000e+00 0.00000000e+00 0.00000000e+00 0.00000000e+00 0.00000000e+00 0.00000000e+00 0.00000000e+00 0.00000000e+00 0.00000000e+00 0.00000000e+00 0.00000000e+00 0.00000000e+00 0.00000000e+00 0.00000000e+00 0.00000000e+00 0.00000000e+00 0.00000000e+00 0.00000000e+00 0.00000000e+00 0.00000000e+00 0.00000000e+00 0.00000000e+00 0.00000000e+00 0.00000000e+00 0.00000000e+00 0.00000000e+00 0.00000000e+00 0.00000000e+00 0.00000000e+00 0.00000000e+00 0.00000000e+00 0.00000000e+00 0.00000000e+00 0.00000000e+00 0.00000000e+00 0.00000000e+00 0.00000000e+00 0.00000000e+00 0.00000000e+00 0.00000000e+00 0.00000000e+00 0.00000000e+00 0.00000000e+00 0.00000000e+00 0.00000000e+00 0.00000000e+00 0.00000000e+00 0.00000000e+00 0.00000000e+00 0.00000000e+00 0.00000000e+00 0.00000000e+00 0.00000000e+00 0.00000000e+00 0.00000000e+00 0.00000000e+00 0.00000000e+00 0.00000000e+00 0.00000000e+00 0.00000000e+00 0.00000000e+00 0.00000000e+00 0.00000000e+00 0.00000000e+00 0.00000000e+00 0.00000000e+00 0.00000000e+00 0.00000000e+00 0.00000000e+00 0.00000000e+00 0.00000000e+00 0.00000000e+00 0.00000000e+00 0.00000000e+00 0.00000000e+00 0.00000000e+00 0.00000000e+00 0.00000000e+00 0.00000000e+00 0.00000000e+00 0.00000000e+00 0.00000000e+00 0.00000000e+00 0.00000000e+00 0.00000000e+00 0.00000000e+00 0.00000000e+00 0.00000000e+00 0.00000000e+00 0.00000000e+00 0.00000000e+00 0.00000000e+00 0.00000000e+00 0.00000000e+00 0.00000000e+00 0.00000000e+00 0.00000000e+00 0.00000000e+00 0.00000000e+00 0.00000000e+00 0.00000000e+00 0.00000000e+00 0.00000000e+00 0.00000000e+00 0.00000000e+00 0.00000000e+00 0.00000000e+00 0.00000000e+00 0.00000000e+00 0.00000000e+00 0.00000000e+00 0.00000000e+00 0.00000000e+00 0.00000000e+00 0.00000000e+00 0.00000000e+00 0.00000000e+00 0.00000000e+00 0.00000000e+00 0.00000000e+00 0.00000000e+00 0.00000000e+00 0.00000000e+00 0.00000000e+00 0.00000000e+00 0.00000000e+00 0.00000000e+00 0.00000000e+00 0.00000000e+00 0.00000000e+00 0.00000000e+00 0.00000000e+00 0.00000000e+00 0.00000000e+00 0.00000000e+00 0.00000000e+00 0.00000000e+00 0.00000000e+00 0.00000000e+00 0.00000000e+00 0.00000000e+00 0.00000000e+00 0.00000000e+00 0.00000000e+00 0.00000000e+00 0.00000000e+00 0.00000000e+00 0.00000000e+00 0.00000000e+00 0.00000000e+00 0.00000000e+00 0.00000000e+00 0.00000000e+00 0.00000000e+00 0.00000000e+00 0.00000000e+00 0.00000000e+00 0.00000000e+00 0.00000000e+00 0.00000000e+00 0.00000000e+00 0.00000000e+00 0.00000000e+00 0.00000000e+00 0.00000000e+00 0.00000000e+00 0.00000000e+00 0.00000000e+00 0.00000000e+00 0.00000000e+00 0.00000000e+00 0.00000000e+00 0.00000000e+00 0.00000000e+00 0.00000000e+00 0.00000000e+00 0.00000000e+00 0.00000000e+00 0.00000000e+00 0.00000000e+00 0.00000000e+00 0.00000000e+00 0.00000000e+00 0.00000000e+00 0.00000000e+00 0.00000000e+00 0.00000000e+00 0.00000000e+00 0.00000000e+00 0.00000000e+00 0.00000000e+00 0.00000000e+00 0.00000000e+00 0.00000000e+00 0.00000000e+00 0.00000000e+00 0.00000000e+00 0.00000000e+00 0.00000000e+00 0.00000000e+00 0.00000000e+00 0.00000000e+00 0.00000000e+00 0.00000000e+00 0.00000000e+00 0.00000000e+00 0.00000000e+00 0.00000000e+00 0.00000000e+00 0.00000000e+00 0.00000000e+00 0.00000000e+00 0.00000000e+00 0.00000000e+00 0.00000000e+00 0.00000000e+00 0.00000000e+00 0.00000000e+00 0.00000000e+00 0.00000000e+00 0.00000000e+00 0.00000000e+00 0.00000000e+00 0.00000000e+00 0.00000000e+00 0.00000000e+00 0.00000000e+00 0.00000000e+00 0.00000000e+00 0.00000000e+00 0.00000000e+00 0.00000000e+00 0.00000000e+00 0.00000000e+00 0.00000000e+00 0.00000000e+00 0.00000000e+00 0.00000000e+00 0.00000000e+00 0.00000000e+00 0.00000000e+00 0.00000000e+00 0.00000000e+00 0.00000000e+00 0.00000000e+00 0.00000000e+00 0.00000000e+00 0.00000000e+00 0.00000000e+00 0.00000000e+00 0.00000000e+00 0.00000000e+00 0.00000000e+00 0.00000000e+00 0.00000000e+00 0.00000000e+00 0.00000000e+00 0.00000000e+00 0.00000000e+00 0.00000000e+00 0.00000000e+00 0.00000000e+00 0.00000000e+00 0.00000000e+00 0.00000000e+00 0.00000000e+00 0.00000000e+00 0.00000000e+00 0.00000000e+00 0.00000000e+00 0.00000000e+00 0.00000000e+00 0.00000000e+00 0.00000000e+00 0.00000000e+00 0.00000000e+00 0.00000000e+00 0.00000000e+00 0.00000000e+00 0.00000000e+00 0.00000000e+00 0.00000000e+00 0.00000000e+00 0.00000000e+00 0.00000000e+00 0.00000000e+00 0.00000000e+00 0.00000000e+00 0.00000000e+00 0.00000000e+00 0.00000000e+00 0.00000000e+00 0.00000000e+00 0.00000000e+00 0.00000000e+00 0.00000000e+00 0.00000000e+00 0.00000000e+00 0.00000000e+00 0.00000000e+00 0.00000000e+00 0.00000000e+00 0.00000000e+00 0.00000000e+00 0.00000000e+00 0.00000000e+00 0.00000000e+00 0.00000000e+00 0.00000000e+00 0.00000000e+00 0.00000000e+00 0.00000000e+00 0.00000000e+00 0.00000000e+00 0.00000000e+00 0.00000000e+00 0.00000000e+00 0.00000000e+00 0.00000000e+00 0.00000000e+00 0.00000000e+00 0.00000000e+00 0.00000000e+00 0.00000000e+00 0.00000000e+00 0.00000000e+00 0.00000000e+00 0.00000000e+00 0.00000000e+00 0.00000000e+00 0.00000000e+00 0.00000000e+00 0.00000000e+00 0.00000000e+00 0.00000000e+00 0.00000000e+00 0.00000000e+00 0.00000000e+00 0.00000000e+00 0.00000000e+00 0.00000000e+00 0.00000000e+00 0.00000000e+00 0.00000000e+00 0.00000000e+00 0.00000000e+00 0.00000000e+00 0.00000000e+00 0.00000000e+00 0.00000000e+00 0.00000000e+00 0.00000000e+00 0.00000000e+00 0.00000000e+00 0.00000000e+00 0.00000000e+00 0.00000000e+00 0.00000000e+00 0.00000000e+00 0.00000000e+00 0.00000000e+00 0.00000000e+00 0.00000000e+00 0.00000000e+00 0.00000000e+00 0.00000000e+00 0.00000000e+00 0.00000000e+00 0.00000000e+00 0.00000000e+00 0.00000000e+00 0.00000000e+00 0.00000000e+00 0.00000000e+00 0.00000000e+00 0.00000000e+00 0.00000000e+00 0.00000000e+00 0.00000000e+00 0.00000000e+00 0.00000000e+00 0.00000000e+00 0.00000000e+00 0.00000000e+00 0.00000000e+00 0.00000000e+00 0.00000000e+00 0.00000000e+00 0.00000000e+00 0.00000000e+00 0.00000000e+00 0.00000000e+00 0.00000000e+00 0.00000000e+00 0.00000000e+00 0.00000000e+00 0.00000000e+00 0.00000000e+00 0.00000000e+00 0.00000000e+00 0.00000000e+00 0.00000000e+00 0.00000000e+00 0.00000000e+00 0.00000000e+00 0.00000000e+00 0.00000000e+00 0.00000000e+00 0.00000000e+00 0.00000000e+00 0.00000000e+00 0.00000000e+00 0.00000000e+00 0.00000000e+00 0.00000000e+00 0.00000000e+00 0.00000000e+00 0.00000000e+00 0.00000000e+00 0.00000000e+00 0.00000000e+00 0.00000000e+00 0.00000000e+00 0.00000000e+00 0.00000000e+00 0.00000000e+00 0.00000000e+00 0.00000000e+00 0.00000000e+00 0.00000000e+00 0.00000000e+00 0.00000000e+00 0.00000000e+00 0.00000000e+00 0.00000000e+00 0.00000000e+00 0.00000000e+00 0.00000000e+00 0.00000000e+00 0.00000000e+00 0.00000000e+00 0.00000000e+00 0.00000000e+00 0.00000000e+00 0.00000000e+00 0.00000000e+00 0.00000000e+00 0.00000000e+00 0.00000000e+00 0.00000000e+00 0.00000000e+00 0.00000000e+00 0.00000000e+00 0.00000000e+00 0.00000000e+00 0.00000000e+00 0.00000000e+00 0.00000000e+00 0.00000000e+00 0.00000000e+00 0.00000000e+00 0.00000000e+00 0.00000000e+00 0.00000000e+00 0.00000000e+00 0.00000000e+00 0.00000000e+00 0.00000000e+00 0.00000000e+00 0.00000000e+00 0.00000000e+00 0.00000000e+00 0.00000000e+00 0.00000000e+00 0.00000000e+00 0.00000000e+00 0.00000000e+00 0.00000000e+00 0.00000000e+00 0.00000000e+00 0.00000000e+00 0.00000000e+00 0.00000000e+00 0.00000000e+00 0.00000000e+00 0.00000000e+00 0.00000000e+00 0.00000000e+00 0.00000000e+00 0.00000000e+00 0.00000000e+00 0.00000000e+00 0.00000000e+00 0.00000000e+00 0.00000000e+00 0.00000000e+00 0.00000000e+00 0.00000000e+00 0.00000000e+00 0.00000000e+00 0.00000000e+00 0.00000000e+00 0.00000000e+00 0.00000000e+00 0.00000000e+00 0.00000000e+00 0.00000000e+00 0.00000000e+00 0.00000000e+00 0.00000000e+00 0.00000000e+00 0.00000000e+00 0.00000000e+00 0.00000000e+00 0.00000000e+00 0.00000000e+00 0.00000000e+00 0.00000000e+00 0.00000000e+00 0.00000000e+00 0.00000000e+00 0.00000000e+00 0.00000000e+00 0.00000000e+00 0.00000000e+00 0.00000000e+00 0.00000000e+00 0.00000000e+00 0.00000000e+00 0.00000000e+00 0.00000000e+00 0.00000000e+00 0.00000000e+00 0.00000000e+00 0.00000000e+00 0.00000000e+00 0.00000000e+00 0.00000000e+00 0.00000000e+00 0.00000000e+00 0.00000000e+00 0.00000000e+00 0.00000000e+00 0.00000000e+00 0.00000000e+00 0.00000000e+00 0.00000000e+00 0.00000000e+00 0.00000000e+00 0.00000000e+00 0.00000000e+00 0.00000000e+00 0.00000000e+00 0.00000000e+00 0.00000000e+00 0.00000000e+00 0.00000000e+00 0.00000000e+00 0.00000000e+00 0.00000000e+00 0.00000000e+00 0.00000000e+00 0.00000000e+00 0.00000000e+00 0.00000000e+00 0.00000000e+00 0.00000000e+00 0.00000000e+00 0.00000000e+00 0.00000000e+00 0.00000000e+00 0.00000000e+00 0.00000000e+00 0.00000000e+00 0.00000000e+00 0.00000000e+00 0.00000000e+00 0.00000000e+00 0.00000000e+00 0.00000000e+00 0.00000000e+00 0.00000000e+00 0.00000000e+00 0.00000000e+00 0.00000000e+00 0.00000000e+00 0.00000000e+00 0.00000000e+00 0.00000000e+00 0.00000000e+00 0.00000000e+00 0.00000000e+00 0.00000000e+00 0.00000000e+00 0.00000000e+00 0.00000000e+00 0.00000000e+00 0.00000000e+00 0.00000000e+00 0.00000000e+00 0.00000000e+00 0.00000000e+00 0.00000000e+00 0.00000000e+00 0.00000000e+00 0.00000000e+00 0.00000000e+00 0.00000000e+00 0.00000000e+00 0.00000000e+00 0.00000000e+00 0.00000000e+00 0.00000000e+00 0.00000000e+00 0.00000000e+00 0.00000000e+00 0.00000000e+00 0.00000000e+00 0.00000000e+00 0.00000000e+00 0.00000000e+00 0.00000000e+00 0.00000000e+00 0.00000000e+00 0.00000000e+00 0.00000000e+00 0.00000000e+00 0.00000000e+00 0.00000000e+00 0.00000000e+00 0.00000000e+00 0.00000000e+00 0.00000000e+00 0.00000000e+00 0.00000000e+00 0.00000000e+00 0.00000000e+00 0.00000000e+00 0.00000000e+00 0.00000000e+00 0.00000000e+00 0.00000000e+00 0.00000000e+00 0.00000000e+00 0.00000000e+00 0.00000000e+00 0.00000000e+00 0.00000000e+00 0.00000000e+00 0.00000000e+00 0.00000000e+00 0.00000000e+00 0.00000000e+00 0.00000000e+00 0.00000000e+00 0.00000000e+00 0.00000000e+00 0.00000000e+00 0.00000000e+00 0.00000000e+00 0.00000000e+00 0.00000000e+00 0.00000000e+00 0.00000000e+00 0.00000000e+00 0.00000000e+00 0.00000000e+00 0.00000000e+00 0.00000000e+00 0.00000000e+00 0.00000000e+00 0.00000000e+00 0.00000000e+00 0.00000000e+00 0.00000000e+00 0.00000000e+00 0.00000000e+00 0.00000000e+00 0.00000000e+00 0.00000000e+00 0.00000000e+00 0.00000000e+00 0.00000000e+00 0.00000000e+00 0.00000000e+00 0.00000000e+00 0.00000000e+00 0.00000000e+00 0.00000000e+00 0.00000000e+00 0.00000000e+00 0.00000000e+00 0.00000000e+00 0.00000000e+00 0.00000000e+00 0.00000000e+00 0.00000000e+00 0.00000000e+00 0.00000000e+00 0.00000000e+00 0.00000000e+00 0.00000000e+00 0.00000000e+00 0.00000000e+00 0.00000000e+00 0.00000000e+00 0.00000000e+00 0.00000000e+00 0.00000000e+00 0.00000000e+00 0.00000000e+00 0.00000000e+00 0.00000000e+00 0.00000000e+00 0.00000000e+00 0.00000000e+00 0.00000000e+00 0.00000000e+00 0.00000000e+00 0.00000000e+00 0.00000000e+00 0.00000000e+00 0.00000000e+00 0.00000000e+00 0.00000000e+00 0.00000000e+00 0.00000000e+00 0.00000000e+00 0.00000000e+00 0.00000000e+00 0.00000000e+00 0.00000000e+00 0.00000000e+00 0.00000000e+00 0.00000000e+00 0.00000000e+00 0.00000000e+00 0.00000000e+00 0.00000000e+00 0.00000000e+00 0.00000000e+00 0.00000000e+00 0.00000000e+00 0.00000000e+00 0.00000000e+00 0.00000000e+00 0.00000000e+00 0.00000000e+00 0.00000000e+00 0.00000000e+00 0.00000000e+00 0.00000000e+00 0.00000000e+00 0.00000000e+00 0.00000000e+00 0.00000000e+00 0.00000000e+00 0.00000000e+00 0.00000000e+00 0.00000000e+00 0.00000000e+00 0.00000000e+00 0.00000000e+00 0.00000000e+00 0.00000000e+00 0.00000000e+00 0.00000000e+00 0.00000000e+00 0.00000000e+00 0.00000000e+00 0.00000000e+00 0.00000000e+00 0.00000000e+00 0.00000000e+00 0.00000000e+00 0.00000000e+00 0.00000000e+00 0.00000000e+00 0.00000000e+00 0.00000000e+00 0.00000000e+00 0.00000000e+00 0.00000000e+00 0.00000000e+00 0.00000000e+00 0.00000000e+00 0.00000000e+00 0.00000000e+00 0.00000000e+00 0.00000000e+00 0.00000000e+00 0.00000000e+00 0.00000000e+00 0.00000000e+00 0.00000000e+00 0.00000000e+00 0.00000000e+00 0.00000000e+00 0.00000000e+00 0.00000000e+00 0.00000000e+00 0.00000000e+00 0.00000000e+00 0.00000000e+00 0.00000000e+00 0.00000000e+00 0.00000000e+00 0.00000000e+00 0.00000000e+00 0.00000000e+00 0.00000000e+00 0.00000000e+00 0.00000000e+00 0.00000000e+00 0.00000000e+00 0.00000000e+00 0.00000000e+00 0.00000000e+00 0.00000000e+00 0.00000000e+00 0.00000000e+00 0.00000000e+00 0.00000000e+00 0.00000000e+00 0.00000000e+00 0.00000000e+00 0.00000000e+00 0.00000000e+00 0.00000000e+00 0.00000000e+00 0.00000000e+00 0.00000000e+00 0.00000000e+00 0.00000000e+00 0.00000000e+00 0.00000000e+00 0.00000000e+00 0.00000000e+00 0.00000000e+00 0.00000000e+00 0.00000000e+00 0.00000000e+00 0.00000000e+00 0.00000000e+00 0.00000000e+00 0.00000000e+00 0.00000000e+00 0.00000000e+00 0.00000000e+00 0.00000000e+00 0.00000000e+00 0.00000000e+00 0.00000000e+00 0.00000000e+00 0.00000000e+00 0.00000000e+00 0.00000000e+00 0.00000000e+00 0.00000000e+00 0.00000000e+00 0.00000000e+00 0.00000000e+00 0.00000000e+00 0.00000000e+00 0.00000000e+00 0.00000000e+00 0.00000000e+00 0.00000000e+00 0.00000000e+00 0.00000000e+00 0.00000000e+00 0.00000000e+00 0.00000000e+00 0.00000000e+00 0.00000000e+00 0.00000000e+00 0.00000000e+00 0.00000000e+00 0.00000000e+00 0.00000000e+00 0.00000000e+00 0.00000000e+00 0.00000000e+00 0.00000000e+00 0.00000000e+00 0.00000000e+00 0.00000000e+00 0.00000000e+00 0.00000000e+00 0.00000000e+00 0.00000000e+00 0.00000000e+00 0.00000000e+00 0.00000000e+00 0.00000000e+00 0.00000000e+00 0.00000000e+00 0.00000000e+00 0.00000000e+00 0.00000000e+00 0.00000000e+00 0.00000000e+00 0.00000000e+00 0.00000000e+00 0.00000000e+00 0.00000000e+00 0.00000000e+00 0.00000000e+00 0.00000000e+00 0.00000000e+00 0.00000000e+00 0.00000000e+00 0.00000000e+00 0.00000000e+00 0.00000000e+00 0.00000000e+00 0.00000000e+00 0.00000000e+00 0.00000000e+00 0.00000000e+00 0.00000000e+00 0.00000000e+00 0.00000000e+00 0.00000000e+00 0.00000000e+00 0.00000000e+00 0.00000000e+00 0.00000000e+00 0.00000000e+00 0.00000000e+00 0.00000000e+00 0.00000000e+00 0.00000000e+00 0.00000000e+00 0.00000000e+00 0.00000000e+00 0.00000000e+00 0.00000000e+00 0.00000000e+00 0.00000000e+00 0.00000000e+00 0.00000000e+00 0.00000000e+00 0.00000000e+00 0.00000000e+00 0.00000000e+00 0.00000000e+00 0.00000000e+00 0.00000000e+00 0.00000000e+00 0.00000000e+00 0.00000000e+00 0.00000000e+00 0.00000000e+00 0.00000000e+00 0.00000000e+00 0.00000000e+00 0.00000000e+00 0.00000000e+00 0.00000000e+00 0.00000000e+00 0.00000000e+00 0.00000000e+00 0.00000000e+00 0.00000000e+00 0.00000000e+00 0.00000000e+00 0.00000000e+00 0.00000000e+00 0.00000000e+00 0.00000000e+00 0.00000000e+00 0.00000000e+00 0.00000000e+00 0.00000000e+00 0.00000000e+00 0.00000000e+00 0.00000000e+00 0.00000000e+00 0.00000000e+00 0.00000000e+00 0.00000000e+00 0.00000000e+00 0.00000000e+00 0.00000000e+00 0.00000000e+00 0.00000000e+00 0.00000000e+00 0.00000000e+00 0.00000000e+00 0.00000000e+00 0.00000000e+00 0.00000000e+00 0.00000000e+00 0.00000000e+00 0.00000000e+00 0.00000000e+00 0.00000000e+00 0.00000000e+00 0.00000000e+00 0.00000000e+00 0.00000000e+00 0.00000000e+00 0.00000000e+00 0.00000000e+00 0.00000000e+00 0.00000000e+00 0.00000000e+00 0.00000000e+00 0.00000000e+00 0.00000000e+00 0.00000000e+00 0.00000000e+00 0.00000000e+00 0.00000000e+00 0.00000000e+00 0.00000000e+00 0.00000000e+00 0.00000000e+00 0.00000000e+00 0.00000000e+00 0.00000000e+00 0.00000000e+00 0.00000000e+00 0.00000000e+00 0.00000000e+00 0.00000000e+00 0.00000000e+00 0.00000000e+00 0.00000000e+00 0.00000000e+00 0.00000000e+00 0.00000000e+00 0.00000000e+00 0.00000000e+00 0.00000000e+00 0.00000000e+00 0.00000000e+00 0.00000000e+00 0.00000000e+00 0.00000000e+00 0.00000000e+00 0.00000000e+00 0.00000000e+00 0.00000000e+00 0.00000000e+00 0.00000000e+00 0.00000000e+00 0.00000000e+00 0.00000000e+00 0.00000000e+00 0.00000000e+00 0.00000000e+00 0.00000000e+00 0.00000000e+00 0.00000000e+00 0.00000000e+00 0.00000000e+00 0.00000000e+00 0.00000000e+00 0.00000000e+00 0.00000000e+00 0.00000000e+00 0.00000000e+00 0.00000000e+00 0.00000000e+00 0.00000000e+00 0.00000000e+00 0.00000000e+00 0.00000000e+00 0.00000000e+00 0.00000000e+00 0.00000000e+00 0.00000000e+00 0.00000000e+00 0.00000000e+00 0.00000000e+00 0.00000000e+00 0.00000000e+00 0.00000000e+00 0.00000000e+00 0.00000000e+00 0.00000000e+00 0.00000000e+00 0.00000000e+00 0.00000000e+00 0.00000000e+00 0.00000000e+00 0.00000000e+00 0.00000000e+00 0.00000000e+00 0.00000000e+00 0.00000000e+00 0.00000000e+00 0.00000000e+00 0.00000000e+00 0.00000000e+00 0.00000000e+00 0.00000000e+00 0.00000000e+00 0.00000000e+00 0.00000000e+00 0.00000000e+00 0.00000000e+00 0.00000000e+00 0.00000000e+00 0.00000000e+00 0.00000000e+00 0.00000000e+00 0.00000000e+00 0.00000000e+00 0.00000000e+00 0.00000000e+00 0.00000000e+00 0.00000000e+00 0.00000000e+00 0.00000000e+00 0.00000000e+00 0.00000000e+00 0.00000000e+00 0.00000000e+00 0.00000000e+00 0.00000000e+00 0.00000000e+00 0.00000000e+00 0.00000000e+00 0.00000000e+00 0.00000000e+00 0.00000000e+00 0.00000000e+00 0.00000000e+00 0.00000000e+00 0.00000000e+00 0.00000000e+00 0.00000000e+00 0.00000000e+00 0.00000000e+00 0.00000000e+00 0.00000000e+00 0.00000000e+00 0.00000000e+00 0.00000000e+00 0.00000000e+00 0.00000000e+00 0.00000000e+00 0.00000000e+00 0.00000000e+00 0.00000000e+00 0.00000000e+00 0.00000000e+00 0.00000000e+00 0.00000000e+00 0.00000000e+00 0.00000000e+00 0.00000000e+00 0.00000000e+00 0.00000000e+00 0.00000000e+00 0.00000000e+00 0.00000000e+00 0.00000000e+00 0.00000000e+00 0.00000000e+00 0.00000000e+00 0.00000000e+00 0.00000000e+00 0.00000000e+00 0.00000000e+00 0.00000000e+00 0.00000000e+00 0.00000000e+00 0.00000000e+00 0.00000000e+00 0.00000000e+00 0.00000000e+00 0.00000000e+00 0.00000000e+00 0.00000000e+00 0.00000000e+00 0.00000000e+00 0.00000000e+00 0.00000000e+00 0.00000000e+00 0.00000000e+00 0.00000000e+00 0.00000000e+00 0.00000000e+00 0.00000000e+00 0.00000000e+00 0.00000000e+00 0.00000000e+00 0.00000000e+00 0.00000000e+00 0.00000000e+00 0.00000000e+00 0.00000000e+00 0.00000000e+00 0.00000000e+00 0.00000000e+00 0.00000000e+00 0.00000000e+00 0.00000000e+00 0.00000000e+00 0.00000000e+00 0.00000000e+00 0.00000000e+00 0.00000000e+00 0.00000000e+00 0.00000000e+00 0.00000000e+00 0.00000000e+00 0.00000000e+00 0.00000000e+00 0.00000000e+00 0.00000000e+00 0.00000000e+00 0.00000000e+00 0.00000000e+00 0.00000000e+00 0.00000000e+00 0.00000000e+00 0.00000000e+00 0.00000000e+00 0.00000000e+00 0.00000000e+00 0.00000000e+00 0.00000000e+00 0.00000000e+00 0.00000000e+00 0.00000000e+00 0.00000000e+00 0.00000000e+00 0.00000000e+00 0.00000000e+00 0.00000000e+00 0.00000000e+00 0.00000000e+00 0.00000000e+00 0.00000000e+00 0.00000000e+00 0.00000000e+00 0.00000000e+00 0.00000000e+00 0.00000000e+00 0.00000000e+00 0.00000000e+00 0.00000000e+00 0.00000000e+00 0.00000000e+00 0.00000000e+00 0.00000000e+00 0.00000000e+00 0.00000000e+00 0.00000000e+00 0.00000000e+00 0.00000000e+00 0.00000000e+00 0.00000000e+00 0.00000000e+00 0.00000000e+00 0.00000000e+00 0.00000000e+00 0.00000000e+00 0.00000000e+00 0.00000000e+00 0.00000000e+00 0.00000000e+00 0.00000000e+00 0.00000000e+00 0.00000000e+00 0.00000000e+00 0.00000000e+00 0.00000000e+00 0.00000000e+00 0.00000000e+00 0.00000000e+00 0.00000000e+00 0.00000000e+00 0.00000000e+00 0.00000000e+00 0.00000000e+00 0.00000000e+00 0.00000000e+00 0.00000000e+00 0.00000000e+00 0.00000000e+00 0.00000000e+00 0.00000000e+00 0.00000000e+00 0.00000000e+00 0.00000000e+00 0.00000000e+00 0.00000000e+00 0.00000000e+00 0.00000000e+00 0.00000000e+00 0.00000000e+00 0.00000000e+00 0.00000000e+00 0.00000000e+00 0.00000000e+00 0.00000000e+00 0.00000000e+00 0.00000000e+00 0.00000000e+00 0.00000000e+00 0.00000000e+00 0.00000000e+00 0.00000000e+00 0.00000000e+00 0.00000000e+00 0.00000000e+00 0.00000000e+00 0.00000000e+00 0.00000000e+00 0.00000000e+00 0.00000000e+00 0.00000000e+00 0.00000000e+00 0.00000000e+00 0.00000000e+00 0.00000000e+00 0.00000000e+00 0.00000000e+00 0.00000000e+00 0.00000000e+00 0.00000000e+00 0.00000000e+00 0.00000000e+00 0.00000000e+00 0.00000000e+00 0.00000000e+00 0.00000000e+00 0.00000000e+00 0.00000000e+00 0.00000000e+00 0.00000000e+00 0.00000000e+00 0.00000000e+00 0.00000000e+00 0.00000000e+00 0.00000000e+00 0.00000000e+00 0.00000000e+00 0.00000000e+00 0.00000000e+00 0.00000000e+00 0.00000000e+00 0.00000000e+00 0.00000000e+00 0.00000000e+00 0.00000000e+00 0.00000000e+00 0.00000000e+00 0.00000000e+00 0.00000000e+00 0.00000000e+00 0.00000000e+00 0.00000000e+00 0.00000000e+00 0.00000000e+00 0.00000000e+00 0.00000000e+00 0.00000000e+00 0.00000000e+00 0.00000000e+00 0.00000000e+00 0.00000000e+00 0.00000000e+00 0.00000000e+00 0.00000000e+00 0.00000000e+00 0.00000000e+00 0.00000000e+00 0.00000000e+00 0.00000000e+00 0.00000000e+00 0.00000000e+00 0.00000000e+00 0.00000000e+00 0.00000000e+00 0.00000000e+00 0.00000000e+00 0.00000000e+00 0.00000000e+00 0.00000000e+00 0.00000000e+00 0.00000000e+00 0.00000000e+00 0.00000000e+00 0.00000000e+00 0.00000000e+00 0.00000000e+00 0.00000000e+00 0.00000000e+00 0.00000000e+00 0.00000000e+00 0.00000000e+00 0.00000000e+00 0.00000000e+00
        </DataArray>
        <DataArray type="Float64" Name="S_Mises" format="ascii">
          2.22525695e+00 2.42397225e+00 2.82257334e+00 2.12581063e+00 2.42029322e+00 2.74105160e+00 2.08181576e+00 2.39144215e+00 2.70452662e+00 2.02331973e+00 2.34032009e+00 2.65849170e+00 1.93769215e+00 2.26435996e+00 2.59438216e+00 1.81107916e+00 2.16098892e+00 2.51212490e+00 1.65541632e+00 2.02558757e+00 2.39753620e+00 1.40323407e+00 1.85598299e+00 2.31399600e+00 1.21043615e+00 1.72337043e+00 2.25763743e+00 3.36766538e+00 1.71138498e+00 3.68849343e+00 5.87897081e+00 1.55377989e+00 5.63291996e+00 3.23992167e+00 1.57443694e+00 6.20216698e+00 5.09404113e+00 4.64793625e-01 5.93175996e+00 5.99807279e+00 5.82083765e-01 6.82811388e+00 7.40328621e+00 7.19065659e-01 8.09173553e+00 7.45208024e+00 1.24050476e+00 9.90999552e+00 6.43390776e+00 2.83452209e+00 8.45745058e+00 2.58220301e+00 1.05700536e+00 3.69289320e+00 4.53829856e+00 1.73913298e+00 7.07061615e+00 1.95762886e+01 1.06533894e+01 5.41469887e+00 4.44830708e+01 1.78132785e+01 3.84810948e+01 2.12580609e+00 2.42029378e+00 2.74105699e+00 2.11109950e+00 2.41856324e+00 2.72603760e+00 2.08578444e+00 2.39521677e+00 2.70468665e+00 2.03831546e+00 2.35304366e+00 2.66789405e+00 1.96443805e+00 2.28943532e+00 2.61472210e+00 1.85678951e+00 2.20110197e+00 2.54602296e+00 1.71780293e+00 2.08545682e+00 2.45400671e+00 1.50444712e+00 1.93666086e+00 2.37021843e+00 1.27092034e+00 1.81058681e+00 2.35453610e+00 2.41432965e+00 1.87871575e+00 3.02231405e+00 5.56739043e+00 1.28047146e+00 4.89090052e+00 2.58969942e+00 1.94145823e+00 3.57650942e+00 1.07182281e+00 8.00762269e-01 1.97724465e+00 1.48404146e+00 7.37024130e-01 2.18072725e+00 1.23963282e+00 1.22571180e+00 2.17892379e+00 5.20711083e+00 2.18256117e+00 5.21128619e+00 8.47820620e+00 2.20443161e+00 8.13726053e+00 6.13421429e+00 2.09056001e+00 5.15137049e+00 5.09261036e+00 8.10992201e-01 5.81431294e+00 1.22942340e+01 6.85247397e+00 8.39216703e+00 3.80065961e+01 1.11709969e+01 2.84575154e+01 2.08181175e+00 2.39144427e+00 2.70452826e+00 2.08578563e+00 2.39521785e+00 2.70468802e+00 2.07662692e+00 2.38710547e+00 2.69765844e+00 2.05557747e+00 2.36922593e+00 2.68314579e+00 2.01636121e+00 2.33761797e+00 2.65950872e+00 1.95171322e+00 2.28709768e+00 2.62374611e+00 1.86008223e+00 2.21462834e+00 2.57139437e+00 1.71705037e+00 2.10719950e+00 2.50230530e+00 1.53341146e+00 2.01096413e+00 2.49911928e+00 1.43880544e+00 1.90566665e+00 2.64214418e+00 3.11819806e+00 1.78584232e+00 3.49935489e+00 4.14905974e+00 1.87242375e+00 4.00064744e+00 3.59561504e+00 2.03978413e+00 3.86898655e+00 3.61245709e+00 3.09979955e+00 4.22394943e+00 9.33182482e+00 4.59697439e+00 9.36811829e+00 9.33186042e+00 3.82577928e+00 9.44968729e+00 7.06155847e+00 3.21009267e+00 6.62044386e+00 3.25151434e+00 2.06461897e+00 2.76394324e+00 1.48583659e+00 2.10456397e+00 3.62373034e+00 1.31937995e+01 4.73419380e+00 1.02365705e+01 3.33372372e+01 1.10877498e+01 2.17234222e+01 2.02331688e+00 2.34031866e+00 2.65849576e+00 2.03831230e+00 2.35303618e+00 2.66789214e+00 2.05557354e+00 2.36922276e+00 2.68314721e+00 2.07597845e+00 2.38852154e+00 2.70187455e+00 2.08796914e+00 2.40263846e+00 2.71901807e+00 2.08098917e+00 2.40165340e+00 2.72547474e+00 2.04366986e+00 2.37453083e+00 2.71068501e+00 1.95666500e+00 2.30459878e+00 2.66208541e+00 1.79465829e+00 2.17296513e+00 2.57135905e+00 1.60316357e+00 2.05829413e+00 2.57840590e+00 1.71210116e+00 1.77797032e+00 2.52453935e+00 2.14044776e+00 1.45634293e+00 2.97131567e+00 1.56128099e+00 2.54116972e+00 4.20858463e+00 9.93307329e+00 4.41285319e+00 8.58628037e+00 7.74151858e+00 3.43684711e+00 7.81717965e+00 1.75086432e+00 7.93970806e-01 1.77009106e+00 2.26832847e+00 4.79173318e-01 2.89113684e+00 3.45266971e+00 4.11685958e-01 4.14565208e+00 3.14740042e+00 1.21205966e+00 4.82468268e+00 1.44719995e+01 7.65577229e+00 1.16850499e+01 3.23652969e+01 1.79223881e+01 2.07078242e+01 1.93768176e+00 2.26435497e+00 2.59437922e+00 1.96443680e+00 2.28943365e+00 2.61472242e+00 2.01635908e+00 2.33761595e+00 2.65950863e+00 2.08796526e+00 2.40264006e+00 2.71901555e+00 2.15796353e+00 2.46869624e+00 2.78263472e+00 2.20900388e+00 2.51823954e+00 2.83299755e+00 2.22339005e+00 2.53266393e+00 2.85118142e+00 2.16147914e+00 2.48275831e+00 2.81828116e+00 1.99660542e+00 2.34172064e+00 2.71320796e+00 1.74282514e+00 2.12280200e+00 2.54651792e+00 1.55164421e+00 1.92133277e+00 2.43427750e+00 1.87986502e+00 1.60530165e+00 1.99652913e+00 1.64729838e+00 2.21312096e+00 4.77064077e+00 1.07297914e+01 2.52910325e+00 9.36987297e+00 6.59606800e+00 2.64638842e+00 1.18703418e+01 9.91423416e+00 9.64117532e-01 9.26955148e+00 7.89375618e+00 8.85952471e-01 8.35937586e+00 6.97259100e+00 6.16334898e-01 7.11255689e+00 4.34666275e+00 1.06166507e+00 5.53040158e+00 1.47429106e+01 8.40404724e+00 1.26207661e+01 2.99431872e+01 1.91713835e+01 1.98553363e+01 1.81107264e+00 2.16097960e+00 2.51211989e+00 1.85677625e+00 2.20109282e+00 2.54602082e+00 1.95170072e+00 2.28709174e+00 2.62373689e+00 2.08098049e+00 2.40164203e+00 2.72547478e+00 2.20900032e+00 2.51824031e+00 2.83299431e+00 2.31246190e+00 2.61405915e+00 2.92425490e+00 2.37542135e+00 2.66707577e+00 2.97257919e+00 2.34885302e+00 2.63882965e+00 2.95091965e+00 2.18016842e+00 2.48614300e+00 2.82785881e+00 1.82203690e+00 2.18121835e+00 2.59279494e+00 1.29685822e+00 1.81121265e+00 2.35261367e+00 1.00601738e+00 1.59232325e+00 2.23561203e+00 1.82151528e+00 2.26478155e+00 3.33351360e+00 1.06626185e+01 3.75224776e+00 9.47622078e+00 7.05783649e+00 3.37467233e+00 7.25718501e+00 1.40270725e+00 6.68732482e-01 1.60231346e+00 2.55286833e+00 6.12615267e-01 2.57019553e+00 3.13983460e+00 7.13923417e-01 3.74507529e+00 3.96822835e+00 8.12527852e-01 3.96918504e+00 1.34897631e+01 6.44440432e+00 1.27242734e+01 2.77791180e+01 1.66163929e+01 1.82622874e+01 1.65539883e+00 2.02557344e+00 2.39752504e+00 1.71778516e+00 2.08544367e+00 2.45399807e+00 1.86007019e+00 2.21461873e+00 2.57139032e+00 2.04365517e+00 2.37452129e+00 2.71068545e+00 2.22338288e+00 2.53265597e+00 2.85117604e+00 2.37541256e+00 2.66707125e+00 2.97257568e+00 2.48988846e+00 2.76272931e+00 3.05566866e+00 2.52558645e+00 2.78228702e+00 3.06977155e+00 2.42175996e+00 2.67087421e+00 2.97104966e+00 2.12671551e+00 2.38023492e+00 2.72269631e+00 1.55957178e+00 1.88344711e+00 2.37151931e+00 9.31886635e-01 1.47117771e+00 2.22545791e+00 3.19067279e-01 1.56473219e+00 3.10362808e+00 4.17292393e+00 3.25091872e+00 5.26751895e+00 8.18951166e+00 4.01950504e+00 8.50569158e+00 5.90251150e+00 1.80399271e+00 5.83803521e+00 3.44811156e+00 1.17828846e+00 3.41792652e+00 1.77627603e+00 1.30062642e+00 1.81643944e+00 1.94317279e+00 1.47922458e+00 3.05033280e+00 1.25179755e+01 4.00763277e+00 1.17551006e+01 2.63040108e+01 1.18503576e+01 1.72602442e+01 1.40320126e+00 1.85596484e+00 2.31399122e+00 1.50441594e+00 1.93664341e+00 2.37021487e+00 1.71703064e+00 2.10718352e+00 2.50229537e+00 1.95664873e+00 2.30458489e+00 2.66207626e+00 2.16146281e+00 2.48274936e+00 2.81827479e+00 2.34883849e+00 2.63882535e+00 2.95091456e+00 2.52558476e+00 2.78228323e+00 3.06976727e+00 2.65409546e+00 2.88297680e+00 3.15448036e+00 2.68073531e+00 2.88317407e+00 3.15029537e+00 2.53994626e+00 2.71721323e+00 3.00708678e+00 2.24662299e+00 2.36541079e+00 2.72251065e+00 1.74647073e+00 1.74831528e+00 2.32676484e+00 9.65962122e-01 1.47125330e+00 2.53230409e+00 6.66733905e-01 1.59734190e+00 3.21723300e+00 3.16518899e+00 2.11605519e+00 4.31840433e+00 4.35140998e+00 1.96915125e+00 4.78721422e+00 4.26708422e+00 1.40193139e+00 4.41558508e+00 3.11197238e+00 1.00928098e+00 3.46166294e+00 1.98121886e+00 1.00506712e+00 3.34704035e+00 1.20958323e+01 3.42842560e+00 1.06831331e+01 2.58139943e+01 5.89328394e+00 1.85197654e+01 1.21043319e+00 1.72338250e+00 2.25766704e+00 1.27089449e+00 1.81058124e+00 2.35455184e+00 1.53338235e+00 2.01095868e+00 2.49913234e+00 1.79463202e+00 2.17294992e+00 2.57135292e+00 1.99658277e+00 2.34170462e+00 2.71319867e+00 2.18014536e+00 2.48612664e+00 2.82784246e+00 2.42173845e+00 2.67085653e+00 2.97103016e+00 2.68071855e+00 2.88315936e+00 3.15029056e+00 2.88025410e+00 3.04107823e+00 3.28703278e+00 2.93787518e+00 3.05915285e+00 3.30825865e+00 2.81796247e+00 2.87583806e+00 3.17157612e+00 2.58122147e+00 2.43654858e+00 2.88506923e+00 1.92367903e+00 1.67677272e+00 2.41603716e+00 8.24575193e-01 1.38742105e+00 2.51093012e+00 1.03195361e+00 1.46900146e+00 2.94755241e+00 2.15338101e+00 1.50670065e+00 3.31826619e+00 3.35699489e+00 1.48632313e+00 3.71650188e+00 4.18294008e+00 1.38526076e+00 3.99360999e+00 4.88593712e+00 7.66063237e-01 5.50589770e+00 1.16349654e+01 5.85286911e+00 8.17849779e+00 2.84577946e+01 6.03581390e+00 2.29134245e+01 3.36820395e+00 1.71138546e+00 3.68884087e+00 2.41468317e+00 1.87877097e+00 3.02252610e+00 1.43883873e+00 1.90566792e+00 2.64217387e+00 1.60314304e+00 2.05828818e+00 2.57841762e+00 1.74280670e+00 2.12279080e+00 2.54650767e+00 1.82200514e+00 2.18119523e+00 2.59277366e+00 2.12668268e+00 2.38020331e+00 2.72267009e+00 2.53992496e+00 2.71719075e+00 3.00706879e+00 2.93785539e+00 3.05914660e+00 3.30824545e+00 3.19880465e+00 3.27269774e+00 3.50538699e+00 3.25362418e+00 3.26836767e+00 3.52375529e+00 3.06724912e+00 2.94374647e+00 3.32491588e+00 2.64754924e+00 2.25683311e+00 2.93573023e+00 1.65066633e+00 1.44768865e+00 2.48655075e+00 8.06595313e-01 1.25759140e+00 2.51178796e+00 8.10196712e-01 1.34130927e+00 2.75743913e+00 1.29734042e+00 1.35903616e+00 2.91726450e+00 2.08717380e+00 1.65332692e+00 2.91671250e+00 3.93951406e+00 1.83017583e+00 5.62719977e+00 1.11888346e+01 6.79429562e+00 5.27986214e+00 3.01052119e+01 7.67413037e+00 2.45977773e+01 5.87877907e+00 1.55407525e+00 5.63300904e+00 5.56755845e+00 1.28052344e+00 4.89105417e+00 3.11844678e+00 1.78587403e+00 3.49955069e+00 1.71214313e+00 1.77794470e+00 2.52455825e+00 1.55164447e+00 1.92132779e+00 2.43428959e+00 1.29682856e+00 1.81119543e+00 2.35260800e+00 1.55951434e+00 1.88340444e+00 2.37148748e+00 2.24658267e+00 2.36537249e+00 2.72247839e+00 2.81793819e+00 2.87580234e+00 3.17154501e+00 3.25360387e+00 3.26834724e+00 3.52373729e+00 3.51298878e+00 3.46564767e+00 3.70365061e+00 3.49433751e+00 3.33742480e+00 3.63700259e+00 3.15061760e+00 2.77503352e+00 3.30452959e+00 2.40593762e+00 1.88355720e+00 2.81307445e+00 1.32870308e+00 1.15387057e+00 2.42671644e+00 7.96546457e-01 1.15755870e+00 2.45796032e+00 1.05614708e+00 1.25481253e+00 2.60730907e+00 7.87387172e-01 1.06281921e+00 2.25849311e+00 2.31657211e+00 1.62782038e+00 3.69337063e+00 8.74497616e+00 4.09993182e+00 6.14011261e+00 2.56276649e+01 4.92746892e+00 1.97235864e+01 3.24049910e+00 1.57426102e+00 6.20235922e+00 2.58942845e+00 1.94143833e+00 3.57645505e+00 4.14915648e+00 1.87244587e+00 4.00067804e+00 2.14051585e+00 1.45635977e+00 2.97141195e+00 1.87992959e+00 1.60529255e+00 1.99648457e+00 1.00605701e+00 1.59231750e+00 2.23559021e+00 9.31843253e-01 1.47115490e+00 2.22545660e+00 1.74641697e+00 1.74825663e+00 2.32672992e+00 2.58119865e+00 2.43650593e+00 2.88504266e+00 3.06723957e+00 2.94372168e+00 3.32490489e+00 3.49431616e+00 3.33740496e+00 3.63699294e+00 3.75535197e+00 3.49278588e+00 3.77429518e+00 3.67127682e+00 3.22390416e+00 3.63077033e+00 3.14079762e+00 2.47046852e+00 3.20315092e+00 2.14997664e+00 1.47817689e+00 2.67383728e+00 1.17213295e+00 8.95639420e-01 2.41745641e+00 1.32431380e+00 1.04649165e+00 2.55039823e+00 9.84067161e-01 1.09693232e+00 2.30601436e+00 1.44449604e+00 1.53499733e+00 2.88751724e+00 7.76589551e+00 1.62066644e+00 6.47269681e+00 2.07338495e+01 3.37593460e+00 1.52276321e+01 5.09414404e+00 4.64792127e-01 5.93182095e+00 1.07184073e+00 8.00715575e-01 1.97722681e+00 3.59563863e+00 2.03975507e+00 3.86898748e+00 1.56129800e+00 2.54132653e+00 4.20878617e+00 1.64763862e+00 2.21331717e+00 4.77104901e+00 1.82167429e+00 2.26491075e+00 3.33376135e+00 3.19062607e-01 1.56472034e+00 3.10365655e+00 9.65920009e-01 1.47124775e+00 2.53235454e+00 1.92363782e+00 1.67672460e+00 2.41600714e+00 2.64752812e+00 2.25679317e+00 2.93571056e+00 3.15059402e+00 2.77499376e+00 3.30452329e+00 3.67125562e+00 3.22388235e+00 3.63075383e+00 3.99716604e+00 3.38160364e+00 3.80610560e+00 3.88226540e+00 3.02828436e+00 3.66418833e+00 3.20355996e+00 2.17007884e+00 3.21975785e+00 2.18410217e+00 1.18377116e+00 2.77749005e+00 1.66183069e+00 9.83416751e-01 2.76079485e+00 1.00668804e+00 1.35234552e+00 2.63532276e+00 9.30659283e-01 1.22365774e+00 2.35707010e+00 7.28970559e+00 9.57750583e-01 6.38475209e+00 1.82229363e+01 3.44818339e+00 1.32199442e+01 5.99823482e+00 5.82092547e-01 6.82825017e+00 1.48410139e+00 7.37019912e-01 2.18076905e+00 3.61259809e+00 3.09986671e+00 4.22406758e+00 9.93346976e+00 4.41287200e+00 8.58654612e+00 1.07298665e+01 2.52946176e+00 9.37020075e+00 1.06629983e+01 3.75224158e+00 9.47647334e+00 4.17340172e+00 3.25110243e+00 5.26788812e+00 6.66771485e-01 1.59734375e+00 3.21727547e+00 8.24534702e-01 1.38741124e+00 2.51095184e+00 1.65063010e+00 1.44765915e+00 2.48654403e+00 2.40590287e+00 1.88352081e+00 2.81306507e+00 3.14075916e+00 2.47042975e+00 3.20313264e+00 3.88224447e+00 3.02824861e+00 3.66416677e+00 4.34449432e+00 3.23830240e+00 3.96601095e+00 4.24352706e+00 2.85873627e+00 3.90577774e+00 3.53032658e+00 1.96829766e+00 3.53955053e+00 2.56693232e+00 1.26399717e+00 3.23440206e+00 1.39923497e+00 1.42737914e+00 2.78690445e+00 9.27797364e-01 1.11409494e+00 2.10155907e+00 7.10947223e+00 8.16374647e-01 6.38753432e+00 1.72545461e+01 3.31566290e+00 1.24999781e+01 7.40345704e+00 7.19078077e-01 8.09186769e+00 1.23969722e+00 1.22572414e+00 2.17893764e+00 9.33193667e+00 4.59700085e+00 9.36826558e+00 7.74157232e+00 3.43678681e+00 7.81718743e+00 6.59688218e+00 2.64608378e+00 1.18705147e+01 7.05746173e+00 3.37459464e+00 7.25700621e+00 8.18966073e+00 4.01953427e+00 8.50581907e+00 3.16537423e+00 2.11611399e+00 4.31855653e+00 1.03200111e+00 1.46900442e+00 2.94759155e+00 8.06602784e-01 1.25759902e+00 2.51180653e+00 1.32868276e+00 1.15386360e+00 2.42672453e+00 2.14993793e+00 1.47814194e+00 2.67382435e+00 3.20350666e+00 2.17003051e+00 3.21974407e+00 4.24349266e+00 2.85869765e+00 3.90575492e+00 4.89007867e+00 3.11612407e+00 4.40071766e+00 4.82902644e+00 2.67584152e+00 4.46061217e+00 3.94983248e+00 1.76196022e+00 4.12748456e+00 2.27703921e+00 1.43405015e+00 3.24975249e+00 1.24831342e+00 1.14430818e+00 2.28418424e+00 6.96182432e+00 9.11466187e-01 6.21939714e+00 1.71623206e+01 3.06945410e+00 1.26129150e+01 7.45227745e+00 1.24048930e+00 9.91019909e+00 5.20717765e+00 2.18254258e+00 5.21136786e+00 9.33196529e+00 3.82578788e+00 9.44982523e+00 1.75090272e+00 7.94002993e-01 1.77000719e+00 9.91429040e+00 9.64127684e-01 9.26958406e+00 1.40293674e+00 6.68718389e-01 1.60241400e+00 5.90257405e+00 1.80394797e+00 5.83807120e+00 4.35150598e+00 1.96918407e+00 4.78728151e+00 2.15345254e+00 1.50670679e+00 3.31831703e+00 8.10228376e-01 1.34130906e+00 2.75745817e+00 7.96563808e-01 1.15757626e+00 2.45797706e+00 1.17211102e+00 8.95652741e-01 2.41745359e+00 2.18404398e+00 1.18373339e+00 2.77747126e+00 3.53027167e+00 1.96824582e+00 3.53951528e+00 4.82897991e+00 2.67580842e+00 4.46058634e+00 5.69457751e+00 2.89152389e+00 5.20812945e+00 5.62035790e+00 2.29744138e+00 5.41716119e+00 4.01802763e+00 1.58065336e+00 4.43379747e+00 2.14883423e+00 1.33765433e+00 3.11914187e+00 6.70516458e+00 1.22471181e+00 5.82588169e+00 1.76751148e+01 2.79532621e+00 1.33077056e+01 6.43408668e+00 2.83459856e+00 8.45763534e+00 8.47834952e+00 2.20444859e+00 8.13743407e+00 7.06170887e+00 3.21017766e+00 6.62056658e+00 2.26832000e+00 4.79179375e-01 2.89112339e+00 7.89390124e+00 8.85973489e-01 8.35946962e+00 2.55308273e+00 6.12631365e-01 2.57042548e+00 3.44813151e+00 1.17828937e+00 3.41789882e+00 4.26713097e+00 1.40196784e+00 4.41561885e+00 3.35703829e+00 1.48633286e+00 3.71652950e+00 1.29738034e+00 1.35902334e+00 2.91727967e+00 1.05614435e+00 1.25481310e+00 2.60731279e+00 1.32430965e+00 1.04651089e+00 2.55039751e+00 1.66179804e+00 9.83417469e-01 2.76077737e+00 2.56687853e+00 1.26396960e+00 3.23438561e+00 3.94978192e+00 1.76192600e+00 4.12746416e+00 5.62032655e+00 2.29741784e+00 5.41714362e+00 6.90015320e+00 2.35433235e+00 6.73514420e+00 6.46894112e+00 1.77768511e+00 6.60021177e+00 4.57570112e+00 1.62408735e+00 5.22719447e+00 6.10638651e+00 1.79788563e+00 4.81834696e+00 1.87905051e+01 2.52845085e+00 1.45436963e+01 2.58223927e+00 1.05702987e+00 3.69293338e+00 6.13429681e+00 2.09062535e+00 5.15143940e+00 3.25159403e+00 2.06465330e+00 2.76397691e+00 3.45269774e+00 4.11681845e-01 4.14564722e+00 6.97273318e+00 6.16367020e-01 7.11261443e+00 3.14003018e+00 7.13920688e-01 3.74523105e+00 1.77626763e+00 1.30059908e+00 1.81638186e+00 3.11200492e+00 1.00931679e+00 3.46166830e+00 4.18294702e+00 1.38528155e+00 3.99360329e+00 2.08718324e+00 1.65330598e+00 2.91670122e+00 7.87386883e-01 1.06281191e+00 2.25849184e+00 9.84096543e-01 1.09692862e+00 2.30601309e+00 1.00670582e+00 1.35233600e+00 2.63532674e+00 1.39921945e+00 1.42737998e+00 2.78690287e+00 2.27700557e+00 1.43405174e+00 3.24973779e+00 4.01796356e+00 1.58064275e+00 4.43376603e+00 6.46890161e+00 1.77767037e+00 6.60018421e+00 8.32463361e+00 1.58012034e+00 8.92887893e+00 8.45282484e+00 1.44851319e+00 9.11613803e+00 4.45581192e+00 2.44797275e+00 3.19967877e+00 2.19214208e+01 4.28296829e+00 1.64350074e+01 4.53827249e+00 1.73915166e+00 7.07064625e+00 5.09263322e+00 8.11023445e-01 5.81439923e+00 1.48589955e+00 2.10458737e+00 3.62373388e+00 3.14732999e+00 1.21211462e+00 4.82474846e+00 4.34662075e+00 1.06174178e+00 5.53049554e+00 3.96818805e+00 8.12558039e-01 3.96928675e+00 1.94320711e+00 1.47925175e+00 3.05034914e+00 1.98121852e+00 1.00507480e+00 3.34704345e+00 4.88591289e+00 7.66096102e-01 5.50589196e+00 3.93947399e+00 1.83017123e+00 5.62714156e+00 2.31658254e+00 1.62781603e+00 3.69336985e+00 1.44452616e+00 1.53498912e+00 2.88749705e+00 9.30686582e-01 1.22366000e+00 2.35707019e+00 9.27801739e-01 1.11410067e+00 2.10157726e+00 1.24830305e+00 1.14431298e+00 2.28418534e+00 2.14879024e+00 1.33765345e+00 3.11912028e+00 4.57562543e+00 1.62408409e+00 5.22714860e+00 8.45276558e+00 1.44852294e+00 9.11607708e+00 1.13193636e+01 1.58481400e+00 1.36413694e+01 9.85180665e+00 4.39188991e+00 7.87160717e+00 2.14516079e+01 6.42446461e+00 2.12235769e+01 1.95763314e+01 1.06535070e+01 5.41474826e+00 1.22944400e+01 6.85262179e+00 8.39224658e+00 1.31938812e+01 4.73416058e+00 1.02365006e+01 1.44722404e+01 7.65603476e+00 1.16848700e+01 1.47433414e+01 8.40449542e+00 1.26206174e+01 1.34899057e+01 6.44465372e+00 1.27241864e+01 1.25179762e+01 4.00764658e+00 1.17550477e+01 1.20958445e+01 3.42845058e+00 1.06830913e+01 1.16350256e+01 5.85290883e+00 8.17846026e+00 1.11888120e+01 6.79426305e+00 5.27994119e+00 8.74500993e+00 4.09990981e+00 6.14012574e+00 7.76590450e+00 1.62067778e+00 6.47269832e+00 7.28971808e+00 9.57755709e-01 6.38475590e+00 7.10945146e+00 8.16373233e-01 6.38750810e+00 6.96179202e+00 9.11450289e-01 6.21936473e+00 6.70512849e+00 1.22468290e+00 5.82584786e+00 6.10636307e+00 1.79784814e+00 4.81834086e+00 4.45577657e+00 2.44794107e+00 3.19968679e+00 9.85178151e+00 4.39187818e+00 7.87155500e+00 1.24077356e+01 6.16202144e+00 9.99949893e+00 1.03797034e+01 1.00667209e+01 1.62328443e+01 4.44831057e+01 1.78135687e+01 3.84814579e+01 3.80066309e+01 1.11712392e+01 2.84578250e+01 3.33375565e+01 1.10875643e+01 2.17237867e+01 3.23661961e+01 1.79226638e+01 2.07082552e+01 2.99441534e+01 1.91718500e+01 1.98558121e+01 2.77795632e+01 1.66165987e+01 1.82626542e+01 2.63040393e+01 1.18501841e+01 1.72604064e+01 2.58141087e+01 5.89305963e+00 1.85199190e+01 2.84579554e+01 6.03593712e+00 2.29135791e+01 3.01050994e+01 7.67416588e+00 2.45977928e+01 2.56276759e+01 4.92747956e+00 1.97236723e+01 2.07338069e+01 3.37585810e+00 1.52277532e+01 1.82229064e+01 3.44807066e+00 1.32199955e+01 1.72545113e+01 3.31556413e+00 1.24999421e+01 1.71622684e+01 3.06938158e+00 1.26129418e+01 1.76750632e+01 2.79527615e+00 1.33076232e+01 1.87904300e+01 2.52841199e+00 1.45436159e+01 2.19212826e+01 4.28293533e+00 1.64349111e+01 2.14516249e+01 6.42443806e+00 2.12235819e+01 1.03797004e+01 1.00667152e+01 1.62328272e+01 7.43355430e+00 6.26814786e+00 5.76212581e+00 2.17757197e+00 2.77110613e+00 2.12765011e+00 2.73401941e+00 2.08726621e+00 2.70400643e+00 2.02336798e+00 2.65737929e+00 1.93779570e+00 2.59476011e+00 1.82274597e+00 2.51684061e+00 1.67454416e+00 2.40876070e+00 1.44004704e+00 2.30810179e+00 1.21149708e+00 2.26942995e+00 2.84796051e+00 3.18182835e+00 5.51707876e+00 4.98314249e+00 9.23765381e-01 4.10995078e+00 2.75953933e+00 3.82126403e+00 3.50101171e+00 4.52543231e+00 3.61561963e+00 4.72078255e+00 2.29245066e+00 4.90393370e+00 6.25817587e+00 6.76023570e+00 4.01404580e+00 3.94135215e+00 4.37924478e+00 5.66303497e+00 1.33935083e+01 4.31452683e+00 4.00216091e+01 3.14744684e+01 2.13655818e+00 2.73575691e+00 2.11534856e+00 2.72160521e+00 2.08560222e+00 2.70118414e+00 2.03952387e+00 2.67008070e+00 1.97811135e+00 2.62836281e+00 1.89473868e+00 2.57517798e+00 1.77731346e+00 2.49977873e+00 1.60553668e+00 2.42394047e+00 1.39986962e+00 2.35436922e+00 1.69760985e+00 2.88265595e+00 4.23128912e+00 4.13483540e+00 3.55805908e+00 3.34983785e+00 2.08666872e+00 2.23194033e+00 1.41880585e+00 2.16525714e+00 4.86439772e+00 5.34242975e+00 6.99518111e+00 6.15783323e+00 7.43182458e+00 6.71497339e+00 4.47369712e+00 3.90720737e+00 2.61037511e+00 3.92458892e+00 1.17056998e+01 8.67859389e+00 3.44674156e+01 2.35874569e+01 2.08739212e+00 2.69569231e+00 2.07964177e+00 2.69267076e+00 2.07061042e+00 2.69021780e+00 2.05786556e+00 2.68736593e+00 2.04047113e+00 2.68136499e+00 2.00878410e+00 2.66653181e+00 1.94618606e+00 2.63270014e+00 1.82944206e+00 2.57978291e+00 1.66652174e+00 2.52212316e+00 1.48967340e+00 2.58631328e+00 2.17339028e+00 2.98208389e+00 2.88586019e+00 3.34004336e+00 2.37377531e+00 4.07705921e+00 6.03914156e+00 6.92562928e+00 8.09189119e+00 6.19996358e+00 5.43327244e+00 5.02522279e+00 2.64230075e+00 3.08756122e+00 9.80368518e-01 1.58350976e+00 1.70504163e+00 3.72161241e+00 1.29694182e+01 1.08042619e+01 3.18501228e+01 2.09384651e+01 2.01862507e+00 2.64292652e+00 2.02010805e+00 2.64805400e+00 2.04089019e+00 2.67092065e+00 2.07356778e+00 2.70580451e+00 2.11200818e+00 2.74372553e+00 2.13969540e+00 2.77280645e+00 2.13024810e+00 2.77638419e+00 2.05850179e+00 2.73765231e+00 1.89601858e+00 2.65912211e+00 1.68319773e+00 2.55589238e+00 1.60946307e+00 2.44446431e+00 2.00581595e+00 2.33287460e+00 9.89877836e-01 3.78614192e+00 9.93717391e+00 7.71938140e+00 1.80153809e+00 7.28036003e+00 5.01260631e+00 5.18697879e+00 4.95629896e+00 5.48917003e+00 4.84469257e+00 5.27250951e+00 3.62641601e+00 4.98644668e+00 1.40694774e+01 1.19980405e+01 3.02166885e+01 2.02565320e+01 1.91549271e+00 2.57173129e+00 1.93095387e+00 2.58767547e+00 1.98970153e+00 2.64100823e+00 2.07559593e+00 2.71826793e+00 2.17279741e+00 2.80169125e+00 2.25777361e+00 2.87267703e+00 2.29637817e+00 2.91041428e+00 2.25642065e+00 2.88511205e+00 2.08887682e+00 2.77960070e+00 1.78500049e+00 2.59292803e+00 1.39829351e+00 2.38183024e+00 1.38511870e+00 2.10113532e+00 1.76163070e+00 3.34189231e+00 1.02598980e+01 8.18457850e+00 1.51082867e+00 7.08763310e+00 5.30317626e+00 5.28178177e+00 4.96102693e+00 5.34062869e+00 4.63721568e+00 5.04489024e+00 4.05765684e+00 4.56721448e+00 1.36207004e+01 1.24869151e+01 2.84059276e+01 1.88670805e+01 1.77772700e+00 2.47653351e+00 1.80977559e+00 2.50821491e+00 1.91223901e+00 2.59674468e+00 2.05327051e+00 2.71428686e+00 2.20620173e+00 2.83638053e+00 2.34288884e+00 2.94243997e+00 2.43084161e+00 3.01304897e+00 2.43617606e+00 3.01443455e+00 2.30206594e+00 2.90921258e+00 1.96661486e+00 2.66507192e+00 1.40275528e+00 2.38974652e+00 7.68194763e-01 2.13496527e+00 9.50586436e-01 3.18306637e+00 7.12837797e+00 7.53347474e+00 7.58006117e+00 6.04241315e+00 3.25500818e+00 3.21885845e+00 1.03311437e+00 1.20438565e+00 9.93423953e-01 1.58744560e+00 2.82692561e+00 3.24818219e+00 1.25574833e+01 1.21002910e+01 2.65496746e+01 1.75441194e+01 1.57573743e+00 2.38090546e+00 1.63566632e+00 2.41999105e+00 1.79583894e+00 2.53542419e+00 1.98809780e+00 2.68477271e+00 2.18394894e+00 2.82648201e+00 2.36372619e+00 2.95492807e+00 2.50673148e+00 3.06177459e+00 2.58826275e+00 3.11787590e+00 2.55044855e+00 3.07296590e+00 2.33537890e+00 2.87765068e+00 1.89462791e+00 2.55250297e+00 1.27890477e+00 2.27841808e+00 6.81495958e-01 2.72225487e+00 2.01351599e+00 3.93705907e+00 5.14969356e+00 6.07707969e+00 4.87698614e+00 4.60031564e+00 3.70253650e+00 3.76389897e+00 2.01436789e+00 2.57659351e+00 1.32133796e+00 3.10145835e+00 1.20129568e+01 1.11367965e+01 2.57737493e+01 1.75125894e+01 1.34018173e+00 2.28306645e+00 1.41071804e+00 2.34410516e+00 1.63496715e+00 2.46793019e+00 1.86146387e+00 2.61896423e+00 2.06989597e+00 2.75493508e+00 2.26981137e+00 2.87846044e+00 2.47361349e+00 3.01989217e+00 2.66535962e+00 3.15948655e+00 2.77597835e+00 3.23512316e+00 2.74029190e+00 3.17654149e+00 2.52912878e+00 2.95560172e+00 2.16904551e+00 2.63297434e+00 1.39913200e+00 2.38503363e+00 8.16846725e-01 2.81722550e+00 1.93131833e+00 3.48356200e+00 3.15043274e+00 3.83143262e+00 3.78814394e+00 3.88593121e+00 3.69743852e+00 3.44036671e+00 3.35006821e+00 4.03360757e+00 1.11789379e+01 9.36127411e+00 2.67587531e+01 2.03081515e+01 1.30432665e+00 2.61745779e+00 1.30493041e+00 2.50454907e+00 1.40052360e+00 2.49090618e+00 1.67063147e+00 2.54972052e+00 1.85625670e+00 2.61678659e+00 2.01209492e+00 2.69719698e+00 2.27356945e+00 2.84602167e+00 2.60626851e+00 3.08554014e+00 2.90073718e+00 3.31481512e+00 3.06148335e+00 3.42835923e+00 3.03199777e+00 3.35939904e+00 2.79812877e+00 3.11876282e+00 2.28984978e+00 2.69165941e+00 1.23776103e+00 2.44500805e+00 8.92987166e-01 2.72191368e+00 1.36199977e+00 2.95941671e+00 2.22623374e+00 3.16789538e+00 3.10127232e+00 3.29159175e+00 4.41168267e+00 5.13311023e+00 1.16253336e+01 6.55319988e+00 2.87878299e+01 2.38547047e+01 3.82482768e+00 2.94831154e+00 3.59968599e+00 3.19135187e+00 2.00039143e+00 2.83333090e+00 1.53988472e+00 2.46073597e+00 1.61060911e+00 2.45014276e+00 1.56758275e+00 2.44996248e+00 1.84946598e+00 2.54706579e+00 2.37458456e+00 2.86729816e+00 2.86058881e+00 3.24830830e+00 3.21589100e+00 3.52781078e+00 3.37396722e+00 3.62356773e+00 3.26704700e+00 3.48522495e+00 2.86765601e+00 3.12434254e+00 2.02552464e+00 2.62786872e+00 1.01973455e+00 2.44172582e+00 7.96529696e-01 2.59903957e+00 1.00348608e+00 2.74643566e+00 1.13143538e+00 2.47075584e+00 2.96082541e+00 4.37511645e+00 9.58749773e+00 5.71656460e+00 2.78760483e+01 2.19632784e+01 2.38743096e+00 4.88378905e+00 3.92982285e+00 3.89871767e+00 3.51766950e+00 3.49544503e+00 1.80382061e+00 2.55535413e+00 1.54259368e+00 2.21469698e+00 1.15428035e+00 2.28035622e+00 1.23382748e+00 2.26029034e+00 1.97766388e+00 2.52579520e+00 2.64075521e+00 3.00406881e+00 3.13282903e+00 3.40219365e+00 3.49020728e+00 3.66117004e+00 3.61094807e+00 3.70241506e+00 3.38930549e+00 3.46276485e+00 2.74585249e+00 2.98941843e+00 1.69442083e+00 2.51724706e+00 9.27948769e-01 2.40732067e+00 1.19747678e+00 2.55422090e+00 9.03522292e-01 2.22701093e+00 1.81212877e+00 3.19133121e+00 7.83680221e+00 6.21286313e+00 2.30668773e+01 1.72750889e+01 4.21638067e+00 5.99198015e+00 1.22532795e+00 2.51610188e+00 3.87827800e+00 3.49641586e+00 1.54746153e+00 3.08087884e+00 1.05482183e+00 2.94090732e+00 1.16794924e+00 2.45778508e+00 6.23075072e-01 2.46371454e+00 1.37660403e+00 2.28690494e+00 2.20729641e+00 2.60644475e+00 2.78746218e+00 3.02922202e+00 3.29184157e+00 3.40115698e+00 3.69231695e+00 3.67198425e+00 3.81311166e+00 3.69937886e+00 3.48513024e+00 3.40642921e+00 2.62930154e+00 2.90568996e+00 1.61283549e+00 2.56015022e+00 1.42454014e+00 2.63962287e+00 9.57691339e-01 2.47393785e+00 1.07202011e+00 2.54333734e+00 7.48791353e+00 6.35312129e+00 1.95216541e+01 1.41282464e+01 5.72122538e+00 6.09413939e+00 1.57367093e+00 2.02584198e+00 2.82227864e+00 3.89329885e+00 4.79455460e+00 6.06548816e+00 6.42243701e+00 5.09466332e+00 5.66187828e+00 6.01669345e+00 1.54818029e+00 3.91688036e+00 5.68767871e-01 2.75976318e+00 1.23955227e+00 2.30033922e+00 2.04972521e+00 2.53635480e+00 2.72162839e+00 2.90577309e+00 3.37257766e+00 3.32598806e+00 3.90953539e+00 3.67980117e+00 4.08039560e+00 3.76498420e+00 3.67266010e+00 3.50140461e+00 2.79746184e+00 3.09964094e+00 2.02898193e+00 2.95770498e+00 1.14046622e+00 2.65703466e+00 8.47390626e-01 2.19194557e+00 7.20449916e+00 6.34120043e+00 1.77414191e+01 1.28407855e+01 6.68105626e+00 7.44224594e+00 1.07686561e+00 2.10283312e+00 6.22090025e+00 6.31663216e+00 8.97240637e+00 6.21726196e+00 6.06835709e+00 7.91208724e+00 8.92869703e+00 6.97983467e+00 6.11498324e+00 6.26275434e+00 1.55055420e+00 3.59423181e+00 6.75096897e-01 2.59045346e+00 9.59450777e-01 2.27939836e+00 1.74592421e+00 2.40586972e+00 2.58457884e+00 2.78445059e+00 3.49490353e+00 3.32466774e+00 4.24087645e+00 3.82796748e+00 4.49487792e+00 4.03066521e+00 4.09043306e+00 3.87613159e+00 3.14846206e+00 3.57778681e+00 1.71574137e+00 2.91144323e+00 9.69692908e-01 2.16761832e+00 7.03928076e+00 6.28118231e+00 1.71636472e+01 1.25725176e+01 7.37511204e+00 8.91341214e+00 2.44027940e+00 2.47261351e+00 9.42163659e+00 7.86260000e+00 3.85697308e+00 4.22796955e+00 8.12245330e+00 1.06627092e+01 2.72498717e+00 3.56102914e+00 6.90820817e+00 5.98559970e+00 3.67354734e+00 4.08083048e+00 1.24458539e+00 2.88420921e+00 4.99614109e-01 2.44809254e+00 7.49468217e-01 2.24487556e+00 1.48190451e+00 2.35975993e+00 2.58033871e+00 2.81411381e+00 3.78332289e+00 3.52096644e+00 4.74074227e+00 4.18676387e+00 5.12423937e+00 4.54393521e+00 4.61849055e+00 4.49678221e+00 2.93723304e+00 3.62448827e+00 1.49544395e+00 2.62050378e+00 6.83894827e+00 5.99220831e+00 1.74623717e+01 1.29144004e+01 4.24093158e+00 7.25893324e+00 6.75098461e+00 4.86202183e+00 8.13165739e+00 7.24470889e+00 1.45262433e+00 1.94969058e+00 8.69936517e+00 8.94952165e+00 1.86447033e+00 1.96043028e+00 4.51509663e+00 4.56492636e+00 4.16443570e+00 3.98787013e+00 2.44664396e+00 3.01094279e+00 6.88350151e-01 2.52489433e+00 6.14020085e-01 2.34899531e+00 9.16208204e-01 2.32247984e+00 1.67840776e+00 2.56088206e+00 2.86522443e+00 3.12491435e+00 4.20300589e+00 3.93684836e+00 5.43108136e+00 4.78178345e+00 5.97818120e+00 5.40022999e+00 4.90654718e+00 4.91727133e+00 3.03137181e+00 3.94466698e+00 6.35476732e+00 5.30727762e+00 1.84146941e+01 1.37940029e+01 2.52343629e+00 3.24824817e+00 6.38295440e+00 5.01233016e+00 4.48146845e+00 4.74795547e+00 2.83484345e+00 3.47875730e+00 7.53403574e+00 7.67889772e+00 2.88006685e+00 3.05955989e+00 2.41941436e+00 2.52153898e+00 3.53069644e+00 3.56345921e+00 3.50402827e+00 3.28801096e+00 1.47175233e+00 2.51531423e+00 6.17616548e-01 2.20815552e+00 9.15180423e-01 2.28716393e+00 1.13635615e+00 2.55572606e+00 1.79088738e+00 2.81953995e+00 2.88480533e+00 3.39312325e+00 4.51980083e+00 4.39104021e+00 6.26711712e+00 5.65075530e+00 6.85295172e+00 6.28530102e+00 5.85515431e+00 6.33205394e+00 5.02418716e+00 3.59505440e+00 2.00215038e+01 1.55137526e+01 2.20982423e+00 4.10304093e+00 5.02812359e+00 4.51732889e+00 2.33828741e+00 2.71811689e+00 2.75513306e+00 4.18065828e+00 4.71950959e+00 5.88519441e+00 2.73712903e+00 3.47373460e+00 1.34819094e+00 2.07732480e+00 2.28534680e+00 3.00858817e+00 4.24861496e+00 3.88401840e+00 2.60893541e+00 3.33400781e+00 9.74439772e-01 2.39337701e+00 7.76294828e-01 2.38168681e+00 7.26932310e-01 2.42017829e+00 9.74542180e-01 2.38584085e+00 1.55534218e+00 2.67367772e+00 2.79267563e+00 3.57404039e+00 4.96799769e+00 5.19404196e+00 7.35222399e+00 6.72358892e+00 8.68664750e+00 8.42968673e+00 5.66004008e+00 3.79644548e+00 2.06277714e+01 1.91570237e+01 8.43451593e+00 8.04248381e+00 3.39099795e+00 5.11188757e+00 2.35480224e+00 2.69207755e+00 5.68808783e+00 3.33657116e+00 7.18962205e+00 3.52345267e+00 5.50014146e+00 3.16555784e+00 3.36418227e+00 2.39930873e+00 1.92654075e+00 1.91039086e+00 4.04267927e+00 3.07759417e+00 5.04643140e+00 3.96510519e+00 2.80437987e+00 2.96924945e+00 2.05574844e+00 2.37485648e+00 2.14677725e+00 1.99820097e+00 2.08834824e+00 1.72015198e+00 1.95742463e+00 1.54333230e+00 1.85634270e+00 1.59866255e+00 2.34593358e+00 2.34903959e+00 4.56701329e+00 4.78851801e+00 8.33687353e+00 7.86542446e+00 1.04751870e+01 6.25386375e+00 1.67276395e+01 1.75665400e+01 1.60137636e+01 1.14703407e+01 1.61468158e+01 1.05048471e+01 1.53587587e+01 1.14494312e+01 1.25762590e+01 1.21640093e+01 1.13298138e+01 1.21841550e+01 1.21154392e+01 1.15247950e+01 1.33832701e+01 1.08663125e+01 1.42012558e+01 1.05103011e+01 1.43186037e+01 1.04544671e+01 1.40925134e+01 1.01968838e+01 1.30490731e+01 9.38993554e+00 1.14748806e+01 8.83811309e+00 1.05458034e+01 8.43852937e+00 1.02486488e+01 8.22695630e+00 1.01983145e+01 8.18084063e+00 1.02618093e+01 8.24015769e+00 1.02873064e+01 8.32954291e+00 1.05455106e+01 7.69547196e+00 8.80760697e+00 6.87533294e+00 4.92784486e+00 1.01298944e+01 4.49625760e+00 8.93871832e+00 2.17757713e+00 2.77110596e+00 2.13656281e+00 2.73575051e+00 2.08739003e+00 2.69568911e+00 2.01862707e+00 2.64292690e+00 1.91550646e+00 2.57173504e+00 1.77773869e+00 2.47654479e+00 1.57576632e+00 2.38091644e+00 1.34020982e+00 2.28305878e+00 1.30422989e+00 2.61737543e+00 3.82454231e+00 2.94814671e+00 2.38762030e+00 4.88357298e+00 4.21608836e+00 5.99188622e+00 5.72108962e+00 6.09404774e+00 6.68089879e+00 7.44209023e+00 7.37493805e+00 8.91328070e+00 4.24082818e+00 7.25881770e+00 2.52334876e+00 3.24820792e+00 2.20984256e+00 4.10302866e+00 8.43453309e+00 8.04246632e+00 1.60138202e+01 1.14702849e+01 2.12765031e+00 2.73401944e+00 2.11534795e+00 2.72160395e+00 2.07964535e+00 2.69266810e+00 2.02011601e+00 2.64805449e+00 1.93096066e+00 2.58767912e+00 1.80978788e+00 2.50821608e+00 1.63568676e+00 2.41999348e+00 1.41074543e+00 2.34410213e+00 1.30487592e+00 2.50448035e+00 3.59937146e+00 3.19120048e+00 3.92991018e+00 3.89866321e+00 1.22547667e+00 2.51618948e+00 1.57361460e+00 2.02581035e+00 1.07685650e+00 2.10280622e+00 2.44024227e+00 2.47261747e+00 6.75088331e+00 4.86195478e+00 6.38287036e+00 5.01226391e+00 5.02807937e+00 4.51727201e+00 3.39092169e+00 5.11184126e+00 1.61469084e+01 1.05048878e+01 2.08726194e+00 2.70400777e+00 2.08559736e+00 2.70118450e+00 2.07060470e+00 2.69022147e+00 2.04089269e+00 2.67092206e+00 1.98970497e+00 2.64101256e+00 1.91225089e+00 2.59674769e+00 1.79585673e+00 2.53543130e+00 1.63499049e+00 2.46793221e+00 1.40054804e+00 2.49088943e+00 2.00023835e+00 2.83323944e+00 3.51749489e+00 3.49535885e+00 3.87819270e+00 3.49636765e+00 2.82230534e+00 3.89327006e+00 6.22073420e+00 6.31655368e+00 9.42155277e+00 7.86250494e+00 8.13151743e+00 7.24462703e+00 4.48137700e+00 4.74787231e+00 2.33819673e+00 2.71809626e+00 2.35488970e+00 2.69199070e+00 1.53586959e+01 1.14494157e+01 2.02336497e+00 2.65737886e+00 2.03952028e+00 2.67007374e+00 2.05786569e+00 2.68736193e+00 2.07356752e+00 2.70580793e+00 2.07560495e+00 2.71826879e+00 2.05327902e+00 2.71429280e+00 1.98810654e+00 2.68477597e+00 1.86148621e+00 2.61897284e+00 1.67065801e+00 2.54972293e+00 1.53988715e+00 2.46072593e+00 1.80376569e+00 2.55530499e+00 1.54744213e+00 3.08078698e+00 4.79421687e+00 6.06523754e+00 8.97218235e+00 6.21720361e+00 3.85692140e+00 4.22802313e+00 1.45268039e+00 1.94971329e+00 2.83483191e+00 3.47876314e+00 2.75512214e+00 4.18060206e+00 5.68804870e+00 3.33657521e+00 1.25761842e+01 1.21638570e+01 1.93779453e+00 2.59476056e+00 1.97810363e+00 2.62836311e+00 2.04046848e+00 2.68136272e+00 2.11201237e+00 2.74372157e+00 2.17280086e+00 2.80169028e+00 2.20621031e+00 2.83638243e+00 2.18396401e+00 2.82648704e+00 2.06991599e+00 2.75494877e+00 1.85627542e+00 2.61679823e+00 1.61061959e+00 2.45014930e+00 1.54257348e+00 2.21470566e+00 1.05481759e+00 2.94076007e+00 6.42199861e+00 5.09448856e+00 6.06857086e+00 7.91185312e+00 8.12205906e+00 1.06625226e+01 8.69926883e+00 8.94937890e+00 7.53390510e+00 7.67880444e+00 4.71942610e+00 5.88509472e+00 7.18945422e+00 3.52340300e+00 1.13299149e+01 1.21839285e+01 1.82272993e+00 2.51683800e+00 1.89473207e+00 2.57517235e+00 2.00878042e+00 2.66652898e+00 2.13969475e+00 2.77280121e+00 2.25776954e+00 2.87267440e+00 2.34289258e+00 2.94244417e+00 2.36373731e+00 2.95493199e+00 2.26982650e+00 2.87847185e+00 2.01212169e+00 2.69721193e+00 1.56761430e+00 2.44997553e+00 1.15427878e+00 2.28036531e+00 1.16792761e+00 2.45773312e+00 5.66147746e+00 6.01644067e+00 8.92865030e+00 6.97983041e+00 2.72527449e+00 3.56120869e+00 1.86425424e+00 1.96017894e+00 2.87987065e+00 3.05936942e+00 2.73707605e+00 3.47362985e+00 5.50006498e+00 3.16561680e+00 1.21154792e+01 1.15246597e+01 1.67452652e+00 2.40875053e+00 1.77730158e+00 2.49977037e+00 1.94617414e+00 2.63268982e+00 2.13023444e+00 2.77638080e+00 2.29637133e+00 2.91041105e+00 2.43083804e+00 3.01304540e+00 2.50673177e+00 3.06177447e+00 2.47361745e+00 3.01989941e+00 2.27359462e+00 2.84604030e+00 1.84951025e+00 2.54709501e+00 1.23388513e+00 2.26031133e+00 6.23105117e-01 2.46369244e+00 1.54800392e+00 3.91674081e+00 6.11467826e+00 6.26259159e+00 6.90813756e+00 5.98552911e+00 4.51505815e+00 4.56491679e+00 2.41941332e+00 2.52157841e+00 1.34817805e+00 2.07737441e+00 3.36425238e+00 2.39937289e+00 1.33832489e+01 1.08663113e+01 1.44002229e+00 2.30810299e+00 1.60550683e+00 2.42393781e+00 1.82941922e+00 2.57978010e+00 2.05848743e+00 2.73764041e+00 2.25640557e+00 2.88511023e+00 2.43617047e+00 3.01441885e+00 2.58826186e+00 3.11787482e+00 2.66537462e+00 3.15949022e+00 2.60628803e+00 3.08555654e+00 2.37461041e+00 2.86732823e+00 1.97770928e+00 2.52583171e+00 1.37665762e+00 2.28691848e+00 5.68807562e-01 2.75970235e+00 1.55045305e+00 3.59414757e+00 3.67341016e+00 4.08077111e+00 4.16436721e+00 3.98782240e+00 3.53066118e+00 3.56343703e+00 2.28532344e+00 3.00858935e+00 1.92656979e+00 1.91040979e+00 1.42012399e+01 1.05103312e+01 1.21148134e+00 2.26944397e+00 1.39984582e+00 2.35437591e+00 1.66649527e+00 2.52211978e+00 1.89599780e+00 2.65911472e+00 2.08885334e+00 2.77958815e+00 2.30204285e+00 2.90920652e+00 2.55042719e+00 3.07295828e+00 2.77596150e+00 3.23511149e+00 2.90074067e+00 3.31482714e+00 2.86061227e+00 3.24832766e+00 2.64078099e+00 3.00409413e+00 2.20733782e+00 2.60648189e+00 1.23960922e+00 2.30035230e+00 6.75096150e-01 2.59042394e+00 1.24453942e+00 2.88417847e+00 2.44658408e+00 3.01091195e+00 3.50399547e+00 3.28799334e+00 4.24861986e+00 3.88401584e+00 4.04263308e+00 3.07757805e+00 1.43186421e+01 1.04544624e+01 2.84842237e+00 3.18209171e+00 1.69776231e+00 2.88279756e+00 1.48966680e+00 2.58633496e+00 1.68318069e+00 2.55588993e+00 1.78497654e+00 2.59291453e+00 1.96658111e+00 2.66505036e+00 2.33534129e+00 2.87762921e+00 2.74026950e+00 3.17652735e+00 3.06146801e+00 3.42835796e+00 3.21589311e+00 3.52782507e+00 3.13285259e+00 3.40220612e+00 2.78748867e+00 3.02924679e+00 2.04974986e+00 2.53637836e+00 9.59481820e-01 2.27939377e+00 4.99597013e-01 2.44807630e+00 6.88329243e-01 2.52488515e+00 1.47173883e+00 2.51531464e+00 2.60894806e+00 3.33402271e+00 5.04649607e+00 3.96511726e+00 1.40925654e+01 1.01968841e+01 5.51702089e+00 4.98321091e+00 4.23153169e+00 4.13494172e+00 2.17351074e+00 2.98217766e+00 1.60947962e+00 2.44447718e+00 1.39827655e+00 2.38182785e+00 1.40270843e+00 2.38973478e+00 1.89457820e+00 2.55247334e+00 2.52908899e+00 2.95557605e+00 3.03197636e+00 3.35938051e+00 3.37396467e+00 3.62356703e+00 3.49021085e+00 3.66117386e+00 3.29184958e+00 3.40117450e+00 2.72165341e+00 2.90579240e+00 1.74595689e+00 2.40586228e+00 7.49472964e-01 2.24486140e+00 6.14011303e-01 2.34897913e+00 6.17633761e-01 2.20815677e+00 9.74432265e-01 2.39338027e+00 2.80438644e+00 2.96925632e+00 1.30491086e+01 9.38992022e+00 9.24006590e-01 4.11002645e+00 3.55799456e+00 3.34980009e+00 2.88593502e+00 3.34007349e+00 2.00588364e+00 2.33289437e+00 1.38517532e+00 2.10110976e+00 7.68172157e-01 2.13493713e+00 1.27884430e+00 2.27839300e+00 2.16900595e+00 2.63294926e+00 2.79810397e+00 3.11874339e+00 3.26702415e+00 3.48521166e+00 3.61094532e+00 3.70240791e+00 3.69232059e+00 3.67199202e+00 3.37260074e+00 3.32599535e+00 2.58461751e+00 2.78446144e+00 1.48194011e+00 2.35975963e+00 9.16215715e-01 2.32247341e+00 9.15172278e-01 2.28716563e+00 7.76260541e-01 2.38169888e+00 2.05575713e+00 2.37488866e+00 1.14748867e+01 8.83807646e+00 2.75965009e+00 3.82132609e+00 2.08659643e+00 2.23186655e+00 2.37378844e+00 4.07718396e+00 9.90045912e-01 3.78641503e+00 1.76185001e+00 3.34214007e+00 9.50623851e-01 3.18321500e+00 6.81462884e-01 2.72229107e+00 1.39908162e+00 2.38502469e+00 2.28981278e+00 2.69163769e+00 2.86763276e+00 3.12432437e+00 3.38928229e+00 3.46274610e+00 3.81309287e+00 3.69936567e+00 3.90953865e+00 3.67981471e+00 3.49494135e+00 3.32469284e+00 2.58039571e+00 2.81413086e+00 1.67845547e+00 2.56088093e+00 1.13636941e+00 2.55573075e+00 7.26906364e-01 2.42018000e+00 2.14679673e+00 1.99821093e+00 1.05458066e+01 8.43849712e+00 3.50111113e+00 4.52550764e+00 1.41880761e+00 2.16527487e+00 6.03943205e+00 6.92580116e+00 9.93738422e+00 7.71949054e+00 1.02600553e+01 8.18477321e+00 7.12883239e+00 7.53374760e+00 2.01372964e+00 3.93725430e+00 8.16847574e-01 2.81725600e+00 1.23772180e+00 2.44501383e+00 2.02549259e+00 2.62785161e+00 2.74581481e+00 2.98940637e+00 3.48509334e+00 3.40641037e+00 4.08037741e+00 3.76496478e+00 4.24089393e+00 3.82797752e+00 3.78336641e+00 3.52100153e+00 2.86527739e+00 3.12493632e+00 1.79092340e+00 2.81955139e+00 9.74544076e-01 2.38583338e+00 2.08835421e+00 1.72014766e+00 1.02486880e+01 8.22695879e+00 3.61570124e+00 4.72084328e+00 4.86445494e+00 5.34248391e+00 8.09194357e+00 6.19997800e+00 1.80153099e+00 7.28033292e+00 1.51092183e+00 7.08762008e+00 7.57998587e+00 6.04231244e+00 5.14984140e+00 6.07716155e+00 1.93142508e+00 3.48363758e+00 8.93016047e-01 2.72193960e+00 1.01972464e+00 2.44173654e+00 1.69438995e+00 2.51724259e+00 2.62926310e+00 2.90567042e+00 3.67261728e+00 3.50138664e+00 4.49486111e+00 4.03065685e+00 4.74077114e+00 4.18677485e+00 4.20303575e+00 3.93686822e+00 2.88484537e+00 3.39313812e+00 1.55536462e+00 2.67368870e+00 1.95742825e+00 1.54333324e+00 1.01983625e+01 8.18085794e+00 2.29253104e+00 4.90399170e+00 6.99526313e+00 6.15790015e+00 5.43338440e+00 5.02532898e+00 5.01258997e+00 5.18696104e+00 5.30333444e+00 5.28193873e+00 3.25491188e+00 3.21880513e+00 4.87706287e+00 4.60035747e+00 3.15051943e+00 3.83148329e+00 1.36204750e+00 2.95943462e+00 7.96553259e-01 2.59905189e+00 9.27948602e-01 2.40733592e+00 1.61279342e+00 2.56013794e+00 2.79740245e+00 3.09961153e+00 4.09037922e+00 3.87610393e+00 5.12422507e+00 4.54392096e+00 5.43110573e+00 4.78178012e+00 4.51986000e+00 4.39104812e+00 2.79272709e+00 3.57405535e+00 1.85634970e+00 1.59866999e+00 1.02618451e+01 8.24017738e+00 6.25830610e+00 6.76036597e+00 7.43195643e+00 6.71508542e+00 2.64237274e+00 3.08762800e+00 4.95633094e+00 5.48917650e+00 4.96118161e+00 5.34075665e+00 1.03301214e+00 1.20428297e+00 3.70258333e+00 3.76391176e+00 3.78818563e+00 3.88597269e+00 2.22627838e+00 3.16792227e+00 1.00350661e+00 2.74644986e+00 1.19747652e+00 2.55423474e+00 1.42452651e+00 2.63961901e+00 2.02893760e+00 2.95769079e+00 3.14840478e+00 3.57776681e+00 4.61843890e+00 4.49675151e+00 5.97815596e+00 5.40021983e+00 6.26714321e+00 5.65076784e+00 4.96802917e+00 5.19407262e+00 2.34596695e+00 2.34907244e+00 1.02873549e+01 8.32956039e+00 4.01409644e+00 3.94138370e+00 4.47378031e+00 3.90726588e+00 9.80383205e-01 1.58349828e+00 4.84475853e+00 5.27254008e+00 4.63736752e+00 5.04496624e+00 9.93446123e-01 1.58749507e+00 2.01438944e+00 2.57656776e+00 3.69743918e+00 3.44037950e+00 3.10127931e+00 3.29158477e+00 1.13144992e+00 2.47075351e+00 9.03536661e-01 2.22701497e+00 9.57719664e-01 2.47392858e+00 1.14046674e+00 2.65703468e+00 1.71571533e+00 2.91143943e+00 2.93719133e+00 3.62447392e+00 4.90648577e+00 4.91723547e+00 6.85292181e+00 6.28528761e+00 7.35224543e+00 6.72359164e+00 4.56706217e+00 4.78854598e+00 1.05455393e+01 7.69547926e+00 4.37925028e+00 5.66309363e+00 2.61044073e+00 3.92463680e+00 1.70499282e+00 3.72160600e+00 3.62637025e+00 4.98649442e+00 4.05762957e+00 4.56728913e+00 2.82692894e+00 3.24823520e+00 1.32134638e+00 3.10146156e+00 3.35007601e+00 4.03361771e+00 4.41165396e+00 5.13310533e+00 2.96081968e+00 4.37511083e+00 1.81215112e+00 3.19133023e+00 1.07205302e+00 2.54333412e+00 8.47404384e-01 2.19195140e+00 9.69693558e-01 2.16762331e+00 1.49541851e+00 2.62048381e+00 3.03131369e+00 3.94464412e+00 5.85508559e+00 6.33199176e+00 8.68661656e+00 8.42964748e+00 8.33688209e+00 7.86542404e+00 8.80760782e+00 6.87533262e+00 1.33936740e+01 4.31459613e+00 1.17058301e+01 8.67858714e+00 1.29694941e+01 1.08041195e+01 1.40697039e+01 1.19979054e+01 1.36208437e+01 1.24868086e+01 1.25575203e+01 1.21002133e+01 1.20129478e+01 1.11367634e+01 1.11789987e+01 9.36123091e+00 1.16253720e+01 6.55321921e+00 9.58751398e+00 5.71660405e+00 7.83683895e+00 6.21287505e+00 7.48791850e+00 6.35312802e+00 7.20448943e+00 6.34118229e+00 7.03925479e+00 6.28115340e+00 6.83891478e+00 5.99217059e+00 6.35473450e+00 5.30726299e+00 5.02416233e+00 3.59505745e+00 5.65999916e+00 3.79640958e+00 1.04752314e+01 6.25384868e+00 4.92784856e+00 1.01298763e+01 4.00217972e+01 3.14748500e+01 3.44677437e+01 2.35877361e+01 3.18507282e+01 2.09388194e+01 3.02174105e+01 2.02570929e+01 2.84065047e+01 1.88675311e+01 2.65499994e+01 1.75443284e+01 2.57738483e+01 1.75127711e+01 2.67588724e+01 2.03083574e+01 2.87878761e+01 2.38548026e+01 2.78759027e+01 2.19633089e+01 2.30668207e+01 1.72751744e+01 1.95216565e+01 1.41283318e+01 1.77413934e+01 1.28407609e+01 1.71636168e+01 1.25724907e+01 1.74622563e+01 1.29143555e+01 1.84145597e+01 1.37939488e+01 2.00213653e+01 1.55136906e+01 2.06277933e+01 1.91569660e+01 1.67276166e+01 1.75665439e+01 4.49625559e+00 8.93871707e+00
        </DataArray>
      </PointData>
    </Piece>
  </UnstructuredGrid>
</VTKFile>
